{"pos": [[1, 6], [6, 6], [2, 6], [5, 6], [2, 7], [4, 6], [3, 7], [4, 7], [3, 6], [4, 6], [3, 5], [3, 6], [2, 5], [4, 6], [1, 5], [4, 5], [0, 5], [4, 4], [0, 4], [4, 5], [1, 4], [4, 4], [2, 4], [4, 5], [3, 4], [4, 4], [3, 5], [5, 4], [2, 5], [5, 3], [2, 4], [6, 3], [1, 4], [6, 2], [1, 3], [6, 1], [0, 3], [5, 1], [0, 2], [4, 1], [0, 1], [4, 2], [1, 1], [3, 2], [2, 1], [3, 1], [2, 0], [2, 1], [3, 0], [2, 2], [3, 1], [2, 3], [3, 0], [3, 3], [4, 0], [3, 4], [5, 0], [3, 3], [5, 1], [3, 2], [5, 2], [4, 2], [6, 2], [5, 2], [7, 2], [5, 3], [7, 1], [5, 2], [7, 0], [5, 3], [6, 0], [6, 3], [7, 0], [7, 3], [7, 1], [7, 2], [7, 0], [7, 3], [6, 0], [7, 4]], "a_eggs_laid": [1, 1, 1, 1, 2, 2, 2, 2, 3, 3, 3, 3, 4, 4, 4, 4, 5, 5, 5, 5, 6, 6, 6, 6, 7, 7, 7, 7, 7, 7, 7, 7, 7, 7, 7, 7, 8, 8, 8, 8, 9, 9, 9, 9, 10, 10, 10, 10, 11, 11, 11, 11, 12, 12, 12, 12, 13, 13, 13, 13, 14, 14, 14, 14, 15, 15, 15, 15, 16, 16, 16, 16, 17, 17, 17, 17, 17, 17, 17, 17], "b_eggs_laid": [0, 1, 1, 1, 1, 2, 2, 2, 2, 3, 3, 3, 3, 4, 4, 4, 4, 5, 5, 5, 5, 5, 5, 5, 5, 5, 5, 5, 5, 6, 6, 6, 6, 7, 7, 7, 7, 8, 8, 8, 8, 9, 9, 9, 9, 10, 10, 10, 10, 11, 11, 11, 11, 12, 12, 12, 12, 13, 13, 13, 13, 13, 13, 13, 13, 14, 14, 14, 14, 14, 14, 14, 14, 14, 14, 14, 14, 15, 15, 15], "a_turds_left": [5, 5, 5, 5, 5, 5, 5, 5, 5, 5, 5, 5, 5, 5, 5, 5, 5, 5, 5, 5, 5, 5, 5, 5, 5, 5, 5, 5, 5, 5, 5, 5, 5, 5, 5, 5, 5, 5, 5, 5, 5, 5, 5, 5, 5, 5, 5, 5, 5, 5, 5, 5, 5, 5, 5, 5, 5, 5, 5, 5, 5, 5, 5, 5, 5, 5, 5, 5, 5, 5, 5, 5, 5, 5, 5, 5, 5, 5, 5, 5], "b_turds_left": [5, 5, 5, 5, 5, 5, 5, 5, 5, 5, 5, 5, 5, 5, 5, 5, 5, 5, 5, 5, 5, 5, 5, 5, 5, 5, 5, 5, 5, 5, 5, 5, 5, 5, 5, 5, 5, 5, 5, 5, 5, 5, 5, 5, 5, 5, 5, 5, 5, 5, 5, 5, 5, 5, 5, 5, 5, 5, 5, 5, 5, 5, 5, 5, 5, 5, 5, 5, 5, 5, 5, 5, 5, 5, 5, 5, 5, 5, 5, 5], "a_time_left": [359.99638870800845, 359.99638870800845, 359.9949653749936, 359.9949653749936, 359.9937164169969, 359.9937164169969, 359.9929749579751, 359.9929749579751, 359.99176033301046, 359.99176033301046, 359.9915377080324, 359.9915377080324, 359.99026666703867, 359.99026666703867, 359.99012204207247, 359.99012204207247, 359.9899713760824, 359.9899713760824, 359.98985254310537, 359.98985254310537, 359.98971983511, 359.98971983511, 359.98958958510775, 359.98958958510775, 359.9894505850971, 359.9894505850971, 359.98934637609636, 359.98934637609636, 359.9892441260745, 359.9892441260745, 359.98911946004955, 359.98911946004955, 359.98900362703716, 359.98900362703716, 359.9888881270308, 359.9888881270308, 359.9887497940799, 359.9887497940799, 359.9886408360326, 359.9886408360326, 359.98852158605587, 359.98852158605587, 359.9884179610526, 359.9884179610526, 359.98828333604615, 359.98828333604615, 359.98819500306854, 359.98819500306854, 359.98809633706696, 359.98809633706696, 359.98799058707664, 359.98799058707664, 359.987899046042, 359.987899046042, 359.98778946202947, 359.98778946202947, 359.9876826290274, 359.9876826290274, 359.9875709200278, 359.9875709200278, 359.98745567002334, 359.98745567002334, 359.98735725303413, 359.98735725303413, 359.9871412940556, 359.9871412940556, 359.98687383608194, 359.98687383608194, 359.9866112940945, 359.9866112940945, 359.9863682941068, 359.9863682941068, 359.98603441909654, 359.98603441909654, 359.9857715021353, 359.9857715021353, 359.9855757931364, 359.9855757931364, 359.9853476261487, 359.9853476261487], "b_time_left": [360, 359.9964306670008, 359.9964306670008, 359.99463487497997, 359.99463487497997, 359.99139720899984, 359.99139720899984, 359.9896061249892, 359.9896061249892, 359.98789683397627, 359.98789683397627, 359.98739741696045, 359.98739741696045, 359.9869895830052, 359.9869895830052, 359.9866706249886, 359.9866706249886, 359.98571999999695, 359.98571999999695, 359.985613249999, 359.985613249999, 359.98551833297824, 359.98551833297824, 359.9854128329316, 359.9854128329316, 359.98533358296845, 359.98533358296845, 359.9852309159469, 359.9852309159469, 359.9851166239241, 359.9851166239241, 359.9850234569167, 359.9850234569167, 359.9849086649483, 359.9849086649483, 359.9848094979534, 359.9848094979534, 359.98469691496575, 359.98469691496575, 359.98460274894023, 359.98460274894023, 359.9844948739046, 359.9844948739046, 359.9843964148895, 359.9843964148895, 359.98428458190756, 359.98428458190756, 359.9841872489196, 359.9841872489196, 359.9841038319282, 359.9841038319282, 359.9840143319452, 359.9840143319452, 359.983925706998, 359.983925706998, 359.9838259149692, 359.9838259149692, 359.9837384150014, 359.9837384150014, 359.9836399150081, 359.9836399150081, 359.98356070701266, 359.98356070701266, 359.98329737299355, 359.98329737299355, 359.983046164969, 359.983046164969, 359.98279166495195, 359.98279166495195, 359.98261999792885, 359.98261999792885, 359.98235828994075, 359.98235828994075, 359.9821478309459, 359.9821478309459, 359.98191674792906, 359.98191674792906, 359.981716413924, 359.981716413924, 359.98138349689543], "a_moves_left": [39, 39, 38, 38, 37, 37, 36, 36, 35, 35, 34, 34, 33, 33, 32, 32, 31, 31, 30, 30, 29, 29, 28, 28, 27, 27, 26, 26, 25, 25, 24, 24, 23, 23, 22, 22, 21, 21, 20, 20, 19, 19, 18, 18, 17, 17, 16, 16, 15, 15, 14, 14, 13, 13, 12, 12, 11, 11, 10, 10, 9, 9, 8, 8, 7, 7, 6, 6, 5, 5, 4, 4, 3, 3, 2, 2, 1, 1, 0, 0], "b_moves_left": [40, 39, 39, 38, 38, 37, 37, 36, 36, 35, 35, 34, 34, 33, 33, 32, 32, 31, 31, 30, 30, 29, 29, 28, 28, 27, 27, 26, 26, 25, 25, 24, 24, 23, 23, 22, 22, 21, 21, 20, 20, 19, 19, 18, 18, 17, 17, 16, 16, 15, 15, 14, 14, 13, 13, 12, 12, 11, 11, 10, 10, 9, 9, 8, 8, 7, 7, 6, 6, 5, 5, 4, 4, 3, 3, 2, 2, 1, 1, 0], "trapdoor_triggered": [0, 0, 0, 0, 0, 0, 0, 0, 0, 0, 0, 0, 0, 0, 0, 0, 0, 0, 0, 0, 0, 0, 0, 0, 0, 0, 0, 0, 0, 0, 0, 0, 0, 0, 0, 0, 0, 0, 0, 0, 0, 0, 0, 0, 0, 0, 0, 0, 0, 0, 0, 0, 0, 0, 0, 0, 0, 0, 0, 0, 0, 0, 0, 0, 0, 0, 0, 0, 0, 0, 0, 0, 0, 0, 0, 0, 0, 0, 0, 0], "left_behind": ["egg", "egg", "plain", "plain", "egg", "egg", "plain", "plain", "egg", "egg", "plain", "plain", "egg", "egg", "plain", "plain", "egg", "egg", "plain", "plain", "egg", "plain", "plain", "plain", "egg", "plain", "plain", "plain", "plain", "egg", "plain", "plain", "plain", "egg", "plain", "plain", "egg", "egg", "plain", "plain", "egg", "egg", "plain", "plain", "egg", "egg", "plain", "plain", "egg", "egg", "plain", "plain", "egg", "egg", "plain", "plain", "egg", "egg", "plain", "plain", "egg", "plain", "plain", "plain", "egg", "egg", "plain", "plain", "egg", "plain", "plain", "plain", "egg", "plain", "plain", "plain", "plain", "egg", "plain", "plain"], "errlog_a": "", "errlog_b": "", "start_time": 360, "start_moves": 40, "turn_count": 80, "result": 0, "reason": "EGGS_LAID", "trapdoors": [[5, 5], [4, 3]], "spawn_a": [0, 6], "spawn_b": [7, 6]}