{"pos": [[6, 1], [1, 1], [5, 1], [2, 1], [5, 0], [2, 0], [4, 0], [1, 0], [4, 1], [0, 0], [3, 1], [1, 0], [3, 0], [1, 1], [2, 0], [1, 2], [3, 0], [0, 2], [3, 1], [0, 3], [3, 0], [0, 4], [4, 0], [1, 4], [5, 0], [1, 5], [6, 0], [2, 5], [7, 0], [3, 5], [6, 0], [3, 4], [6, 1], [4, 4], [6, 2], [4, 3], [6, 3], [4, 2], [7, 3], [5, 2], [7, 2], [5, 3], [6, 2], [6, 3], [7, 2], [6, 4], [7, 3], [7, 4], [7, 2], [7, 5], [7, 1], [6, 5], [7, 0], [6, 6], [7, 1], [5, 6], [6, 1], [5, 5], [5, 1], [5, 4], [4, 1], [5, 3], [4, 2], [5, 2], [4, 1], [5, 3], [4, 2], [4, 3], [4, 1], [4, 4], [4, 2], [4, 5], [4, 1], [4, 6], [5, 1], [3, 6], [5, 0], [2, 6], [6, 0], [1, 6]], "a_eggs_laid": [1, 1, 1, 1, 2, 2, 2, 2, 3, 3, 3, 3, 4, 4, 4, 4, 5, 5, 5, 5, 5, 5, 5, 5, 5, 5, 5, 5, 6, 6, 6, 6, 6, 6, 6, 6, 7, 7, 7, 7, 8, 8, 8, 8, 8, 8, 8, 8, 8, 8, 8, 8, 8, 8, 8, 8, 8, 8, 8, 8, 8, 8, 8, 8, 9, 9, 9, 9, 9, 9, 9, 9, 9, 9, 9, 9, 9, 9, 9, 9], "b_eggs_laid": [0, 1, 1, 1, 1, 2, 2, 2, 2, 3, 3, 3, 3, 3, 3, 3, 3, 4, 4, 4, 4, 5, 5, 5, 5, 6, 6, 6, 6, 7, 7, 7, 7, 8, 8, 8, 8, 9, 9, 9, 9, 10, 10, 10, 10, 11, 11, 11, 11, 12, 12, 12, 12, 13, 13, 13, 13, 14, 14, 14, 14, 15, 15, 15, 15, 15, 15, 15, 15, 15, 15, 15, 15, 16, 16, 16, 16, 17, 17, 17], "a_turds_left": [5, 5, 5, 5, 5, 5, 5, 5, 5, 5, 5, 5, 5, 5, 5, 5, 5, 5, 5, 5, 5, 5, 5, 5, 5, 5, 5, 5, 5, 5, 5, 5, 5, 5, 5, 5, 5, 5, 5, 5, 5, 5, 5, 5, 5, 5, 5, 5, 5, 5, 5, 5, 5, 5, 5, 5, 5, 5, 5, 5, 5, 5, 5, 5, 5, 5, 5, 5, 5, 5, 5, 5, 5, 5, 5, 5, 5, 5, 5, 5], "b_turds_left": [5, 5, 5, 5, 5, 5, 5, 5, 5, 5, 5, 5, 5, 5, 5, 5, 5, 5, 5, 5, 5, 5, 5, 5, 5, 5, 5, 5, 5, 5, 5, 5, 5, 5, 5, 5, 5, 5, 5, 5, 5, 5, 5, 5, 5, 5, 5, 5, 5, 5, 5, 5, 5, 5, 5, 5, 5, 5, 5, 5, 5, 5, 5, 5, 5, 5, 5, 5, 5, 5, 5, 5, 5, 5, 5, 5, 5, 5, 5, 5], "a_time_left": [359.9963179999613, 359.9963179999613, 359.9944427079754, 359.9944427079754, 359.9911274999613, 359.9911274999613, 359.98984129191376, 359.98984129191376, 359.9872492919094, 359.9872492919094, 359.98583737493027, 359.98583737493027, 359.98304766695946, 359.98304766695946, 359.9829210419557, 359.9829210419557, 359.98268025094876, 359.98268025094876, 359.98234691796824, 359.98234691796824, 359.98224800097523, 359.98224800097523, 359.9821480009705, 359.9821480009705, 359.9820537509513, 359.9820537509513, 359.98195666790707, 359.98195666790707, 359.98184795991983, 359.98184795991983, 359.98176654288545, 359.98176654288545, 359.9816744598793, 359.9816744598793, 359.98157441889634, 359.98157441889634, 359.98145300289616, 359.98145300289616, 359.98135091993026, 359.98135091993026, 359.981246753945, 359.981246753945, 359.9811555459746, 359.9811555459746, 359.9810814629891, 359.9810814629891, 359.98099479597295, 359.98099479597295, 359.98093042097753, 359.98093042097753, 359.9808445039671, 359.9808445039671, 359.980759420956, 359.980759420956, 359.9806836289936, 359.9806836289936, 359.98060016997624, 359.98060016997624, 359.980499252968, 359.980499252968, 359.9804179199855, 359.9804179199855, 359.98032008699374, 359.98032008699374, 359.9802401289926, 359.9802401289926, 359.98015058698365, 359.98015058698365, 359.98008812899934, 359.98008812899934, 359.9800021289848, 359.9800021289848, 359.9799403370125, 359.9799403370125, 359.97985567100113, 359.97985567100113, 359.9797845460125, 359.9797845460125, 359.97970387904206, 359.97970387904206], "b_time_left": [360, 359.99851804203354, 359.99851804203354, 359.9966471250518, 359.9966471250518, 359.993431333045, 359.993431333045, 359.99249141605105, 359.99249141605105, 359.98958758305525, 359.98958758305525, 359.9893328330363, 359.9893328330363, 359.9887327920296, 359.9887327920296, 359.9879415000323, 359.9879415000323, 359.9849418330123, 359.9849418330123, 359.9848401250201, 359.9848401250201, 359.9847319170367, 359.9847319170367, 359.98464429203887, 359.98464429203887, 359.9845334170386, 359.9845334170386, 359.9844445840572, 359.9844445840572, 359.98433979210677, 359.98433979210677, 359.9842428340926, 359.9842428340926, 359.98414137610234, 359.98414137610234, 359.9840469181072, 359.9840469181072, 359.98394783510594, 359.98394783510594, 359.983865335118, 359.983865335118, 359.9837869601324, 359.9837869601324, 359.9837044181186, 359.9837044181186, 359.9836326271179, 359.9836326271179, 359.9835486680968, 359.9835486680968, 359.9834745430853, 359.9834745430853, 359.98340279312106, 359.98340279312106, 359.9832873761188, 359.9832873761188, 359.9832045431249, 359.9832045431249, 359.983105168154, 359.983105168154, 359.98301946016727, 359.98301946016727, 359.98292071017204, 359.98292071017204, 359.9828344601556, 359.9828344601556, 359.98278387717437, 359.98278387717437, 359.9827072111657, 359.9827072111657, 359.98263850220246, 359.98263850220246, 359.9825578771997, 359.9825578771997, 359.9824652101961, 359.9824652101961, 359.9823834602139, 359.9823834602139, 359.9822686272091, 359.9822686272091, 359.98218604322756], "a_moves_left": [39, 39, 38, 38, 37, 37, 36, 36, 35, 35, 34, 34, 33, 33, 32, 32, 31, 31, 30, 30, 29, 29, 28, 28, 27, 27, 26, 26, 25, 25, 24, 24, 23, 23, 22, 22, 21, 21, 20, 20, 19, 19, 18, 18, 17, 17, 16, 16, 15, 15, 14, 14, 13, 13, 12, 12, 11, 11, 10, 10, 9, 9, 8, 8, 7, 7, 6, 6, 5, 5, 4, 4, 3, 3, 2, 2, 1, 1, 0, 0], "b_moves_left": [40, 39, 39, 38, 38, 37, 37, 36, 36, 35, 35, 34, 34, 33, 33, 32, 32, 31, 31, 30, 30, 29, 29, 28, 28, 27, 27, 26, 26, 25, 25, 24, 24, 23, 23, 22, 22, 21, 21, 20, 20, 19, 19, 18, 18, 17, 17, 16, 16, 15, 15, 14, 14, 13, 13, 12, 12, 11, 11, 10, 10, 9, 9, 8, 8, 7, 7, 6, 6, 5, 5, 4, 4, 3, 3, 2, 2, 1, 1, 0], "trapdoor_triggered": [0, 0, 0, 0, 0, 0, 0, 0, 0, 0, 0, 0, 0, 0, 0, 0, 0, 0, 0, 0, 0, 0, 0, 0, 0, 0, 0, 0, 0, 0, 0, 0, 0, 0, 0, 0, 0, 0, 0, 0, 0, 0, 0, 0, 0, 0, 0, 0, 0, 0, 0, 0, 0, 0, 0, 0, 0, 0, 0, 0, 0, 0, 0, 0, 0, 0, 0, 0, 0, 0, 0, 0, 0, 0, 0, 0, 0, 0, 0, 0], "left_behind": ["egg", "egg", "plain", "plain", "egg", "egg", "plain", "plain", "egg", "egg", "plain", "plain", "egg", "plain", "plain", "plain", "egg", "egg", "plain", "plain", "plain", "egg", "plain", "plain", "plain", "egg", "plain", "plain", "egg", "egg", "plain", "plain", "plain", "egg", "plain", "plain", "egg", "egg", "plain", "plain", "egg", "egg", "plain", "plain", "plain", "egg", "plain", "plain", "plain", "egg", "plain", "plain", "plain", "egg", "plain", "plain", "plain", "egg", "plain", "plain", "plain", "egg", "plain", "plain", "egg", "plain", "plain", "plain", "plain", "plain", "plain", "plain", "plain", "egg", "plain", "plain", "plain", "egg", "plain", "plain"], "errlog_a": "", "errlog_b": "", "start_time": 360, "start_moves": 40, "turn_count": 80, "result": 1, "reason": "EGGS_LAID", "trapdoors": [[3, 3], [3, 2]], "spawn_a": [7, 1], "spawn_b": [0, 1]}