{"pos": [[1, 4], [6, 4], [1, 3], [6, 3], [0, 3], [6, 2], [0, 2], [5, 2], [1, 2], [5, 1], [1, 1], [4, 1], [0, 1], [3, 1], [0, 0], [2, 1], [1, 0], [2, 0], [1, 1], [1, 0], [1, 2], [2, 0], [2, 2], [3, 0], [2, 3], [4, 0], [2, 2], [5, 0], [2, 3], [6, 0], [1, 3], [6, 1], [1, 4], [7, 1], [1, 5], [7, 0], [0, 5], [7, 1], [0, 6], [7, 2], [1, 6], [7, 3], [2, 6], [6, 3], [2, 5], [5, 3], [3, 5], [5, 4], [3, 6], [5, 3], [4, 6], [5, 4], [4, 7], [5, 5], [5, 7], [5, 6], [6, 7], [6, 6], [7, 7], [7, 6], [6, 7], [7, 5], [6, 6], [6, 5], [6, 7], [6, 4], [6, 6], [6, 5], [6, 7], [5, 5], [5, 7], [4, 5], [4, 7], [4, 4], [3, 7], [3, 4], [2, 7], [4, 4], [1, 7], [4, 5]], "a_eggs_laid": [1, 1, 1, 1, 2, 2, 2, 2, 3, 3, 3, 3, 4, 4, 4, 4, 7, 7, 7, 7, 7, 7, 7, 7, 8, 8, 8, 8, 8, 8, 8, 8, 8, 8, 8, 8, 9, 9, 9, 9, 10, 10, 10, 10, 11, 11, 11, 11, 12, 12, 12, 12, 13, 13, 13, 13, 14, 14, 14, 14, 17, 17, 17, 17, 18, 18, 18, 18, 18, 18, 18, 18, 18, 18, 18, 18, 19, 19, 19, 19], "b_eggs_laid": [0, 1, 1, 1, 1, 2, 2, 2, 2, 3, 3, 3, 3, 4, 4, 4, 4, 5, 5, 5, 5, 6, 6, 6, 6, 7, 7, 7, 7, 8, 8, 8, 8, 9, 9, 9, 9, 12, 12, 12, 12, 13, 13, 13, 13, 13, 13, 13, 13, 14, 14, 14, 14, 14, 14, 14, 14, 15, 15, 15, 15, 16, 16, 16, 16, 17, 17, 17, 17, 17, 17, 17, 17, 18, 18, 18, 18, 19, 19, 19], "a_turds_left": [5, 5, 5, 5, 5, 5, 5, 5, 5, 5, 5, 5, 5, 5, 5, 5, 5, 5, 5, 5, 5, 5, 5, 5, 5, 5, 5, 5, 5, 5, 5, 5, 5, 5, 5, 5, 5, 5, 5, 5, 5, 5, 5, 5, 5, 5, 5, 5, 5, 5, 5, 5, 5, 5, 5, 5, 5, 5, 5, 5, 5, 5, 5, 5, 5, 5, 5, 5, 5, 5, 5, 5, 5, 5, 5, 5, 5, 5, 5, 5], "b_turds_left": [5, 5, 5, 4, 4, 4, 4, 3, 3, 3, 3, 2, 2, 2, 2, 1, 1, 1, 1, 0, 0, 0, 0, 0, 0, 0, 0, 0, 0, 0, 0, 0, 0, 0, 0, 0, 0, 0, 0, 0, 0, 0, 0, 0, 0, 0, 0, 0, 0, 0, 0, 0, 0, 0, 0, 0, 0, 0, 0, 0, 0, 0, 0, 0, 0, 0, 0, 0, 0, 0, 0, 0, 0, 0, 0, 0, 0, 0, 0, 0], "a_time_left": [359.99629241699586, 359.99629241699586, 359.99443658295786, 359.99443658295786, 359.99250741599826, 359.99250741599826, 359.99172183300834, 359.99172183300834, 359.9892337080091, 359.9892337080091, 359.98781583301025, 359.98781583301025, 359.98452120803995, 359.98452120803995, 359.98440175002906, 359.98440175002906, 359.98427629104117, 359.98427629104117, 359.9841713750502, 359.9841713750502, 359.9840705830138, 359.9840705830138, 359.9839359160396, 359.9839359160396, 359.9838130410644, 359.9838130410644, 359.98369724903023, 359.98369724903023, 359.9835847490467, 359.9835847490467, 359.98347029002616, 359.98347029002616, 359.9833683310426, 359.9833683310426, 359.98325316404225, 359.98325316404225, 359.9831239140476, 359.9831239140476, 359.9830262060277, 359.9830262060277, 359.9829165809788, 359.9829165809788, 359.9828034559614, 359.9828034559614, 359.98267778899753, 359.98267778899753, 359.982567871979, 359.982567871979, 359.98243024694966, 359.98243024694966, 359.9823144139373, 359.9823144139373, 359.9821819549543, 359.9821819549543, 359.98207128793, 359.98207128793, 359.9819719129591, 359.9819719129591, 359.9818874549819, 359.9818874549819, 359.98165532998974, 359.98165532998974, 359.9815444549895, 359.9815444549895, 359.98134682996897, 359.98134682996897, 359.98107837192947, 359.98107837192947, 359.98086670495104, 359.98086670495104, 359.9807558299508, 359.9807558299508, 359.98052816296695, 359.98052816296695, 359.9802402469795, 359.9802402469795, 359.98010299698217, 359.98010299698217, 359.9798183719395, 359.9798183719395], "b_time_left": [360, 359.9965534170042, 359.9965534170042, 359.99483250099, 359.99483250099, 359.99226416798774, 359.99226416798774, 359.99057254294166, 359.99057254294166, 359.98807987594046, 359.98807987594046, 359.9863742509042, 359.9863742509042, 359.9838542928919, 359.9838542928919, 359.98318054288393, 359.98318054288393, 359.9816567929229, 359.9816567929229, 359.98142308491515, 359.98142308491515, 359.981335876917, 359.981335876917, 359.9812265858636, 359.9812265858636, 359.9810673778411, 359.9810673778411, 359.9809536698158, 359.9809536698158, 359.98076475277776, 359.98076475277776, 359.98068679479184, 359.98068679479184, 359.98058091977146, 359.98058091977146, 359.9805048777489, 359.9805048777489, 359.9804161277134, 359.9804161277134, 359.9803288367111, 359.9803288367111, 359.9802354617277, 359.9802354617277, 359.98016471171286, 359.98016471171286, 359.97998237772845, 359.97998237772845, 359.9799057947239, 359.9799057947239, 359.97980441967957, 359.97980441967957, 359.97963046166115, 359.97963046166115, 359.9793476286577, 359.9793476286577, 359.9792685036664, 359.9792685036664, 359.9791841696715, 359.9791841696715, 359.9789418776636, 359.9789418776636, 359.9787331696716, 359.9787331696716, 359.97856641968247, 359.97856641968247, 359.978315669694, 359.978315669694, 359.978217085707, 359.978217085707, 359.97788908565417, 359.97788908565417, 359.9775742936763, 359.9775742936763, 359.9774688356556, 359.9774688356556, 359.9772599186399, 359.9772599186399, 359.9771435856819, 359.9771435856819, 359.976857460686], "a_moves_left": [39, 39, 38, 38, 37, 37, 36, 36, 35, 35, 34, 34, 33, 33, 32, 32, 31, 31, 30, 30, 29, 29, 28, 28, 27, 27, 26, 26, 25, 25, 24, 24, 23, 23, 22, 22, 21, 21, 20, 20, 19, 19, 18, 18, 17, 17, 16, 16, 15, 15, 14, 14, 13, 13, 12, 12, 11, 11, 10, 10, 9, 9, 8, 8, 7, 7, 6, 6, 5, 5, 4, 4, 3, 3, 2, 2, 1, 1, 0, 0], "b_moves_left": [40, 39, 39, 38, 38, 37, 37, 36, 36, 35, 35, 34, 34, 33, 33, 32, 32, 31, 31, 30, 30, 29, 29, 28, 28, 27, 27, 26, 26, 25, 25, 24, 24, 23, 23, 22, 22, 21, 21, 20, 20, 19, 19, 18, 18, 17, 17, 16, 16, 15, 15, 14, 14, 13, 13, 12, 12, 11, 11, 10, 10, 9, 9, 8, 8, 7, 7, 6, 6, 5, 5, 4, 4, 3, 3, 2, 2, 1, 1, 0], "trapdoor_triggered": [0, 0, 0, 0, 0, 0, 0, 0, 0, 0, 0, 0, 0, 0, 0, 0, 0, 0, 0, 0, 0, 0, 0, 0, 0, 0, 0, 0, 0, 0, 0, 0, 0, 0, 0, 0, 0, 0, 0, 0, 0, 0, 0, 0, 0, 0, 0, 0, 0, 0, 0, 0, 0, 0, 0, 0, 0, 0, 0, 0, 0, 0, 0, 0, 0, 0, 0, 0, 0, 0, 0, 0, 0, 0, 0, 0, 0, 0, 0, 0], "left_behind": ["egg", "egg", "plain", "turd", "egg", "egg", "plain", "turd", "egg", "egg", "plain", "turd", "egg", "egg", "plain", "turd", "egg", "egg", "plain", "turd", "plain", "egg", "plain", "plain", "egg", "egg", "plain", "plain", "plain", "egg", "plain", "plain", "plain", "egg", "plain", "plain", "egg", "egg", "plain", "plain", "egg", "egg", "plain", "plain", "egg", "plain", "plain", "plain", "egg", "egg", "plain", "plain", "egg", "plain", "plain", "plain", "egg", "egg", "plain", "plain", "egg", "egg", "plain", "plain", "egg", "egg", "plain", "plain", "plain", "plain", "plain", "plain", "plain", "egg", "plain", "plain", "egg", "egg", "plain", "plain"], "errlog_a": "", "errlog_b": "", "start_time": 360, "start_moves": 40, "turn_count": 80, "result": 2, "reason": "EGGS_LAID", "trapdoors": [[3, 3], [4, 3]], "spawn_a": [0, 4], "spawn_b": [7, 4]}