{"pos": [[6, 3], [1, 3], [6, 2], [1, 2], [7, 2], [0, 2], [7, 1], [0, 1], [6, 1], [1, 1], [5, 1], [2, 1], [5, 0], [2, 0], [4, 0], [3, 0], [4, 1], [3, 1], [4, 2], [4, 1], [5, 2], [3, 1], [5, 3], [3, 2], [6, 3], [2, 2], [6, 4], [2, 3], [7, 4], [2, 4], [7, 5], [1, 4], [6, 5], [1, 5], [6, 6], [0, 5], [7, 6], [0, 4], [7, 7], [1, 4], [6, 7], [1, 3], [5, 7], [1, 2], [5, 6], [1, 1], [4, 6], [1, 0], [4, 7], [0, 0], [3, 7], [0, 1], [2, 7], [0, 0], [2, 6], [1, 0], [1, 6], [2, 0], [1, 7], [2, 1], [0, 7], [2, 2], [0, 6], [2, 3], [1, 6], [2, 4], [1, 5], [2, 5], [1, 6], [3, 5], [2, 6], [2, 5], [3, 6], [3, 5], [4, 6], [3, 4], [3, 6], [4, 4], [3, 5], [4, 3]], "a_eggs_laid": [1, 1, 1, 1, 2, 2, 2, 2, 3, 3, 3, 3, 4, 4, 4, 4, 5, 5, 5, 5, 6, 6, 6, 6, 7, 7, 7, 7, 8, 8, 8, 8, 9, 9, 9, 9, 10, 10, 10, 10, 13, 13, 13, 13, 14, 14, 14, 14, 15, 15, 15, 15, 16, 16, 16, 16, 17, 17, 17, 17, 18, 18, 18, 18, 19, 19, 19, 19, 20, 20, 20, 20, 20, 20, 20, 20, 20, 20, 20, 20], "b_eggs_laid": [0, 1, 1, 1, 1, 2, 2, 2, 2, 3, 3, 3, 3, 4, 4, 4, 4, 5, 5, 5, 5, 6, 6, 6, 6, 7, 7, 7, 7, 8, 8, 8, 8, 9, 9, 9, 9, 10, 10, 10, 10, 10, 10, 10, 10, 10, 10, 10, 10, 11, 11, 11, 11, 11, 11, 11, 11, 11, 11, 11, 11, 11, 11, 11, 11, 11, 11, 11, 11, 12, 12, 12, 12, 12, 12, 12, 12, 13, 13, 13], "a_turds_left": [5, 5, 5, 5, 5, 5, 5, 5, 5, 5, 5, 5, 5, 5, 5, 5, 5, 5, 5, 5, 5, 5, 5, 5, 5, 5, 5, 5, 5, 5, 5, 5, 5, 5, 5, 5, 5, 5, 5, 5, 5, 5, 5, 5, 5, 5, 5, 5, 5, 5, 5, 5, 5, 5, 5, 5, 5, 5, 5, 5, 5, 5, 5, 5, 5, 5, 5, 5, 5, 5, 5, 5, 5, 5, 5, 5, 5, 5, 5, 5], "b_turds_left": [5, 5, 5, 5, 5, 5, 5, 5, 5, 5, 5, 5, 5, 5, 5, 5, 5, 5, 5, 5, 5, 5, 5, 5, 5, 5, 5, 5, 5, 5, 5, 5, 5, 5, 5, 5, 5, 5, 5, 5, 5, 5, 5, 5, 5, 5, 5, 5, 5, 5, 5, 5, 5, 5, 5, 5, 5, 5, 5, 5, 5, 5, 5, 5, 5, 5, 5, 5, 5, 5, 5, 5, 5, 5, 5, 5, 5, 5, 5, 5], "a_time_left": [359.996455333021, 359.996455333021, 359.99463070800994, 359.99463070800994, 359.99133270804305, 359.99133270804305, 359.9905254160403, 359.9905254160403, 359.9880391660263, 359.9880391660263, 359.9867358329939, 359.9867358329939, 359.9832175829797, 359.9832175829797, 359.98306533298455, 359.98306533298455, 359.9827740829787, 359.9827740829787, 359.9824799159542, 359.9824799159542, 359.98235579091124, 359.98235579091124, 359.98224212491186, 359.98224212491186, 359.98210399987875, 359.98210399987875, 359.9819892498781, 359.9819892498781, 359.98184454086004, 359.98184454086004, 359.98173524887534, 359.98173524887534, 359.98161766590783, 359.98161766590783, 359.9815089999465, 359.9815089999465, 359.9813770829933, 359.9813770829933, 359.9812787909759, 359.9812787909759, 359.98118245700607, 359.98118245700607, 359.9810790820047, 359.9810790820047, 359.9809604989714, 359.9809604989714, 359.98085008299677, 359.98085008299677, 359.98072037496604, 359.98072037496604, 359.9806264589424, 359.9806264589424, 359.98052279197145, 359.98052279197145, 359.9804299589596, 359.9804299589596, 359.9803140430013, 359.9803140430013, 359.9802100430243, 359.9802100430243, 359.98009904299397, 359.98009904299397, 359.98001341801137, 359.98001341801137, 359.97992683399934, 359.97992683399934, 359.9798290840117, 359.9798290840117, 359.9797551679658, 359.9797551679658, 359.97965791798197, 359.97965791798197, 359.9795765429735, 359.9795765429735, 359.97949633497046, 359.97949633497046, 359.9794062100118, 359.9794062100118, 359.97930666804314, 359.97930666804314], "b_time_left": [360, 359.9964958750061, 359.9964958750061, 359.9946146659786, 359.9946146659786, 359.9914088329533, 359.9914088329533, 359.99057062499924, 359.99057062499924, 359.9881420410238, 359.9881420410238, 359.986840416037, 359.986840416037, 359.9836285820347, 359.9836285820347, 359.98331399908056, 359.98331399908056, 359.98316954105394, 359.98316954105394, 359.9830483320984, 359.9830483320984, 359.9829467480886, 359.9829467480886, 359.98282254009973, 359.98282254009973, 359.9826955401222, 359.9826955401222, 359.9825844151201, 359.9825844151201, 359.9824542061542, 359.9824542061542, 359.9823605811107, 359.9823605811107, 359.98224987310823, 359.98224987310823, 359.9821510401089, 359.9821510401089, 359.9820447480888, 359.9820447480888, 359.98195604007924, 359.98195604007924, 359.9818710820982, 359.9818710820982, 359.98177245707484, 359.98177245707484, 359.98168641503435, 359.98168641503435, 359.9815510820481, 359.9815510820481, 359.9814470820129, 359.9814470820129, 359.9813658319763, 359.9813658319763, 359.98128066497156, 359.98128066497156, 359.98120566498255, 359.98120566498255, 359.9811257899855, 359.9811257899855, 359.9810274980264, 359.9810274980264, 359.98093995597446, 359.98093995597446, 359.98084891500184, 359.98084891500184, 359.98076087300433, 359.98076087300433, 359.9806642479962, 359.9806642479962, 359.98057637299644, 359.98057637299644, 359.9804724979913, 359.9804724979913, 359.98041308199754, 359.98041308199754, 359.9803302909713, 359.9803302909713, 359.9802312909742, 359.9802312909742, 359.980149373936], "a_moves_left": [39, 39, 38, 38, 37, 37, 36, 36, 35, 35, 34, 34, 33, 33, 32, 32, 31, 31, 30, 30, 29, 29, 28, 28, 27, 27, 26, 26, 25, 25, 24, 24, 23, 23, 22, 22, 21, 21, 20, 20, 19, 19, 18, 18, 17, 17, 16, 16, 15, 15, 14, 14, 13, 13, 12, 12, 11, 11, 10, 10, 9, 9, 8, 8, 7, 7, 6, 6, 5, 5, 4, 4, 3, 3, 2, 2, 1, 1, 0, 0], "b_moves_left": [40, 39, 39, 38, 38, 37, 37, 36, 36, 35, 35, 34, 34, 33, 33, 32, 32, 31, 31, 30, 30, 29, 29, 28, 28, 27, 27, 26, 26, 25, 25, 24, 24, 23, 23, 22, 22, 21, 21, 20, 20, 19, 19, 18, 18, 17, 17, 16, 16, 15, 15, 14, 14, 13, 13, 12, 12, 11, 11, 10, 10, 9, 9, 8, 8, 7, 7, 6, 6, 5, 5, 4, 4, 3, 3, 2, 2, 1, 1, 0], "trapdoor_triggered": [0, 0, 0, 0, 0, 0, 0, 0, 0, 0, 0, 0, 0, 0, 0, 0, 0, 0, 0, 0, 0, 0, 0, 0, 0, 0, 0, 0, 0, 0, 0, 0, 0, 0, 0, 0, 0, 0, 0, 0, 0, 0, 0, 0, 0, 0, 0, 0, 0, 0, 0, 0, 0, 0, 0, 0, 0, 0, 0, 0, 0, 0, 0, 0, 0, 0, 0, 0, 0, 0, 0, 0, 0, 0, 0, 0, 0, 0, 0, 0], "left_behind": ["egg", "egg", "plain", "plain", "egg", "egg", "plain", "plain", "egg", "egg", "plain", "plain", "egg", "egg", "plain", "plain", "egg", "egg", "plain", "plain", "egg", "egg", "plain", "plain", "egg", "egg", "plain", "plain", "egg", "egg", "plain", "plain", "egg", "egg", "plain", "plain", "egg", "egg", "plain", "plain", "egg", "plain", "plain", "plain", "egg", "plain", "plain", "plain", "egg", "egg", "plain", "plain", "egg", "plain", "plain", "plain", "egg", "plain", "plain", "plain", "egg", "plain", "plain", "plain", "egg", "plain", "plain", "plain", "egg", "egg", "plain", "plain", "plain", "plain", "plain", "plain", "plain", "egg", "plain", "plain"], "errlog_a": "", "errlog_b": "", "start_time": 360, "start_moves": 40, "turn_count": 80, "result": 0, "reason": "EGGS_LAID", "trapdoors": [[3, 3], [4, 5]], "spawn_a": [7, 3], "spawn_b": [0, 3]}