{"pos": [[1, 6], [6, 6], [2, 6], [5, 6], [2, 7], [5, 7], [3, 7], [4, 7], [3, 6], [4, 6], [3, 5], [3, 6], [2, 5], [4, 6], [1, 5], [4, 5], [0, 5], [5, 5], [0, 4], [6, 5], [1, 4], [7, 5], [1, 3], [7, 4], [0, 3], [6, 4], [0, 2], [6, 3], [1, 2], [7, 3], [1, 1], [7, 2], [0, 1], [6, 2], [0, 0], [6, 1], [1, 0], [7, 1], [2, 0], [7, 0], [2, 1], [6, 0], [3, 1], [5, 0], [3, 0], [5, 1], [4, 0], [4, 1], [3, 0], [5, 1], [3, 1], [5, 2], [3, 2], [5, 3], [2, 2], [5, 4], [2, 3], [4, 4], [2, 4], [5, 4], [3, 4], [6, 4], [0, 6], [6, 3], [0, 7], [6, 2], [1, 7], [6, 1], [1, 6], [7, 1], [1, 5], [7, 0], [1, 4], [6, 0], [1, 3], [5, 0], [1, 2], [5, 1], [1, 1], [4, 1]], "a_eggs_laid": [1, 1, 1, 1, 2, 2, 2, 2, 3, 3, 3, 3, 4, 4, 4, 4, 5, 5, 5, 5, 6, 6, 6, 6, 7, 7, 7, 7, 8, 8, 8, 8, 9, 9, 9, 9, 12, 12, 12, 12, 13, 13, 13, 13, 14, 14, 14, 14, 15, 15, 15, 15, 15, 15, 15, 15, 16, 16, 16, 16, 17, 17, 17, 17, 17, 17, 17, 17, 18, 18, 18, 18, 18, 18, 18, 18, 18, 18, 18, 18], "b_eggs_laid": [0, 1, 1, 1, 1, 2, 2, 2, 2, 3, 3, 3, 3, 4, 4, 4, 4, 5, 5, 5, 5, 6, 6, 6, 6, 7, 7, 7, 7, 8, 8, 8, 8, 9, 9, 9, 9, 10, 10, 10, 10, 13, 13, 13, 13, 14, 14, 14, 14, 15, 15, 15, 15, 16, 16, 16, 16, 17, 17, 17, 17, 17, 17, 21, 21, 21, 21, 21, 21, 21, 21, 21, 21, 21, 21, 21, 21, 21, 21, 21], "a_turds_left": [5, 5, 5, 5, 5, 5, 5, 5, 5, 5, 5, 5, 5, 5, 5, 5, 5, 5, 5, 5, 5, 5, 5, 5, 5, 5, 5, 5, 5, 5, 5, 5, 5, 5, 5, 5, 5, 5, 5, 5, 5, 5, 5, 5, 5, 5, 5, 5, 5, 5, 5, 5, 5, 5, 5, 5, 5, 5, 5, 5, 5, 5, 5, 5, 5, 5, 5, 5, 5, 5, 5, 5, 5, 5, 5, 5, 5, 5, 5, 5], "b_turds_left": [5, 5, 5, 5, 5, 5, 5, 5, 5, 5, 5, 5, 5, 5, 5, 5, 5, 5, 5, 5, 5, 5, 5, 5, 5, 5, 5, 5, 5, 5, 5, 5, 5, 5, 5, 5, 5, 5, 5, 5, 5, 5, 5, 5, 5, 5, 5, 5, 5, 5, 5, 5, 5, 5, 5, 5, 5, 5, 5, 5, 5, 5, 5, 5, 5, 5, 5, 5, 5, 5, 5, 5, 5, 5, 5, 5, 5, 5, 5, 5], "a_time_left": [359.9961169579765, 359.9961169579765, 359.99431658297544, 359.99431658297544, 359.991089499963, 359.991089499963, 359.9898103339947, 359.9898103339947, 359.98928670899477, 359.98928670899477, 359.988755000988, 359.988755000988, 359.98701716796495, 359.98701716796495, 359.9868715009652, 359.9868715009652, 359.98671420896426, 359.98671420896426, 359.9865798339597, 359.9865798339597, 359.98644475091714, 359.98644475091714, 359.9863150839228, 359.9863150839228, 359.98592795891454, 359.98592795891454, 359.985616375925, 359.985616375925, 359.98525895993225, 359.98525895993225, 359.9849139599246, 359.9849139599246, 359.98452929290943, 359.98452929290943, 359.9842160019325, 359.9842160019325, 359.9839153769426, 359.9839153769426, 359.98361358593684, 359.98361358593684, 359.9832722939318, 359.9832722939318, 359.98313066893024, 359.98313066893024, 359.9829794189427, 359.9829794189427, 359.9826754189562, 359.9826754189562, 359.98242670996115, 359.98242670996115, 359.98213341797236, 359.98213341797236, 359.98185475100763, 359.98185475100763, 359.98149104299955, 359.98149104299955, 359.98113408498466, 359.98113408498466, 359.9808362099575, 359.9808362099575, 359.98048079397995, 359.98048079397995, 359.98013850295683, 359.98013850295683, 359.9798635439365, 359.9798635439365, 359.9795885849744, 359.9795885849744, 359.97926096001174, 359.97926096001174, 359.96284825197654, 359.96284825197654, 359.96256462694146, 359.96256462694146, 359.9622539609554, 359.9622539609554, 359.9619351279689, 359.9619351279689, 359.961612585932, 359.961612585932], "b_time_left": [360, 359.99858925002627, 359.99858925002627, 359.9943131660111, 359.9943131660111, 359.9910131250508, 359.9910131250508, 359.98924116702983, 359.98924116702983, 359.98749445803696, 359.98749445803696, 359.9862131670234, 359.9862131670234, 359.98510087496834, 359.98510087496834, 359.9847556669847, 359.9847556669847, 359.9846127090277, 359.9846127090277, 359.9844797090045, 359.9844797090045, 359.9843275840394, 359.9843275840394, 359.9842037090566, 359.9842037090566, 359.98385775106726, 359.98385775106726, 359.98351450107293, 359.98351450107293, 359.98334475106094, 359.98334475106094, 359.9791259180638, 359.9791259180638, 359.9787864180398, 359.9787864180398, 359.97865179303335, 359.97865179303335, 359.97850250202464, 359.97850250202464, 359.9782100020675, 359.9782100020675, 359.97792916803155, 359.97792916803155, 359.9776470020297, 359.9776470020297, 359.9773069600342, 359.9773069600342, 359.9769877520157, 359.9769877520157, 359.9766905430006, 359.9766905430006, 359.9763674599817, 359.9763674599817, 359.9760046679876, 359.9760046679876, 359.9756793769775, 359.9756793769775, 359.97533345996635, 359.97533345996635, 359.97505941899726, 359.97505941899726, 359.9747813770082, 359.9747813770082, 359.97448187699774, 359.97448187699774, 359.97420104400953, 359.97420104400953, 359.9738986279699, 359.9738986279699, 359.97362112795236, 359.97362112795236, 359.9733479619608, 359.9733479619608, 359.97312121198047, 359.97312121198047, 359.972873169987, 359.972873169987, 359.9726397949853, 359.9726397949853, 359.9723484200076], "a_moves_left": [39, 39, 38, 38, 37, 37, 36, 36, 35, 35, 34, 34, 33, 33, 32, 32, 31, 31, 30, 30, 29, 29, 28, 28, 27, 27, 26, 26, 25, 25, 24, 24, 23, 23, 22, 22, 21, 21, 20, 20, 19, 19, 18, 18, 17, 17, 16, 16, 15, 15, 14, 14, 13, 13, 12, 12, 11, 11, 10, 10, 9, 9, 8, 8, 7, 7, 6, 6, 5, 5, 4, 4, 3, 3, 2, 2, 1, 1, 0, 0], "b_moves_left": [40, 39, 39, 38, 38, 37, 37, 36, 36, 35, 35, 34, 34, 33, 33, 32, 32, 31, 31, 30, 30, 29, 29, 28, 28, 27, 27, 26, 26, 25, 25, 24, 24, 23, 23, 22, 22, 21, 21, 20, 20, 19, 19, 18, 18, 17, 17, 16, 16, 15, 15, 14, 14, 13, 13, 12, 12, 11, 11, 10, 10, 9, 9, 8, 8, 7, 7, 6, 6, 5, 5, 4, 4, 3, 3, 2, 2, 1, 1, 0], "trapdoor_triggered": [0, 0, 0, 0, 0, 0, 0, 0, 0, 0, 0, 0, 0, 0, 0, 0, 0, 0, 0, 0, 0, 0, 0, 0, 0, 0, 0, 0, 0, 0, 0, 0, 0, 0, 0, 0, 0, 0, 0, 0, 0, 0, 0, 0, 0, 0, 0, 0, 0, 0, 0, 0, 0, 0, 0, 0, 0, 0, 0, 0, 0, 0, 1, 0, 0, 0, 0, 0, 0, 0, 0, 0, 0, 0, 0, 0, 0, 0, 0, 0], "left_behind": ["egg", "egg", "plain", "plain", "egg", "egg", "plain", "plain", "egg", "egg", "plain", "plain", "egg", "egg", "plain", "plain", "egg", "egg", "plain", "plain", "egg", "egg", "plain", "plain", "egg", "egg", "plain", "plain", "egg", "egg", "plain", "plain", "egg", "egg", "plain", "plain", "egg", "egg", "plain", "plain", "egg", "egg", "plain", "plain", "egg", "egg", "plain", "plain", "egg", "egg", "plain", "plain", "plain", "egg", "plain", "plain", "egg", "egg", "plain", "plain", "egg", "plain", "plain", "plain", "plain", "plain", "plain", "plain", "egg", "plain", "plain", "plain", "plain", "plain", "plain", "plain", "plain", "plain", "plain", "plain"], "errlog_a": "", "errlog_b": "", "start_time": 360, "start_moves": 40, "turn_count": 80, "result": 1, "reason": "EGGS_LAID", "trapdoors": [[3, 3], [4, 3]], "spawn_a": [0, 6], "spawn_b": [7, 6]}