{"pos": [[1, 6], [6, 6], [2, 6], [5, 6], [2, 7], [5, 7], [3, 7], [4, 7], [3, 6], [4, 6], [3, 5], [3, 6], [2, 5], [4, 6], [1, 5], [4, 5], [0, 5], [5, 5], [0, 4], [6, 5], [1, 4], [6, 6], [1, 3], [6, 7], [1, 2], [7, 7], [0, 2], [6, 7], [0, 1], [5, 7], [1, 1], [5, 6], [2, 1], [5, 5], [2, 0], [5, 4], [3, 0], [5, 5], [3, 1], [6, 5], [4, 1], [7, 5], [4, 0], [7, 4], [5, 0], [6, 4], [5, 1], [6, 3], [6, 1], [6, 2], [5, 1], [6, 1], [5, 2], [6, 0], [5, 1], [5, 0], [5, 2], [6, 0], [6, 2], [7, 0], [7, 2], [7, 1], [7, 3], [7, 2]], "a_eggs_laid": [1, 1, 1, 1, 2, 2, 2, 2, 3, 3, 3, 3, 4, 4, 4, 4, 5, 5, 5, 5, 6, 6, 6, 6, 7, 7, 7, 7, 8, 8, 8, 8, 9, 9, 9, 9, 10, 10, 10, 10, 11, 11, 11, 11, 12, 12, 12, 12, 13, 13, 13, 13, 13, 13, 13, 13, 13, 13, 13, 13, 14, 14, 14, 14], "b_eggs_laid": [0, 1, 1, 1, 1, 2, 2, 2, 2, 3, 3, 3, 3, 4, 4, 4, 4, 5, 5, 5, 5, 6, 6, 6, 6, 7, 7, 7, 7, 7, 7, 7, 7, 7, 7, 7, 7, 8, 8, 8, 8, 8, 8, 8, 8, 9, 9, 9, 9, 10, 10, 10, 10, 11, 11, 11, 11, 12, 12, 12, 12, 15, 15, 20], "a_turds_left": [5, 5, 5, 5, 5, 5, 5, 5, 5, 5, 5, 5, 5, 5, 5, 5, 5, 5, 5, 5, 5, 5, 5, 5, 5, 5, 5, 5, 5, 5, 5, 5, 5, 5, 5, 5, 5, 5, 5, 5, 5, 5, 5, 5, 5, 5, 5, 5, 5, 5, 5, 5, 5, 5, 5, 5, 5, 5, 5, 5, 5, 5, 5, 5], "b_turds_left": [5, 5, 5, 5, 5, 5, 5, 5, 5, 5, 5, 5, 5, 5, 5, 5, 5, 5, 5, 5, 5, 5, 5, 5, 5, 5, 5, 5, 5, 5, 5, 5, 5, 5, 5, 5, 5, 5, 5, 5, 5, 5, 5, 5, 5, 5, 5, 5, 5, 5, 5, 5, 5, 5, 5, 5, 5, 5, 5, 5, 5, 5, 5, 5], "a_time_left": [359.9962683329941, 359.9962683329941, 359.99447045795387, 359.99447045795387, 359.99107133294456, 359.99107133294456, 359.98973391595064, 359.98973391595064, 359.98845362494467, 359.98845362494467, 359.98788991593756, 359.98788991593756, 359.98718562396243, 359.98718562396243, 359.9868890399812, 359.9868890399812, 359.986535707023, 359.986535707023, 359.9862449160428, 359.9862449160428, 359.98591875005513, 359.98591875005513, 359.98567187506706, 359.98567187506706, 359.98531320906477, 359.98531320906477, 359.98500408406835, 359.98500408406835, 359.9847070010728, 359.9847070010728, 359.9844490431133, 359.9844490431133, 359.9840784181142, 359.9840784181142, 359.98373562609777, 359.98373562609777, 359.9834181260667, 359.9834181260667, 359.9831330431043, 359.9831330431043, 359.9828034181264, 359.9828034181264, 359.9824829181307, 359.9824829181307, 359.9821702511399, 359.9821702511399, 359.9820432931301, 359.9820432931301, 359.98169408517424, 359.98169408517424, 359.9814743771567, 359.9814743771567, 359.98124179412844, 359.98124179412844, 359.98099104413996, 359.98099104413996, 359.98077116918284, 359.98077116918284, 359.96998458518647, 359.96998458518647, 359.9697384602041, 359.9697384602041, 359.9696565432241, 359.9696565432241], "b_time_left": [360, 359.9964075409807, 359.9964075409807, 359.9946640819544, 359.9946640819544, 359.993364497961, 359.993364497961, 359.9920892069931, 359.9920892069931, 359.9913909979514, 359.9913909979514, 359.99007778894156, 359.99007778894156, 359.98906203894876, 359.98906203894876, 359.9881920389016, 359.9881920389016, 359.9878452059347, 359.9878452059347, 359.9875237059314, 359.9875237059314, 359.98716112197144, 359.98716112197144, 359.9868463719613, 359.9868463719613, 359.98671232996276, 359.98671232996276, 359.9864769129199, 359.9864769129199, 359.9862398299156, 359.9862398299156, 359.98597299691755, 359.98597299691755, 359.9858493299107, 359.9858493299107, 359.98554174689343, 359.98554174689343, 359.98520683089737, 359.98520683089737, 359.9849164139014, 359.9849164139014, 359.98464499792317, 359.98464499792317, 359.9843408729648, 359.9843408729648, 359.98404349794146, 359.98404349794146, 359.9837364559062, 359.9837364559062, 359.9834112479002, 359.9834112479002, 359.98313053988386, 359.98313053988386, 359.9828253738815, 359.9828253738815, 359.9825830408954, 359.9825830408954, 359.9823469988769, 359.9823469988769, 359.9820867909002, 359.9820867909002, 359.981971706904, 359.981971706904, 359.9816821658751], "a_moves_left": [39, 39, 38, 38, 37, 37, 36, 36, 35, 35, 34, 34, 33, 33, 32, 32, 31, 31, 30, 30, 29, 29, 28, 28, 27, 27, 26, 26, 25, 25, 24, 24, 23, 23, 22, 22, 21, 21, 20, 20, 19, 19, 18, 18, 17, 17, 16, 16, 15, 15, 14, 14, 13, 13, 12, 12, 11, 11, 10, 10, 9, 9, 8, 8], "b_moves_left": [40, 39, 39, 38, 38, 37, 37, 36, 36, 35, 35, 34, 34, 33, 33, 32, 32, 31, 31, 30, 30, 29, 29, 28, 28, 27, 27, 26, 26, 25, 25, 24, 24, 23, 23, 22, 22, 21, 21, 20, 20, 19, 19, 18, 18, 17, 17, 16, 16, 15, 15, 14, 14, 13, 13, 12, 12, 11, 11, 10, 10, 9, 9, 8], "trapdoor_triggered": [0, 0, 0, 0, 0, 0, 0, 0, 0, 0, 0, 0, 0, 0, 0, 0, 0, 0, 0, 0, 0, 0, 0, 0, 0, 0, 0, 0, 0, 0, 0, 0, 0, 0, 0, 0, 0, 0, 0, 0, 0, 0, 0, 0, 0, 0, 0, 0, 0, 0, 0, 0, 0, 0, 0, 0, 0, 0, 0, 0, 0, 0, 0, 0], "left_behind": ["egg", "egg", "plain", "plain", "egg", "egg", "plain", "plain", "egg", "egg", "plain", "plain", "egg", "egg", "plain", "plain", "egg", "egg", "plain", "plain", "egg", "egg", "plain", "plain", "egg", "egg", "plain", "plain", "egg", "plain", "plain", "plain", "egg", "plain", "plain", "plain", "egg", "egg", "plain", "plain", "egg", "plain", "plain", "plain", "egg", "egg", "plain", "plain", "egg", "egg", "plain", "plain", "plain", "egg", "plain", "plain", "plain", "egg", "plain", "plain", "egg", "egg", "plain", "plain"], "errlog_a": "", "errlog_b": "", "start_time": 360, "start_moves": 40, "turn_count": 64, "result": 1, "reason": "BLOCKING_END", "trapdoors": [[5, 3], [3, 4]], "spawn_a": [0, 6], "spawn_b": [7, 6]}