{"pos": [[6, 3], [1, 3], [6, 2], [1, 2], [7, 2], [0, 2], [7, 1], [0, 1], [6, 1], [1, 1], [6, 0], [2, 1], [7, 0], [2, 0], [7, 1], [1, 0], [6, 1], [0, 0], [5, 1], [0, 1], [5, 0], [1, 1], [4, 0], [2, 1], [4, 1], [3, 1], [4, 0], [3, 0], [4, 1], [3, 1], [5, 1], [4, 1], [5, 2], [4, 2], [6, 2], [3, 2], [5, 2], [2, 2], [4, 2], [2, 3], [4, 3], [2, 4], [4, 4], [1, 4], [5, 4], [1, 5], [5, 5], [1, 6], [6, 5], [2, 6], [6, 6], [3, 6], [5, 6], [3, 5], [4, 6], [4, 5], [4, 7], [3, 5], [3, 7], [3, 6], [2, 7], [2, 6], [1, 7], [2, 7], [0, 7], [2, 6], [0, 6], [2, 5], [0, 5], [2, 4], [1, 5], [2, 5], [0, 5], [2, 4], [0, 4], [1, 4], [0, 5], [1, 3], [1, 5], [1, 2]], "a_eggs_laid": [1, 1, 1, 1, 2, 2, 2, 2, 3, 3, 3, 3, 4, 4, 4, 4, 4, 4, 4, 4, 5, 5, 5, 5, 6, 6, 6, 6, 6, 6, 6, 6, 6, 6, 6, 6, 6, 6, 6, 6, 7, 7, 7, 7, 8, 8, 8, 8, 9, 9, 9, 9, 10, 10, 10, 10, 11, 11, 11, 11, 12, 12, 12, 12, 13, 13, 13, 13, 14, 14, 14, 14, 15, 15, 15, 15, 16, 16, 16, 16], "b_eggs_laid": [0, 1, 1, 1, 1, 2, 2, 2, 2, 3, 3, 3, 3, 4, 4, 4, 4, 5, 5, 5, 5, 5, 5, 5, 5, 5, 5, 5, 5, 6, 6, 6, 6, 7, 7, 7, 7, 8, 8, 8, 8, 9, 9, 9, 9, 10, 10, 10, 10, 11, 11, 11, 11, 12, 12, 12, 12, 13, 13, 13, 13, 13, 13, 13, 13, 14, 14, 14, 14, 15, 15, 15, 15, 15, 15, 15, 15, 15, 15, 15], "a_turds_left": [5, 5, 5, 5, 5, 5, 5, 5, 5, 5, 5, 5, 5, 5, 5, 5, 5, 5, 5, 5, 5, 5, 5, 5, 5, 5, 5, 5, 5, 5, 5, 5, 5, 5, 5, 5, 5, 5, 5, 5, 5, 5, 5, 5, 5, 5, 5, 5, 5, 5, 5, 5, 5, 5, 5, 5, 5, 5, 5, 5, 5, 5, 5, 5, 5, 5, 5, 5, 5, 5, 5, 5, 5, 5, 5, 5, 5, 5, 5, 5], "b_turds_left": [5, 5, 5, 5, 5, 5, 5, 5, 5, 5, 5, 5, 5, 5, 5, 5, 5, 5, 5, 5, 5, 5, 5, 5, 5, 5, 5, 5, 5, 5, 5, 5, 5, 5, 5, 5, 5, 5, 5, 5, 5, 5, 5, 5, 5, 5, 5, 5, 5, 5, 5, 5, 5, 5, 5, 5, 5, 5, 5, 5, 5, 5, 5, 5, 5, 5, 5, 5, 5, 5, 5, 5, 5, 5, 5, 5, 5, 5, 5, 5], "a_time_left": [359.9964621659601, 359.9964621659601, 359.99462212400977, 359.99462212400977, 359.9903967070277, 359.9903967070277, 359.990088665043, 359.990088665043, 359.98916979000205, 359.98916979000205, 359.98869862401625, 359.98869862401625, 359.98633408301976, 359.98633408301976, 359.98609391599894, 359.98609391599894, 359.985999291006, 359.985999291006, 359.9858822079841, 359.9858822079841, 359.9857515830081, 359.9857515830081, 359.98564962501405, 359.98564962501405, 359.9855367499986, 359.9855367499986, 359.9854417499737, 359.9854417499737, 359.985344582994, 359.985344582994, 359.98525612498634, 359.98525612498634, 359.98516304197256, 359.98516304197256, 359.98507145798067, 359.98507145798067, 359.98497074999614, 359.98497074999614, 359.98485229199287, 359.98485229199287, 359.98474945896305, 359.98474945896305, 359.98464250098914, 359.98464250098914, 359.98451550101163, 359.98451550101163, 359.9844119590125, 359.9844119590125, 359.98428191797575, 359.98428191797575, 359.98416458495194, 359.98416458495194, 359.9840357939247, 359.9840357939247, 359.9839229598874, 359.9839229598874, 359.9838290849002, 359.9838290849002, 359.9835541268694, 359.9835541268694, 359.98329737689346, 359.98329737689346, 359.9830892928876, 359.9830892928876, 359.9828775008791, 359.9828775008791, 359.98263837589184, 359.98263837589184, 359.98252304288326, 359.98252304288326, 359.98225945991, 359.98225945991, 359.9819985439535, 359.9819985439535, 359.9817489599809, 359.9817489599809, 359.98166054295143, 359.98166054295143, 359.9813902929309, 359.9813902929309], "b_time_left": [360, 359.99662816600176, 359.99662816600176, 359.9948016660055, 359.9948016660055, 359.9914898739662, 359.9914898739662, 359.99073245795444, 359.99073245795444, 359.9883383329725, 359.9883383329725, 359.9870309999678, 359.9870309999678, 359.9850098749739, 359.9850098749739, 359.98488133301726, 359.98488133301726, 359.98473833303433, 359.98473833303433, 359.98463299905416, 359.98463299905416, 359.98450483207125, 359.98450483207125, 359.98436812404543, 359.98436812404543, 359.98425470804796, 359.98425470804796, 359.9841282920679, 359.9841282920679, 359.9840106670745, 359.9840106670745, 359.9838828340871, 359.9838828340871, 359.983762084099, 359.983762084099, 359.98364387609763, 359.98364387609763, 359.98352379206335, 359.98352379206335, 359.9834131250391, 359.9834131250391, 359.9832878340385, 359.9832878340385, 359.9831774170161, 359.9831774170161, 359.98306695901556, 359.98306695901556, 359.9829724590527, 359.9829724590527, 359.9828309180448, 359.9828309180448, 359.98272687604185, 359.98272687604185, 359.98260545905214, 359.98260545905214, 359.98250245908275, 359.98250245908275, 359.9824215840781, 359.9824215840781, 359.98215825104853, 359.98215825104853, 359.9819458760321, 359.9819458760321, 359.98168133507716, 359.98168133507716, 359.9815491680638, 359.9815491680638, 359.98131187609397, 359.98131187609397, 359.98119650111767, 359.98119650111767, 359.9809512931388, 359.9809512931388, 359.98074929311406, 359.98074929311406, 359.9804756680969, 359.9804756680969, 359.9803946680622, 359.9803946680622, 359.98013721004827], "a_moves_left": [39, 39, 38, 38, 37, 37, 36, 36, 35, 35, 34, 34, 33, 33, 32, 32, 31, 31, 30, 30, 29, 29, 28, 28, 27, 27, 26, 26, 25, 25, 24, 24, 23, 23, 22, 22, 21, 21, 20, 20, 19, 19, 18, 18, 17, 17, 16, 16, 15, 15, 14, 14, 13, 13, 12, 12, 11, 11, 10, 10, 9, 9, 8, 8, 7, 7, 6, 6, 5, 5, 4, 4, 3, 3, 2, 2, 1, 1, 0, 0], "b_moves_left": [40, 39, 39, 38, 38, 37, 37, 36, 36, 35, 35, 34, 34, 33, 33, 32, 32, 31, 31, 30, 30, 29, 29, 28, 28, 27, 27, 26, 26, 25, 25, 24, 24, 23, 23, 22, 22, 21, 21, 20, 20, 19, 19, 18, 18, 17, 17, 16, 16, 15, 15, 14, 14, 13, 13, 12, 12, 11, 11, 10, 10, 9, 9, 8, 8, 7, 7, 6, 6, 5, 5, 4, 4, 3, 3, 2, 2, 1, 1, 0], "trapdoor_triggered": [0, 0, 0, 0, 0, 0, 0, 0, 0, 0, 0, 0, 0, 0, 0, 0, 0, 0, 0, 0, 0, 0, 0, 0, 0, 0, 0, 0, 0, 0, 0, 0, 0, 0, 0, 0, 0, 0, 0, 0, 0, 0, 0, 0, 0, 0, 0, 0, 0, 0, 0, 0, 0, 0, 0, 0, 0, 0, 0, 0, 0, 0, 0, 0, 0, 0, 0, 0, 0, 0, 0, 0, 0, 0, 0, 0, 0, 0, 0, 0], "left_behind": ["egg", "egg", "plain", "plain", "egg", "egg", "plain", "plain", "egg", "egg", "plain", "plain", "egg", "egg", "plain", "plain", "plain", "egg", "plain", "plain", "egg", "plain", "plain", "plain", "egg", "plain", "plain", "plain", "plain", "egg", "plain", "plain", "plain", "egg", "plain", "plain", "plain", "egg", "plain", "plain", "egg", "egg", "plain", "plain", "egg", "egg", "plain", "plain", "egg", "egg", "plain", "plain", "egg", "egg", "plain", "plain", "egg", "egg", "plain", "plain", "egg", "plain", "plain", "plain", "egg", "egg", "plain", "plain", "egg", "egg", "plain", "plain", "egg", "plain", "plain", "plain", "egg", "plain", "plain", "plain"], "errlog_a": "", "errlog_b": "", "start_time": 360, "start_moves": 40, "turn_count": 80, "result": 0, "reason": "EGGS_LAID", "trapdoors": [[5, 3], [3, 4]], "spawn_a": [7, 3], "spawn_b": [0, 3]}