{"pos": [[1, 2], [6, 2], [1, 1], [6, 1], [0, 1], [7, 1], [0, 0], [7, 0], [1, 0], [6, 0], [2, 0], [5, 0], [2, 1], [5, 1], [3, 1], [4, 1], [3, 0], [4, 0], [3, 1], [3, 0], [2, 1], [4, 0], [2, 0], [3, 0], [1, 0], [4, 0], [0, 0], [4, 1], [0, 1], [4, 2], [1, 1], [5, 2], [1, 2], [5, 3], [1, 3], [6, 3], [1, 4], [7, 3], [2, 4], [7, 4], [3, 4], [6, 4], [4, 4], [6, 5], [5, 4], [7, 5], [6, 4], [7, 6], [5, 4], [6, 6], [5, 5], [5, 6], [4, 5], [5, 7], [4, 6], [4, 7], [3, 6], [3, 7], [3, 5], [3, 6], [2, 5], [2, 6], [1, 5], [2, 5], [1, 6], [2, 6], [1, 7], [1, 6], [2, 7], [0, 6], [2, 6], [0, 5], [2, 7], [0, 4], [3, 7], [1, 4], [2, 7], [0, 4], [2, 6], [0, 3]], "a_eggs_laid": [1, 1, 1, 1, 2, 2, 2, 2, 5, 5, 5, 5, 6, 6, 6, 6, 7, 7, 7, 7, 7, 7, 7, 7, 7, 7, 7, 7, 7, 7, 7, 7, 7, 7, 7, 7, 8, 8, 8, 8, 9, 9, 9, 9, 10, 10, 10, 10, 11, 11, 11, 11, 12, 12, 12, 12, 13, 13, 13, 13, 14, 14, 14, 14, 15, 15, 15, 15, 16, 16, 16, 16, 17, 17, 17, 17, 18, 18, 18, 18], "b_eggs_laid": [0, 1, 1, 1, 1, 2, 2, 2, 2, 5, 5, 5, 5, 6, 6, 6, 6, 7, 7, 7, 7, 8, 8, 8, 8, 8, 8, 8, 8, 8, 8, 8, 8, 9, 9, 9, 9, 10, 10, 10, 10, 11, 11, 11, 11, 12, 12, 12, 12, 13, 13, 13, 13, 14, 14, 14, 14, 15, 15, 15, 15, 16, 16, 16, 16, 17, 17, 17, 17, 18, 18, 18, 18, 19, 19, 19, 19, 20, 20, 20], "a_turds_left": [5, 5, 5, 5, 5, 5, 5, 5, 5, 5, 5, 5, 5, 5, 5, 5, 5, 5, 5, 5, 5, 5, 5, 5, 5, 5, 5, 5, 5, 5, 5, 5, 5, 5, 5, 5, 5, 5, 5, 5, 5, 5, 5, 5, 5, 5, 5, 5, 5, 5, 5, 5, 5, 5, 5, 5, 5, 5, 5, 5, 5, 5, 5, 5, 5, 5, 5, 5, 5, 5, 5, 5, 5, 5, 5, 5, 5, 5, 5, 5], "b_turds_left": [5, 5, 5, 5, 5, 5, 5, 5, 5, 5, 5, 5, 5, 5, 5, 5, 5, 5, 5, 5, 5, 5, 5, 5, 5, 5, 5, 5, 5, 5, 5, 5, 5, 5, 5, 5, 5, 5, 5, 5, 5, 5, 5, 5, 5, 5, 5, 5, 5, 5, 5, 5, 5, 5, 5, 5, 5, 5, 5, 5, 5, 5, 5, 5, 5, 5, 5, 5, 5, 5, 5, 5, 5, 5, 5, 5, 5, 5, 5, 5], "a_time_left": [359.99617250001756, 359.99617250001756, 359.99437704199227, 359.99437704199227, 359.99312783399364, 359.99312783399364, 359.9923471250222, 359.9923471250222, 359.990700666036, 359.990700666036, 359.9899439580622, 359.9899439580622, 359.9875485410448, 359.9875485410448, 359.98726150003495, 359.98726150003495, 359.98697879206156, 359.98697879206156, 359.98674854205456, 359.98674854205456, 359.9865273340838, 359.9865273340838, 359.9862499180599, 359.9862499180599, 359.9860433760914, 359.9860433760914, 359.985930959112, 359.985930959112, 359.98572541814065, 359.98572541814065, 359.985358668142, 359.985358668142, 359.985104293155, 359.985104293155, 359.9848207932082, 359.9848207932082, 359.9845058352221, 359.9845058352221, 359.984242293227, 359.984242293227, 359.9839100842364, 359.9839100842364, 359.98363762622466, 359.98363762622466, 359.9835059182369, 359.9835059182369, 359.9832345432369, 359.9832345432369, 359.98305175226415, 359.98305175226415, 359.98281787725864, 359.98281787725864, 359.98261496028863, 359.98261496028863, 359.9823825022904, 359.9823825022904, 359.98218087729765, 359.98218087729765, 359.9819398773252, 359.9819398773252, 359.9818373773596, 359.9818373773596, 359.98175937734777, 359.98175937734777, 359.98166741838213, 359.98166741838213, 359.9815960013657, 359.9815960013657, 359.98151241836604, 359.98151241836604, 359.9814255023375, 359.9814255023375, 359.98135133634787, 359.98135133634787, 359.98126258631237, 359.98126258631237, 359.98119216930354, 359.98119216930354, 359.9811047532712, 359.9811047532712], "b_time_left": [360, 359.9964662499842, 359.9964662499842, 359.9947450829786, 359.9947450829786, 359.99163916602265, 359.99163916602265, 359.99086912506027, 359.99086912506027, 359.98844654107234, 359.98844654107234, 359.98764433310134, 359.98764433310134, 359.9867088331375, 359.9867088331375, 359.986384917167, 359.986384917167, 359.98605370818404, 359.98605370818404, 359.9859227081761, 359.9859227081761, 359.9854925411637, 359.9854925411637, 359.9851849161205, 359.9851849161205, 359.9849523740704, 359.9849523740704, 359.9846168740769, 359.9846168740769, 359.98433624906465, 359.98433624906465, 359.98397933202796, 359.98397933202796, 359.98360058205435, 359.98360058205435, 359.9832690410549, 359.9832690410549, 359.98291208304, 359.98291208304, 359.982624041033, 359.982624041033, 359.9822789160535, 359.9822789160535, 359.9820049580885, 359.9820049580885, 359.98092570807785, 359.98092570807785, 359.98066187510267, 359.98066187510267, 359.9803775410983, 359.9803775410983, 359.97998491610633, 359.97998491610633, 359.97957716608653, 359.97957716608653, 359.9793314160779, 359.9793314160779, 359.9790779580362, 359.9790779580362, 359.97880304203136, 359.97880304203136, 359.97868616704363, 359.97868616704363, 359.97857612604275, 359.97857612604275, 359.9784774600412, 359.9784774600412, 359.9783548770356, 359.9783548770356, 359.97824762703385, 359.97824762703385, 359.9781430850271, 359.9781430850271, 359.97803508501966, 359.97803508501966, 359.9779302520328, 359.9779302520328, 359.97783846000675, 359.97783846000675, 359.9777401270112], "a_moves_left": [39, 39, 38, 38, 37, 37, 36, 36, 35, 35, 34, 34, 33, 33, 32, 32, 31, 31, 30, 30, 29, 29, 28, 28, 27, 27, 26, 26, 25, 25, 24, 24, 23, 23, 22, 22, 21, 21, 20, 20, 19, 19, 18, 18, 17, 17, 16, 16, 15, 15, 14, 14, 13, 13, 12, 12, 11, 11, 10, 10, 9, 9, 8, 8, 7, 7, 6, 6, 5, 5, 4, 4, 3, 3, 2, 2, 1, 1, 0, 0], "b_moves_left": [40, 39, 39, 38, 38, 37, 37, 36, 36, 35, 35, 34, 34, 33, 33, 32, 32, 31, 31, 30, 30, 29, 29, 28, 28, 27, 27, 26, 26, 25, 25, 24, 24, 23, 23, 22, 22, 21, 21, 20, 20, 19, 19, 18, 18, 17, 17, 16, 16, 15, 15, 14, 14, 13, 13, 12, 12, 11, 11, 10, 10, 9, 9, 8, 8, 7, 7, 6, 6, 5, 5, 4, 4, 3, 3, 2, 2, 1, 1, 0], "trapdoor_triggered": [0, 0, 0, 0, 0, 0, 0, 0, 0, 0, 0, 0, 0, 0, 0, 0, 0, 0, 0, 0, 0, 0, 0, 0, 0, 0, 0, 0, 0, 0, 0, 0, 0, 0, 0, 0, 0, 0, 0, 0, 0, 0, 0, 0, 0, 0, 0, 0, 0, 0, 0, 0, 0, 0, 0, 0, 0, 0, 0, 0, 0, 0, 0, 0, 0, 0, 0, 0, 0, 0, 0, 0, 0, 0, 0, 0, 0, 0, 0, 0], "left_behind": ["egg", "egg", "plain", "plain", "egg", "egg", "plain", "plain", "egg", "egg", "plain", "plain", "egg", "egg", "plain", "plain", "egg", "egg", "plain", "plain", "plain", "egg", "plain", "plain", "plain", "plain", "plain", "plain", "plain", "plain", "plain", "plain", "plain", "egg", "plain", "plain", "egg", "egg", "plain", "plain", "egg", "egg", "plain", "plain", "egg", "egg", "plain", "plain", "egg", "egg", "plain", "plain", "egg", "egg", "plain", "plain", "egg", "egg", "plain", "plain", "egg", "egg", "plain", "plain", "egg", "egg", "plain", "plain", "egg", "egg", "plain", "plain", "egg", "egg", "plain", "plain", "egg", "egg", "plain", "plain"], "errlog_a": "", "errlog_b": "", "start_time": 360, "start_moves": 40, "turn_count": 80, "result": 1, "reason": "EGGS_LAID", "trapdoors": [[2, 2], [4, 3]], "spawn_a": [0, 2], "spawn_b": [7, 2]}