{"pos": [[1, 2], [6, 2], [1, 1], [6, 1], [0, 1], [5, 1], [0, 0], [4, 1], [1, 0], [3, 1], [2, 0], [2, 1], [1, 0], [2, 2], [1, 1], [1, 2], [0, 1], [1, 3], [0, 2], [0, 3], [0, 1], [0, 4], [0, 0], [1, 4], [1, 0], [1, 5], [2, 0], [2, 5], [1, 0], [3, 5], [1, 1], [3, 4], [0, 1], [4, 4], [0, 0], [4, 3], [0, 1], [4, 2], [0, 2], [5, 2], [0, 1], [5, 3], [1, 1], [6, 3], [1, 0], [6, 4], [2, 0], [6, 5], [1, 0], [6, 6], [0, 0], [5, 6], [0, 1], [5, 5], [0, 2], [5, 4], [0, 1], [5, 3], [1, 1], [5, 2], [1, 0], [4, 2], [2, 0], [4, 1], [1, 0], [4, 0], [2, 0], [3, 0], [1, 0], [3, 1], [0, 0], [2, 1], [0, 1], [2, 2], [0, 2], [2, 3], [0, 1], [2, 4], [1, 1], [2, 3]], "a_eggs_laid": [1, 1, 1, 1, 2, 2, 2, 2, 5, 5, 5, 5, 6, 6, 6, 6, 6, 6, 6, 6, 6, 6, 6, 6, 6, 6, 6, 6, 6, 6, 6, 6, 6, 6, 6, 6, 6, 6, 6, 6, 6, 6, 6, 6, 6, 6, 6, 6, 6, 6, 6, 6, 6, 6, 6, 6, 6, 6, 6, 6, 6, 6, 6, 6, 6, 6, 6, 6, 6, 6, 6, 6, 6, 6, 6, 6, 6, 6, 6, 6], "b_eggs_laid": [0, 1, 1, 1, 1, 2, 2, 2, 2, 3, 3, 3, 3, 4, 4, 4, 4, 5, 5, 5, 5, 6, 6, 6, 6, 7, 7, 7, 7, 8, 8, 8, 8, 9, 9, 9, 9, 10, 10, 10, 10, 11, 11, 11, 11, 12, 12, 12, 12, 13, 13, 13, 13, 14, 14, 14, 14, 15, 15, 15, 15, 15, 15, 15, 15, 15, 15, 15, 15, 16, 16, 16, 16, 16, 16, 16, 16, 17, 17, 17], "a_turds_left": [5, 5, 5, 5, 5, 5, 5, 5, 5, 5, 5, 5, 5, 5, 5, 5, 5, 5, 5, 5, 5, 5, 5, 5, 5, 5, 5, 5, 5, 5, 5, 5, 5, 5, 5, 5, 5, 5, 5, 5, 5, 5, 5, 5, 5, 5, 5, 5, 5, 5, 5, 5, 5, 5, 5, 5, 5, 5, 5, 5, 5, 5, 5, 5, 5, 5, 5, 5, 5, 5, 5, 5, 5, 5, 5, 5, 5, 5, 5, 5], "b_turds_left": [5, 5, 5, 4, 4, 4, 4, 3, 3, 3, 3, 2, 2, 2, 2, 1, 1, 1, 1, 0, 0, 0, 0, 0, 0, 0, 0, 0, 0, 0, 0, 0, 0, 0, 0, 0, 0, 0, 0, 0, 0, 0, 0, 0, 0, 0, 0, 0, 0, 0, 0, 0, 0, 0, 0, 0, 0, 0, 0, 0, 0, 0, 0, 0, 0, 0, 0, 0, 0, 0, 0, 0, 0, 0, 0, 0, 0, 0, 0, 0], "a_time_left": [359.99619645799976, 359.99619645799976, 359.99438450002344, 359.99438450002344, 359.9911267090356, 359.9911267090356, 359.9902352920617, 359.9902352920617, 359.98849020909984, 359.98849020909984, 359.9876720421016, 359.9876720421016, 359.98735629214207, 359.98735629214207, 359.9870272921398, 359.9870272921398, 359.98689212516183, 359.98689212516183, 359.98676841612905, 359.98676841612905, 359.98667483212193, 359.98667483212193, 359.98656141513493, 359.98656141513493, 359.98644416511524, 359.98644416511524, 359.9863193311612, 359.9863193311612, 359.9862152891583, 359.9862152891583, 359.98608941416023, 359.98608941416023, 359.9859802061692, 359.9859802061692, 359.98585558112245, 359.98585558112245, 359.9854223310831, 359.9854223310831, 359.98510191508103, 359.98510191508103, 359.98485241510207, 359.98485241510207, 359.98455970711075, 359.98455970711075, 359.9842762071057, 359.9842762071057, 359.98396958207013, 359.98396958207013, 359.9838609980652, 359.9838609980652, 359.98356053908356, 359.98356053908356, 359.9833156220848, 359.9833156220848, 359.98288487212267, 359.98288487212267, 359.98262312216684, 359.98262312216684, 359.9822975381394, 359.9822975381394, 359.982029538136, 359.982029538136, 359.98172503814567, 359.98172503814567, 359.98143258015625, 359.98143258015625, 359.9811300801812, 359.9811300801812, 359.98091241315706, 359.98091241315706, 359.9805473711458, 359.9805473711458, 359.9802742461907, 359.9802742461907, 359.9799409551779, 359.9799409551779, 359.979685622151, 359.979685622151, 359.9793796221493, 359.9793796221493], "b_time_left": [360, 359.99753170798067, 359.99753170798067, 359.995772166003, 359.995772166003, 359.9932895830134, 359.9932895830134, 359.9915414999705, 359.9915414999705, 359.98902983393054, 359.98902983393054, 359.98727329290705, 359.98727329290705, 359.98633737687487, 359.98633737687487, 359.98564925190294, 359.98564925190294, 359.98527833493426, 359.98527833493426, 359.98466466891114, 359.98466466891114, 359.984405710944, 359.984405710944, 359.9841443779296, 359.9841443779296, 359.98349391995, 359.98349391995, 359.9831406699377, 359.9831406699377, 359.983048252936, 359.983048252936, 359.9829723779112, 359.9829723779112, 359.9828715448966, 359.9828715448966, 359.9826711699134, 359.9826711699134, 359.9823834609124, 359.9823834609124, 359.9821661268943, 359.9821661268943, 359.98051562689943, 359.98051562689943, 359.9803482108982, 359.9803482108982, 359.98009533592267, 359.98009533592267, 359.9799063359387, 359.9799063359387, 359.97967033594614, 359.97967033594614, 359.9794927109615, 359.9794927109615, 359.97925433597993, 359.97925433597993, 359.97898933594115, 359.97898933594115, 359.97871887794463, 359.97871887794463, 359.9785163779161, 359.9785163779161, 359.9782333779149, 359.9782333779149, 359.9779988359078, 359.9779988359078, 359.97759341890924, 359.97759341890924, 359.97738616890274, 359.97738616890274, 359.9771703358856, 359.9771703358856, 359.9769349608687, 359.9769349608687, 359.976745418855, 359.976745418855, 359.97646000183886, 359.97646000183886, 359.97623075183947, 359.97623075183947, 359.9760463348357], "a_moves_left": [39, 39, 38, 38, 37, 37, 36, 36, 35, 35, 34, 34, 33, 33, 32, 32, 31, 31, 30, 30, 29, 29, 28, 28, 27, 27, 26, 26, 25, 25, 24, 24, 23, 23, 22, 22, 21, 21, 20, 20, 19, 19, 18, 18, 17, 17, 16, 16, 15, 15, 14, 14, 13, 13, 12, 12, 11, 11, 10, 10, 9, 9, 8, 8, 7, 7, 6, 6, 5, 5, 4, 4, 3, 3, 2, 2, 1, 1, 0, 0], "b_moves_left": [40, 39, 39, 38, 38, 37, 37, 36, 36, 35, 35, 34, 34, 33, 33, 32, 32, 31, 31, 30, 30, 29, 29, 28, 28, 27, 27, 26, 26, 25, 25, 24, 24, 23, 23, 22, 22, 21, 21, 20, 20, 19, 19, 18, 18, 17, 17, 16, 16, 15, 15, 14, 14, 13, 13, 12, 12, 11, 11, 10, 10, 9, 9, 8, 8, 7, 7, 6, 6, 5, 5, 4, 4, 3, 3, 2, 2, 1, 1, 0], "trapdoor_triggered": [0, 0, 0, 0, 0, 0, 0, 0, 0, 0, 0, 0, 0, 0, 0, 0, 0, 0, 0, 0, 0, 0, 0, 0, 0, 0, 0, 0, 0, 0, 0, 0, 0, 0, 0, 0, 0, 0, 0, 0, 0, 0, 0, 0, 0, 0, 0, 0, 0, 0, 0, 0, 0, 0, 0, 0, 0, 0, 0, 0, 0, 0, 0, 0, 0, 0, 0, 0, 0, 0, 0, 0, 0, 0, 0, 0, 0, 0, 0, 0], "left_behind": ["egg", "egg", "plain", "turd", "egg", "egg", "plain", "turd", "egg", "egg", "plain", "turd", "egg", "egg", "plain", "turd", "plain", "egg", "plain", "turd", "plain", "egg", "plain", "plain", "plain", "egg", "plain", "plain", "plain", "egg", "plain", "plain", "plain", "egg", "plain", "plain", "plain", "egg", "plain", "plain", "plain", "egg", "plain", "plain", "plain", "egg", "plain", "plain", "plain", "egg", "plain", "plain", "plain", "egg", "plain", "plain", "plain", "egg", "plain", "plain", "plain", "plain", "plain", "plain", "plain", "plain", "plain", "plain", "plain", "egg", "plain", "plain", "plain", "plain", "plain", "plain", "plain", "egg", "plain", "plain"], "errlog_a": "", "errlog_b": "", "start_time": 360, "start_moves": 40, "turn_count": 80, "result": 1, "reason": "EGGS_LAID", "trapdoors": [[3, 3], [3, 2]], "spawn_a": [0, 2], "spawn_b": [7, 2]}