{"pos": [[6, 3], [1, 3], [6, 2], [1, 2], [7, 2], [0, 2], [7, 1], [0, 1], [6, 1], [1, 1], [5, 1], [2, 1], [5, 0], [2, 0], [4, 0], [3, 0], [4, 1], [3, 1], [4, 2], [4, 1], [5, 2], [3, 1], [5, 3], [3, 2], [6, 3], [2, 2], [6, 4], [2, 3], [7, 4], [3, 3], [7, 5], [3, 2], [6, 5], [3, 3], [6, 6], [2, 3], [7, 6], [1, 3], [7, 7], [1, 4], [6, 7], [1, 5], [5, 7], [1, 6], [5, 6], [2, 6], [4, 6], [3, 6], [4, 7], [3, 5], [3, 7], [2, 5], [2, 7], [2, 4], [2, 6], [2, 5], [2, 7], [3, 5], [1, 7], [4, 5], [0, 7], [5, 5], [0, 6], [5, 4], [0, 5], [5, 5], [1, 5], [6, 5], [0, 5], [5, 5], [0, 4], [5, 6], [0, 5], [5, 5], [1, 5], [4, 5], [0, 5], [3, 5], [0, 6], [3, 6]], "a_eggs_laid": [1, 1, 1, 1, 2, 2, 2, 2, 3, 3, 3, 3, 4, 4, 4, 4, 5, 5, 5, 5, 6, 6, 6, 6, 7, 7, 7, 7, 8, 8, 8, 8, 9, 9, 9, 9, 10, 10, 10, 10, 13, 13, 13, 13, 14, 14, 14, 14, 15, 15, 15, 15, 16, 16, 16, 16, 17, 17, 17, 17, 18, 18, 18, 18, 19, 19, 19, 19, 20, 20, 20, 20, 21, 21, 21, 21, 21, 21, 21, 21], "b_eggs_laid": [0, 1, 1, 1, 1, 2, 2, 2, 2, 3, 3, 3, 3, 4, 4, 4, 4, 5, 5, 5, 5, 6, 6, 6, 6, 7, 7, 7, 7, 8, 8, 8, 8, 8, 8, 8, 8, 8, 8, 8, 8, 9, 9, 9, 9, 10, 10, 10, 10, 11, 11, 11, 11, 12, 12, 12, 12, 12, 12, 12, 12, 13, 13, 13, 13, 14, 14, 14, 14, 15, 15, 15, 15, 16, 16, 16, 16, 16, 16, 16], "a_turds_left": [5, 5, 5, 5, 5, 5, 5, 5, 5, 5, 5, 5, 5, 5, 5, 5, 5, 5, 5, 5, 5, 5, 5, 5, 5, 5, 5, 5, 5, 5, 5, 5, 5, 5, 5, 5, 5, 5, 5, 5, 5, 5, 5, 5, 5, 5, 5, 5, 5, 5, 5, 5, 5, 5, 5, 5, 5, 5, 5, 5, 5, 5, 5, 5, 5, 5, 5, 5, 5, 5, 5, 5, 5, 5, 5, 5, 5, 5, 5, 5], "b_turds_left": [5, 5, 5, 5, 5, 5, 5, 5, 5, 5, 5, 5, 5, 5, 5, 5, 5, 5, 5, 5, 5, 5, 5, 5, 5, 5, 5, 5, 5, 5, 5, 5, 5, 5, 5, 5, 5, 5, 5, 5, 5, 5, 5, 5, 5, 5, 5, 5, 5, 5, 5, 5, 5, 5, 5, 5, 5, 5, 5, 5, 5, 5, 5, 5, 5, 5, 5, 5, 5, 5, 5, 5, 5, 5, 5, 5, 5, 5, 5, 5], "a_time_left": [359.9963126659859, 359.9963126659859, 359.9944524570019, 359.9944524570019, 359.99316329002613, 359.99316329002613, 359.99237854004605, 359.99237854004605, 359.99002441501943, 359.99002441501943, 359.98865029006265, 359.98865029006265, 359.9874046650366, 359.9874046650366, 359.98711866501253, 359.98711866501253, 359.98684108199086, 359.98684108199086, 359.98672641598387, 359.98672641598387, 359.9865992909763, 359.9865992909763, 359.9864819989889, 359.9864819989889, 359.986336083035, 359.986336083035, 359.9862232490559, 359.9862232490559, 359.98609587404644, 359.98609587404644, 359.9859958330635, 359.9859958330635, 359.9858822081005, 359.9858822081005, 359.9857694580569, 359.9857694580569, 359.9856344170985, 359.9856344170985, 359.9855245840736, 359.9855245840736, 359.98541933408706, 359.98541933408706, 359.9853174170712, 359.9853174170712, 359.9851955830818, 359.9851955830818, 359.98508516611764, 359.98508516611764, 359.98497983207926, 359.98497983207926, 359.98487945710076, 359.98487945710076, 359.98477520712186, 359.98477520712186, 359.9846754150931, 359.9846754150931, 359.98458608210785, 359.98458608210785, 359.9844879570883, 359.9844879570883, 359.9843919980922, 359.9843919980922, 359.98430120613193, 359.98430120613193, 359.98420283111045, 359.98420283111045, 359.9841040811152, 359.9841040811152, 359.98401612311136, 359.98401612311136, 359.98391370713944, 359.98391370713944, 359.98382141510956, 359.98382141510956, 359.9837225401425, 359.9837225401425, 359.98364504013443, 359.98364504013443, 359.983542623173, 359.983542623173], "b_time_left": [360, 359.9963667090051, 359.9963667090051, 359.99487979203695, 359.99487979203695, 359.99362583406037, 359.99362583406037, 359.9928536670632, 359.9928536670632, 359.99191062606405, 359.99191062606405, 359.99059812608175, 359.99059812608175, 359.9894083761028, 359.9894083761028, 359.98912862612633, 359.98912862612633, 359.9888388761319, 359.9888388761319, 359.9886397511, 359.9886397511, 359.98854654311435, 359.98854654311435, 359.98842879309086, 359.98842879309086, 359.9883087510825, 359.9883087510825, 359.9881939170882, 359.9881939170882, 359.98805929208174, 359.98805929208174, 359.9879462500685, 359.9879462500685, 359.98787458305014, 359.98787458305014, 359.98778491606936, 359.98778491606936, 359.98770166607574, 359.98770166607574, 359.98760708310874, 359.98760708310874, 359.9875057080644, 359.9875057080644, 359.9874164580251, 359.9874164580251, 359.9873093329952, 359.9873093329952, 359.9872267500032, 359.9872267500032, 359.98713112500263, 359.98713112500263, 359.98704674997134, 359.98704674997134, 359.98694475000957, 359.98694475000957, 359.98686104104854, 359.98686104104854, 359.9867953740177, 359.9867953740177, 359.98671499901684, 359.98671499901684, 359.98662379104644, 359.98662379104644, 359.9865421249997, 359.9865421249997, 359.9864706249791, 359.9864706249791, 359.9863905829843, 359.9863905829843, 359.98633020796115, 359.98633020796115, 359.9862584999646, 359.9862584999646, 359.9862033329555, 359.9862033329555, 359.986126499949, 359.986126499949, 359.98605908296304, 359.98605908296304, 359.98597512493143], "a_moves_left": [39, 39, 38, 38, 37, 37, 36, 36, 35, 35, 34, 34, 33, 33, 32, 32, 31, 31, 30, 30, 29, 29, 28, 28, 27, 27, 26, 26, 25, 25, 24, 24, 23, 23, 22, 22, 21, 21, 20, 20, 19, 19, 18, 18, 17, 17, 16, 16, 15, 15, 14, 14, 13, 13, 12, 12, 11, 11, 10, 10, 9, 9, 8, 8, 7, 7, 6, 6, 5, 5, 4, 4, 3, 3, 2, 2, 1, 1, 0, 0], "b_moves_left": [40, 39, 39, 38, 38, 37, 37, 36, 36, 35, 35, 34, 34, 33, 33, 32, 32, 31, 31, 30, 30, 29, 29, 28, 28, 27, 27, 26, 26, 25, 25, 24, 24, 23, 23, 22, 22, 21, 21, 20, 20, 19, 19, 18, 18, 17, 17, 16, 16, 15, 15, 14, 14, 13, 13, 12, 12, 11, 11, 10, 10, 9, 9, 8, 8, 7, 7, 6, 6, 5, 5, 4, 4, 3, 3, 2, 2, 1, 1, 0], "trapdoor_triggered": [0, 0, 0, 0, 0, 0, 0, 0, 0, 0, 0, 0, 0, 0, 0, 0, 0, 0, 0, 0, 0, 0, 0, 0, 0, 0, 0, 0, 0, 0, 0, 0, 0, 0, 0, 0, 0, 0, 0, 0, 0, 0, 0, 0, 0, 0, 0, 0, 0, 0, 0, 0, 0, 0, 0, 0, 0, 0, 0, 0, 0, 0, 0, 0, 0, 0, 0, 0, 0, 0, 0, 0, 0, 0, 0, 0, 0, 0, 0, 0], "left_behind": ["egg", "egg", "plain", "plain", "egg", "egg", "plain", "plain", "egg", "egg", "plain", "plain", "egg", "egg", "plain", "plain", "egg", "egg", "plain", "plain", "egg", "egg", "plain", "plain", "egg", "egg", "plain", "plain", "egg", "egg", "plain", "plain", "egg", "plain", "plain", "plain", "egg", "plain", "plain", "plain", "egg", "egg", "plain", "plain", "egg", "egg", "plain", "plain", "egg", "egg", "plain", "plain", "egg", "egg", "plain", "plain", "egg", "plain", "plain", "plain", "egg", "egg", "plain", "plain", "egg", "egg", "plain", "plain", "egg", "egg", "plain", "plain", "egg", "egg", "plain", "plain", "plain", "plain", "plain", "plain"], "errlog_a": "", "errlog_b": "", "start_time": 360, "start_moves": 40, "turn_count": 80, "result": 0, "reason": "EGGS_LAID", "trapdoors": [[4, 4], [3, 4]], "spawn_a": [7, 3], "spawn_b": [0, 3]}