{"pos": [[1, 4], [6, 4], [1, 3], [6, 3], [0, 3], [7, 3], [0, 2], [7, 2], [0, 1], [7, 1], [1, 1], [6, 1], [1, 0], [5, 1], [0, 0], [5, 0], [1, 0], [6, 0], [2, 0], [7, 0], [2, 1], [7, 1], [3, 1], [6, 1], [4, 1], [6, 2], [5, 1], [5, 2], [4, 1], [4, 2], [4, 0], [4, 1], [3, 0], [4, 2], [3, 1], [4, 1], [3, 2], [4, 2], [2, 2], [5, 2], [1, 2], [5, 3], [1, 3], [5, 4], [1, 4], [6, 4], [1, 5], [6, 5], [2, 5], [6, 4], [2, 4], [5, 4], [3, 4], [5, 3], [2, 4], [4, 3], [3, 4], [3, 3], [2, 4], [4, 3], [2, 5], [3, 3], [2, 6], [3, 2], [3, 6], [3, 3], [4, 6], [3, 4], [4, 5], [3, 5], [5, 5], [4, 5], [5, 6], [3, 5], [6, 6], [3, 6], [7, 6], [3, 7], [7, 7], [4, 7]], "a_eggs_laid": [1, 1, 1, 1, 2, 2, 2, 2, 3, 3, 3, 3, 4, 4, 4, 4, 7, 7, 7, 7, 8, 8, 8, 8, 9, 9, 9, 9, 10, 10, 10, 10, 11, 11, 11, 11, 11, 11, 11, 11, 12, 12, 12, 12, 12, 12, 12, 12, 13, 13, 13, 13, 14, 14, 14, 14, 14, 14, 14, 14, 14, 14, 14, 14, 15, 15, 15, 15, 16, 16, 16, 16, 17, 17, 17, 17, 18, 18, 18, 18], "b_eggs_laid": [0, 1, 1, 1, 1, 2, 2, 2, 2, 3, 3, 3, 3, 4, 4, 4, 4, 5, 5, 5, 5, 8, 8, 8, 8, 8, 8, 8, 8, 9, 9, 9, 9, 10, 10, 10, 10, 10, 10, 10, 10, 10, 10, 10, 10, 11, 11, 11, 11, 12, 12, 12, 12, 12, 12, 12, 12, 13, 13, 13, 13, 13, 13, 13, 13, 14, 14, 14, 14, 15, 15, 15, 15, 16, 16, 16, 16, 17, 17, 17], "a_turds_left": [5, 5, 5, 5, 5, 5, 5, 5, 5, 5, 5, 5, 5, 5, 5, 5, 5, 5, 5, 5, 5, 5, 5, 5, 5, 5, 5, 5, 5, 5, 5, 5, 5, 5, 5, 5, 5, 5, 5, 5, 5, 5, 5, 5, 5, 5, 5, 5, 5, 5, 5, 5, 5, 5, 5, 5, 5, 5, 5, 5, 5, 5, 5, 5, 5, 5, 5, 5, 5, 5, 5, 5, 5, 5, 5, 5, 5, 5, 5, 5], "b_turds_left": [5, 5, 5, 5, 5, 5, 5, 5, 5, 5, 5, 5, 5, 5, 5, 5, 5, 5, 5, 5, 5, 5, 5, 5, 5, 5, 5, 5, 5, 5, 5, 5, 5, 5, 5, 5, 5, 5, 5, 5, 5, 5, 5, 5, 5, 5, 5, 5, 5, 5, 5, 5, 5, 5, 5, 5, 5, 5, 5, 5, 5, 5, 5, 5, 5, 5, 5, 5, 5, 5, 5, 5, 5, 5, 5, 5, 5, 5, 5, 5], "a_time_left": [359.9983597090468, 359.9983597090468, 359.99743941705674, 359.99743941705674, 359.99615529202856, 359.99615529202856, 359.99536083301064, 359.99536083301064, 359.9929602500051, 359.9929602500051, 359.9917628329713, 359.9917628329713, 359.9881795410183, 359.9881795410183, 359.98789762402885, 359.98789762402885, 359.9877596660517, 359.9877596660517, 359.987628624076, 359.987628624076, 359.9874924161122, 359.9874924161122, 359.98735825013136, 359.98735825013136, 359.9872175841592, 359.9872175841592, 359.98708658415126, 359.98708658415126, 359.98697666818043, 359.98697666818043, 359.9866922511719, 359.9866922511719, 359.98659266816685, 359.98659266816685, 359.9864737521275, 359.9864737521275, 359.9863702521543, 359.9863702521543, 359.98627871018834, 359.98627871018834, 359.98589416820323, 359.98589416820323, 359.9855840431992, 359.9855840431992, 359.9853298351518, 359.9853298351518, 359.98505916813156, 359.98505916813156, 359.984725710121, 359.984725710121, 359.98441196011845, 359.98441196011845, 359.9840875851223, 359.9840875851223, 359.98380004410865, 359.98380004410865, 359.9835460031172, 359.9835460031172, 359.9833489191369, 359.9833489191369, 359.9830426691333, 359.9830426691333, 359.98277437814977, 359.98277437814977, 359.9824563781731, 359.9824563781731, 359.98218879516935, 359.98218879516935, 359.9819940031739, 359.9819940031739, 359.98177550319815, 359.98177550319815, 359.98159416916315, 359.98159416916315, 359.981354086136, 359.981354086136, 359.98108633613447, 359.98108633613447, 359.9808377951849, 359.9808377951849], "b_time_left": [360, 359.99557470798027, 359.99557470798027, 359.99403416598216, 359.99403416598216, 359.9906479999772, 359.9906479999772, 359.98986612498993, 359.98986612498993, 359.9870392080047, 359.9870392080047, 359.98579470801633, 359.98579470801633, 359.982400833047, 359.982400833047, 359.9820706670289, 359.9820706670289, 359.9819214170566, 359.9819214170566, 359.98180383304134, 359.98180383304134, 359.98168341605924, 359.98168341605924, 359.98156712407945, 359.98156712407945, 359.9814593330957, 359.9814593330957, 359.98132695810637, 359.98132695810637, 359.98115495807724, 359.98115495807724, 359.981022333086, 359.981022333086, 359.98093341704225, 359.98093341704225, 359.9808252080111, 359.9808252080111, 359.9807437499985, 359.9807437499985, 359.98046254197834, 359.98046254197834, 359.98019874992315, 359.98019874992315, 359.9799337499426, 359.9799337499426, 359.9796351249679, 359.9796351249679, 359.9793541249819, 359.9793541249819, 359.97904562496115, 359.97904562496115, 359.978763290972, 359.978763290972, 359.97850249893963, 359.97850249893963, 359.97820024890825, 359.97820024890825, 359.97805587388575, 359.97805587388575, 359.97779008187354, 359.97779008187354, 359.977544289839, 359.977544289839, 359.977263622859, 359.977263622859, 359.9770007888437, 359.9770007888437, 359.97662770579336, 359.97662770579336, 359.97651283076266, 359.97651283076266, 359.97626687277807, 359.97626687277807, 359.97617370577063, 359.97617370577063, 359.9759296227712, 359.9759296227712, 359.9756840397604, 359.9756840397604, 359.9754482487333], "a_moves_left": [39, 39, 38, 38, 37, 37, 36, 36, 35, 35, 34, 34, 33, 33, 32, 32, 31, 31, 30, 30, 29, 29, 28, 28, 27, 27, 26, 26, 25, 25, 24, 24, 23, 23, 22, 22, 21, 21, 20, 20, 19, 19, 18, 18, 17, 17, 16, 16, 15, 15, 14, 14, 13, 13, 12, 12, 11, 11, 10, 10, 9, 9, 8, 8, 7, 7, 6, 6, 5, 5, 4, 4, 3, 3, 2, 2, 1, 1, 0, 0], "b_moves_left": [40, 39, 39, 38, 38, 37, 37, 36, 36, 35, 35, 34, 34, 33, 33, 32, 32, 31, 31, 30, 30, 29, 29, 28, 28, 27, 27, 26, 26, 25, 25, 24, 24, 23, 23, 22, 22, 21, 21, 20, 20, 19, 19, 18, 18, 17, 17, 16, 16, 15, 15, 14, 14, 13, 13, 12, 12, 11, 11, 10, 10, 9, 9, 8, 8, 7, 7, 6, 6, 5, 5, 4, 4, 3, 3, 2, 2, 1, 1, 0], "trapdoor_triggered": [0, 0, 0, 0, 0, 0, 0, 0, 0, 0, 0, 0, 0, 0, 0, 0, 0, 0, 0, 0, 0, 0, 0, 0, 0, 0, 0, 0, 0, 0, 0, 0, 0, 0, 0, 0, 0, 0, 0, 0, 0, 0, 0, 0, 0, 0, 0, 0, 0, 0, 0, 0, 0, 0, 0, 0, 0, 0, 0, 0, 0, 0, 0, 0, 0, 0, 0, 0, 0, 0, 0, 0, 0, 0, 0, 0, 0, 0, 0, 0], "left_behind": ["egg", "egg", "plain", "plain", "egg", "egg", "plain", "plain", "egg", "egg", "plain", "plain", "egg", "egg", "plain", "plain", "egg", "egg", "plain", "plain", "egg", "egg", "plain", "plain", "egg", "plain", "plain", "plain", "egg", "egg", "plain", "plain", "egg", "egg", "plain", "plain", "plain", "plain", "plain", "plain", "egg", "plain", "plain", "plain", "plain", "egg", "plain", "plain", "egg", "egg", "plain", "plain", "egg", "plain", "plain", "plain", "plain", "egg", "plain", "plain", "plain", "plain", "plain", "plain", "egg", "egg", "plain", "plain", "egg", "egg", "plain", "plain", "egg", "egg", "plain", "plain", "egg", "egg", "plain", "plain"], "errlog_a": "", "errlog_b": "", "start_time": 360, "start_moves": 40, "turn_count": 80, "result": 0, "reason": "EGGS_LAID", "trapdoors": [[4, 4], [2, 3]], "spawn_a": [0, 4], "spawn_b": [7, 4]}