{"pos": [[1, 2], [6, 2], [1, 1], [6, 1], [0, 1], [7, 1], [0, 0], [7, 0], [1, 0], [6, 0], [2, 0], [5, 0], [2, 1], [5, 1], [3, 1], [4, 1], [3, 0], [4, 0], [3, 1], [4, 1], [3, 2], [4, 2], [2, 2], [5, 2], [2, 3], [5, 3], [1, 3], [6, 3], [0, 3], [7, 3], [0, 4], [7, 4], [1, 4], [6, 4], [1, 5], [6, 5], [0, 5], [7, 5], [0, 6], [7, 6], [1, 6], [6, 6], [2, 6], [5, 6], [2, 7], [5, 7], [3, 7], [4, 7], [3, 6], [4, 6], [3, 5], [4, 5], [2, 5], [5, 5], [3, 5], [5, 4], [3, 4], [4, 4], [3, 3], [3, 4], [2, 3], [4, 4], [3, 3], [3, 4], [3, 2], [4, 4], [4, 2], [5, 4], [3, 2], [5, 3], [4, 2], [5, 2], [3, 2], [5, 1], [2, 2], [6, 1], [2, 1], [6, 2], [1, 1], [6, 3]], "a_eggs_laid": [1, 1, 1, 1, 2, 2, 2, 2, 5, 5, 5, 5, 6, 6, 6, 6, 7, 7, 7, 7, 7, 7, 7, 7, 8, 8, 8, 8, 9, 9, 9, 9, 10, 10, 10, 10, 11, 11, 11, 11, 12, 12, 12, 12, 13, 13, 13, 13, 14, 14, 14, 14, 15, 15, 15, 15, 15, 15, 15, 15, 16, 16, 16, 16, 16, 16, 16, 16, 17, 17, 17, 17, 17, 17, 17, 17, 17, 17, 17, 17], "b_eggs_laid": [0, 1, 1, 1, 1, 2, 2, 2, 2, 5, 5, 5, 5, 6, 6, 6, 6, 7, 7, 7, 7, 7, 7, 7, 7, 8, 8, 8, 8, 9, 9, 9, 9, 10, 10, 10, 10, 11, 11, 11, 11, 12, 12, 12, 12, 13, 13, 13, 13, 14, 14, 14, 14, 15, 15, 15, 15, 16, 16, 16, 16, 17, 17, 17, 17, 17, 17, 17, 17, 17, 17, 17, 17, 17, 17, 17, 17, 17, 17, 17], "a_turds_left": [5, 5, 5, 5, 5, 5, 5, 5, 5, 5, 5, 5, 5, 5, 5, 5, 5, 5, 5, 5, 5, 5, 5, 5, 5, 5, 5, 5, 5, 5, 5, 5, 5, 5, 5, 5, 5, 5, 5, 5, 5, 5, 5, 5, 5, 5, 5, 5, 5, 5, 5, 5, 5, 5, 5, 5, 5, 5, 5, 5, 5, 5, 5, 5, 5, 5, 5, 5, 5, 5, 5, 5, 5, 5, 5, 5, 5, 5, 5, 5], "b_turds_left": [5, 5, 5, 5, 5, 5, 5, 5, 5, 5, 5, 5, 5, 5, 5, 5, 5, 5, 5, 5, 5, 5, 5, 5, 5, 5, 5, 5, 5, 5, 5, 5, 5, 5, 5, 5, 5, 5, 5, 5, 5, 5, 5, 5, 5, 5, 5, 5, 5, 5, 5, 5, 5, 5, 5, 5, 5, 5, 5, 5, 5, 5, 5, 5, 5, 5, 5, 5, 5, 5, 5, 5, 5, 5, 5, 5, 5, 5, 5, 5], "a_time_left": [359.9961812919937, 359.9961812919937, 359.99496662500314, 359.99496662500314, 359.98154750000685, 359.98154750000685, 359.9812277079909, 359.9812277079909, 359.9795494580176, 359.9795494580176, 359.97876554203685, 359.97876554203685, 359.9763381250086, 359.9763381250086, 359.97600612498354, 359.97600612498354, 359.9756944589899, 359.9756944589899, 359.9754447089508, 359.9754447089508, 359.97516233392525, 359.97516233392525, 359.9748977929121, 359.9748977929121, 359.97451941791223, 359.97451941791223, 359.9743931259145, 359.9743931259145, 359.97405487590004, 359.97405487590004, 359.9737683349522, 359.9737683349522, 359.9736356259673, 359.9736356259673, 359.9735164169688, 359.9735164169688, 359.9733774169581, 359.9733774169581, 359.9732768340036, 359.9732768340036, 359.97316025104374, 359.97316025104374, 359.9730517510325, 359.9730517510325, 359.97292079305043, 359.97292079305043, 359.972814793, 359.972814793, 359.97272058494855, 359.97272058494855, 359.97262675192906, 359.97262675192906, 359.9725195429055, 359.9725195429055, 359.9724061258603, 359.9724061258603, 359.97204358380986, 359.97204358380986, 359.97178479179274, 359.97178479179274, 359.9715187497786, 359.9715187497786, 359.9712272908073, 359.9712272908073, 359.9711112488294, 359.9711112488294, 359.97084895783337, 359.97084895783337, 359.9706240828382, 359.9706240828382, 359.9703727498418, 359.9703727498418, 359.9701879158383, 359.9701879158383, 359.97008349985117, 359.97008349985117, 359.9698559578974, 359.9698559578974, 359.96961408288917, 359.96961408288917], "b_time_left": [360, 359.9964821670437, 359.9964821670437, 359.9945917080622, 359.9945917080622, 359.9834666660754, 359.9834666660754, 359.98266845807666, 359.98266845807666, 359.9809730410925, 359.9809730410925, 359.9801626660628, 359.9801626660628, 359.9776172490674, 359.9776172490674, 359.97747012402397, 359.97747012402397, 359.9773257910274, 359.9773257910274, 359.977069916029, 359.977069916029, 359.9768155820202, 359.9768155820202, 359.9765189149766, 359.9765189149766, 359.97617266501766, 359.97617266501766, 359.97557379002683, 359.97557379002683, 359.9752142900252, 359.9752142900252, 359.9750581230619, 359.9750581230619, 359.974941748078, 359.974941748078, 359.97483287309296, 359.97483287309296, 359.9746966640814, 359.9746966640814, 359.974595206033, 359.974595206033, 359.97448491404066, 359.97448491404066, 359.9743733310024, 359.9743733310024, 359.97424887202214, 359.97424887202214, 359.9741467470303, 359.9741467470303, 359.97403924702667, 359.97403924702667, 359.9739340390661, 359.9739340390661, 359.9738160390407, 359.9738160390407, 359.97352303902153, 359.97352303902153, 359.97318278905004, 359.97318278905004, 359.9728857060545, 359.9728857060545, 359.9726356230094, 359.9726356230094, 359.97235645598266, 359.97235645598266, 359.97215378901456, 359.97215378901456, 359.97188358101994, 359.97188358101994, 359.9716085810214, 359.9716085810214, 359.9713521640515, 359.9713521640515, 359.97113649809035, 359.97113649809035, 359.9708848731243, 359.9708848731243, 359.970648664108, 359.970648664108, 359.9705346641131], "a_moves_left": [39, 39, 38, 38, 37, 37, 36, 36, 35, 35, 34, 34, 33, 33, 32, 32, 31, 31, 30, 30, 29, 29, 28, 28, 27, 27, 26, 26, 25, 25, 24, 24, 23, 23, 22, 22, 21, 21, 20, 20, 19, 19, 18, 18, 17, 17, 16, 16, 15, 15, 14, 14, 13, 13, 12, 12, 11, 11, 10, 10, 9, 9, 8, 8, 7, 7, 6, 6, 5, 5, 4, 4, 3, 3, 2, 2, 1, 1, 0, 0], "b_moves_left": [40, 39, 39, 38, 38, 37, 37, 36, 36, 35, 35, 34, 34, 33, 33, 32, 32, 31, 31, 30, 30, 29, 29, 28, 28, 27, 27, 26, 26, 25, 25, 24, 24, 23, 23, 22, 22, 21, 21, 20, 20, 19, 19, 18, 18, 17, 17, 16, 16, 15, 15, 14, 14, 13, 13, 12, 12, 11, 11, 10, 10, 9, 9, 8, 8, 7, 7, 6, 6, 5, 5, 4, 4, 3, 3, 2, 2, 1, 1, 0], "trapdoor_triggered": [0, 0, 0, 0, 0, 0, 0, 0, 0, 0, 0, 0, 0, 0, 0, 0, 0, 0, 0, 0, 0, 0, 0, 0, 0, 0, 0, 0, 0, 0, 0, 0, 0, 0, 0, 0, 0, 0, 0, 0, 0, 0, 0, 0, 0, 0, 0, 0, 0, 0, 0, 0, 0, 0, 0, 0, 0, 0, 0, 0, 0, 0, 0, 0, 0, 0, 0, 0, 0, 0, 0, 0, 0, 0, 0, 0, 0, 0, 0, 0], "left_behind": ["egg", "egg", "plain", "plain", "egg", "egg", "plain", "plain", "egg", "egg", "plain", "plain", "egg", "egg", "plain", "plain", "egg", "egg", "plain", "plain", "plain", "plain", "plain", "plain", "egg", "egg", "plain", "plain", "egg", "egg", "plain", "plain", "egg", "egg", "plain", "plain", "egg", "egg", "plain", "plain", "egg", "egg", "plain", "plain", "egg", "egg", "plain", "plain", "egg", "egg", "plain", "plain", "egg", "egg", "plain", "plain", "plain", "egg", "plain", "plain", "egg", "egg", "plain", "plain", "plain", "plain", "plain", "plain", "egg", "plain", "plain", "plain", "plain", "plain", "plain", "plain", "plain", "plain", "plain", "plain"], "errlog_a": "", "errlog_b": "", "start_time": 360, "start_moves": 40, "turn_count": 80, "result": 2, "reason": "EGGS_LAID", "trapdoors": [[2, 4], [4, 3]], "spawn_a": [0, 2], "spawn_b": [7, 2]}