{"pos": [[6, 3], [1, 3], [6, 2], [1, 2], [7, 2], [0, 2], [7, 1], [0, 1], [6, 1], [1, 1], [5, 1], [2, 1], [5, 0], [2, 0], [4, 0], [3, 0], [4, 1], [3, 1], [4, 2], [4, 1], [5, 2], [3, 1], [5, 3], [3, 2], [4, 3], [2, 2], [4, 2], [3, 2], [4, 3], [3, 3], [5, 3], [2, 3], [6, 3], [2, 2], [6, 4], [2, 1], [6, 5], [1, 1], [6, 6], [1, 0], [5, 6], [0, 0], [4, 6], [1, 0], [3, 6], [2, 0], [3, 5], [3, 0], [2, 5], [3, 1], [2, 4], [4, 1], [1, 4], [3, 1], [1, 3], [3, 2], [1, 4], [3, 3], [1, 5], [2, 3], [1, 6], [2, 2], [2, 6], [1, 2], [2, 7], [0, 2], [3, 7], [0, 1], [4, 7], [0, 0], [5, 7], [1, 0], [6, 7], [1, 1], [7, 7], [2, 1], [7, 6], [2, 0], [7, 5], [3, 0]], "a_eggs_laid": [1, 1, 1, 1, 2, 2, 2, 2, 3, 3, 3, 3, 4, 4, 4, 4, 5, 5, 5, 5, 6, 6, 6, 6, 7, 7, 7, 7, 7, 7, 7, 7, 7, 7, 7, 7, 8, 8, 8, 8, 9, 9, 9, 9, 10, 10, 10, 10, 11, 11, 11, 11, 12, 12, 12, 12, 13, 13, 13, 13, 14, 14, 14, 14, 15, 15, 15, 15, 16, 16, 16, 16, 17, 17, 17, 17, 20, 20, 20, 20], "b_eggs_laid": [0, 1, 1, 1, 1, 2, 2, 2, 2, 3, 3, 3, 3, 4, 4, 4, 4, 5, 5, 5, 5, 6, 6, 6, 6, 7, 7, 7, 7, 7, 7, 7, 7, 8, 8, 8, 8, 8, 8, 8, 8, 9, 9, 9, 9, 9, 9, 9, 9, 9, 9, 9, 9, 9, 9, 9, 9, 9, 9, 9, 9, 9, 9, 9, 9, 9, 9, 9, 9, 9, 9, 9, 9, 9, 9, 9, 9, 9, 9, 9], "a_turds_left": [5, 5, 5, 5, 5, 5, 5, 5, 5, 5, 5, 5, 5, 5, 5, 5, 5, 5, 5, 5, 5, 5, 5, 5, 5, 5, 5, 5, 5, 5, 5, 5, 5, 5, 5, 5, 5, 5, 5, 5, 5, 5, 5, 5, 5, 5, 5, 5, 5, 5, 5, 5, 5, 5, 5, 5, 5, 5, 5, 5, 5, 5, 5, 5, 5, 5, 5, 5, 5, 5, 5, 5, 5, 5, 5, 5, 5, 5, 5, 5], "b_turds_left": [5, 5, 5, 5, 5, 5, 5, 5, 5, 5, 5, 5, 5, 5, 5, 5, 5, 5, 5, 5, 5, 5, 5, 5, 5, 5, 5, 5, 5, 5, 5, 5, 5, 5, 5, 5, 5, 5, 5, 5, 5, 5, 5, 5, 5, 5, 5, 5, 5, 5, 5, 5, 5, 5, 5, 5, 5, 5, 5, 5, 5, 5, 5, 5, 5, 5, 5, 5, 5, 5, 5, 5, 5, 5, 5, 5, 5, 5, 5, 5], "a_time_left": [359.9983876249753, 359.9983876249753, 359.9974553329521, 359.9974553329521, 359.9942494999268, 359.9942494999268, 359.99345970893046, 359.99345970893046, 359.9925185839529, 359.9925185839529, 359.9911115419818, 359.9911115419818, 359.9894040420186, 359.9894040420186, 359.98909491702216, 359.98909491702216, 359.9889723759843, 359.9889723759843, 359.9888565429719, 359.9888565429719, 359.9887087929528, 359.9887087929528, 359.98856512695784, 359.98856512695784, 359.9884143349482, 359.9884143349482, 359.98828954290366, 359.98828954290366, 359.98820462590083, 359.98820462590083, 359.9881032098783, 359.9881032098783, 359.9879908768926, 359.9879908768926, 359.98785975191277, 359.98785975191277, 359.9877202518983, 359.9877202518983, 359.9876231268863, 359.9876231268863, 359.98748216888634, 359.98748216888634, 359.98720920988126, 359.98720920988126, 359.986923376855, 359.986923376855, 359.9866630018223, 359.9866630018223, 359.9863510018331, 359.9863510018331, 359.9860942098312, 359.9860942098312, 359.9858099598787, 359.9858099598787, 359.98553950188216, 359.98553950188216, 359.9853367519099, 359.9853367519099, 359.9850795849343, 359.9850795849343, 359.9847474179114, 359.9847474179114, 359.9844810849172, 359.9844810849172, 359.98393925093114, 359.98393925093114, 359.9837092089583, 359.9837092089583, 359.9833969589672, 359.9833969589672, 359.98317412496544, 359.98317412496544, 359.9829169169534, 359.9829169169534, 359.9826912499848, 359.9826912499848, 359.9824674159754, 359.9824674159754, 359.98223224893445, 359.98223224893445], "b_time_left": [360, 359.9963067089557, 359.9963067089557, 359.9944238339085, 359.9944238339085, 359.99045258393744, 359.99045258393744, 359.9896515008877, 359.9896515008877, 359.9867282928899, 359.9867282928899, 359.9853042518953, 359.9853042518953, 359.98216458485695, 359.98216458485695, 359.98186741786776, 359.98186741786776, 359.98171866784105, 359.98171866784105, 359.9815695848083, 359.9815695848083, 359.9814427518286, 359.9814427518286, 359.9813064187765, 359.9813064187765, 359.9811692517833, 359.9811692517833, 359.9810515017598, 359.9810515017598, 359.9809448767919, 359.9809448767919, 359.98082162678475, 359.98082162678475, 359.9806794177857, 359.9806794177857, 359.9805685848114, 359.9805685848114, 359.9804655428161, 359.9804655428161, 359.9571286268183, 359.9571286268183, 359.9569950848236, 359.9569950848236, 359.9567682938068, 359.9567682938068, 359.95652120985324, 359.95652120985324, 359.9562520428444, 359.9562520428444, 359.95600275084144, 359.95600275084144, 359.95571566780563, 359.95571566780563, 359.9554852088331, 359.9554852088331, 359.9551705837948, 359.9551705837948, 359.95485724980244, 359.95485724980244, 359.95473195880186, 359.95473195880186, 359.9545042917598, 359.9545042917598, 359.9542246667552, 359.9542246667552, 359.95396554173203, 359.95396554173203, 359.9537178747123, 359.9537178747123, 359.95347874972504, 359.95347874972504, 359.95324899972184, 359.95324899972184, 359.95300870767096, 359.95300870767096, 359.95289074868197, 359.95289074868197, 359.9526002907078, 359.9526002907078, 359.95249454071745], "a_moves_left": [39, 39, 38, 38, 37, 37, 36, 36, 35, 35, 34, 34, 33, 33, 32, 32, 31, 31, 30, 30, 29, 29, 28, 28, 27, 27, 26, 26, 25, 25, 24, 24, 23, 23, 22, 22, 21, 21, 20, 20, 19, 19, 18, 18, 17, 17, 16, 16, 15, 15, 14, 14, 13, 13, 12, 12, 11, 11, 10, 10, 9, 9, 8, 8, 7, 7, 6, 6, 5, 5, 4, 4, 3, 3, 2, 2, 1, 1, 0, 0], "b_moves_left": [40, 39, 39, 38, 38, 37, 37, 36, 36, 35, 35, 34, 34, 33, 33, 32, 32, 31, 31, 30, 30, 29, 29, 28, 28, 27, 27, 26, 26, 25, 25, 24, 24, 23, 23, 22, 22, 21, 21, 20, 20, 19, 19, 18, 18, 17, 17, 16, 16, 15, 15, 14, 14, 13, 13, 12, 12, 11, 11, 10, 10, 9, 9, 8, 8, 7, 7, 6, 6, 5, 5, 4, 4, 3, 3, 2, 2, 1, 1, 0], "trapdoor_triggered": [0, 0, 0, 0, 0, 0, 0, 0, 0, 0, 0, 0, 0, 0, 0, 0, 0, 0, 0, 0, 0, 0, 0, 0, 0, 0, 0, 0, 0, 0, 0, 0, 0, 0, 0, 0, 0, 0, 0, 0, 0, 0, 0, 0, 0, 0, 0, 0, 0, 0, 0, 0, 0, 0, 0, 0, 0, 0, 0, 0, 0, 0, 0, 0, 0, 0, 0, 0, 0, 0, 0, 0, 0, 0, 0, 0, 0, 0, 0, 0], "left_behind": ["egg", "egg", "plain", "plain", "egg", "egg", "plain", "plain", "egg", "egg", "plain", "plain", "egg", "egg", "plain", "plain", "egg", "egg", "plain", "plain", "egg", "egg", "plain", "plain", "egg", "egg", "plain", "plain", "plain", "plain", "plain", "plain", "plain", "egg", "plain", "plain", "egg", "plain", "plain", "plain", "egg", "egg", "plain", "plain", "egg", "plain", "plain", "plain", "egg", "plain", "plain", "plain", "egg", "plain", "plain", "plain", "egg", "plain", "plain", "plain", "egg", "plain", "plain", "plain", "egg", "plain", "plain", "plain", "egg", "plain", "plain", "plain", "egg", "plain", "plain", "plain", "egg", "plain", "plain", "plain"], "errlog_a": "", "errlog_b": "", "start_time": 360, "start_moves": 40, "turn_count": 80, "result": 0, "reason": "EGGS_LAID", "trapdoors": [[5, 5], [3, 4]], "spawn_a": [7, 3], "spawn_b": [0, 3]}