{"pos": [[6, 3], [1, 3], [6, 2], [1, 2], [7, 2], [0, 2], [7, 1], [0, 1], [6, 1], [1, 1], [6, 0], [2, 1], [7, 0], [2, 0], [6, 0], [3, 0], [5, 0], [3, 1], [5, 1], [4, 1], [5, 2], [4, 0], [5, 1], [5, 0], [6, 1], [4, 0], [6, 2], [4, 1], [5, 2], [4, 2], [5, 3], [3, 2], [6, 3], [2, 2], [6, 4], [2, 3], [7, 4], [1, 3], [7, 5], [1, 4], [6, 5], [1, 5], [6, 6], [2, 5], [7, 6], [3, 5], [7, 7], [4, 5], [6, 7], [5, 5], [5, 7], [5, 6], [4, 7], [4, 6], [3, 7], [3, 6], [2, 7], [2, 6], [1, 7], [1, 6], [0, 7], [0, 6], [1, 7], [0, 7], [2, 7], [0, 6], [2, 6], [0, 5], [2, 7], [0, 4], [2, 6], [1, 4], [2, 7], [2, 4], [3, 7], [2, 5], [4, 7], [3, 5], [4, 6], [4, 5]], "a_eggs_laid": [1, 1, 1, 1, 2, 2, 2, 2, 3, 3, 3, 3, 4, 4, 4, 4, 4, 4, 4, 4, 5, 5, 5, 5, 5, 5, 5, 5, 5, 5, 5, 5, 6, 6, 6, 6, 7, 7, 7, 7, 8, 8, 8, 8, 9, 9, 9, 9, 12, 12, 12, 12, 13, 13, 13, 13, 14, 14, 14, 14, 15, 15, 15, 15, 15, 15, 15, 15, 16, 16, 16, 16, 16, 16, 16, 16, 16, 16, 16, 16], "b_eggs_laid": [0, 1, 1, 1, 1, 2, 2, 2, 2, 3, 3, 3, 3, 4, 4, 4, 4, 5, 5, 5, 5, 6, 6, 6, 6, 7, 7, 7, 7, 7, 7, 7, 7, 8, 8, 8, 8, 9, 9, 9, 9, 10, 10, 10, 10, 11, 11, 11, 11, 12, 12, 12, 12, 13, 13, 13, 13, 14, 14, 14, 14, 15, 15, 15, 15, 18, 18, 18, 18, 19, 19, 19, 19, 19, 19, 19, 19, 19, 19, 19], "a_turds_left": [5, 5, 5, 5, 5, 5, 5, 5, 5, 5, 5, 5, 5, 5, 5, 5, 5, 5, 5, 5, 5, 5, 5, 5, 5, 5, 5, 5, 5, 5, 5, 5, 5, 5, 5, 5, 5, 5, 5, 5, 5, 5, 5, 5, 5, 5, 5, 5, 5, 5, 5, 5, 5, 5, 5, 5, 5, 5, 5, 5, 5, 5, 5, 5, 5, 5, 5, 5, 5, 5, 5, 5, 5, 5, 5, 5, 5, 5, 5, 5], "b_turds_left": [5, 5, 5, 5, 5, 5, 5, 5, 5, 5, 5, 5, 5, 5, 5, 5, 5, 5, 5, 5, 5, 5, 5, 5, 5, 5, 5, 5, 5, 5, 5, 5, 5, 5, 5, 5, 5, 5, 5, 5, 5, 5, 5, 5, 5, 5, 5, 5, 5, 5, 5, 5, 5, 5, 5, 5, 5, 5, 5, 5, 5, 5, 5, 5, 5, 5, 5, 5, 5, 5, 5, 5, 5, 5, 5, 5, 5, 5, 5, 5], "a_time_left": [359.9962454169872, 359.9962454169872, 359.99439954198897, 359.99439954198897, 359.99028195795836, 359.99028195795836, 359.98951387399575, 359.98951387399575, 359.9763060399564, 359.9763060399564, 359.97579449793557, 359.97579449793557, 359.9733674149029, 359.9733674149029, 359.97312741487985, 359.97312741487985, 359.97287878987845, 359.97287878987845, 359.972710830858, 359.972710830858, 359.97243945585797, 359.97243945585797, 359.9721420388669, 359.9721420388669, 359.97204599686665, 359.97204599686665, 359.97175607987447, 359.97175607987447, 359.97148374584503, 359.97148374584503, 359.9712289128802, 359.9712289128802, 359.9708499548724, 359.9708499548724, 359.97053782991134, 359.97053782991134, 359.9702133719111, 359.9702133719111, 359.96995349694043, 359.96995349694043, 359.9698215389508, 359.9698215389508, 359.9695320389583, 359.9695320389583, 359.96919320494635, 359.96919320494635, 359.9690824969439, 359.9690824969439, 359.9689723299234, 359.9689723299234, 359.968855037936, 359.968855037936, 359.9687582459301, 359.9687582459301, 359.9686624549213, 359.9686624549213, 359.9685604959377, 359.9685604959377, 359.9684726629057, 359.9684726629057, 359.9682228299207, 359.9682228299207, 359.9680121628917, 359.9680121628917, 359.96780074585695, 359.96780074585695, 359.96755382890115, 359.96755382890115, 359.96733961987775, 359.96733961987775, 359.9670947038685, 359.9670947038685, 359.96688886987977, 359.96688886987977, 359.96660636988236, 359.96660636988236, 359.96637536992785, 359.96637536992785, 359.96610428689746, 359.96610428689746], "b_time_left": [360, 359.99679695803206, 359.99679695803206, 359.9950006660656, 359.9950006660656, 359.9917901660665, 359.9917901660665, 359.9910288740648, 359.9910288740648, 359.9844609160791, 359.9844609160791, 359.9839629160706, 359.9839629160706, 359.98084587510675, 359.98084587510675, 359.98054675012827, 359.98054675012827, 359.98018991714343, 359.98018991714343, 359.9797310421709, 359.9797310421709, 359.9794069591444, 359.9794069591444, 359.9791071671061, 359.9791071671061, 359.97884629212786, 359.97884629212786, 359.9787209171336, 359.9787209171336, 359.97845429211156, 359.97845429211156, 359.9781255010748, 359.9781255010748, 359.9777522930526, 359.9777522930526, 359.9774616260547, 359.9774616260547, 359.9771285840543, 359.9771285840543, 359.9768705010647, 359.9768705010647, 359.9765846260707, 359.9765846260707, 359.9763413760811, 359.9763413760811, 359.9762112510507, 359.9762112510507, 359.9761095010326, 359.9761095010326, 359.97599608503515, 359.97599608503515, 359.97589866805356, 359.97589866805356, 359.9758122510393, 359.9758122510393, 359.97571925108787, 359.97571925108787, 359.9756141260732, 359.9756141260732, 359.97551658411976, 359.97551658411976, 359.9751449181349, 359.9751449181349, 359.97491141816135, 359.97491141816135, 359.97474475117633, 359.97474475117633, 359.9745438761893, 359.9745438761893, 359.9743072091951, 359.9743072091951, 359.97395783418324, 359.97395783418324, 359.97368237614864, 359.97368237614864, 359.97343350114534, 359.97343350114534, 359.97322195913875, 359.97322195913875, 359.97296458412893], "a_moves_left": [39, 39, 38, 38, 37, 37, 36, 36, 35, 35, 34, 34, 33, 33, 32, 32, 31, 31, 30, 30, 29, 29, 28, 28, 27, 27, 26, 26, 25, 25, 24, 24, 23, 23, 22, 22, 21, 21, 20, 20, 19, 19, 18, 18, 17, 17, 16, 16, 15, 15, 14, 14, 13, 13, 12, 12, 11, 11, 10, 10, 9, 9, 8, 8, 7, 7, 6, 6, 5, 5, 4, 4, 3, 3, 2, 2, 1, 1, 0, 0], "b_moves_left": [40, 39, 39, 38, 38, 37, 37, 36, 36, 35, 35, 34, 34, 33, 33, 32, 32, 31, 31, 30, 30, 29, 29, 28, 28, 27, 27, 26, 26, 25, 25, 24, 24, 23, 23, 22, 22, 21, 21, 20, 20, 19, 19, 18, 18, 17, 17, 16, 16, 15, 15, 14, 14, 13, 13, 12, 12, 11, 11, 10, 10, 9, 9, 8, 8, 7, 7, 6, 6, 5, 5, 4, 4, 3, 3, 2, 2, 1, 1, 0], "trapdoor_triggered": [0, 0, 0, 0, 0, 0, 0, 0, 0, 0, 0, 0, 0, 0, 0, 0, 0, 0, 0, 0, 0, 0, 0, 0, 0, 0, 0, 0, 0, 0, 0, 0, 0, 0, 0, 0, 0, 0, 0, 0, 0, 0, 0, 0, 0, 0, 0, 0, 0, 0, 0, 0, 0, 0, 0, 0, 0, 0, 0, 0, 0, 0, 0, 0, 0, 0, 0, 0, 0, 0, 0, 0, 0, 0, 0, 0, 0, 0, 0, 0], "left_behind": ["egg", "egg", "plain", "plain", "egg", "egg", "plain", "plain", "egg", "egg", "plain", "plain", "egg", "egg", "plain", "plain", "plain", "egg", "plain", "plain", "egg", "egg", "plain", "plain", "plain", "egg", "plain", "plain", "plain", "plain", "plain", "plain", "egg", "egg", "plain", "plain", "egg", "egg", "plain", "plain", "egg", "egg", "plain", "plain", "egg", "egg", "plain", "plain", "egg", "egg", "plain", "plain", "egg", "egg", "plain", "plain", "egg", "egg", "plain", "plain", "egg", "egg", "plain", "plain", "plain", "egg", "plain", "plain", "egg", "egg", "plain", "plain", "plain", "plain", "plain", "plain", "plain", "plain", "plain", "plain"], "errlog_a": "", "errlog_b": "", "start_time": 360, "start_moves": 40, "turn_count": 80, "result": 1, "reason": "EGGS_LAID", "trapdoors": [[4, 4], [3, 4]], "spawn_a": [7, 3], "spawn_b": [0, 3]}