{"pos": [[6, 1], [1, 1], [5, 1], [2, 1], [5, 0], [2, 0], [4, 0], [3, 0], [4, 1], [3, 1], [4, 2], [4, 1], [5, 2], [3, 1], [6, 2], [3, 2], [6, 3], [2, 2], [7, 3], [1, 2], [7, 2], [0, 2], [6, 2], [0, 3], [6, 1], [1, 3], [6, 0], [1, 4], [7, 0], [0, 4], [7, 1], [0, 5], [7, 0], [1, 5], [6, 0], [1, 6], [5, 0], [0, 6], [5, 1], [0, 7], [5, 2], [1, 7], [5, 3], [2, 7], [5, 4], [2, 6], [6, 4], [3, 6], [6, 5], [3, 7], [6, 6], [4, 7], [5, 6], [4, 6], [5, 7], [5, 6], [6, 7], [4, 6], [7, 7], [4, 5], [7, 6], [4, 6], [7, 5], [5, 6], [7, 4], [5, 5], [6, 4], [6, 5], [6, 3], [5, 5], [5, 3], [5, 4], [5, 2], [5, 5], [4, 2], [4, 5], [5, 2], [3, 5], [5, 3], [2, 5]], "a_eggs_laid": [1, 1, 1, 1, 2, 2, 2, 2, 3, 3, 3, 3, 4, 4, 4, 4, 5, 5, 5, 5, 6, 6, 6, 6, 6, 6, 6, 6, 7, 7, 7, 7, 7, 7, 7, 7, 7, 7, 7, 7, 7, 7, 7, 7, 8, 8, 8, 8, 9, 9, 9, 9, 10, 10, 10, 10, 11, 11, 11, 11, 14, 14, 14, 14, 15, 15, 15, 15, 15, 15, 15, 15, 15, 15, 15, 15, 15, 15, 15, 15], "b_eggs_laid": [0, 1, 1, 1, 1, 2, 2, 2, 2, 3, 3, 3, 3, 4, 4, 4, 4, 5, 5, 5, 5, 6, 6, 6, 6, 7, 7, 7, 7, 8, 8, 8, 8, 9, 9, 9, 9, 10, 10, 10, 10, 13, 13, 13, 13, 14, 14, 14, 14, 15, 15, 15, 15, 16, 16, 16, 16, 17, 17, 17, 17, 18, 18, 18, 18, 18, 18, 18, 18, 19, 19, 19, 19, 20, 20, 20, 20, 20, 20, 20], "a_turds_left": [5, 5, 5, 5, 5, 5, 5, 5, 5, 5, 5, 5, 5, 5, 5, 5, 5, 5, 5, 5, 5, 5, 5, 5, 5, 5, 5, 5, 5, 5, 5, 5, 5, 5, 5, 5, 5, 5, 5, 5, 5, 5, 5, 5, 5, 5, 5, 5, 5, 5, 5, 5, 5, 5, 5, 5, 5, 5, 5, 5, 5, 5, 5, 5, 5, 5, 5, 5, 5, 5, 5, 5, 5, 5, 5, 5, 5, 5, 5, 5], "b_turds_left": [5, 5, 5, 5, 5, 5, 5, 5, 5, 5, 5, 5, 5, 5, 5, 5, 5, 5, 5, 5, 5, 5, 5, 5, 5, 5, 5, 5, 5, 5, 5, 5, 5, 5, 5, 5, 5, 5, 5, 5, 5, 5, 5, 5, 5, 5, 5, 5, 5, 5, 5, 5, 5, 5, 5, 5, 5, 5, 5, 5, 5, 5, 5, 5, 5, 5, 5, 5, 5, 5, 5, 5, 5, 5, 5, 5, 5, 5, 5, 5], "a_time_left": [359.9963737499784, 359.9963737499784, 359.99460974993417, 359.99460974993417, 359.99141641688766, 359.99141641688766, 359.9901630838867, 359.9901630838867, 359.988778250874, 359.988778250874, 359.9882710008533, 359.9882710008533, 359.98755829187576, 359.98755829187576, 359.987279124849, 359.987279124849, 359.98696891689906, 359.98696891689906, 359.9866169168963, 359.9866169168963, 359.9865067079081, 359.9865067079081, 359.9864034578786, 359.9864034578786, 359.98630658286856, 359.98630658286856, 359.98620249988744, 359.98620249988744, 359.98608033388155, 359.98608033388155, 359.9860031249118, 359.9860031249118, 359.9859170829295, 359.9859170829295, 359.98582454095595, 359.98582454095595, 359.98574016598286, 359.98574016598286, 359.9856546240044, 359.9856546240044, 359.9855687079835, 359.9855687079835, 359.98546658299165, 359.98546658299165, 359.9853537500021, 359.9853537500021, 359.9852415409987, 359.9852415409987, 359.98513649898814, 359.98513649898814, 359.98505283298437, 359.98505283298437, 359.9849533329834, 359.9849533329834, 359.98489033296937, 359.98489033296937, 359.984828790999, 359.984828790999, 359.98475662397686, 359.98475662397686, 359.984683498973, 359.984683498973, 359.98460616596276, 359.98460616596276, 359.98452249896945, 359.98452249896945, 359.98445179098053, 359.98445179098053, 359.98438458296005, 359.98438458296005, 359.98430183297023, 359.98430183297023, 359.9842364579672, 359.9842364579672, 359.98415895795915, 359.98415895795915, 359.98409412399633, 359.98409412399633, 359.98401116597233, 359.98401116597233], "b_time_left": [360, 359.99625783402007, 359.99625783402007, 359.9944883339922, 359.9944883339922, 359.99127558397595, 359.99127558397595, 359.9900258339476, 359.9900258339476, 359.98824899992906, 359.98824899992906, 359.98693170788465, 359.98693170788465, 359.98591691587353, 359.98591691587353, 359.98510779085336, 359.98510779085336, 359.98479674884584, 359.98479674884584, 359.9846642068005, 359.9846642068005, 359.9845260817674, 359.9845260817674, 359.98442399775377, 359.98442399775377, 359.98431045672623, 359.98431045672623, 359.9841792486841, 359.9841792486841, 359.9840421656845, 359.9840421656845, 359.9839333737036, 359.9839333737036, 359.9838130826829, 359.9838130826829, 359.98369570763316, 359.98369570763316, 359.9835695406655, 359.9835695406655, 359.9834578736918, 359.9834578736918, 359.9833485406707, 359.9833485406707, 359.9832488326938, 359.9832488326938, 359.9831249996787, 359.9831249996787, 359.98301916668424, 359.98301916668424, 359.98288912471617, 359.98288912471617, 359.98278533271514, 359.98278533271514, 359.9826689987676, 359.9826689987676, 359.9825515827397, 359.9825515827397, 359.9824426667765, 359.9824426667765, 359.9823310417705, 359.9823310417705, 359.9822211667779, 359.9822211667779, 359.98210387578, 359.98210387578, 359.9820320837898, 359.9820320837898, 359.98193320882274, 359.98193320882274, 359.9818538338295, 359.9818538338295, 359.98175083386013, 359.98175083386013, 359.98165954183787, 359.98165954183787, 359.98155574983684, 359.98155574983684, 359.9814644998405, 359.9814644998405, 359.9813607908436], "a_moves_left": [39, 39, 38, 38, 37, 37, 36, 36, 35, 35, 34, 34, 33, 33, 32, 32, 31, 31, 30, 30, 29, 29, 28, 28, 27, 27, 26, 26, 25, 25, 24, 24, 23, 23, 22, 22, 21, 21, 20, 20, 19, 19, 18, 18, 17, 17, 16, 16, 15, 15, 14, 14, 13, 13, 12, 12, 11, 11, 10, 10, 9, 9, 8, 8, 7, 7, 6, 6, 5, 5, 4, 4, 3, 3, 2, 2, 1, 1, 0, 0], "b_moves_left": [40, 39, 39, 38, 38, 37, 37, 36, 36, 35, 35, 34, 34, 33, 33, 32, 32, 31, 31, 30, 30, 29, 29, 28, 28, 27, 27, 26, 26, 25, 25, 24, 24, 23, 23, 22, 22, 21, 21, 20, 20, 19, 19, 18, 18, 17, 17, 16, 16, 15, 15, 14, 14, 13, 13, 12, 12, 11, 11, 10, 10, 9, 9, 8, 8, 7, 7, 6, 6, 5, 5, 4, 4, 3, 3, 2, 2, 1, 1, 0], "trapdoor_triggered": [0, 0, 0, 0, 0, 0, 0, 0, 0, 0, 0, 0, 0, 0, 0, 0, 0, 0, 0, 0, 0, 0, 0, 0, 0, 0, 0, 0, 0, 0, 0, 0, 0, 0, 0, 0, 0, 0, 0, 0, 0, 0, 0, 0, 0, 0, 0, 0, 0, 0, 0, 0, 0, 0, 0, 0, 0, 0, 0, 0, 0, 0, 0, 0, 0, 0, 0, 0, 0, 0, 0, 0, 0, 0, 0, 0, 0, 0, 0, 0], "left_behind": ["egg", "egg", "plain", "plain", "egg", "egg", "plain", "plain", "egg", "egg", "plain", "plain", "egg", "egg", "plain", "plain", "egg", "egg", "plain", "plain", "egg", "egg", "plain", "plain", "plain", "egg", "plain", "plain", "egg", "egg", "plain", "plain", "plain", "egg", "plain", "plain", "plain", "egg", "plain", "plain", "plain", "egg", "plain", "plain", "egg", "egg", "plain", "plain", "egg", "egg", "plain", "plain", "egg", "egg", "plain", "plain", "egg", "egg", "plain", "plain", "egg", "egg", "plain", "plain", "egg", "plain", "plain", "plain", "plain", "egg", "plain", "plain", "plain", "egg", "plain", "plain", "plain", "plain", "plain", "plain"], "errlog_a": "", "errlog_b": "", "start_time": 360, "start_moves": 40, "turn_count": 80, "result": 1, "reason": "EGGS_LAID", "trapdoors": [[4, 4], [4, 3]], "spawn_a": [7, 1], "spawn_b": [0, 1]}