{"pos": [[1, 2], [6, 2], [1, 1], [6, 1], [0, 1], [7, 1], [0, 0], [7, 0], [1, 0], [6, 0], [2, 0], [5, 0], [2, 1], [5, 1], [3, 1], [6, 1], [3, 0], [5, 1], [4, 0], [4, 1], [3, 0], [4, 2], [3, 1], [5, 2], [3, 2], [5, 3], [2, 2], [5, 4], [3, 2], [6, 4], [4, 2], [6, 3], [3, 2], [7, 3], [3, 3], [7, 4], [3, 4], [7, 5], [3, 3], [6, 5], [2, 3], [6, 6], [1, 3], [5, 6], [1, 4], [5, 5], [1, 5], [4, 5], [2, 5], [4, 6], [2, 6], [3, 6], [1, 6], [3, 7], [1, 7], [2, 7], [0, 7], [3, 7], [0, 6], [4, 7], [0, 5], [5, 7], [0, 4], [6, 7], [0, 3], [7, 7], [1, 3], [7, 6], [1, 2], [6, 6], [1, 1], [6, 5], [2, 1], [6, 4], [2, 2], [6, 3], [2, 3], [5, 3], [2, 4], [5, 4]], "a_eggs_laid": [1, 1, 1, 1, 2, 2, 2, 2, 5, 5, 5, 5, 6, 6, 6, 6, 7, 7, 7, 7, 8, 8, 8, 8, 8, 8, 8, 8, 9, 9, 9, 9, 10, 10, 10, 10, 11, 11, 11, 11, 11, 11, 11, 11, 12, 12, 12, 12, 13, 13, 13, 13, 14, 14, 14, 14, 15, 15, 15, 15, 16, 16, 16, 16, 17, 17, 17, 17, 17, 17, 17, 17, 17, 17, 17, 17, 17, 17, 17, 17], "b_eggs_laid": [0, 1, 1, 1, 1, 2, 2, 2, 2, 5, 5, 5, 5, 6, 6, 6, 6, 6, 6, 6, 6, 7, 7, 7, 7, 8, 8, 8, 8, 9, 9, 9, 9, 10, 10, 10, 10, 11, 11, 11, 11, 12, 12, 12, 12, 13, 13, 13, 13, 14, 14, 14, 14, 15, 15, 15, 15, 16, 16, 16, 16, 17, 17, 17, 17, 18, 18, 18, 18, 19, 19, 19, 19, 19, 19, 19, 19, 19, 19, 19], "a_turds_left": [5, 5, 5, 5, 5, 5, 5, 5, 5, 5, 5, 5, 5, 5, 5, 5, 5, 5, 5, 5, 5, 5, 5, 5, 5, 5, 5, 5, 5, 5, 5, 5, 5, 5, 5, 5, 5, 5, 5, 5, 5, 5, 5, 5, 5, 5, 5, 5, 5, 5, 5, 5, 5, 5, 5, 5, 5, 5, 5, 5, 5, 5, 5, 5, 5, 5, 5, 5, 5, 5, 5, 5, 5, 5, 5, 5, 5, 5, 5, 5], "b_turds_left": [5, 5, 5, 5, 5, 5, 5, 5, 5, 5, 5, 5, 5, 5, 5, 5, 5, 5, 5, 5, 5, 5, 5, 5, 5, 5, 5, 5, 5, 5, 5, 5, 5, 5, 5, 5, 5, 5, 5, 5, 5, 5, 5, 5, 5, 5, 5, 5, 5, 5, 5, 5, 5, 5, 5, 5, 5, 5, 5, 5, 5, 5, 5, 5, 5, 5, 5, 5, 5, 5, 5, 5, 5, 5, 5, 5, 5, 5, 5, 5], "a_time_left": [359.9960565419751, 359.9960565419751, 359.99418308393797, 359.99418308393797, 359.9921173339244, 359.9921173339244, 359.9917208758998, 359.9917208758998, 359.9910674588755, 359.9910674588755, 359.9886466679163, 359.9886466679163, 359.9844533759169, 359.9844533759169, 359.98410400090506, 359.98410400090506, 359.98374241788406, 359.98374241788406, 359.98343695985386, 359.98343695985386, 359.9831637928728, 359.9831637928728, 359.9830328769167, 359.9830328769167, 359.9829033348942, 359.9829033348942, 359.982768875896, 359.982768875896, 359.98260062589543, 359.98260062589543, 359.98247858387185, 359.98247858387185, 359.98237412585877, 359.98237412585877, 359.98226375086233, 359.98226375086233, 359.9821309168474, 359.9821309168474, 359.9820252918289, 359.9820252918289, 359.98193545883987, 359.98193545883987, 359.9818432088359, 359.9818432088359, 359.9817275418318, 359.9817275418318, 359.98163391678827, 359.98163391678827, 359.98151437484194, 359.98151437484194, 359.98140199983027, 359.98140199983027, 359.9813108338276, 359.9813108338276, 359.98121837578947, 359.98121837578947, 359.98112933378434, 359.98112933378434, 359.98085000080755, 359.98085000080755, 359.98073633376043, 359.98073633376043, 359.9804985007504, 359.9804985007504, 359.980366541713, 359.980366541713, 359.9801409167121, 359.9801409167121, 359.97991729172645, 359.97991729172645, 359.97966045874637, 359.97966045874637, 359.9794374167104, 359.9794374167104, 359.97917795873946, 359.97917795873946, 359.9789449587697, 359.9789449587697, 359.97869208373595, 359.97869208373595], "b_time_left": [360, 359.9964123330428, 359.9964123330428, 359.9946512920433, 359.9946512920433, 359.9914508750662, 359.9914508750662, 359.9906675000675, 359.9906675000675, 359.98892466706457, 359.98892466706457, 359.9881324170856, 359.9881324170856, 359.9857152921031, 359.9857152921031, 359.9853796251118, 359.9853796251118, 359.98512333410326, 359.98512333410326, 359.98483204311924, 359.98483204311924, 359.9847079181345, 359.9847079181345, 359.9845847511315, 359.9845847511315, 359.984435626131, 359.984435626131, 359.98431337613147, 359.98431337613147, 359.98416629317217, 359.98416629317217, 359.98404962714994, 359.98404962714994, 359.9839138361858, 359.9839138361858, 359.983803753159, 359.983803753159, 359.9836953781778, 359.9836953781778, 359.9835892941919, 359.9835892941919, 359.98345804418204, 359.98345804418204, 359.9833490442252, 359.9833490442252, 359.98321858624695, 359.98321858624695, 359.98309304524446, 359.98309304524446, 359.98296221124474, 359.98296221124474, 359.9828390862094, 359.9828390862094, 359.98271996120457, 359.98271996120457, 359.98260983621003, 359.98260983621003, 359.98250229423866, 359.98250229423866, 359.9822433772497, 359.9822433772497, 359.98185496020596, 359.98185496020596, 359.98150787723716, 359.98150787723716, 359.9812045432627, 359.9812045432627, 359.98095691826893, 359.98095691826893, 359.9806566682528, 359.9806566682528, 359.9803857932566, 359.9803857932566, 359.9801408772473, 359.9801408772473, 359.97975283523556, 359.97975283523556, 359.97948996024206, 359.97948996024206, 359.9791985852644], "a_moves_left": [39, 39, 38, 38, 37, 37, 36, 36, 35, 35, 34, 34, 33, 33, 32, 32, 31, 31, 30, 30, 29, 29, 28, 28, 27, 27, 26, 26, 25, 25, 24, 24, 23, 23, 22, 22, 21, 21, 20, 20, 19, 19, 18, 18, 17, 17, 16, 16, 15, 15, 14, 14, 13, 13, 12, 12, 11, 11, 10, 10, 9, 9, 8, 8, 7, 7, 6, 6, 5, 5, 4, 4, 3, 3, 2, 2, 1, 1, 0, 0], "b_moves_left": [40, 39, 39, 38, 38, 37, 37, 36, 36, 35, 35, 34, 34, 33, 33, 32, 32, 31, 31, 30, 30, 29, 29, 28, 28, 27, 27, 26, 26, 25, 25, 24, 24, 23, 23, 22, 22, 21, 21, 20, 20, 19, 19, 18, 18, 17, 17, 16, 16, 15, 15, 14, 14, 13, 13, 12, 12, 11, 11, 10, 10, 9, 9, 8, 8, 7, 7, 6, 6, 5, 5, 4, 4, 3, 3, 2, 2, 1, 1, 0], "trapdoor_triggered": [0, 0, 0, 0, 0, 0, 0, 0, 0, 0, 0, 0, 0, 0, 0, 0, 0, 0, 0, 0, 0, 0, 0, 0, 0, 0, 0, 0, 0, 0, 0, 0, 0, 0, 0, 0, 0, 0, 0, 0, 0, 0, 0, 0, 0, 0, 0, 0, 0, 0, 0, 0, 0, 0, 0, 0, 0, 0, 0, 0, 0, 0, 0, 0, 0, 0, 0, 0, 0, 0, 0, 0, 0, 0, 0, 0, 0, 0, 0, 0], "left_behind": ["egg", "egg", "plain", "plain", "egg", "egg", "plain", "plain", "egg", "egg", "plain", "plain", "egg", "egg", "plain", "plain", "egg", "plain", "plain", "plain", "egg", "egg", "plain", "plain", "plain", "egg", "plain", "plain", "egg", "egg", "plain", "plain", "egg", "egg", "plain", "plain", "egg", "egg", "plain", "plain", "plain", "egg", "plain", "plain", "egg", "egg", "plain", "plain", "egg", "egg", "plain", "plain", "egg", "egg", "plain", "plain", "egg", "egg", "plain", "plain", "egg", "egg", "plain", "plain", "egg", "egg", "plain", "plain", "plain", "egg", "plain", "plain", "plain", "plain", "plain", "plain", "plain", "plain", "plain", "plain"], "errlog_a": "", "errlog_b": "", "start_time": 360, "start_moves": 40, "turn_count": 80, "result": 1, "reason": "EGGS_LAID", "trapdoors": [[3, 5], [4, 3]], "spawn_a": [0, 2], "spawn_b": [7, 2]}