{"pos": [[1, 6], [6, 6], [2, 6], [5, 6], [2, 7], [5, 7], [3, 7], [4, 7], [3, 6], [4, 6], [3, 5], [3, 6], [2, 5], [4, 6], [1, 5], [4, 5], [0, 5], [5, 5], [0, 4], [6, 5], [1, 4], [7, 5], [1, 3], [7, 4], [0, 3], [6, 4], [0, 2], [6, 3], [1, 2], [7, 3], [1, 1], [7, 2], [0, 1], [6, 2], [0, 0], [6, 1], [1, 0], [7, 1], [2, 0], [7, 0], [2, 1], [6, 0], [3, 1], [5, 0], [3, 0], [5, 1], [4, 0], [4, 1], [3, 0], [5, 1], [3, 1], [5, 2], [3, 2], [5, 3], [4, 2], [5, 4], [3, 2], [4, 4], [2, 2], [3, 4], [2, 3], [4, 4], [2, 4], [3, 4], [2, 3], [4, 4], [2, 4], [5, 4], [2, 5], [5, 5], [3, 5], [4, 5], [2, 5], [5, 5], [2, 6], [5, 6], [1, 6], [6, 6], [1, 7], [6, 7]], "a_eggs_laid": [1, 1, 1, 1, 2, 2, 2, 2, 3, 3, 3, 3, 4, 4, 4, 4, 5, 5, 5, 5, 6, 6, 6, 6, 7, 7, 7, 7, 8, 8, 8, 8, 9, 9, 9, 9, 12, 12, 12, 12, 13, 13, 13, 13, 14, 14, 14, 14, 15, 15, 15, 15, 15, 15, 15, 15, 16, 16, 16, 16, 17, 17, 17, 17, 18, 18, 18, 18, 18, 18, 18, 18, 18, 18, 18, 18, 18, 18, 18, 18], "b_eggs_laid": [0, 1, 1, 1, 1, 2, 2, 2, 2, 3, 3, 3, 3, 4, 4, 4, 4, 5, 5, 5, 5, 6, 6, 6, 6, 7, 7, 7, 7, 8, 8, 8, 8, 9, 9, 9, 9, 10, 10, 10, 10, 13, 13, 13, 13, 14, 14, 14, 14, 15, 15, 15, 15, 16, 16, 16, 16, 17, 17, 17, 17, 18, 18, 18, 18, 18, 18, 18, 18, 18, 18, 18, 18, 18, 18, 18, 18, 18, 18, 18], "a_turds_left": [5, 5, 5, 5, 5, 5, 5, 5, 5, 5, 5, 5, 5, 5, 5, 5, 5, 5, 5, 5, 5, 5, 5, 5, 5, 5, 5, 5, 5, 5, 5, 5, 5, 5, 5, 5, 5, 5, 5, 5, 5, 5, 5, 5, 5, 5, 5, 5, 5, 5, 5, 5, 5, 5, 5, 5, 5, 5, 5, 5, 5, 5, 5, 5, 5, 5, 5, 5, 5, 5, 5, 5, 5, 5, 5, 5, 5, 5, 5, 5], "b_turds_left": [5, 5, 5, 5, 5, 5, 5, 5, 5, 5, 5, 5, 5, 5, 5, 5, 5, 5, 5, 5, 5, 5, 5, 5, 5, 5, 5, 5, 5, 5, 5, 5, 5, 5, 5, 5, 5, 5, 5, 5, 5, 5, 5, 5, 5, 5, 5, 5, 5, 5, 5, 5, 5, 5, 5, 5, 5, 5, 5, 5, 5, 5, 5, 5, 5, 5, 5, 5, 5, 5, 5, 5, 5, 5, 5, 5, 5, 5, 5, 5], "a_time_left": [359.99634274997516, 359.99634274997516, 359.9945620839717, 359.9945620839717, 359.9913720009499, 359.9913720009499, 359.99007658392657, 359.99007658392657, 359.98884820891544, 359.98884820891544, 359.9886159589514, 359.9886159589514, 359.98660533397924, 359.98660533397924, 359.98628158395877, 359.98628158395877, 359.9861338759656, 359.9861338759656, 359.9860405419604, 359.9860405419604, 359.9859263339313, 359.9859263339313, 359.9858260419569, 359.9858260419569, 359.985700249963, 359.985700249963, 359.9856039999868, 359.9856039999868, 359.98549512500176, 359.98549512500176, 359.9853923749761, 359.9853923749761, 359.98526699998183, 359.98526699998183, 359.985176999995, 359.985176999995, 359.98508637503255, 359.98508637503255, 359.9849800830707, 359.9849800830707, 359.9848664580495, 359.9848664580495, 359.984766291047, 359.984766291047, 359.98465158307226, 359.98465158307226, 359.98456091608386, 359.98456091608386, 359.9844864581246, 359.9844864581246, 359.9843943740707, 359.9843943740707, 359.98431116505526, 359.98431116505526, 359.98420983203687, 359.98420983203687, 359.98413053998956, 359.98413053998956, 359.98405145597644, 359.98405145597644, 359.98395237198565, 359.98395237198565, 359.9838727469905, 359.9838727469905, 359.983789955033, 359.983789955033, 359.98371149704326, 359.98371149704326, 359.98364733101334, 359.98364733101334, 359.9835687900195, 359.9835687900195, 359.9835207480355, 359.9835207480355, 359.9834384150454, 359.9834384150454, 359.9833323310595, 359.9833323310595, 359.9831456230604, 359.9831456230604], "b_time_left": [360, 359.9965155830141, 359.9965155830141, 359.99475620803423, 359.99475620803423, 359.9913826250122, 359.9913826250122, 359.9901301250211, 359.9901301250211, 359.98816941701807, 359.98816941701807, 359.9869049169938, 359.9869049169938, 359.9857962499955, 359.9857962499955, 359.9850485000061, 359.9850485000061, 359.98492270801216, 359.98492270801216, 359.9848031660076, 359.9848031660076, 359.9846706240205, 359.9846706240205, 359.9845748320222, 359.9845748320222, 359.9844697910012, 359.9844697910012, 359.9843625819776, 359.9843625819776, 359.98424658196745, 359.98424658196745, 359.9841421659803, 359.9841421659803, 359.98403829097515, 359.98403829097515, 359.9839403749793, 359.9839403749793, 359.98382004199084, 359.98382004199084, 359.98372279200703, 359.98372279200703, 359.98363000003155, 359.98363000003155, 359.9835352920345, 359.9835352920345, 359.98342900007265, 359.98342900007265, 359.9833272090764, 359.9833272090764, 359.9832334170933, 359.9832334170933, 359.9831338750664, 359.9831338750664, 359.98302541609155, 359.98302541609155, 359.98293279111385, 359.98293279111385, 359.9828199160984, 359.9828199160984, 359.9827253741096, 359.9827253741096, 359.9826323740999, 359.9826323740999, 359.98255095706554, 359.98255095706554, 359.98249116603984, 359.98249116603984, 359.9824098320096, 359.9824098320096, 359.98233979102224, 359.98233979102224, 359.9822584990179, 359.9822584990179, 359.9821907070582, 359.9821907070582, 359.98211320705013, 359.98211320705013, 359.9820221240516, 359.9820221240516, 359.9818681650213], "a_moves_left": [39, 39, 38, 38, 37, 37, 36, 36, 35, 35, 34, 34, 33, 33, 32, 32, 31, 31, 30, 30, 29, 29, 28, 28, 27, 27, 26, 26, 25, 25, 24, 24, 23, 23, 22, 22, 21, 21, 20, 20, 19, 19, 18, 18, 17, 17, 16, 16, 15, 15, 14, 14, 13, 13, 12, 12, 11, 11, 10, 10, 9, 9, 8, 8, 7, 7, 6, 6, 5, 5, 4, 4, 3, 3, 2, 2, 1, 1, 0, 0], "b_moves_left": [40, 39, 39, 38, 38, 37, 37, 36, 36, 35, 35, 34, 34, 33, 33, 32, 32, 31, 31, 30, 30, 29, 29, 28, 28, 27, 27, 26, 26, 25, 25, 24, 24, 23, 23, 22, 22, 21, 21, 20, 20, 19, 19, 18, 18, 17, 17, 16, 16, 15, 15, 14, 14, 13, 13, 12, 12, 11, 11, 10, 10, 9, 9, 8, 8, 7, 7, 6, 6, 5, 5, 4, 4, 3, 3, 2, 2, 1, 1, 0], "trapdoor_triggered": [0, 0, 0, 0, 0, 0, 0, 0, 0, 0, 0, 0, 0, 0, 0, 0, 0, 0, 0, 0, 0, 0, 0, 0, 0, 0, 0, 0, 0, 0, 0, 0, 0, 0, 0, 0, 0, 0, 0, 0, 0, 0, 0, 0, 0, 0, 0, 0, 0, 0, 0, 0, 0, 0, 0, 0, 0, 0, 0, 0, 0, 0, 0, 0, 0, 0, 0, 0, 0, 0, 0, 0, 0, 0, 0, 0, 0, 0, 0, 0], "left_behind": ["egg", "egg", "plain", "plain", "egg", "egg", "plain", "plain", "egg", "egg", "plain", "plain", "egg", "egg", "plain", "plain", "egg", "egg", "plain", "plain", "egg", "egg", "plain", "plain", "egg", "egg", "plain", "plain", "egg", "egg", "plain", "plain", "egg", "egg", "plain", "plain", "egg", "egg", "plain", "plain", "egg", "egg", "plain", "plain", "egg", "egg", "plain", "plain", "egg", "egg", "plain", "plain", "plain", "egg", "plain", "plain", "egg", "egg", "plain", "plain", "egg", "egg", "plain", "plain", "egg", "plain", "plain", "plain", "plain", "plain", "plain", "plain", "plain", "plain", "plain", "plain", "plain", "plain", "plain", "plain"], "errlog_a": "", "errlog_b": "", "start_time": 360, "start_moves": 40, "turn_count": 80, "result": 2, "reason": "EGGS_LAID", "trapdoors": [[3, 3], [4, 3]], "spawn_a": [0, 6], "spawn_b": [7, 6]}