{"pos": [[6, 3], [1, 3], [6, 2], [1, 4], [7, 2], [1, 5], [7, 1], [1, 6], [6, 1], [2, 6], [6, 0], [3, 6], [7, 0], [4, 6], [6, 0], [4, 5], [5, 0], [3, 5], [5, 1], [3, 4], [4, 1], [2, 4], [3, 1], [2, 3], [3, 0], [3, 3], [4, 0], [4, 3], [4, 1], [4, 4], [4, 2], [5, 4], [5, 2], [6, 4], [5, 1], [6, 3], [6, 1], [6, 4], [6, 2], [7, 4], [7, 2], [7, 5], [7, 3], [7, 6], [7, 2], [7, 7], [7, 1], [6, 7], [7, 0], [6, 6], [7, 1], [6, 5], [6, 1], [7, 5], [6, 2], [7, 4], [5, 2], [7, 5], [5, 1], [7, 6], [5, 0], [7, 7], [4, 0], [6, 7], [3, 0], [5, 7], [2, 0], [5, 6], [2, 1], [5, 5], [2, 2], [5, 4], [3, 2], [5, 5], [3, 3], [6, 5], [3, 2], [6, 6], [3, 1], [5, 6]], "a_eggs_laid": [1, 1, 1, 1, 2, 2, 2, 2, 3, 3, 3, 3, 4, 4, 4, 4, 4, 4, 4, 4, 5, 5, 5, 5, 6, 6, 6, 6, 7, 7, 7, 7, 8, 8, 8, 8, 8, 8, 8, 8, 8, 8, 8, 8, 8, 8, 8, 8, 8, 8, 8, 8, 8, 8, 8, 8, 8, 8, 8, 8, 8, 8, 8, 8, 8, 8, 8, 8, 9, 9, 9, 9, 10, 10, 10, 10, 11, 11, 11, 11], "b_eggs_laid": [0, 1, 1, 1, 1, 2, 2, 2, 2, 3, 3, 3, 3, 4, 4, 4, 4, 5, 5, 5, 5, 6, 6, 6, 6, 7, 7, 7, 7, 8, 8, 8, 8, 9, 9, 9, 9, 10, 10, 10, 10, 11, 11, 11, 11, 12, 12, 12, 12, 13, 13, 13, 13, 14, 14, 14, 14, 14, 14, 14, 14, 14, 14, 14, 14, 14, 14, 14, 14, 15, 15, 15, 15, 15, 15, 15, 15, 15, 15, 15], "a_turds_left": [5, 5, 5, 5, 5, 5, 5, 5, 5, 5, 5, 5, 5, 5, 5, 5, 5, 5, 5, 5, 5, 5, 5, 5, 5, 5, 5, 5, 5, 5, 5, 5, 5, 5, 5, 5, 5, 5, 5, 5, 5, 5, 5, 5, 5, 5, 5, 5, 5, 5, 5, 5, 5, 5, 5, 5, 5, 5, 5, 5, 5, 5, 5, 5, 5, 5, 5, 5, 5, 5, 5, 5, 5, 5, 5, 5, 5, 5, 5, 5], "b_turds_left": [5, 5, 5, 4, 4, 4, 4, 3, 3, 3, 3, 2, 2, 2, 2, 1, 1, 1, 1, 0, 0, 0, 0, 0, 0, 0, 0, 0, 0, 0, 0, 0, 0, 0, 0, 0, 0, 0, 0, 0, 0, 0, 0, 0, 0, 0, 0, 0, 0, 0, 0, 0, 0, 0, 0, 0, 0, 0, 0, 0, 0, 0, 0, 0, 0, 0, 0, 0, 0, 0, 0, 0, 0, 0, 0, 0, 0, 0, 0, 0], "a_time_left": [359.99631924997084, 359.99631924997084, 359.99448608298553, 359.99448608298553, 359.9912551669986, 359.9912551669986, 359.9904505009763, 359.9904505009763, 359.9878303759615, 359.9878303759615, 359.98730375093874, 359.98730375093874, 359.98632645898033, 359.98632645898033, 359.98605612595566, 359.98605612595566, 359.9859612509608, 359.9859612509608, 359.985852416954, 359.985852416954, 359.98569845891325, 359.98569845891325, 359.9855852088658, 359.9855852088658, 359.9854621248669, 359.9854621248669, 359.9853687918512, 359.9853687918512, 359.9852546248585, 359.9852546248585, 359.98514837486437, 359.98514837486437, 359.9850384168676, 359.9850384168676, 359.98492558288854, 359.98492558288854, 359.9848321239115, 359.9848321239115, 359.9847284159041, 359.9847284159041, 359.9846400828683, 359.9846400828683, 359.98454958287766, 359.98454958287766, 359.9844766238821, 359.9844766238821, 359.9843753319001, 359.9843753319001, 359.9842897069175, 359.9842897069175, 359.98420687392354, 359.98420687392354, 359.98411720688455, 359.98411720688455, 359.9840138729196, 359.9840138729196, 359.9839292479446, 359.9839292479446, 359.98382828896865, 359.98382828896865, 359.9837317469646, 359.9837317469646, 359.9836349969846, 359.9836349969846, 359.98354774701875, 359.98354774701875, 359.98345299699577, 359.98345299699577, 359.98334049701225, 359.98334049701225, 359.98323599703144, 359.98323599703144, 359.98314270505216, 359.98314270505216, 359.98304203903535, 359.98304203903535, 359.9828047060291, 359.9828047060291, 359.98249453905737, 359.98249453905737], "b_time_left": [360, 359.9965920409886, 359.9965920409886, 359.9947392910253, 359.9947392910253, 359.9924487080425, 359.9924487080425, 359.99065187503584, 359.99065187503584, 359.9883962920285, 359.9883962920285, 359.9868044590112, 359.9868044590112, 359.98484837502474, 359.98484837502474, 359.9842175830272, 359.9842175830272, 359.98339375003707, 359.98339375003707, 359.9828434580122, 359.9828434580122, 359.98236595798517, 359.98236595798517, 359.9821097079548, 359.9821097079548, 359.9817149999435, 359.9817149999435, 359.9814607089502, 359.9814607089502, 359.9813659169595, 359.9813659169595, 359.98129599995445, 359.98129599995445, 359.9812175829429, 359.9812175829429, 359.98116370796924, 359.98116370796924, 359.98110495798755, 359.98110495798755, 359.981035957986, 359.981035957986, 359.9809675409924, 359.9809675409924, 359.98090808297275, 359.98090808297275, 359.9808382499614, 359.9808382499614, 359.9807878329884, 359.9807878329884, 359.98072216601577, 359.98072216601577, 359.9806586659979, 359.9806586659979, 359.9805831660051, 359.9805831660051, 359.98052066599485, 359.98052066599485, 359.980460041028, 359.980460041028, 359.9804032500251, 359.9804032500251, 359.98034650000045, 359.98034650000045, 359.98029112501536, 359.98029112501536, 359.9802171670017, 359.9802171670017, 359.9801526670344, 359.9801526670344, 359.98006570804864, 359.98006570804864, 359.9799968750449, 359.9799968750449, 359.9799173330539, 359.9799173330539, 359.97985137510113, 359.97985137510113, 359.9790261670714, 359.9790261670714, 359.97883658407954], "a_moves_left": [39, 39, 38, 38, 37, 37, 36, 36, 35, 35, 34, 34, 33, 33, 32, 32, 31, 31, 30, 30, 29, 29, 28, 28, 27, 27, 26, 26, 25, 25, 24, 24, 23, 23, 22, 22, 21, 21, 20, 20, 19, 19, 18, 18, 17, 17, 16, 16, 15, 15, 14, 14, 13, 13, 12, 12, 11, 11, 10, 10, 9, 9, 8, 8, 7, 7, 6, 6, 5, 5, 4, 4, 3, 3, 2, 2, 1, 1, 0, 0], "b_moves_left": [40, 39, 39, 38, 38, 37, 37, 36, 36, 35, 35, 34, 34, 33, 33, 32, 32, 31, 31, 30, 30, 29, 29, 28, 28, 27, 27, 26, 26, 25, 25, 24, 24, 23, 23, 22, 22, 21, 21, 20, 20, 19, 19, 18, 18, 17, 17, 16, 16, 15, 15, 14, 14, 13, 13, 12, 12, 11, 11, 10, 10, 9, 9, 8, 8, 7, 7, 6, 6, 5, 5, 4, 4, 3, 3, 2, 2, 1, 1, 0], "trapdoor_triggered": [0, 0, 0, 0, 0, 0, 0, 0, 0, 0, 0, 0, 0, 0, 0, 0, 0, 0, 0, 0, 0, 0, 0, 0, 0, 0, 0, 0, 0, 0, 0, 0, 0, 0, 0, 0, 0, 0, 0, 0, 0, 0, 0, 0, 0, 0, 0, 0, 0, 0, 0, 0, 0, 0, 0, 0, 0, 0, 0, 0, 0, 0, 0, 0, 0, 0, 0, 0, 0, 0, 0, 0, 0, 0, 0, 0, 0, 0, 0, 0], "left_behind": ["egg", "egg", "plain", "turd", "egg", "egg", "plain", "turd", "egg", "egg", "plain", "turd", "egg", "egg", "plain", "turd", "plain", "egg", "plain", "turd", "egg", "egg", "plain", "plain", "egg", "egg", "plain", "plain", "egg", "egg", "plain", "plain", "egg", "egg", "plain", "plain", "plain", "egg", "plain", "plain", "plain", "egg", "plain", "plain", "plain", "egg", "plain", "plain", "plain", "egg", "plain", "plain", "plain", "egg", "plain", "plain", "plain", "plain", "plain", "plain", "plain", "plain", "plain", "plain", "plain", "plain", "plain", "plain", "egg", "egg", "plain", "plain", "egg", "plain", "plain", "plain", "egg", "plain", "plain", "plain"], "errlog_a": "", "errlog_b": "", "start_time": 360, "start_moves": 40, "turn_count": 80, "result": 1, "reason": "EGGS_LAID", "trapdoors": [[5, 3], [2, 5]], "spawn_a": [7, 3], "spawn_b": [0, 3]}