{"pos": [[1, 6], [6, 6], [2, 6], [5, 6], [2, 7], [5, 7], [1, 7], [4, 7], [0, 7], [4, 6], [1, 7], [3, 6], [1, 6], [3, 7], [1, 5], [2, 7], [0, 5], [3, 7], [0, 4], [3, 6], [1, 4], [4, 6], [1, 3], [5, 6], [0, 3], [5, 5], [0, 2], [5, 4], [1, 2], [5, 3], [2, 2], [5, 2], [2, 1], [5, 1], [3, 1], [4, 1], [3, 0], [4, 2], [4, 0], [4, 3], [5, 0], [3, 3], [5, 1], [3, 2], [6, 1], [4, 2], [6, 2], [5, 2], [7, 2], [5, 3], [7, 3], [6, 3], [7, 4], [6, 4], [7, 5], [6, 5], [7, 4], [6, 4], [7, 3], [7, 4], [7, 2], [6, 4], [7, 1], [6, 3], [7, 0], [5, 3], [6, 0], [5, 4], [6, 1], [5, 5], [6, 2], [4, 5], [6, 1], [4, 6], [5, 1], [4, 5], [5, 0], [5, 5], [6, 0], [6, 5]], "a_eggs_laid": [1, 1, 1, 1, 2, 2, 2, 2, 3, 3, 3, 3, 3, 3, 3, 3, 4, 4, 4, 4, 5, 5, 5, 5, 6, 6, 6, 6, 7, 7, 7, 7, 8, 8, 8, 8, 9, 9, 9, 9, 10, 10, 10, 10, 11, 11, 11, 11, 12, 12, 12, 12, 13, 13, 13, 13, 14, 14, 14, 14, 14, 14, 14, 14, 15, 15, 15, 15, 16, 16, 16, 16, 16, 16, 16, 16, 16, 16, 16, 16], "b_eggs_laid": [0, 1, 1, 1, 1, 2, 2, 2, 2, 3, 3, 3, 3, 4, 4, 4, 4, 5, 5, 5, 5, 5, 5, 5, 5, 5, 5, 5, 5, 6, 6, 6, 6, 7, 7, 7, 7, 8, 8, 8, 8, 9, 9, 9, 9, 10, 10, 10, 10, 10, 10, 10, 10, 11, 11, 11, 11, 12, 12, 12, 12, 13, 13, 13, 13, 13, 13, 13, 13, 13, 13, 13, 13, 14, 14, 14, 14, 14, 14, 14], "a_turds_left": [5, 5, 5, 5, 5, 5, 5, 5, 5, 5, 5, 5, 5, 5, 5, 5, 5, 5, 5, 5, 5, 5, 5, 5, 5, 5, 5, 5, 5, 5, 5, 5, 5, 5, 5, 5, 5, 5, 5, 5, 5, 5, 5, 5, 5, 5, 5, 5, 5, 5, 5, 5, 5, 5, 5, 5, 5, 5, 5, 5, 5, 5, 5, 5, 5, 5, 5, 5, 5, 5, 5, 5, 5, 5, 5, 5, 5, 5, 5, 5], "b_turds_left": [5, 5, 5, 5, 5, 5, 5, 5, 5, 5, 5, 5, 5, 5, 5, 5, 5, 5, 5, 5, 5, 5, 5, 5, 5, 5, 5, 5, 5, 5, 5, 5, 5, 5, 5, 5, 5, 5, 5, 5, 5, 5, 5, 5, 5, 5, 5, 5, 5, 5, 5, 5, 5, 5, 5, 5, 5, 5, 5, 5, 5, 5, 5, 5, 5, 5, 5, 5, 5, 5, 5, 5, 5, 5, 5, 5, 5, 5, 5, 5], "a_time_left": [359.9984074999811, 359.9984074999811, 359.99663491599495, 359.99663491599495, 359.99330408195965, 359.99330408195965, 359.99206278991187, 359.99206278991187, 359.989628956886, 359.989628956886, 359.9893428318901, 359.9893428318901, 359.98911391489673, 359.98911391489673, 359.9882308738888, 359.9882308738888, 359.9849090409116, 359.9849090409116, 359.9846431239275, 359.9846431239275, 359.9843441649573, 359.9843441649573, 359.98404758196557, 359.98404758196557, 359.9837008319446, 359.9837008319446, 359.98342524893815, 359.98342524893815, 359.98304049897706, 359.98304049897706, 359.98274837393546, 359.98274837393546, 359.9823896239395, 359.9823896239395, 359.9814442489296, 359.9814442489296, 359.98117266595364, 359.98117266595364, 359.9809067909373, 359.9809067909373, 359.98063170694513, 359.98063170694513, 359.9803636659635, 359.9803636659635, 359.979901707964, 359.979901707964, 359.979618207959, 359.979618207959, 359.97935470793163, 359.97935470793163, 359.9792368329363, 359.9792368329363, 359.9791357078939, 359.9791357078939, 359.9790529158781, 359.9790529158781, 359.97896949987626, 359.97896949987626, 359.9788898329134, 359.9788898329134, 359.97880091593834, 359.97880091593834, 359.9786197489593, 359.9786197489593, 359.9784532489721, 359.9784532489721, 359.9783364989562, 359.9783364989562, 359.9782164989738, 359.9782164989738, 359.9779151659459, 359.9779151659459, 359.97762624995084, 359.97762624995084, 359.9773228329723, 359.9773228329723, 359.97707316599553, 359.97707316599553, 359.97678695694776, 359.97678695694776], "b_time_left": [360, 359.9964301660075, 359.9964301660075, 359.9943868740229, 359.9943868740229, 359.9912661660346, 359.9912661660346, 359.99002216605004, 359.99002216605004, 359.98756537406007, 359.98756537406007, 359.9862542070914, 359.9862542070914, 359.9851685400936, 359.9851685400936, 359.98483324807603, 359.98483324807603, 359.98459053906845, 359.98459053906845, 359.98433299706085, 359.98433299706085, 359.98423295503017, 359.98423295503017, 359.9839664970059, 359.9839664970059, 359.9838637880166, 359.9838637880166, 359.9836131220218, 359.9836131220218, 359.9833082050318, 359.9833082050318, 359.9831955380505, 359.9831955380505, 359.98289020505035, 359.98289020505035, 359.9826104140375, 359.9826104140375, 359.9823258310207, 359.9823258310207, 359.98207149701193, 359.98207149701193, 359.98177499702433, 359.98177499702433, 359.98146037204424, 359.98146037204424, 359.98124949703924, 359.98124949703924, 359.98102799704066, 359.98102799704066, 359.98086070502177, 359.98086070502177, 359.9807567880489, 359.9807567880489, 359.9806644540513, 359.9806644540513, 359.98056932905456, 359.98056932905456, 359.9804694960476, 359.9804694960476, 359.98037370404927, 359.98037370404927, 359.98029382905224, 359.98029382905224, 359.9801679540542, 359.9801679540542, 359.9800832460751, 359.9800832460751, 359.9799751210958, 359.9799751210958, 359.9798893301049, 359.9798893301049, 359.9796367890667, 359.9796367890667, 359.97933262307197, 359.97933262307197, 359.97901770606404, 359.97901770606404, 359.97877666406566, 359.97877666406566, 359.9785214141011], "a_moves_left": [39, 39, 38, 38, 37, 37, 36, 36, 35, 35, 34, 34, 33, 33, 32, 32, 31, 31, 30, 30, 29, 29, 28, 28, 27, 27, 26, 26, 25, 25, 24, 24, 23, 23, 22, 22, 21, 21, 20, 20, 19, 19, 18, 18, 17, 17, 16, 16, 15, 15, 14, 14, 13, 13, 12, 12, 11, 11, 10, 10, 9, 9, 8, 8, 7, 7, 6, 6, 5, 5, 4, 4, 3, 3, 2, 2, 1, 1, 0, 0], "b_moves_left": [40, 39, 39, 38, 38, 37, 37, 36, 36, 35, 35, 34, 34, 33, 33, 32, 32, 31, 31, 30, 30, 29, 29, 28, 28, 27, 27, 26, 26, 25, 25, 24, 24, 23, 23, 22, 22, 21, 21, 20, 20, 19, 19, 18, 18, 17, 17, 16, 16, 15, 15, 14, 14, 13, 13, 12, 12, 11, 11, 10, 10, 9, 9, 8, 8, 7, 7, 6, 6, 5, 5, 4, 4, 3, 3, 2, 2, 1, 1, 0], "trapdoor_triggered": [0, 0, 0, 0, 0, 0, 0, 0, 0, 0, 0, 0, 0, 0, 0, 0, 0, 0, 0, 0, 0, 0, 0, 0, 0, 0, 0, 0, 0, 0, 0, 0, 0, 0, 0, 0, 0, 0, 0, 0, 0, 0, 0, 0, 0, 0, 0, 0, 0, 0, 0, 0, 0, 0, 0, 0, 0, 0, 0, 0, 0, 0, 0, 0, 0, 0, 0, 0, 0, 0, 0, 0, 0, 0, 0, 0, 0, 0, 0, 0], "left_behind": ["egg", "egg", "plain", "plain", "egg", "egg", "plain", "plain", "egg", "egg", "plain", "plain", "plain", "egg", "plain", "plain", "egg", "egg", "plain", "plain", "egg", "plain", "plain", "plain", "egg", "plain", "plain", "plain", "egg", "egg", "plain", "plain", "egg", "egg", "plain", "plain", "egg", "egg", "plain", "plain", "egg", "egg", "plain", "plain", "egg", "egg", "plain", "plain", "egg", "plain", "plain", "plain", "egg", "egg", "plain", "plain", "egg", "egg", "plain", "plain", "plain", "egg", "plain", "plain", "egg", "plain", "plain", "plain", "egg", "plain", "plain", "plain", "plain", "egg", "plain", "plain", "plain", "plain", "plain", "plain"], "errlog_a": "", "errlog_b": "", "start_time": 360, "start_moves": 40, "turn_count": 80, "result": 0, "reason": "EGGS_LAID", "trapdoors": [[3, 5], [3, 4]], "spawn_a": [0, 6], "spawn_b": [7, 6]}