{"pos": [[1, 2], [6, 2], [1, 1], [6, 1], [0, 1], [7, 1], [0, 0], [7, 0], [1, 0], [6, 0], [2, 0], [5, 0], [2, 1], [5, 1], [3, 1], [4, 1], [3, 0], [4, 0], [3, 1], [3, 0], [3, 2], [4, 0], [2, 2], [4, 1], [2, 3], [4, 2], [1, 3], [5, 2], [0, 3], [5, 3], [0, 4], [6, 3], [1, 4], [6, 2], [1, 5], [6, 1], [1, 4], [5, 1], [2, 4], [5, 2], [2, 3], [4, 2], [3, 3], [4, 3], [3, 2], [5, 3], [4, 2], [5, 4], [3, 2], [5, 5], [3, 3], [6, 5], [2, 3], [6, 6], [1, 3], [5, 6], [1, 2], [4, 6], [1, 1], [4, 7], [2, 1], [5, 7], [2, 2], [6, 7], [2, 1], [7, 7], [2, 0], [7, 6], [1, 0], [7, 5], [0, 0], [7, 4], [0, 1], [7, 3], [0, 2], [6, 3], [0, 3], [6, 4], [0, 4], [6, 5]], "a_eggs_laid": [1, 1, 1, 1, 2, 2, 2, 2, 5, 5, 5, 5, 6, 6, 6, 6, 7, 7, 7, 7, 7, 7, 7, 7, 8, 8, 8, 8, 9, 9, 9, 9, 10, 10, 10, 10, 11, 11, 11, 11, 12, 12, 12, 12, 13, 13, 13, 13, 14, 14, 14, 14, 14, 14, 14, 14, 14, 14, 14, 14, 14, 14, 14, 14, 14, 14, 14, 14, 14, 14, 14, 14, 14, 14, 14, 14, 14, 14, 14, 14], "b_eggs_laid": [0, 1, 1, 1, 1, 2, 2, 2, 2, 5, 5, 5, 5, 6, 6, 6, 6, 7, 7, 7, 7, 8, 8, 8, 8, 8, 8, 8, 8, 9, 9, 9, 9, 10, 10, 10, 10, 10, 10, 10, 10, 10, 10, 10, 10, 11, 11, 11, 11, 12, 12, 12, 12, 13, 13, 13, 13, 14, 14, 14, 14, 15, 15, 15, 15, 16, 16, 16, 16, 17, 17, 17, 17, 18, 18, 18, 18, 18, 18, 18], "a_turds_left": [5, 5, 5, 5, 5, 5, 5, 5, 5, 5, 5, 5, 5, 5, 5, 5, 5, 5, 5, 5, 5, 5, 5, 5, 5, 5, 5, 5, 5, 5, 5, 5, 5, 5, 5, 5, 5, 5, 5, 5, 5, 5, 5, 5, 5, 5, 5, 5, 5, 5, 5, 5, 5, 5, 5, 5, 5, 5, 5, 5, 5, 5, 5, 5, 5, 5, 5, 5, 5, 5, 5, 5, 5, 5, 5, 5, 5, 5, 5, 5], "b_turds_left": [5, 5, 5, 5, 5, 5, 5, 5, 5, 5, 5, 5, 5, 5, 5, 5, 5, 5, 5, 5, 5, 5, 5, 5, 5, 5, 5, 5, 5, 5, 5, 5, 5, 5, 5, 5, 5, 5, 5, 5, 5, 5, 5, 5, 5, 5, 5, 5, 5, 5, 5, 5, 5, 5, 5, 5, 5, 5, 5, 5, 5, 5, 5, 5, 5, 5, 5, 5, 5, 5, 5, 5, 5, 5, 5, 5, 5, 5, 5, 5], "a_time_left": [359.9962497079978, 359.9962497079978, 359.99446104100207, 359.99446104100207, 359.9912741240114, 359.9912741240114, 359.9903942910023, 359.9903942910023, 359.988565498963, 359.988565498963, 359.98805116600124, 359.98805116600124, 359.98458937503165, 359.98458937503165, 359.98425170907285, 359.98425170907285, 359.9841273340862, 359.9841273340862, 359.9840280840872, 359.9840280840872, 359.9839238340501, 359.9839238340501, 359.9838075420703, 359.9838075420703, 359.9836728760856, 359.9836728760856, 359.98355083412025, 359.98355083412025, 359.9834048341727, 359.9834048341727, 359.983297709201, 359.983297709201, 359.98317383415997, 359.98317383415997, 359.98305920913117, 359.98305920913117, 359.98293712513987, 359.98293712513987, 359.98284079215955, 359.98284079215955, 359.98272883315803, 359.98272883315803, 359.98262995819096, 359.98262995819096, 359.9825407502358, 359.9825407502358, 359.9824454592308, 359.9824454592308, 359.9823659172398, 359.9823659172398, 359.98226733424235, 359.98226733424235, 359.98218441725476, 359.98218441725476, 359.9820998762734, 359.9820998762734, 359.9820287103066, 359.9820287103066, 359.98194583528675, 359.98194583528675, 359.981869752286, 359.981869752286, 359.98178791924147, 359.98178791924147, 359.9817074192106, 359.9817074192106, 359.9816192112048, 359.9816192112048, 359.98156121122884, 359.98156121122884, 359.981485170254, 359.981485170254, 359.9814242122229, 359.9814242122229, 359.9813525872305, 359.9813525872305, 359.98128808720503, 359.98128808720503, 359.981215462205, 359.981215462205], "b_time_left": [360, 359.9965191670344, 359.9965191670344, 359.9948244590196, 359.9948244590196, 359.9923886670149, 359.9923886670149, 359.9915547510027, 359.9915547510027, 359.9899037100258, 359.9899037100258, 359.9895788350259, 359.9895788350259, 359.9871251270524, 359.9871251270524, 359.9869777110289, 359.9869777110289, 359.9868396689999, 359.9868396689999, 359.9867243350018, 359.9867243350018, 359.98662871000124, 359.98662871000124, 359.9865253770258, 359.9865253770258, 359.98642891907366, 359.98642891907366, 359.98631446104264, 359.98631446104264, 359.98618241999066, 359.98618241999066, 359.9860697539989, 359.9860697539989, 359.9859464629553, 359.9859464629553, 359.9858447959996, 359.9858447959996, 359.98575479601277, 359.98575479601277, 359.9856497540022, 359.9856497540022, 359.98555291997036, 359.98555291997036, 359.98545183596434, 359.98545183596434, 359.9853504199418, 359.9853504199418, 359.98525354499, 359.98525354499, 359.9851375029539, 359.9851375029539, 359.9850392949884, 359.9850392949884, 359.984933419968, 359.984933419968, 359.984841544996, 359.984841544996, 359.98473162803566, 359.98473162803566, 359.9846355440095, 359.9846355440095, 359.98453408596106, 359.98453408596106, 359.9844382109586, 359.9844382109586, 359.98434229393024, 359.98434229393024, 359.98425621096976, 359.98425621096976, 359.98416125192307, 359.98416125192307, 359.9840771689196, 359.9840771689196, 359.9839782109484, 359.9839782109484, 359.9838751279167, 359.9838751279167, 359.98378771188436, 359.98378771188436, 359.98369683692], "a_moves_left": [39, 39, 38, 38, 37, 37, 36, 36, 35, 35, 34, 34, 33, 33, 32, 32, 31, 31, 30, 30, 29, 29, 28, 28, 27, 27, 26, 26, 25, 25, 24, 24, 23, 23, 22, 22, 21, 21, 20, 20, 19, 19, 18, 18, 17, 17, 16, 16, 15, 15, 14, 14, 13, 13, 12, 12, 11, 11, 10, 10, 9, 9, 8, 8, 7, 7, 6, 6, 5, 5, 4, 4, 3, 3, 2, 2, 1, 1, 0, 0], "b_moves_left": [40, 39, 39, 38, 38, 37, 37, 36, 36, 35, 35, 34, 34, 33, 33, 32, 32, 31, 31, 30, 30, 29, 29, 28, 28, 27, 27, 26, 26, 25, 25, 24, 24, 23, 23, 22, 22, 21, 21, 20, 20, 19, 19, 18, 18, 17, 17, 16, 16, 15, 15, 14, 14, 13, 13, 12, 12, 11, 11, 10, 10, 9, 9, 8, 8, 7, 7, 6, 6, 5, 5, 4, 4, 3, 3, 2, 2, 1, 1, 0], "trapdoor_triggered": [0, 0, 0, 0, 0, 0, 0, 0, 0, 0, 0, 0, 0, 0, 0, 0, 0, 0, 0, 0, 0, 0, 0, 0, 0, 0, 0, 0, 0, 0, 0, 0, 0, 0, 0, 0, 0, 0, 0, 0, 0, 0, 0, 0, 0, 0, 0, 0, 0, 0, 0, 0, 0, 0, 0, 0, 0, 0, 0, 0, 0, 0, 0, 0, 0, 0, 0, 0, 0, 0, 0, 0, 0, 0, 0, 0, 0, 0, 0, 0], "left_behind": ["egg", "egg", "plain", "plain", "egg", "egg", "plain", "plain", "egg", "egg", "plain", "plain", "egg", "egg", "plain", "plain", "egg", "egg", "plain", "plain", "plain", "egg", "plain", "plain", "egg", "plain", "plain", "plain", "egg", "egg", "plain", "plain", "egg", "egg", "plain", "plain", "egg", "plain", "plain", "plain", "egg", "plain", "plain", "plain", "egg", "egg", "plain", "plain", "egg", "egg", "plain", "plain", "plain", "egg", "plain", "plain", "plain", "egg", "plain", "plain", "plain", "egg", "plain", "plain", "plain", "egg", "plain", "plain", "plain", "egg", "plain", "plain", "plain", "egg", "plain", "plain", "plain", "plain", "plain", "plain"], "errlog_a": "", "errlog_b": "", "start_time": 360, "start_moves": 40, "turn_count": 80, "result": 1, "reason": "EGGS_LAID", "trapdoors": [[4, 4], [3, 4]], "spawn_a": [0, 2], "spawn_b": [7, 2]}