{"pos": [[1, 2], [6, 2], [1, 1], [6, 1], [1, 0], [7, 1], [0, 0], [7, 0], [1, 0], [6, 0], [2, 0], [5, 0], [3, 0], [5, 1], [3, 1], [4, 1], [3, 2], [4, 0], [3, 1], [3, 0], [2, 1], [4, 0], [2, 2], [4, 1], [3, 2], [4, 2], [2, 2], [5, 2], [1, 2], [5, 3], [1, 3], [6, 3], [1, 4], [7, 3], [2, 4], [7, 4], [3, 4], [7, 5], [4, 4], [6, 5], [4, 3], [6, 6], [5, 3], [5, 6], [5, 4], [4, 6], [5, 5], [4, 5], [5, 4], [3, 5], [6, 4], [3, 6], [5, 4], [2, 6], [5, 5], [2, 5], [5, 4], [1, 5], [4, 4], [1, 4], [3, 4], [0, 4], [3, 5], [0, 5], [3, 4], [0, 6], [3, 5], [1, 6], [3, 4], [1, 7], [2, 4], [2, 7], [3, 4], [3, 7], [3, 5], [4, 7], [3, 4], [5, 7], [4, 4], [6, 7]], "a_eggs_laid": [1, 1, 1, 1, 2, 2, 2, 2, 5, 5, 5, 5, 6, 6, 6, 6, 7, 7, 7, 7, 7, 7, 7, 7, 8, 8, 8, 8, 8, 8, 8, 8, 9, 9, 9, 9, 10, 10, 10, 10, 11, 11, 11, 11, 12, 12, 12, 12, 13, 13, 13, 13, 14, 14, 14, 14, 14, 14, 14, 14, 14, 14, 14, 14, 15, 15, 15, 15, 15, 15, 15, 15, 15, 15, 15, 15, 15, 15, 15, 15], "b_eggs_laid": [0, 1, 1, 1, 1, 2, 2, 2, 2, 5, 5, 5, 5, 6, 6, 6, 6, 7, 7, 7, 7, 8, 8, 8, 8, 8, 8, 8, 8, 9, 9, 9, 9, 10, 10, 10, 10, 11, 11, 11, 11, 12, 12, 12, 12, 13, 13, 13, 13, 14, 14, 14, 14, 15, 15, 15, 15, 16, 16, 16, 16, 17, 17, 17, 17, 18, 18, 18, 18, 19, 19, 19, 19, 20, 20, 20, 20, 21, 21, 21], "a_turds_left": [5, 5, 5, 5, 5, 5, 5, 5, 5, 5, 5, 5, 5, 5, 5, 5, 5, 5, 5, 5, 5, 5, 5, 5, 5, 5, 5, 5, 5, 5, 5, 5, 5, 5, 5, 5, 5, 5, 5, 5, 5, 5, 5, 5, 5, 5, 5, 5, 5, 5, 5, 5, 5, 5, 5, 5, 5, 5, 5, 5, 5, 5, 5, 5, 5, 5, 5, 5, 5, 5, 5, 5, 5, 5, 5, 5, 5, 5, 5, 5], "b_turds_left": [5, 5, 5, 5, 5, 5, 5, 5, 5, 5, 5, 5, 5, 5, 5, 5, 5, 5, 5, 5, 5, 5, 5, 5, 5, 5, 5, 5, 5, 5, 5, 5, 5, 5, 5, 5, 5, 5, 5, 5, 5, 5, 5, 5, 5, 5, 5, 5, 5, 5, 5, 5, 5, 5, 5, 5, 5, 5, 5, 5, 5, 5, 5, 5, 5, 5, 5, 5, 5, 5, 5, 5, 5, 5, 5, 5, 5, 5, 5, 5], "a_time_left": [359.99614666600246, 359.99614666600246, 359.994338249031, 359.994338249031, 359.99114916601684, 359.99114916601684, 359.9899337910465, 359.9899337910465, 359.9882687080535, 359.9882687080535, 359.9875170830637, 359.9875170830637, 359.9851415830781, 359.9851415830781, 359.98394191707484, 359.98394191707484, 359.9838143750676, 359.9838143750676, 359.9836973340716, 359.9836973340716, 359.98361445910996, 359.98361445910996, 359.98350804211805, 359.98350804211805, 359.9833875421318, 359.9833875421318, 359.98331554216566, 359.98331554216566, 359.9830832922016, 359.9830832922016, 359.98281220922945, 359.98281220922945, 359.98250216722954, 359.98250216722954, 359.98223550023977, 359.98223550023977, 359.9819392502541, 359.9819392502541, 359.98170387523714, 359.98170387523714, 359.98139504127903, 359.98139504127903, 359.9811195412767, 359.9811195412767, 359.9809006242431, 359.9809006242431, 359.980648874247, 359.980648874247, 359.98056733224075, 359.98056733224075, 359.98031745722983, 359.98031745722983, 359.98010466620326, 359.98010466620326, 359.97987033217214, 359.97987033217214, 359.9796973321354, 359.9796973321354, 359.9794564161566, 359.9794564161566, 359.9792582501541, 359.9792582501541, 359.9790121251717, 359.9790121251717, 359.97880375018576, 359.97880375018576, 359.97870362520916, 359.97870362520916, 359.9786410421948, 359.9786410421948, 359.97853941714857, 359.97853941714857, 359.9784734591376, 359.9784734591376, 359.9783610421, 359.9783610421, 359.97830283408985, 359.97830283408985, 359.9782055420801, 359.9782055420801], "b_time_left": [360, 359.99646950000897, 359.99646950000897, 359.99470837495755, 359.99470837495755, 359.9916176669649, 359.9916176669649, 359.990835124976, 359.990835124976, 359.98917241598247, 359.98917241598247, 359.9884065829683, 359.9884065829683, 359.98602666601073, 359.98602666601073, 359.9856507490622, 359.9856507490622, 359.985486374062, 359.985486374062, 359.98536862409674, 359.98536862409674, 359.9852566240588, 359.9852566240588, 359.98513254110003, 359.98513254110003, 359.98501337406924, 359.98501337406924, 359.984693999053, 359.984693999053, 359.984548874083, 359.984548874083, 359.98425254103495, 359.98425254103495, 359.98390379105695, 359.98390379105695, 359.98365387506783, 359.98365387506783, 359.9833960410906, 359.9833960410906, 359.9831802500412, 359.9831802500412, 359.9828030420467, 359.9828030420467, 359.9825362090487, 359.9825362090487, 359.98221375007415, 359.98221375007415, 359.9819016251131, 359.9819016251131, 359.98167079215636, 359.98167079215636, 359.98139554215595, 359.98139554215595, 359.98108816717286, 359.98108816717286, 359.980847834202, 359.980847834202, 359.9805750421947, 359.9805750421947, 359.9803119171993, 359.9803119171993, 359.9800649592071, 359.9800649592071, 359.97983920917613, 359.97983920917613, 359.9795723761781, 359.9795723761781, 359.9794741681544, 359.9794741681544, 359.9793600021512, 359.9793600021512, 359.97928129317006, 359.97928129317006, 359.9791818342055, 359.9791818342055, 359.9790947091533, 359.9790947091533, 359.97899304213934, 359.97899304213934, 359.9789122081711], "a_moves_left": [39, 39, 38, 38, 37, 37, 36, 36, 35, 35, 34, 34, 33, 33, 32, 32, 31, 31, 30, 30, 29, 29, 28, 28, 27, 27, 26, 26, 25, 25, 24, 24, 23, 23, 22, 22, 21, 21, 20, 20, 19, 19, 18, 18, 17, 17, 16, 16, 15, 15, 14, 14, 13, 13, 12, 12, 11, 11, 10, 10, 9, 9, 8, 8, 7, 7, 6, 6, 5, 5, 4, 4, 3, 3, 2, 2, 1, 1, 0, 0], "b_moves_left": [40, 39, 39, 38, 38, 37, 37, 36, 36, 35, 35, 34, 34, 33, 33, 32, 32, 31, 31, 30, 30, 29, 29, 28, 28, 27, 27, 26, 26, 25, 25, 24, 24, 23, 23, 22, 22, 21, 21, 20, 20, 19, 19, 18, 18, 17, 17, 16, 16, 15, 15, 14, 14, 13, 13, 12, 12, 11, 11, 10, 10, 9, 9, 8, 8, 7, 7, 6, 6, 5, 5, 4, 4, 3, 3, 2, 2, 1, 1, 0], "trapdoor_triggered": [0, 0, 0, 0, 0, 0, 0, 0, 0, 0, 0, 0, 0, 0, 0, 0, 0, 0, 0, 0, 0, 0, 0, 0, 0, 0, 0, 0, 0, 0, 0, 0, 0, 0, 0, 0, 0, 0, 0, 0, 0, 0, 0, 0, 0, 0, 0, 0, 0, 0, 0, 0, 0, 0, 0, 0, 0, 0, 0, 0, 0, 0, 0, 0, 0, 0, 0, 0, 0, 0, 0, 0, 0, 0, 0, 0, 0, 0, 0, 0], "left_behind": ["egg", "egg", "plain", "plain", "egg", "egg", "plain", "plain", "egg", "egg", "plain", "plain", "egg", "egg", "plain", "plain", "egg", "egg", "plain", "plain", "plain", "egg", "plain", "plain", "egg", "plain", "plain", "plain", "plain", "egg", "plain", "plain", "egg", "egg", "plain", "plain", "egg", "egg", "plain", "plain", "egg", "egg", "plain", "plain", "egg", "egg", "plain", "plain", "egg", "egg", "plain", "plain", "egg", "egg", "plain", "plain", "plain", "egg", "plain", "plain", "plain", "egg", "plain", "plain", "egg", "egg", "plain", "plain", "plain", "egg", "plain", "plain", "plain", "egg", "plain", "plain", "plain", "egg", "plain", "plain"], "errlog_a": "", "errlog_b": "", "start_time": 360, "start_moves": 40, "turn_count": 80, "result": 1, "reason": "EGGS_LAID", "trapdoors": [[3, 3], [2, 3]], "spawn_a": [0, 2], "spawn_b": [7, 2]}