{"pos": [[6, 5], [1, 5], [6, 4], [1, 4], [7, 4], [0, 4], [7, 3], [0, 3], [6, 3], [1, 3], [6, 2], [1, 2], [7, 2], [0, 2], [7, 1], [0, 1], [7, 0], [1, 1], [6, 0], [2, 1], [6, 1], [2, 0], [5, 1], [3, 0], [4, 1], [3, 1], [4, 2], [4, 1], [4, 3], [4, 0], [3, 3], [5, 0], [3, 2], [4, 0], [3, 1], [4, 1], [3, 2], [4, 0], [2, 2], [3, 0], [2, 3], [2, 0], [2, 4], [1, 0], [3, 4], [0, 0], [3, 5], [1, 0], [4, 5], [1, 1], [5, 5], [2, 1], [5, 4], [1, 1], [5, 3], [1, 2], [6, 3], [1, 3], [5, 3], [2, 3], [4, 3], [1, 3], [3, 3], [2, 3], [3, 4], [1, 3], [2, 4], [1, 4], [2, 5], [1, 5], [2, 6], [2, 5], [3, 6], [1, 5], [4, 6], [1, 6], [5, 6], [0, 6], [6, 6], [0, 7]], "a_eggs_laid": [1, 1, 1, 1, 2, 2, 2, 2, 3, 3, 3, 3, 4, 4, 4, 4, 5, 5, 5, 5, 6, 6, 6, 6, 7, 7, 7, 7, 8, 8, 8, 8, 9, 9, 9, 9, 10, 10, 10, 10, 11, 11, 11, 11, 12, 12, 12, 12, 13, 13, 13, 13, 14, 14, 14, 14, 15, 15, 15, 15, 15, 15, 15, 15, 15, 15, 15, 15, 15, 15, 15, 15, 16, 16, 16, 16, 17, 17, 17, 17], "b_eggs_laid": [0, 1, 1, 1, 1, 2, 2, 2, 2, 3, 3, 3, 3, 4, 4, 4, 4, 5, 5, 5, 5, 6, 6, 6, 6, 7, 7, 7, 7, 8, 8, 8, 8, 9, 9, 9, 9, 9, 9, 9, 9, 9, 9, 9, 9, 10, 10, 10, 10, 10, 10, 10, 10, 10, 10, 10, 10, 10, 10, 10, 10, 11, 11, 11, 11, 11, 11, 11, 11, 11, 11, 11, 11, 12, 12, 12, 12, 13, 13, 13], "a_turds_left": [5, 5, 5, 5, 5, 5, 5, 5, 5, 5, 5, 5, 5, 5, 5, 5, 5, 5, 5, 5, 5, 5, 5, 5, 5, 5, 5, 5, 5, 5, 5, 5, 5, 5, 5, 5, 5, 5, 5, 5, 5, 5, 5, 5, 5, 5, 5, 5, 5, 5, 5, 5, 5, 5, 5, 5, 5, 5, 5, 5, 5, 5, 5, 5, 5, 5, 5, 5, 5, 5, 5, 5, 5, 5, 5, 5, 5, 5, 5, 5], "b_turds_left": [5, 5, 5, 5, 5, 5, 5, 5, 5, 5, 5, 5, 5, 5, 5, 5, 5, 5, 5, 5, 5, 5, 5, 5, 5, 5, 5, 5, 5, 5, 5, 5, 5, 5, 5, 5, 5, 5, 5, 5, 5, 5, 5, 5, 5, 5, 5, 5, 5, 5, 5, 5, 5, 5, 5, 5, 5, 5, 5, 5, 5, 5, 5, 5, 5, 5, 5, 5, 5, 5, 5, 5, 5, 5, 5, 5, 5, 5, 5, 5], "a_time_left": [359.9961815419956, 359.9961815419956, 359.99440091697033, 359.99440091697033, 359.99118700099643, 359.99118700099643, 359.9903924589744, 359.9903924589744, 359.98801045899745, 359.98801045899745, 359.9867344169761, 359.9867344169761, 359.9855425829883, 359.9855425829883, 359.9854316239944, 359.9854316239944, 359.9853281659889, 359.9853281659889, 359.98523749999003, 359.98523749999003, 359.9851362920017, 359.9851362920017, 359.9850317920209, 359.9850317920209, 359.9849254169967, 359.9849254169967, 359.9848438749905, 359.9848438749905, 359.9847556669847, 359.9847556669847, 359.9846627919469, 359.9846627919469, 359.98454941698583, 359.98454941698583, 359.9844607510022, 359.9844607510022, 359.9844046679791, 359.9844046679791, 359.9843239180045, 359.9843239180045, 359.98424812598387, 359.98424812598387, 359.9841703759739, 359.9841703759739, 359.98407662595855, 359.98407662595855, 359.9839834589511, 359.9839834589511, 359.9838890839601, 359.9838890839601, 359.9838085009833, 359.9838085009833, 359.9837103349855, 359.9837103349855, 359.98363187600626, 359.98363187600626, 359.9835313350195, 359.9835313350195, 359.98345100099687, 359.98345100099687, 359.98337525100214, 359.98337525100214, 359.9832965009846, 359.9832965009846, 359.983229542966, 359.983229542966, 359.9831410429324, 359.9831410429324, 359.9830832519219, 359.9830832519219, 359.9830239599105, 359.9830239599105, 359.9829470429104, 359.9829470429104, 359.98286566796014, 359.98286566796014, 359.9827681260067, 359.9827681260067, 359.9826830010279, 359.9826830010279], "b_time_left": [360, 359.99632987502264, 359.99632987502264, 359.99458533298457, 359.99458533298457, 359.9909309159848, 359.9909309159848, 359.9901700000046, 359.9901700000046, 359.9877641249914, 359.9877641249914, 359.9872435000143, 359.9872435000143, 359.98604774998967, 359.98604774998967, 359.9857553750044, 359.9857553750044, 359.9856257920037, 359.9856257920037, 359.98549437499605, 359.98549437499605, 359.9851271669613, 359.9851271669613, 359.98501429194584, 359.98501429194584, 359.9848940419615, 359.9848940419615, 359.9847552499268, 359.9847552499268, 359.984647708945, 359.984647708945, 359.9845441249199, 359.9845441249199, 359.9844600839424, 359.9844600839424, 359.9843585839262, 359.9843585839262, 359.9842814588919, 359.9842814588919, 359.9841919178725, 359.9841919178725, 359.98411554284394, 359.98411554284394, 359.98402858385816, 359.98402858385816, 359.98392762587173, 359.98392762587173, 359.9838518338511, 359.9838518338511, 359.9837621258921, 359.9837621258921, 359.98364770883927, 359.98364770883927, 359.98357241781196, 359.98357241781196, 359.98347637581173, 359.98347637581173, 359.9833925428102, 359.9833925428102, 359.98329650080996, 359.98329650080996, 359.98322200076655, 359.98322200076655, 359.9831135008135, 359.9831135008135, 359.98304933379404, 359.98304933379404, 359.9829525008099, 359.9829525008099, 359.98286083480343, 359.98286083480343, 359.9827622937737, 359.9827622937737, 359.98269062675536, 359.98269062675536, 359.9825981267495, 359.9825981267495, 359.98249616875546, 359.98249616875546, 359.9823927517864], "a_moves_left": [39, 39, 38, 38, 37, 37, 36, 36, 35, 35, 34, 34, 33, 33, 32, 32, 31, 31, 30, 30, 29, 29, 28, 28, 27, 27, 26, 26, 25, 25, 24, 24, 23, 23, 22, 22, 21, 21, 20, 20, 19, 19, 18, 18, 17, 17, 16, 16, 15, 15, 14, 14, 13, 13, 12, 12, 11, 11, 10, 10, 9, 9, 8, 8, 7, 7, 6, 6, 5, 5, 4, 4, 3, 3, 2, 2, 1, 1, 0, 0], "b_moves_left": [40, 39, 39, 38, 38, 37, 37, 36, 36, 35, 35, 34, 34, 33, 33, 32, 32, 31, 31, 30, 30, 29, 29, 28, 28, 27, 27, 26, 26, 25, 25, 24, 24, 23, 23, 22, 22, 21, 21, 20, 20, 19, 19, 18, 18, 17, 17, 16, 16, 15, 15, 14, 14, 13, 13, 12, 12, 11, 11, 10, 10, 9, 9, 8, 8, 7, 7, 6, 6, 5, 5, 4, 4, 3, 3, 2, 2, 1, 1, 0], "trapdoor_triggered": [0, 0, 0, 0, 0, 0, 0, 0, 0, 0, 0, 0, 0, 0, 0, 0, 0, 0, 0, 0, 0, 0, 0, 0, 0, 0, 0, 0, 0, 0, 0, 0, 0, 0, 0, 0, 0, 0, 0, 0, 0, 0, 0, 0, 0, 0, 0, 0, 0, 0, 0, 0, 0, 0, 0, 0, 0, 0, 0, 0, 0, 0, 0, 0, 0, 0, 0, 0, 0, 0, 0, 0, 0, 0, 0, 0, 0, 0, 0, 0], "left_behind": ["egg", "egg", "plain", "plain", "egg", "egg", "plain", "plain", "egg", "egg", "plain", "plain", "egg", "egg", "plain", "plain", "egg", "egg", "plain", "plain", "egg", "egg", "plain", "plain", "egg", "egg", "plain", "plain", "egg", "egg", "plain", "plain", "egg", "egg", "plain", "plain", "egg", "plain", "plain", "plain", "egg", "plain", "plain", "plain", "egg", "egg", "plain", "plain", "egg", "plain", "plain", "plain", "egg", "plain", "plain", "plain", "egg", "plain", "plain", "plain", "plain", "egg", "plain", "plain", "plain", "plain", "plain", "plain", "plain", "plain", "plain", "plain", "egg", "egg", "plain", "plain", "egg", "egg", "plain", "plain"], "errlog_a": "", "errlog_b": "", "start_time": 360, "start_moves": 40, "turn_count": 80, "result": 0, "reason": "EGGS_LAID", "trapdoors": [[4, 4], [5, 2]], "spawn_a": [7, 5], "spawn_b": [0, 5]}