{"pos": [[1, 2], [6, 2], [1, 1], [6, 1], [0, 1], [6, 0], [0, 0], [7, 0], [1, 0], [7, 1], [2, 0], [6, 1], [2, 1], [5, 1], [3, 1], [4, 1], [3, 0], [4, 2], [4, 0], [5, 2], [5, 0], [5, 1], [6, 0], [5, 0]], "a_eggs_laid": [1, 1, 1, 1, 2, 2, 2, 2, 5, 5, 5, 5, 6, 6, 6, 6, 7, 7, 7, 7, 8, 8, 8, 8], "b_eggs_laid": [0, 1, 1, 1, 1, 2, 2, 2, 2, 5, 5, 5, 5, 5, 5, 5, 5, 6, 6, 6, 6, 7, 7, 12], "a_turds_left": [5, 5, 5, 5, 5, 5, 5, 5, 5, 5, 5, 5, 5, 5, 5, 5, 5, 5, 5, 5, 5, 5, 5, 5], "b_turds_left": [5, 5, 5, 5, 5, 5, 5, 5, 5, 5, 5, 5, 5, 5, 5, 5, 5, 5, 5, 5, 5, 5, 5, 5], "a_time_left": [359.99622154200915, 359.99622154200915, 359.99445541697787, 359.99445541697787, 359.9912167089642, 359.9912167089642, 359.99042908399133, 359.99042908399133, 359.9897357089794, 359.9897357089794, 359.98896241694456, 359.98896241694456, 359.98649737495, 359.98649737495, 359.986348458915, 359.986348458915, 359.9862294589402, 359.9862294589402, 359.9861172499368, 359.9861172499368, 359.98600762488786, 359.98600762488786, 359.9859164998634, 359.9859164998634], "b_time_left": [360, 359.9964316249825, 359.9964316249825, 359.99469941703137, 359.99469941703137, 359.99160820804536, 359.99160820804536, 359.99038587504765, 359.99038587504765, 359.9887659580563, 359.9887659580563, 359.9878614990157, 359.9878614990157, 359.98687049903674, 359.98687049903674, 359.9862275820342, 359.9862275820342, 359.98611237405566, 359.98611237405566, 359.9860104570398, 359.9860104570398, 359.9858875820646, 359.9858875820646, 359.9857817070442], "a_moves_left": [39, 39, 38, 38, 37, 37, 36, 36, 35, 35, 34, 34, 33, 33, 32, 32, 31, 31, 30, 30, 29, 29, 28, 28], "b_moves_left": [40, 39, 39, 38, 38, 37, 37, 36, 36, 35, 35, 34, 34, 33, 33, 32, 32, 31, 31, 30, 30, 29, 29, 28], "trapdoor_triggered": [0, 0, 0, 0, 0, 0, 0, 0, 0, 0, 0, 0, 0, 0, 0, 0, 0, 0, 0, 0, 0, 0, 0, 0], "left_behind": ["egg", "egg", "plain", "plain", "egg", "egg", "plain", "plain", "egg", "egg", "plain", "plain", "egg", "plain", "plain", "plain", "egg", "egg", "plain", "plain", "egg", "egg", "plain", "plain"], "errlog_a": "", "errlog_b": "", "start_time": 360, "start_moves": 40, "turn_count": 24, "result": 1, "reason": "BLOCKING_END", "trapdoors": [[5, 3], [5, 4]], "spawn_a": [0, 2], "spawn_b": [7, 2]}