{"pos": [[6, 5], [1, 5], [6, 4], [1, 4], [7, 4], [0, 4], [7, 3], [0, 3], [6, 3], [1, 3], [6, 2], [1, 2], [7, 2], [0, 2], [7, 1], [0, 1], [7, 0], [1, 1], [6, 0], [2, 1], [6, 1], [2, 0], [5, 1], [3, 0], [5, 0], [3, 1], [4, 0], [4, 1], [5, 0], [3, 1], [5, 1], [2, 1], [6, 1], [2, 2], [6, 2], [2, 3], [7, 2], [0, 5], [7, 1], [0, 6], [7, 0], [1, 6], [6, 0], [1, 5], [6, 1], [2, 5], [6, 2], [0, 5], [6, 3], [0, 4], [5, 3], [1, 4], [5, 2], [1, 3], [4, 2], [1, 2], [3, 2], [2, 2], [3, 1], [3, 2]], "a_eggs_laid": [1, 1, 1, 1, 2, 2, 2, 2, 3, 3, 3, 3, 4, 4, 4, 4, 5, 5, 5, 5, 6, 6, 6, 6, 7, 7, 7, 7, 8, 8, 8, 8, 8, 8, 8, 8, 8, 8, 12, 12, 12, 12, 12, 12, 12, 12, 12, 12, 16, 16, 16, 16, 17, 17, 17, 17, 18, 18, 18, 18], "b_eggs_laid": [0, 1, 1, 1, 1, 2, 2, 2, 2, 3, 3, 3, 3, 4, 4, 4, 4, 5, 5, 5, 5, 6, 6, 6, 6, 7, 7, 7, 7, 8, 8, 8, 8, 8, 8, 8, 8, 9, 9, 9, 9, 9, 9, 10, 10, 10, 10, 11, 11, 11, 11, 11, 11, 11, 11, 11, 11, 11, 11, 16], "a_turds_left": [5, 5, 5, 5, 5, 5, 5, 5, 5, 5, 5, 5, 5, 5, 5, 5, 5, 5, 5, 5, 5, 5, 5, 5, 5, 5, 5, 5, 5, 5, 5, 5, 5, 5, 5, 5, 5, 5, 5, 5, 5, 5, 5, 5, 5, 5, 5, 5, 5, 5, 5, 5, 5, 5, 5, 5, 5, 5, 5, 5], "b_turds_left": [5, 5, 5, 5, 5, 5, 5, 5, 5, 5, 5, 5, 5, 5, 5, 5, 5, 5, 5, 5, 5, 5, 5, 5, 5, 5, 5, 5, 5, 5, 5, 5, 5, 5, 5, 5, 5, 5, 5, 5, 5, 5, 5, 5, 5, 5, 5, 5, 5, 5, 5, 5, 5, 5, 5, 5, 5, 5, 5, 5], "a_time_left": [359.99745116598206, 359.99745116598206, 359.9956240829779, 359.9956240829779, 359.9923125829664, 359.9923125829664, 359.9914866249892, 359.9914866249892, 359.9891314160195, 359.9891314160195, 359.9875787490164, 359.9875787490164, 359.9843670820119, 359.9843670820119, 359.98406374896877, 359.98406374896877, 359.983922082989, 359.983922082989, 359.98369195795385, 359.98369195795385, 359.9833868329297, 359.9833868329297, 359.98326141695725, 359.98326141695725, 359.9831305419211, 359.9831305419211, 359.9830286249053, 359.9830286249053, 359.9829374589026, 359.9829374589026, 359.9828317919164, 359.9828317919164, 359.98274137591943, 359.98274137591943, 359.9826390009257, 359.9826390009257, 359.9825402928982, 359.9825402928982, 359.9824389179121, 359.9824389179121, 359.9823410428944, 359.9823410428944, 359.98225479293615, 359.98225479293615, 359.9821682089241, 359.9821682089241, 359.98206595896045, 359.98206595896045, 359.9819716679631, 359.9819716679631, 359.98186837590765, 359.98186837590765, 359.98175008391263, 359.98175008391263, 359.9816509169177, 359.9816509169177, 359.98153858387377, 359.98153858387377, 359.98145729186945, 359.98145729186945], "b_time_left": [360, 359.99625924997963, 359.99625924997963, 359.9945006670314, 359.9945006670314, 359.99127341702115, 359.99127341702115, 359.9905073340051, 359.9905073340051, 359.9880495839752, 359.9880495839752, 359.9867952509667, 359.9867952509667, 359.9827493339544, 359.9827493339544, 359.9824591249344, 359.9824591249344, 359.9821464999113, 359.9821464999113, 359.9818403329118, 359.9818403329118, 359.9816787499003, 359.9816787499003, 359.98155966587365, 359.98155966587365, 359.9814367488725, 359.9814367488725, 359.98132729087956, 359.98132729087956, 359.98122199985664, 359.98122199985664, 359.9810955838766, 359.9810955838766, 359.9809985838947, 359.9809985838947, 359.98089866689406, 359.98089866689406, 359.98077941685915, 359.98077941685915, 359.98068224982126, 359.98068224982126, 359.98059220879804, 359.98059220879804, 359.98048170877155, 359.98048170877155, 359.98039395880187, 359.98039395880187, 359.9802844178048, 359.9802844178048, 359.980206875829, 359.980206875829, 359.98011962586315, 359.98011962586315, 359.98003741784487, 359.98003741784487, 359.9799533758778, 359.9799533758778, 359.9798765418818, 359.9798765418818, 359.97978329187026], "a_moves_left": [39, 39, 38, 38, 37, 37, 36, 36, 35, 35, 34, 34, 33, 33, 32, 32, 31, 31, 30, 30, 29, 29, 28, 28, 27, 27, 26, 26, 25, 25, 24, 24, 23, 23, 22, 22, 21, 21, 20, 20, 19, 19, 18, 18, 17, 17, 16, 16, 15, 15, 14, 14, 13, 13, 12, 12, 11, 11, 10, 10], "b_moves_left": [40, 39, 39, 38, 38, 37, 37, 36, 36, 35, 35, 34, 34, 33, 33, 32, 32, 31, 31, 30, 30, 29, 29, 28, 28, 27, 27, 26, 26, 25, 25, 24, 24, 23, 23, 22, 22, 21, 21, 20, 20, 19, 19, 18, 18, 17, 17, 16, 16, 15, 15, 14, 14, 13, 13, 12, 12, 11, 11, 10], "trapdoor_triggered": [0, 0, 0, 0, 0, 0, 0, 0, 0, 0, 0, 0, 0, 0, 0, 0, 0, 0, 0, 0, 0, 0, 0, 0, 0, 0, 0, 0, 0, 0, 0, 0, 0, 0, 0, 0, 0, 1, 0, 0, 0, 0, 0, 0, 0, 0, 0, 1, 0, 0, 0, 0, 0, 0, 0, 0, 0, 0, 0, 0], "left_behind": ["egg", "egg", "plain", "plain", "egg", "egg", "plain", "plain", "egg", "egg", "plain", "plain", "egg", "egg", "plain", "plain", "egg", "egg", "plain", "plain", "egg", "egg", "plain", "plain", "egg", "egg", "plain", "plain", "egg", "egg", "plain", "plain", "plain", "plain", "plain", "plain", "plain", "egg", "plain", "plain", "plain", "plain", "plain", "egg", "plain", "plain", "plain", "egg", "plain", "plain", "plain", "plain", "egg", "plain", "plain", "plain", "egg", "plain", "plain", "plain"], "errlog_a": "", "errlog_b": "", "start_time": 360, "start_moves": 40, "turn_count": 60, "result": 0, "reason": "BLOCKING_END", "trapdoors": [[2, 4], [4, 3]], "spawn_a": [7, 5], "spawn_b": [0, 5]}