{"pos": [[1, 4], [6, 4], [1, 3], [6, 3], [1, 4], [7, 3], [1, 5], [7, 2], [1, 6], [6, 2], [2, 6], [6, 1], [3, 6], [6, 2], [3, 7], [5, 2], [4, 7], [5, 3], [4, 6], [5, 4], [4, 5], [5, 5], [3, 5], [6, 5], [4, 5], [6, 6], [5, 5], [5, 6], [4, 5], [5, 7], [4, 4], [4, 7], [4, 3], [5, 7], [4, 4], [6, 7], [4, 3], [7, 7], [5, 3], [7, 6], [4, 3], [7, 5], [5, 3], [6, 5], [4, 3], [6, 4], [5, 3], [6, 3], [4, 3], [7, 3], [4, 4], [7, 4], [4, 5], [7, 5], [5, 5], [7, 6], [4, 5], [6, 6], [4, 6], [5, 6], [3, 6], [6, 6], [3, 5], [6, 7], [2, 5], [7, 7], [2, 4], [7, 6], [2, 3], [7, 5], [2, 2], [6, 5], [2, 1], [6, 4], [3, 1], [5, 4], [4, 1], [6, 4], [5, 1], [6, 3]], "a_eggs_laid": [1, 1, 1, 1, 2, 2, 2, 2, 3, 3, 3, 3, 4, 4, 4, 4, 5, 5, 5, 5, 6, 6, 6, 6, 7, 7, 7, 7, 8, 8, 8, 8, 9, 9, 9, 9, 9, 9, 9, 9, 10, 10, 10, 10, 10, 10, 10, 10, 10, 10, 10, 10, 10, 10, 10, 10, 10, 10, 10, 10, 10, 10, 10, 10, 10, 10, 10, 10, 11, 11, 11, 11, 12, 12, 12, 12, 13, 13, 13, 13], "b_eggs_laid": [0, 1, 1, 1, 1, 2, 2, 2, 2, 3, 3, 3, 3, 4, 4, 4, 4, 5, 5, 5, 5, 6, 6, 6, 6, 7, 7, 7, 7, 8, 8, 8, 8, 9, 9, 9, 9, 10, 10, 10, 10, 11, 11, 11, 11, 11, 11, 11, 11, 11, 11, 11, 11, 11, 11, 11, 11, 11, 11, 11, 11, 11, 11, 11, 11, 11, 11, 11, 11, 11, 11, 11, 11, 11, 11, 11, 11, 11, 11, 11], "a_turds_left": [5, 5, 5, 5, 5, 5, 5, 5, 5, 5, 5, 5, 5, 5, 5, 5, 5, 5, 5, 5, 5, 5, 5, 5, 5, 5, 5, 5, 5, 5, 5, 5, 5, 5, 5, 5, 5, 5, 5, 5, 5, 5, 5, 5, 5, 5, 5, 5, 5, 5, 5, 5, 5, 5, 5, 5, 5, 5, 5, 5, 5, 5, 5, 5, 5, 5, 5, 5, 5, 5, 5, 5, 5, 5, 5, 5, 5, 5, 5, 5], "b_turds_left": [5, 5, 5, 5, 5, 5, 5, 5, 5, 5, 5, 5, 5, 5, 5, 5, 5, 5, 5, 5, 5, 5, 5, 5, 5, 5, 5, 5, 5, 5, 5, 5, 5, 5, 5, 5, 5, 5, 5, 5, 5, 5, 5, 5, 5, 5, 5, 5, 5, 5, 5, 5, 5, 5, 5, 5, 5, 5, 5, 5, 5, 5, 5, 5, 5, 5, 5, 5, 5, 5, 5, 5, 5, 5, 5, 5, 5, 5, 5, 5], "a_time_left": [359.998345250031, 359.998345250031, 359.99656358303037, 359.99656358303037, 359.99339512508595, 359.99339512508595, 359.9919130000635, 359.9919130000635, 359.9887893330306, 359.9887893330306, 359.98711891600396, 359.98711891600396, 359.9840093739913, 359.9840093739913, 359.9823397069704, 359.9823397069704, 359.98204212397104, 359.98204212397104, 359.9817773330142, 359.9817773330142, 359.9814257500111, 359.9814257500111, 359.9813229580177, 359.9813229580177, 359.9811832080595, 359.9811832080595, 359.98107179102954, 359.98107179102954, 359.9809919160325, 359.9809919160325, 359.98087012401083, 359.98087012401083, 359.9807328740135, 359.9807328740135, 359.98061449901434, 359.98061449901434, 359.9805184570141, 359.9805184570141, 359.98037349799415, 359.98037349799415, 359.98028041399084, 359.98028041399084, 359.9801554559963, 359.9801554559963, 359.98008974804543, 359.98008974804543, 359.9798921230249, 359.9798921230249, 359.9798205400002, 359.9798205400002, 359.9795657899813, 359.9795657899813, 359.9794756649644, 359.9794756649644, 359.9791969979415, 359.9791969979415, 359.97904699796345, 359.97904699796345, 359.97881599795073, 359.97881599795073, 359.97864624799695, 359.97864624799695, 359.97838803904597, 359.97838803904597, 359.978155206074, 359.978155206074, 359.97790645604255, 359.97790645604255, 359.97761095600436, 359.97761095600436, 359.9772615810507, 359.9772615810507, 359.9769096640521, 359.9769096640521, 359.9766539140255, 359.9766539140255, 359.97633370605763, 359.97633370605763, 359.9760960810818, 359.9760960810818], "b_time_left": [360, 359.9981754999608, 359.9981754999608, 359.9969054169487, 359.9969054169487, 359.9936367509654, 359.9936367509654, 359.9931020429358, 359.9931020429358, 359.99216616794, 359.99216616794, 359.99089145992184, 359.99089145992184, 359.98934104287764, 359.98934104287764, 359.98842783487635, 359.98842783487635, 359.9880233348813, 359.9880233348813, 359.98773983487627, 359.98773983487627, 359.98760120989755, 359.98760120989755, 359.987485668913, 359.987485668913, 359.9873478768859, 359.9873478768859, 359.98724183486775, 359.98724183486775, 359.9871406268794, 359.9871406268794, 359.98698987683747, 359.98698987683747, 359.98685971082887, 359.98685971082887, 359.9867514187936, 359.9867514187936, 359.98663170979125, 359.98663170979125, 359.9865290437592, 359.9865290437592, 359.9864075437654, 359.9864075437654, 359.9862992107519, 359.9862992107519, 359.98620237677824, 359.98620237677824, 359.98607862676727, 359.98607862676727, 359.9859735847567, 359.9859735847567, 359.9856598347542, 359.9856598347542, 359.98540583474096, 359.98540583474096, 359.9852885847213, 359.9852885847213, 359.985054542718, 359.985054542718, 359.9847714586649, 359.9847714586649, 359.98452891770285, 359.98452891770285, 359.98423495865427, 359.98423495865427, 359.9839808756369, 359.9839808756369, 359.98375075065996, 359.98375075065996, 359.9835178756621, 359.9835178756621, 359.98319470864953, 359.98319470864953, 359.98294104164233, 359.98294104164233, 359.98264408361865, 359.98264408361865, 359.9824357086327, 359.9824357086327, 359.9821429166477], "a_moves_left": [39, 39, 38, 38, 37, 37, 36, 36, 35, 35, 34, 34, 33, 33, 32, 32, 31, 31, 30, 30, 29, 29, 28, 28, 27, 27, 26, 26, 25, 25, 24, 24, 23, 23, 22, 22, 21, 21, 20, 20, 19, 19, 18, 18, 17, 17, 16, 16, 15, 15, 14, 14, 13, 13, 12, 12, 11, 11, 10, 10, 9, 9, 8, 8, 7, 7, 6, 6, 5, 5, 4, 4, 3, 3, 2, 2, 1, 1, 0, 0], "b_moves_left": [40, 39, 39, 38, 38, 37, 37, 36, 36, 35, 35, 34, 34, 33, 33, 32, 32, 31, 31, 30, 30, 29, 29, 28, 28, 27, 27, 26, 26, 25, 25, 24, 24, 23, 23, 22, 22, 21, 21, 20, 20, 19, 19, 18, 18, 17, 17, 16, 16, 15, 15, 14, 14, 13, 13, 12, 12, 11, 11, 10, 10, 9, 9, 8, 8, 7, 7, 6, 6, 5, 5, 4, 4, 3, 3, 2, 2, 1, 1, 0], "trapdoor_triggered": [0, 0, 0, 0, 0, 0, 0, 0, 0, 0, 0, 0, 0, 0, 0, 0, 0, 0, 0, 0, 0, 0, 0, 0, 0, 0, 0, 0, 0, 0, 0, 0, 0, 0, 0, 0, 0, 0, 0, 0, 0, 0, 0, 0, 0, 0, 0, 0, 0, 0, 0, 0, 0, 0, 0, 0, 0, 0, 0, 0, 0, 0, 0, 0, 0, 0, 0, 0, 0, 0, 0, 0, 0, 0, 0, 0, 0, 0, 0, 0], "left_behind": ["egg", "egg", "plain", "plain", "egg", "egg", "plain", "plain", "egg", "egg", "plain", "plain", "egg", "egg", "plain", "plain", "egg", "egg", "plain", "plain", "egg", "egg", "plain", "plain", "egg", "egg", "plain", "plain", "egg", "egg", "plain", "plain", "egg", "egg", "plain", "plain", "plain", "egg", "plain", "plain", "egg", "egg", "plain", "plain", "plain", "plain", "plain", "plain", "plain", "plain", "plain", "plain", "plain", "plain", "plain", "plain", "plain", "plain", "plain", "plain", "plain", "plain", "plain", "plain", "plain", "plain", "plain", "plain", "egg", "plain", "plain", "plain", "egg", "plain", "plain", "plain", "egg", "plain", "plain", "plain"], "errlog_a": "", "errlog_b": "", "start_time": 360, "start_moves": 40, "turn_count": 80, "result": 0, "reason": "EGGS_LAID", "trapdoors": [[4, 2], [3, 4]], "spawn_a": [0, 4], "spawn_b": [7, 4]}