{"pos": [[6, 1], [1, 1], [5, 1], [2, 1], [5, 0], [2, 0], [4, 0], [1, 0], [4, 1], [0, 0], [3, 1], [1, 0], [3, 0], [1, 1], [2, 0], [1, 2], [3, 0], [0, 2], [3, 1], [0, 3], [4, 1], [1, 3], [4, 2], [1, 4], [5, 2], [0, 4], [6, 2], [0, 5], [6, 3], [1, 5], [7, 3], [2, 5], [7, 2], [1, 5], [6, 2], [1, 6], [6, 1], [1, 7], [6, 0], [2, 7], [7, 0], [3, 7], [7, 1], [3, 6], [7, 0], [4, 6], [6, 0], [4, 5], [5, 0], [4, 4], [5, 1], [4, 3], [5, 2], [5, 3], [4, 2], [5, 2], [4, 1], [5, 3], [4, 0], [6, 3], [5, 0], [6, 4], [5, 1], [5, 4], [6, 1], [5, 5], [6, 2], [6, 5], [7, 2], [6, 6], [7, 3], [7, 6], [7, 4], [7, 5], [6, 4], [7, 4]], "a_eggs_laid": [1, 1, 1, 1, 2, 2, 2, 2, 3, 3, 3, 3, 4, 4, 4, 4, 5, 5, 5, 5, 5, 5, 5, 5, 6, 6, 6, 6, 7, 7, 7, 7, 8, 8, 8, 8, 8, 8, 8, 8, 9, 9, 9, 9, 9, 9, 9, 9, 9, 9, 9, 9, 9, 9, 9, 9, 9, 9, 9, 9, 9, 9, 9, 9, 9, 9, 9, 9, 9, 9, 9, 9, 9, 9, 9, 9], "b_eggs_laid": [0, 1, 1, 1, 1, 2, 2, 2, 2, 3, 3, 3, 3, 3, 3, 3, 3, 4, 4, 4, 4, 5, 5, 5, 5, 6, 6, 6, 6, 7, 7, 7, 7, 8, 8, 8, 8, 9, 9, 9, 9, 10, 10, 10, 10, 11, 11, 11, 11, 12, 12, 12, 12, 13, 13, 13, 13, 14, 14, 14, 14, 15, 15, 15, 15, 16, 16, 16, 16, 17, 17, 17, 17, 18, 18, 23], "a_turds_left": [5, 5, 5, 5, 5, 5, 5, 5, 5, 5, 5, 5, 5, 5, 5, 5, 5, 5, 5, 5, 5, 5, 5, 5, 5, 5, 5, 5, 5, 5, 5, 5, 5, 5, 5, 5, 5, 5, 5, 5, 5, 5, 5, 5, 5, 5, 5, 5, 5, 5, 5, 5, 5, 5, 5, 5, 5, 5, 5, 5, 5, 5, 5, 5, 5, 5, 5, 5, 5, 5, 5, 5, 5, 5, 5, 5], "b_turds_left": [5, 5, 5, 5, 5, 5, 5, 5, 5, 5, 5, 5, 5, 5, 5, 5, 5, 5, 5, 5, 5, 5, 5, 5, 5, 5, 5, 5, 5, 5, 5, 5, 5, 5, 5, 5, 5, 5, 5, 5, 5, 5, 5, 5, 5, 5, 5, 5, 5, 5, 5, 5, 5, 5, 5, 5, 5, 5, 5, 5, 5, 5, 5, 5, 5, 5, 5, 5, 5, 5, 5, 5, 5, 5, 5, 5], "a_time_left": [359.99609362502815, 359.99609362502815, 359.9942779580015, 359.9942779580015, 359.99093274894403, 359.99093274894403, 359.98963774892036, 359.98963774892036, 359.98714479093906, 359.98714479093906, 359.9858341659419, 359.9858341659419, 359.98331299994607, 359.98331299994607, 359.9830511669279, 359.9830511669279, 359.9827909999294, 359.9827909999294, 359.9825054999674, 359.9825054999674, 359.9822655839962, 359.9822655839962, 359.98195250099525, 359.98195250099525, 359.981628376001, 359.981628376001, 359.98150021000765, 359.98150021000765, 359.9811544190161, 359.9811544190161, 359.9808790020179, 359.9808790020179, 359.98057871102355, 359.98057871102355, 359.98047204402974, 359.98047204402974, 359.9802155440557, 359.9802155440557, 359.9799184190924, 359.9799184190924, 359.97962296108017, 359.97962296108017, 359.979363295075, 359.979363295075, 359.9791296281037, 359.9791296281037, 359.97890179406386, 359.97890179406386, 359.9786635860801, 359.9786635860801, 359.97839946107706, 359.97839946107706, 359.97828929510433, 359.97828929510433, 359.97819783713203, 359.97819783713203, 359.9781069201417, 359.9781069201417, 359.9779907531338, 359.9779907531338, 359.97788154514274, 359.97788154514274, 359.97777421213686, 359.97777421213686, 359.9776722541428, 359.9776722541428, 359.97756442113314, 359.97756442113314, 359.9773352961638, 359.9773352961638, 359.977065921179, 359.977065921179, 359.976856880181, 359.976856880181, 359.9766655882122, 359.9766655882122], "b_time_left": [360, 359.9985935000004, 359.9985935000004, 359.9967933339649, 359.9967933339649, 359.9935459999833, 359.9935459999833, 359.9923006669851, 359.9923006669851, 359.98978879197966, 359.98978879197966, 359.98952341702534, 359.98952341702534, 359.98898025002563, 359.98898025002563, 359.98817641701316, 359.98817641701316, 359.98505474999547, 359.98505474999547, 359.98479783302173, 359.98479783302173, 359.98447433300316, 359.98447433300316, 359.9842016249895, 359.9842016249895, 359.98389774997486, 359.98389774997486, 359.9836392919533, 359.9836392919533, 359.98350279196166, 359.98350279196166, 359.9832208339358, 359.9832208339358, 359.98231437493814, 359.98231437493814, 359.982069541933, 359.982069541933, 359.981776957924, 359.981776957924, 359.981684749946, 359.981684749946, 359.98143216595054, 359.98143216595054, 359.98120433295844, 359.98120433295844, 359.9809128739289, 359.9809128739289, 359.9806602069293, 359.9806602069293, 359.98054874892114, 359.98054874892114, 359.98045033292146, 359.98045033292146, 359.9803569159121, 359.9803569159121, 359.98026512388606, 359.98026512388606, 359.9801870819065, 359.9801870819065, 359.980093748949, 359.980093748949, 359.9800025399891, 359.9800025399891, 359.9799079989898, 359.9799079989898, 359.97980008198647, 359.97980008198647, 359.97970520699164, 359.97970520699164, 359.97923295700457, 359.97923295700457, 359.97900124802254, 359.97900124802254, 359.97876112302765, 359.97876112302765, 359.9785687060212], "a_moves_left": [39, 39, 38, 38, 37, 37, 36, 36, 35, 35, 34, 34, 33, 33, 32, 32, 31, 31, 30, 30, 29, 29, 28, 28, 27, 27, 26, 26, 25, 25, 24, 24, 23, 23, 22, 22, 21, 21, 20, 20, 19, 19, 18, 18, 17, 17, 16, 16, 15, 15, 14, 14, 13, 13, 12, 12, 11, 11, 10, 10, 9, 9, 8, 8, 7, 7, 6, 6, 5, 5, 4, 4, 3, 3, 2, 2], "b_moves_left": [40, 39, 39, 38, 38, 37, 37, 36, 36, 35, 35, 34, 34, 33, 33, 32, 32, 31, 31, 30, 30, 29, 29, 28, 28, 27, 27, 26, 26, 25, 25, 24, 24, 23, 23, 22, 22, 21, 21, 20, 20, 19, 19, 18, 18, 17, 17, 16, 16, 15, 15, 14, 14, 13, 13, 12, 12, 11, 11, 10, 10, 9, 9, 8, 8, 7, 7, 6, 6, 5, 5, 4, 4, 3, 3, 2], "trapdoor_triggered": [0, 0, 0, 0, 0, 0, 0, 0, 0, 0, 0, 0, 0, 0, 0, 0, 0, 0, 0, 0, 0, 0, 0, 0, 0, 0, 0, 0, 0, 0, 0, 0, 0, 0, 0, 0, 0, 0, 0, 0, 0, 0, 0, 0, 0, 0, 0, 0, 0, 0, 0, 0, 0, 0, 0, 0, 0, 0, 0, 0, 0, 0, 0, 0, 0, 0, 0, 0, 0, 0, 0, 0, 0, 0, 0, 0], "left_behind": ["egg", "egg", "plain", "plain", "egg", "egg", "plain", "plain", "egg", "egg", "plain", "plain", "egg", "plain", "plain", "plain", "egg", "egg", "plain", "plain", "plain", "egg", "plain", "plain", "egg", "egg", "plain", "plain", "egg", "egg", "plain", "plain", "egg", "egg", "plain", "plain", "plain", "egg", "plain", "plain", "egg", "egg", "plain", "plain", "plain", "egg", "plain", "plain", "plain", "egg", "plain", "plain", "plain", "egg", "plain", "plain", "plain", "egg", "plain", "plain", "plain", "egg", "plain", "plain", "plain", "egg", "plain", "plain", "plain", "egg", "plain", "plain", "plain", "egg", "plain", "plain"], "errlog_a": "", "errlog_b": "", "start_time": 360, "start_moves": 40, "turn_count": 76, "result": 1, "reason": "BLOCKING_END", "trapdoors": [[3, 5], [3, 2]], "spawn_a": [7, 1], "spawn_b": [0, 1]}