{"pos": [[6, 5], [1, 5], [6, 4], [1, 4], [7, 4], [0, 4], [7, 3], [0, 3], [6, 3], [0, 2], [6, 2], [0, 1], [7, 2], [1, 1], [7, 1], [2, 1], [6, 1], [3, 1], [5, 1], [4, 1], [5, 0], [4, 2], [4, 0], [5, 2], [3, 0], [5, 3], [3, 1], [4, 3], [3, 0], [4, 4], [2, 0], [5, 4], [1, 0], [5, 5], [1, 1], [6, 5], [1, 2], [6, 6], [0, 2], [5, 6], [1, 2], [4, 6], [1, 3], [4, 5], [1, 2], [4, 4], [2, 2], [4, 3], [1, 2], [3, 3], [1, 3], [3, 2], [1, 2], [4, 2], [2, 2], [3, 2], [1, 2], [3, 3], [1, 1], [3, 4], [1, 0], [2, 4], [0, 0], [2, 5], [1, 0], [2, 6], [2, 0], [3, 6], [3, 0], [3, 7], [3, 1], [4, 7], [3, 0], [5, 7], [4, 0], [6, 7], [5, 0], [7, 7], [6, 0], [7, 6]], "a_eggs_laid": [1, 1, 1, 1, 2, 2, 2, 2, 3, 3, 3, 3, 4, 4, 4, 4, 5, 5, 5, 5, 6, 6, 6, 6, 7, 7, 7, 7, 8, 8, 8, 8, 9, 9, 9, 9, 10, 10, 10, 10, 11, 11, 11, 11, 12, 12, 12, 12, 13, 13, 13, 13, 13, 13, 13, 13, 13, 13, 13, 13, 13, 13, 13, 13, 16, 16, 16, 16, 16, 16, 16, 16, 16, 16, 16, 16, 16, 16, 16, 16], "b_eggs_laid": [0, 1, 1, 1, 1, 2, 2, 2, 2, 3, 3, 3, 3, 4, 4, 4, 4, 5, 5, 5, 5, 6, 6, 6, 6, 7, 7, 7, 7, 8, 8, 8, 8, 9, 9, 9, 9, 10, 10, 10, 10, 11, 11, 11, 11, 12, 12, 12, 12, 12, 12, 12, 12, 13, 13, 13, 13, 13, 13, 13, 13, 14, 14, 14, 14, 15, 15, 15, 15, 16, 16, 16, 16, 17, 17, 17, 17, 18, 18, 18], "a_turds_left": [5, 5, 5, 5, 5, 5, 5, 5, 5, 5, 5, 5, 5, 5, 5, 5, 5, 5, 5, 5, 5, 5, 5, 5, 5, 5, 5, 5, 5, 5, 5, 5, 5, 5, 5, 5, 5, 5, 5, 5, 5, 5, 5, 5, 5, 5, 5, 5, 5, 5, 5, 5, 5, 5, 5, 5, 5, 5, 5, 5, 5, 5, 5, 5, 5, 5, 5, 5, 5, 5, 5, 5, 5, 5, 5, 5, 5, 5, 5, 5], "b_turds_left": [5, 5, 5, 5, 5, 5, 5, 5, 5, 5, 5, 5, 5, 5, 5, 5, 5, 5, 5, 5, 5, 5, 5, 5, 5, 5, 5, 5, 5, 5, 5, 5, 5, 5, 5, 5, 5, 5, 5, 5, 5, 5, 5, 5, 5, 5, 5, 5, 5, 5, 5, 5, 5, 5, 5, 5, 5, 5, 5, 5, 5, 5, 5, 5, 5, 5, 5, 5, 5, 5, 5, 5, 5, 5, 5, 5, 5, 5, 5, 5], "a_time_left": [359.99626191699645, 359.99626191699645, 359.9944052090286, 359.9944052090286, 359.99121250008466, 359.99121250008466, 359.9903524170513, 359.9903524170513, 359.98798025009455, 359.98798025009455, 359.98671729210764, 359.98671729210764, 359.98358375008684, 359.98358375008684, 359.98326283309143, 359.98326283309143, 359.98291262506973, 359.98291262506973, 359.98252258310094, 359.98252258310094, 359.9816939170705, 359.9816939170705, 359.9815535840462, 359.9815535840462, 359.981428542058, 359.981428542058, 359.9813137500314, 359.9813137500314, 359.9811899579945, 359.9811899579945, 359.981075123942, 359.981075123942, 359.9809614159749, 359.9809614159749, 359.9808506659465, 359.9808506659465, 359.9807368739275, 359.9807368739275, 359.98061608191347, 359.98061608191347, 359.9805277478881, 359.9805277478881, 359.9801367058535, 359.9801367058535, 359.97984099789755, 359.97984099789755, 359.9795298728859, 359.9795298728859, 359.97921558085363, 359.97921558085363, 359.97893074783497, 359.97893074783497, 359.9786954978481, 359.9786954978481, 359.97839862282854, 359.97839862282854, 359.9781502888072, 359.9781502888072, 359.97787895577494, 359.97787895577494, 359.9776348307496, 359.9776348307496, 359.9773541637114, 359.9773541637114, 359.9771236637025, 359.9771236637025, 359.9768835386494, 359.9768835386494, 359.97664837166667, 359.97664837166667, 359.97638245567214, 359.97638245567214, 359.97617766365875, 359.97617766365875, 359.9758977886522, 359.9758977886522, 359.97565266367747, 359.97565266367747, 359.97540403867606, 359.97540403867606], "b_time_left": [360, 359.99644987500506, 359.99644987500506, 359.9946548329899, 359.9946548329899, 359.9931026659906, 359.9931026659906, 359.9923729579896, 359.9923729579896, 359.98967999994056, 359.98967999994056, 359.98848183389055, 359.98848183389055, 359.9861852499307, 359.9861852499307, 359.98607466591056, 359.98607466591056, 359.9857729579089, 359.9857729579089, 359.98551716591464, 359.98551716591464, 359.98522495792713, 359.98522495792713, 359.98511083290214, 359.98511083290214, 359.98501533293165, 359.98501533293165, 359.9849135829718, 359.9849135829718, 359.9847873739782, 359.9847873739782, 359.98468329099705, 359.98468329099705, 359.98453766602324, 359.98453766602324, 359.98443874903023, 359.98443874903023, 359.98433870699955, 359.98433870699955, 359.9842388739926, 359.9842388739926, 359.9841202070238, 359.9841202070238, 359.98385966505157, 359.98385966505157, 359.9835496240412, 359.9835496240412, 359.983273999067, 359.983273999067, 359.98306529107504, 359.98306529107504, 359.98281325004064, 359.98281325004064, 359.98258666705806, 359.98258666705806, 359.9824716670555, 359.9824716670555, 359.98239650105825, 359.98239650105825, 359.9821207090863, 359.9821207090863, 359.98181362607284, 359.98181362607284, 359.98156383406604, 359.98156383406604, 359.9812918760581, 359.9812918760581, 359.981042501051, 359.981042501051, 359.98075775103644, 359.98075775103644, 359.9805480010109, 359.9805480010109, 359.980270167056, 359.980270167056, 359.98005066707265, 359.98005066707265, 359.9797893340583, 359.9797893340583, 359.97962162602926], "a_moves_left": [39, 39, 38, 38, 37, 37, 36, 36, 35, 35, 34, 34, 33, 33, 32, 32, 31, 31, 30, 30, 29, 29, 28, 28, 27, 27, 26, 26, 25, 25, 24, 24, 23, 23, 22, 22, 21, 21, 20, 20, 19, 19, 18, 18, 17, 17, 16, 16, 15, 15, 14, 14, 13, 13, 12, 12, 11, 11, 10, 10, 9, 9, 8, 8, 7, 7, 6, 6, 5, 5, 4, 4, 3, 3, 2, 2, 1, 1, 0, 0], "b_moves_left": [40, 39, 39, 38, 38, 37, 37, 36, 36, 35, 35, 34, 34, 33, 33, 32, 32, 31, 31, 30, 30, 29, 29, 28, 28, 27, 27, 26, 26, 25, 25, 24, 24, 23, 23, 22, 22, 21, 21, 20, 20, 19, 19, 18, 18, 17, 17, 16, 16, 15, 15, 14, 14, 13, 13, 12, 12, 11, 11, 10, 10, 9, 9, 8, 8, 7, 7, 6, 6, 5, 5, 4, 4, 3, 3, 2, 2, 1, 1, 0], "trapdoor_triggered": [0, 0, 0, 0, 0, 0, 0, 0, 0, 0, 0, 0, 0, 0, 0, 0, 0, 0, 0, 0, 0, 0, 0, 0, 0, 0, 0, 0, 0, 0, 0, 0, 0, 0, 0, 0, 0, 0, 0, 0, 0, 0, 0, 0, 0, 0, 0, 0, 0, 0, 0, 0, 0, 0, 0, 0, 0, 0, 0, 0, 0, 0, 0, 0, 0, 0, 0, 0, 0, 0, 0, 0, 0, 0, 0, 0, 0, 0, 0, 0], "left_behind": ["egg", "egg", "plain", "plain", "egg", "egg", "plain", "plain", "egg", "egg", "plain", "plain", "egg", "egg", "plain", "plain", "egg", "egg", "plain", "plain", "egg", "egg", "plain", "plain", "egg", "egg", "plain", "plain", "egg", "egg", "plain", "plain", "egg", "egg", "plain", "plain", "egg", "egg", "plain", "plain", "egg", "egg", "plain", "plain", "egg", "egg", "plain", "plain", "egg", "plain", "plain", "plain", "plain", "egg", "plain", "plain", "plain", "plain", "plain", "plain", "plain", "egg", "plain", "plain", "egg", "egg", "plain", "plain", "plain", "egg", "plain", "plain", "plain", "egg", "plain", "plain", "plain", "egg", "plain", "plain"], "errlog_a": "", "errlog_b": "", "start_time": 360, "start_moves": 40, "turn_count": 80, "result": 1, "reason": "EGGS_LAID", "trapdoors": [[3, 5], [2, 3]], "spawn_a": [7, 5], "spawn_b": [0, 5]}