{"pos": [[6, 1], [1, 1], [5, 1], [2, 1], [4, 1], [2, 0], [7, 1], [1, 0], [7, 2], [0, 0], [6, 2], [1, 0], [6, 3], [1, 1], [5, 3], [1, 2], [6, 3], [0, 2], [6, 4], [0, 3], [6, 5], [1, 3], [5, 5], [1, 4], [4, 5], [0, 4], [3, 5], [0, 5], [3, 6], [1, 5], [4, 6], [1, 6], [5, 6], [0, 6], [6, 6], [0, 7], [7, 6], [1, 7], [7, 5], [2, 7], [7, 4], [2, 6], [7, 5], [3, 6], [7, 4], [3, 7], [6, 4], [4, 7], [6, 5], [5, 7], [6, 6], [5, 6], [6, 7], [5, 7], [7, 7], [6, 7], [7, 6], [5, 7], [7, 7], [6, 7], [7, 6], [5, 7], [7, 7], [5, 6], [7, 6], [5, 7], [6, 6], [4, 7], [6, 5], [3, 7], [5, 5], [3, 6], [4, 5], [2, 6], [4, 6], [2, 5], [4, 5], [2, 4], [4, 4], [2, 3]], "a_eggs_laid": [1, 1, 1, 1, 2, 2, 2, 2, 2, 2, 2, 2, 3, 3, 3, 3, 4, 4, 4, 4, 5, 5, 5, 5, 6, 6, 6, 6, 7, 7, 7, 7, 8, 8, 8, 8, 9, 9, 9, 9, 10, 10, 10, 10, 10, 10, 10, 10, 10, 10, 10, 10, 10, 10, 10, 10, 13, 13, 13, 13, 13, 13, 13, 13, 13, 13, 13, 13, 13, 13, 13, 13, 13, 13, 13, 13, 13, 13, 13, 13], "b_eggs_laid": [0, 1, 1, 1, 1, 2, 2, 6, 6, 7, 7, 7, 7, 7, 7, 7, 7, 8, 8, 8, 8, 9, 9, 9, 9, 10, 10, 10, 10, 11, 11, 11, 11, 12, 12, 12, 12, 15, 15, 15, 15, 16, 16, 16, 16, 17, 17, 17, 17, 18, 18, 18, 18, 19, 19, 19, 19, 20, 20, 20, 20, 20, 20, 20, 20, 20, 20, 20, 20, 20, 20, 20, 20, 20, 20, 20, 20, 21, 21, 21], "a_turds_left": [5, 5, 4, 4, 4, 4, 3, 3, 3, 3, 2, 2, 2, 2, 1, 1, 1, 1, 1, 1, 1, 1, 0, 0, 0, 0, 0, 0, 0, 0, 0, 0, 0, 0, 0, 0, 0, 0, 0, 0, 0, 0, 0, 0, 0, 0, 0, 0, 0, 0, 0, 0, 0, 0, 0, 0, 0, 0, 0, 0, 0, 0, 0, 0, 0, 0, 0, 0, 0, 0, 0, 0, 0, 0, 0, 0, 0, 0, 0, 0], "b_turds_left": [5, 5, 5, 5, 5, 5, 5, 5, 5, 5, 5, 5, 5, 5, 5, 5, 5, 5, 5, 5, 5, 5, 5, 5, 5, 5, 5, 5, 5, 5, 5, 5, 5, 5, 5, 5, 5, 5, 5, 5, 5, 5, 5, 5, 5, 5, 5, 5, 5, 5, 5, 5, 5, 5, 5, 5, 5, 5, 5, 5, 5, 5, 5, 5, 5, 5, 5, 5, 5, 5, 5, 5, 5, 5, 5, 5, 5, 5, 5, 5], "a_time_left": [359.99696183297783, 359.99696183297783, 359.9952448749682, 359.9952448749682, 359.9928525829455, 359.9928525829455, 359.99138324998785, 359.99138324998785, 359.9910795830074, 359.9910795830074, 359.99068274896126, 359.99068274896126, 359.9897793320124, 359.9897793320124, 359.9880841660197, 359.9880841660197, 359.9870208740467, 359.9870208740467, 359.9867214570404, 359.9867214570404, 359.98599149804795, 359.98599149804795, 359.98548316402594, 359.98548316402594, 359.9850020390004, 359.9850020390004, 359.98475670599146, 359.98475670599146, 359.98431358102243, 359.98431358102243, 359.98408824799117, 359.98408824799117, 359.9840099149733, 359.9840099149733, 359.98395328992046, 359.98395328992046, 359.9838781649014, 359.9838781649014, 359.9838191238814, 359.9838191238814, 359.9837540818844, 359.9837540818844, 359.9836999569088, 359.9836999569088, 359.98364053986734, 359.98364053986734, 359.98358587385155, 359.98358587385155, 359.9835252488265, 359.9835252488265, 359.9834669578122, 359.9834669578122, 359.9834038328263, 359.9834038328263, 359.98335608281195, 359.98335608281195, 359.9833019998041, 359.9833019998041, 359.98324583284557, 359.98324583284557, 359.98320133279776, 359.98320133279776, 359.983147707826, 359.983147707826, 359.9831021238351, 359.9831021238351, 359.98304758180166, 359.98304758180166, 359.9829967067926, 359.9829967067926, 359.9829367068014, 359.9829367068014, 359.9828767477884, 359.9828767477884, 359.98281224782113, 359.98281224782113, 359.9827634138055, 359.9827634138055, 359.98270766378846, 359.98270766378846], "b_time_left": [360, 359.9966132080299, 359.9966132080299, 359.9948577490286, 359.9948577490286, 359.99160920706345, 359.99160920706345, 359.9903030820424, 359.9903030820424, 359.98931220703525, 359.98931220703525, 359.9891962480615, 359.9891962480615, 359.98857645707903, 359.98857645707903, 359.9882587901084, 359.9882587901084, 359.98709499812685, 359.98709499812685, 359.986994540086, 359.986994540086, 359.98686979006743, 359.98686979006743, 359.9867587061017, 359.9867587061017, 359.9866306640906, 359.9866306640906, 359.9865254141041, 359.9865254141041, 359.98640891409013, 359.98640891409013, 359.9862990390975, 359.9862990390975, 359.9861754141166, 359.9861754141166, 359.9860666220775, 359.9860666220775, 359.9859623720404, 359.9859623720404, 359.9858647470828, 359.9858647470828, 359.98575066408375, 359.98575066408375, 359.98564091406297, 359.98564091406297, 359.9855437470833, 359.9855437470833, 359.98544349707663, 359.98544349707663, 359.9853400810971, 359.9853400810971, 359.98524162208196, 359.98524162208196, 359.98515403905185, 359.98515403905185, 359.9850536220474, 359.9850536220474, 359.98495987209026, 359.98495987209026, 359.9848614130751, 359.9848614130751, 359.9847853300744, 359.9847853300744, 359.9846850381, 359.9846850381, 359.9846069551422, 359.9846069551422, 359.9845067051356, 359.9845067051356, 359.984415997169, 359.984415997169, 359.98431070620427, 359.98431070620427, 359.9842255812255, 359.9842255812255, 359.98411958123324, 359.98411958123324, 359.98400253924774, 359.98400253924774, 359.98389633122133], "a_moves_left": [39, 39, 38, 38, 37, 37, 36, 36, 35, 35, 34, 34, 33, 33, 32, 32, 31, 31, 30, 30, 29, 29, 28, 28, 27, 27, 26, 26, 25, 25, 24, 24, 23, 23, 22, 22, 21, 21, 20, 20, 19, 19, 18, 18, 17, 17, 16, 16, 15, 15, 14, 14, 13, 13, 12, 12, 11, 11, 10, 10, 9, 9, 8, 8, 7, 7, 6, 6, 5, 5, 4, 4, 3, 3, 2, 2, 1, 1, 0, 0], "b_moves_left": [40, 39, 39, 38, 38, 37, 37, 36, 36, 35, 35, 34, 34, 33, 33, 32, 32, 31, 31, 30, 30, 29, 29, 28, 28, 27, 27, 26, 26, 25, 25, 24, 24, 23, 23, 22, 22, 21, 21, 20, 20, 19, 19, 18, 18, 17, 17, 16, 16, 15, 15, 14, 14, 13, 13, 12, 12, 11, 11, 10, 10, 9, 9, 8, 8, 7, 7, 6, 6, 5, 5, 4, 4, 3, 3, 2, 2, 1, 1, 0], "trapdoor_triggered": [0, 0, 0, 0, 0, 0, 1, 0, 0, 0, 0, 0, 0, 0, 0, 0, 0, 0, 0, 0, 0, 0, 0, 0, 0, 0, 0, 0, 0, 0, 0, 0, 0, 0, 0, 0, 0, 0, 0, 0, 0, 0, 0, 0, 0, 0, 0, 0, 0, 0, 0, 0, 0, 0, 0, 0, 0, 0, 0, 0, 0, 0, 0, 0, 0, 0, 0, 0, 0, 0, 0, 0, 0, 0, 0, 0, 0, 0, 0, 0], "left_behind": ["egg", "egg", "turd", "plain", "egg", "egg", "turd", "plain", "plain", "egg", "turd", "plain", "egg", "plain", "turd", "plain", "egg", "egg", "plain", "plain", "egg", "egg", "turd", "plain", "egg", "egg", "plain", "plain", "egg", "egg", "plain", "plain", "egg", "egg", "plain", "plain", "egg", "egg", "plain", "plain", "egg", "egg", "plain", "plain", "plain", "egg", "plain", "plain", "plain", "egg", "plain", "plain", "plain", "egg", "plain", "plain", "egg", "egg", "plain", "plain", "plain", "plain", "plain", "plain", "plain", "plain", "plain", "plain", "plain", "plain", "plain", "plain", "plain", "plain", "plain", "plain", "plain", "egg", "plain", "plain"], "errlog_a": "", "errlog_b": "", "start_time": 360, "start_moves": 40, "turn_count": 80, "result": 1, "reason": "EGGS_LAID", "trapdoors": [[4, 2], [4, 3]], "spawn_a": [7, 1], "spawn_b": [0, 1]}