{"pos": [[1, 4], [6, 4], [1, 3], [6, 3], [1, 2], [7, 3], [2, 2], [7, 2], [2, 3], [6, 2], [2, 4], [6, 1], [2, 3], [7, 1], [2, 4], [7, 0], [2, 5], [6, 0], [2, 6], [5, 0], [3, 6], [5, 1], [4, 6], [4, 1], [4, 5], [4, 0], [4, 4], [3, 0], [5, 4], [3, 1], [5, 3], [4, 1], [5, 2], [4, 2], [5, 1], [5, 2]], "a_eggs_laid": [1, 1, 1, 1, 2, 2, 2, 2, 3, 3, 3, 3, 4, 4, 4, 4, 4, 4, 4, 4, 5, 5, 5, 5, 6, 6, 6, 6, 7, 7, 7, 7, 8, 8, 8, 8], "b_eggs_laid": [0, 1, 1, 1, 1, 2, 2, 2, 2, 3, 3, 3, 3, 4, 4, 4, 4, 7, 7, 7, 7, 8, 8, 8, 8, 9, 9, 9, 9, 10, 10, 10, 10, 10, 10, 15], "a_turds_left": [5, 5, 4, 4, 4, 4, 3, 3, 3, 3, 2, 2, 2, 2, 2, 2, 2, 2, 1, 1, 1, 1, 0, 0, 0, 0, 0, 0, 0, 0, 0, 0, 0, 0, 0, 0], "b_turds_left": [5, 5, 5, 5, 5, 5, 5, 5, 5, 5, 5, 5, 5, 5, 5, 5, 5, 5, 5, 5, 5, 5, 5, 5, 5, 5, 5, 5, 5, 5, 5, 5, 5, 5, 5, 5], "a_time_left": [359.9967051250278, 359.9967051250278, 359.99482975003775, 359.99482975003775, 359.9922852080199, 359.9922852080199, 359.99077629100066, 359.99077629100066, 359.9885842069634, 359.9885842069634, 359.98698203999083, 359.98698203999083, 359.98485849803546, 359.98485849803546, 359.9841702480335, 359.9841702480335, 359.9833825810347, 359.9833825810347, 359.9819294560584, 359.9819294560584, 359.98113483109046, 359.98113483109046, 359.98060883110156, 359.98060883110156, 359.9800954980892, 359.9800954980892, 359.9798347070464, 359.9798347070464, 359.9794056650135, 359.9794056650135, 359.9791653320426, 359.9791653320426, 359.97909358207835, 359.97909358207835, 359.97903970704647, 359.97903970704647], "b_time_left": [360, 359.9964918750338, 359.9964918750338, 359.99576491699554, 359.99576491699554, 359.9925214999821, 359.9925214999821, 359.9917270829319, 359.9917270829319, 359.98925574991154, 359.98925574991154, 359.9879344578949, 359.9879344578949, 359.98517541692127, 359.98517541692127, 359.98489708290435, 359.98489708290435, 359.98443929088535, 359.98443929088535, 359.98430529091274, 359.98430529091274, 359.98417783289915, 359.98417783289915, 359.984057290887, 359.984057290887, 359.9839285829221, 359.9839285829221, 359.98382133292034, 359.98382133292034, 359.983708332933, 359.983708332933, 359.9835784579627, 359.9835784579627, 359.983485499979, 359.983485499979, 359.98336145898793], "a_moves_left": [39, 39, 38, 38, 37, 37, 36, 36, 35, 35, 34, 34, 33, 33, 32, 32, 31, 31, 30, 30, 29, 29, 28, 28, 27, 27, 26, 26, 25, 25, 24, 24, 23, 23, 22, 22], "b_moves_left": [40, 39, 39, 38, 38, 37, 37, 36, 36, 35, 35, 34, 34, 33, 33, 32, 32, 31, 31, 30, 30, 29, 29, 28, 28, 27, 27, 26, 26, 25, 25, 24, 24, 23, 23, 22], "trapdoor_triggered": [0, 0, 0, 0, 0, 0, 0, 0, 0, 0, 0, 0, 0, 0, 0, 0, 0, 0, 0, 0, 0, 0, 0, 0, 0, 0, 0, 0, 0, 0, 0, 0, 0, 0, 0, 0], "left_behind": ["egg", "egg", "turd", "plain", "egg", "egg", "turd", "plain", "egg", "egg", "turd", "plain", "egg", "egg", "plain", "plain", "plain", "egg", "turd", "plain", "egg", "egg", "turd", "plain", "egg", "egg", "plain", "plain", "egg", "egg", "plain", "plain", "egg", "plain", "plain", "plain"], "errlog_a": "", "errlog_b": "", "start_time": 360, "start_moves": 40, "turn_count": 36, "result": 1, "reason": "BLOCKING_END", "trapdoors": [[3, 3], [4, 3]], "spawn_a": [0, 4], "spawn_b": [7, 4]}