{"pos": [[1, 6], [6, 6], [2, 6], [5, 6], [3, 6], [5, 7], [3, 5], [4, 7], [2, 5], [5, 7], [1, 5], [6, 7], [1, 4], [7, 7], [1, 3], [6, 7], [1, 2], [6, 6], [2, 2], [6, 5], [2, 1], [7, 5], [3, 1], [7, 4], [4, 1], [6, 4], [4, 2], [6, 3], [3, 2], [7, 3], [3, 1], [7, 2], [3, 0], [7, 1], [4, 0], [6, 1], [5, 0], [6, 0], [5, 1], [6, 1], [5, 0], [6, 2], [4, 0], [6, 3], [4, 1], [6, 2], [5, 1], [6, 1], [5, 0], [6, 0], [5, 1], [7, 0], [4, 1], [7, 1], [4, 2], [7, 2], [4, 3], [7, 3], [5, 3], [7, 4], [5, 4], [6, 4], [5, 5], [5, 4], [4, 5], [6, 4], [4, 6], [6, 5], [4, 5], [7, 5], [4, 6], [7, 6], [3, 6], [7, 7], [3, 7], [6, 7], [2, 7], [5, 7], [1, 7], [4, 7]], "a_eggs_laid": [1, 1, 1, 1, 2, 2, 2, 2, 3, 3, 3, 3, 4, 4, 4, 4, 5, 5, 5, 5, 6, 6, 6, 6, 7, 7, 7, 7, 8, 8, 8, 8, 8, 8, 8, 8, 9, 9, 9, 9, 10, 10, 10, 10, 10, 10, 10, 10, 10, 10, 10, 10, 10, 10, 10, 10, 10, 10, 10, 10, 11, 11, 11, 11, 12, 12, 12, 12, 13, 13, 13, 13, 13, 13, 13, 13, 14, 14, 14, 14], "b_eggs_laid": [0, 1, 1, 1, 1, 2, 2, 2, 2, 3, 3, 3, 3, 4, 4, 4, 4, 4, 4, 4, 4, 5, 5, 5, 5, 6, 6, 6, 6, 7, 7, 7, 7, 8, 8, 8, 8, 9, 9, 9, 9, 9, 9, 9, 9, 9, 9, 9, 9, 9, 9, 9, 9, 12, 12, 12, 12, 12, 12, 12, 12, 12, 12, 12, 12, 13, 13, 13, 13, 13, 13, 13, 13, 13, 13, 13, 13, 13, 13, 13], "a_turds_left": [5, 5, 4, 4, 4, 4, 3, 3, 3, 3, 2, 2, 2, 2, 1, 1, 1, 1, 0, 0, 0, 0, 0, 0, 0, 0, 0, 0, 0, 0, 0, 0, 0, 0, 0, 0, 0, 0, 0, 0, 0, 0, 0, 0, 0, 0, 0, 0, 0, 0, 0, 0, 0, 0, 0, 0, 0, 0, 0, 0, 0, 0, 0, 0, 0, 0, 0, 0, 0, 0, 0, 0, 0, 0, 0, 0, 0, 0, 0, 0], "b_turds_left": [5, 5, 5, 5, 5, 5, 5, 5, 5, 5, 5, 5, 5, 5, 5, 5, 5, 5, 5, 5, 5, 5, 5, 5, 5, 5, 5, 5, 5, 5, 5, 5, 5, 5, 5, 5, 5, 5, 5, 5, 5, 5, 5, 5, 5, 5, 5, 5, 5, 5, 5, 5, 5, 5, 5, 5, 5, 5, 5, 5, 5, 5, 5, 5, 5, 5, 5, 5, 5, 5, 5, 5, 5, 5, 5, 5, 5, 5, 5, 5], "a_time_left": [359.9968076249934, 359.9968076249934, 359.9951599169872, 359.9951599169872, 359.9928133759531, 359.9928133759531, 359.99136916699354, 359.99136916699354, 359.989215916954, 359.989215916954, 359.9878176249331, 359.9878176249331, 359.9858540419373, 359.9858540419373, 359.9853487079381, 359.9853487079381, 359.98458337492775, 359.98458337492775, 359.9840538329445, 359.9840538329445, 359.9835445409408, 359.9835445409408, 359.9832677489612, 359.9832677489612, 359.9827341239434, 359.9827341239434, 359.98248299898114, 359.98248299898114, 359.9823854989372, 359.9823854989372, 359.9823148319265, 359.9823148319265, 359.9822363319108, 359.9822363319108, 359.98217133188155, 359.98217133188155, 359.98208495689323, 359.98208495689323, 359.9820256229141, 359.9820256229141, 359.98194524791325, 359.98194524791325, 359.9818882478867, 359.9818882478867, 359.981828789867, 359.981828789867, 359.98176887386944, 359.98176887386944, 359.9817059568595, 359.9817059568595, 359.98165358189726, 359.98165358189726, 359.9815880819224, 359.9815880819224, 359.98152953991666, 359.98152953991666, 359.9814642899437, 359.9814642899437, 359.9814089979045, 359.9814089979045, 359.98133758088807, 359.98133758088807, 359.98128649790306, 359.98128649790306, 359.98123491491424, 359.98123491491424, 359.9811777069117, 359.9811777069117, 359.981112247915, 359.981112247915, 359.98105649795616, 359.98105649795616, 359.98100733198225, 359.98100733198225, 359.9809483739664, 359.9809483739664, 359.9808883329388, 359.9808883329388, 359.98083274892997, 359.98083274892997], "b_time_left": [360, 359.9964676669915, 359.9964676669915, 359.99471783300396, 359.99471783300396, 359.99148050002987, 359.99148050002987, 359.9902095410507, 359.9902095410507, 359.9892053750227, 359.9892053750227, 359.9888811670244, 359.9888811670244, 359.98793570906855, 359.98793570906855, 359.98783600109164, 359.98783600109164, 359.98763916810276, 359.98763916810276, 359.98736058414215, 359.98736058414215, 359.987232459127, 359.987232459127, 359.9871341261314, 359.9871341261314, 359.9870107510942, 359.9870107510942, 359.9868934180704, 359.9868934180704, 359.98676875105593, 359.98676875105593, 359.9866785010672, 359.9866785010672, 359.98657891806215, 359.98657891806215, 359.9864848770667, 359.9864848770667, 359.98636600206373, 359.98636600206373, 359.9862861270667, 359.9862861270667, 359.98621687706327, 359.98621687706327, 359.98612712707836, 359.98612712707836, 359.9860498350463, 359.9860498350463, 359.98595629405463, 359.98595629405463, 359.9858793360181, 359.9858793360181, 359.98580029502045, 359.98580029502045, 359.9857205450535, 359.9857205450535, 359.9856405040482, 359.9856405040482, 359.9855679210159, 359.9855679210159, 359.9854910459835, 359.9854910459835, 359.98541883798316, 359.98541883798316, 359.98533413000405, 359.98533413000405, 359.9852565469919, 359.9852565469919, 359.9851738389698, 359.9851738389698, 359.9851068389835, 359.9851068389835, 359.9850348389591, 359.9850348389591, 359.98496767296456, 359.98496767296456, 359.9848953819601, 359.9848953819601, 359.98482371494174, 359.98482371494174, 359.9847506309743], "a_moves_left": [39, 39, 38, 38, 37, 37, 36, 36, 35, 35, 34, 34, 33, 33, 32, 32, 31, 31, 30, 30, 29, 29, 28, 28, 27, 27, 26, 26, 25, 25, 24, 24, 23, 23, 22, 22, 21, 21, 20, 20, 19, 19, 18, 18, 17, 17, 16, 16, 15, 15, 14, 14, 13, 13, 12, 12, 11, 11, 10, 10, 9, 9, 8, 8, 7, 7, 6, 6, 5, 5, 4, 4, 3, 3, 2, 2, 1, 1, 0, 0], "b_moves_left": [40, 39, 39, 38, 38, 37, 37, 36, 36, 35, 35, 34, 34, 33, 33, 32, 32, 31, 31, 30, 30, 29, 29, 28, 28, 27, 27, 26, 26, 25, 25, 24, 24, 23, 23, 22, 22, 21, 21, 20, 20, 19, 19, 18, 18, 17, 17, 16, 16, 15, 15, 14, 14, 13, 13, 12, 12, 11, 11, 10, 10, 9, 9, 8, 8, 7, 7, 6, 6, 5, 5, 4, 4, 3, 3, 2, 2, 1, 1, 0], "trapdoor_triggered": [0, 0, 0, 0, 0, 0, 0, 0, 0, 0, 0, 0, 0, 0, 0, 0, 0, 0, 0, 0, 0, 0, 0, 0, 0, 0, 0, 0, 0, 0, 0, 0, 0, 0, 0, 0, 0, 0, 0, 0, 0, 0, 0, 0, 0, 0, 0, 0, 0, 0, 0, 0, 0, 0, 0, 0, 0, 0, 0, 0, 0, 0, 0, 0, 0, 0, 0, 0, 0, 0, 0, 0, 0, 0, 0, 0, 0, 0, 0, 0], "left_behind": ["egg", "egg", "turd", "plain", "egg", "egg", "turd", "plain", "egg", "egg", "turd", "plain", "egg", "egg", "turd", "plain", "egg", "plain", "turd", "plain", "egg", "egg", "plain", "plain", "egg", "egg", "plain", "plain", "egg", "egg", "plain", "plain", "plain", "egg", "plain", "plain", "egg", "egg", "plain", "plain", "egg", "plain", "plain", "plain", "plain", "plain", "plain", "plain", "plain", "plain", "plain", "plain", "plain", "egg", "plain", "plain", "plain", "plain", "plain", "plain", "egg", "plain", "plain", "plain", "egg", "egg", "plain", "plain", "egg", "plain", "plain", "plain", "plain", "plain", "plain", "plain", "egg", "plain", "plain", "plain"], "errlog_a": "", "errlog_b": "", "start_time": 360, "start_moves": 40, "turn_count": 80, "result": 0, "reason": "EGGS_LAID", "trapdoors": [[4, 4], [5, 2]], "spawn_a": [0, 6], "spawn_b": [7, 6]}