{"pos": [[1, 2], [6, 2], [1, 3], [6, 1], [1, 4], [7, 1], [1, 5], [7, 0], [2, 5], [6, 0], [3, 5], [5, 0], [3, 6], [5, 1], [4, 6], [6, 1], [5, 6], [6, 2], [5, 5], [6, 3], [4, 5], [7, 3], [4, 4], [7, 4], [5, 4], [6, 4], [5, 3], [5, 4], [4, 3], [6, 4], [4, 2], [6, 5], [4, 1], [7, 5], [4, 0], [7, 6], [3, 0], [7, 7], [3, 1], [6, 7], [3, 2], [7, 7], [2, 2], [7, 6], [2, 1], [7, 5], [2, 0], [6, 5], [1, 0], [6, 4], [1, 1], [5, 4], [0, 1], [6, 4], [0, 0], [6, 3], [1, 0], [7, 3], [2, 0], [7, 4], [3, 0], [7, 5], [4, 0], [6, 5], [4, 1], [7, 5], [5, 1], [7, 4], [4, 1], [7, 3], [5, 1], [7, 2], [4, 1], [7, 1], [4, 2], [7, 0], [4, 3], [6, 0], [5, 3], [5, 0]], "a_eggs_laid": [1, 1, 1, 1, 2, 2, 2, 2, 3, 3, 3, 3, 4, 4, 4, 4, 5, 5, 5, 5, 6, 6, 6, 6, 7, 7, 7, 7, 8, 8, 8, 8, 9, 9, 9, 9, 10, 10, 10, 10, 11, 11, 11, 11, 12, 12, 12, 12, 13, 13, 13, 13, 14, 14, 14, 14, 17, 17, 17, 17, 17, 17, 17, 17, 17, 17, 17, 17, 18, 18, 18, 18, 18, 18, 18, 18, 18, 18, 18, 18], "b_eggs_laid": [0, 1, 1, 1, 1, 2, 2, 2, 2, 5, 5, 5, 5, 6, 6, 6, 6, 6, 6, 6, 6, 7, 7, 7, 7, 8, 8, 8, 8, 9, 9, 9, 9, 10, 10, 10, 10, 11, 11, 11, 11, 12, 12, 12, 12, 12, 12, 12, 12, 12, 12, 12, 12, 12, 12, 12, 12, 12, 12, 12, 12, 12, 12, 12, 12, 12, 12, 12, 12, 12, 12, 12, 12, 12, 12, 12, 12, 12, 12, 12], "a_turds_left": [5, 5, 4, 4, 4, 4, 3, 3, 3, 3, 2, 2, 2, 2, 1, 1, 1, 1, 0, 0, 0, 0, 0, 0, 0, 0, 0, 0, 0, 0, 0, 0, 0, 0, 0, 0, 0, 0, 0, 0, 0, 0, 0, 0, 0, 0, 0, 0, 0, 0, 0, 0, 0, 0, 0, 0, 0, 0, 0, 0, 0, 0, 0, 0, 0, 0, 0, 0, 0, 0, 0, 0, 0, 0, 0, 0, 0, 0, 0, 0], "b_turds_left": [5, 5, 5, 5, 5, 5, 5, 5, 5, 5, 5, 5, 5, 5, 5, 5, 5, 5, 5, 5, 5, 5, 5, 5, 5, 5, 5, 5, 5, 5, 5, 5, 5, 5, 5, 5, 5, 5, 5, 5, 5, 5, 5, 5, 5, 5, 5, 5, 5, 5, 5, 5, 5, 5, 5, 5, 5, 5, 5, 5, 5, 5, 5, 5, 5, 5, 5, 5, 5, 5, 5, 5, 5, 5, 5, 5, 5, 5, 5, 5], "a_time_left": [359.998547041032, 359.998547041032, 359.99675899901194, 359.99675899901194, 359.99425616604276, 359.99425616604276, 359.9927225410938, 359.9927225410938, 359.9904932490899, 359.9904932490899, 359.9889079161221, 359.9889079161221, 359.98666108207544, 359.98666108207544, 359.98515049909474, 359.98515049909474, 359.9829210410826, 359.9829210410826, 359.9823519990314, 359.9823519990314, 359.9812137070694, 359.9812137070694, 359.9809395400807, 359.9809395400807, 359.9805146230501, 359.9805146230501, 359.9803175810375, 359.9803175810375, 359.9802429150441, 359.9802429150441, 359.9801727900631, 359.9801727900631, 359.9800954570528, 359.9800954570528, 359.98003687307937, 359.98003687307937, 359.9799712060485, 359.9799712060485, 359.9799141220865, 359.9799141220865, 359.97983574704267, 359.97983574704267, 359.9797746640397, 359.9797746640397, 359.9796991640469, 359.9796991640469, 359.97963395604165, 359.97963395604165, 359.97956670605345, 359.97956670605345, 359.9795136640896, 359.9795136640896, 359.97942741407314, 359.97942741407314, 359.9793736221036, 359.9793736221036, 359.9793119970709, 359.9793119970709, 359.9792599970824, 359.9792599970824, 359.9791980391019, 359.9791980391019, 359.97914278914686, 359.97914278914686, 359.97909037309, 359.97909037309, 359.9790323310881, 359.9790323310881, 359.9789744981099, 359.9789744981099, 359.97891849809093, 359.97891849809093, 359.97886345605366, 359.97886345605366, 359.9787912060856, 359.9787912060856, 359.9787267470965, 359.9787267470965, 359.97867053811206, 359.97867053811206], "b_time_left": [360, 359.99646629201015, 359.99646629201015, 359.99463512498187, 359.99463512498187, 359.99131120799575, 359.99131120799575, 359.9904698749888, 359.9904698749888, 359.9886230410193, 359.9886230410193, 359.98778754100204, 359.98778754100204, 359.9852299580234, 359.9852299580234, 359.9848877080367, 359.9848877080367, 359.98460345808417, 359.98460345808417, 359.98432404210325, 359.98432404210325, 359.9841812501545, 359.9841812501545, 359.98407733417116, 359.98407733417116, 359.98397408414166, 359.98397408414166, 359.9838682511472, 359.9838682511472, 359.98378291813424, 359.98378291813424, 359.98367562616477, 359.98367562616477, 359.98357837618096, 359.98357837618096, 359.9834839181858, 359.9834839181858, 359.98338771017734, 359.98338771017734, 359.98330504319165, 359.98330504319165, 359.98321525217034, 359.98321525217034, 359.9831337101641, 359.9831337101641, 359.9830507521401, 359.9830507521401, 359.9829638361116, 359.9829638361116, 359.9828812520718, 359.9828812520718, 359.98278462706367, 359.98278462706367, 359.98271329305135, 359.98271329305135, 359.9826140430523, 359.9826140430523, 359.98253312602174, 359.98253312602174, 359.98244875099044, 359.98244875099044, 359.98236625100253, 359.98236625100253, 359.98227904195664, 359.98227904195664, 359.9822035419638, 359.9822035419638, 359.9821158759296, 359.9821158759296, 359.9820401679026, 359.9820401679026, 359.9819521259051, 359.9819521259051, 359.9818703759229, 359.9818703759229, 359.98178245994495, 359.98178245994495, 359.981705750979, 359.981705750979, 359.98161829297896], "a_moves_left": [39, 39, 38, 38, 37, 37, 36, 36, 35, 35, 34, 34, 33, 33, 32, 32, 31, 31, 30, 30, 29, 29, 28, 28, 27, 27, 26, 26, 25, 25, 24, 24, 23, 23, 22, 22, 21, 21, 20, 20, 19, 19, 18, 18, 17, 17, 16, 16, 15, 15, 14, 14, 13, 13, 12, 12, 11, 11, 10, 10, 9, 9, 8, 8, 7, 7, 6, 6, 5, 5, 4, 4, 3, 3, 2, 2, 1, 1, 0, 0], "b_moves_left": [40, 39, 39, 38, 38, 37, 37, 36, 36, 35, 35, 34, 34, 33, 33, 32, 32, 31, 31, 30, 30, 29, 29, 28, 28, 27, 27, 26, 26, 25, 25, 24, 24, 23, 23, 22, 22, 21, 21, 20, 20, 19, 19, 18, 18, 17, 17, 16, 16, 15, 15, 14, 14, 13, 13, 12, 12, 11, 11, 10, 10, 9, 9, 8, 8, 7, 7, 6, 6, 5, 5, 4, 4, 3, 3, 2, 2, 1, 1, 0], "trapdoor_triggered": [0, 0, 0, 0, 0, 0, 0, 0, 0, 0, 0, 0, 0, 0, 0, 0, 0, 0, 0, 0, 0, 0, 0, 0, 0, 0, 0, 0, 0, 0, 0, 0, 0, 0, 0, 0, 0, 0, 0, 0, 0, 0, 0, 0, 0, 0, 0, 0, 0, 0, 0, 0, 0, 0, 0, 0, 0, 0, 0, 0, 0, 0, 0, 0, 0, 0, 0, 0, 0, 0, 0, 0, 0, 0, 0, 0, 0, 0, 0, 0], "left_behind": ["egg", "egg", "turd", "plain", "egg", "egg", "turd", "plain", "egg", "egg", "turd", "plain", "egg", "egg", "turd", "plain", "egg", "plain", "turd", "plain", "egg", "egg", "plain", "plain", "egg", "egg", "plain", "plain", "egg", "egg", "plain", "plain", "egg", "egg", "plain", "plain", "egg", "egg", "plain", "plain", "egg", "egg", "plain", "plain", "egg", "plain", "plain", "plain", "egg", "plain", "plain", "plain", "egg", "plain", "plain", "plain", "egg", "plain", "plain", "plain", "plain", "plain", "plain", "plain", "plain", "plain", "plain", "plain", "egg", "plain", "plain", "plain", "plain", "plain", "plain", "plain", "plain", "plain", "plain", "plain"], "errlog_a": "", "errlog_b": "", "start_time": 360, "start_moves": 40, "turn_count": 80, "result": 0, "reason": "EGGS_LAID", "trapdoors": [[3, 3], [5, 2]], "spawn_a": [0, 2], "spawn_b": [7, 2]}