{"pos": [[1, 4], [6, 4], [1, 3], [6, 3], [1, 2], [7, 3], [2, 2], [7, 2], [2, 3], [6, 2], [2, 4], [6, 1], [3, 4], [7, 1], [3, 5], [7, 0], [3, 6], [6, 0], [4, 6], [5, 0], [4, 7], [5, 1], [5, 7], [4, 1], [5, 6], [4, 0], [5, 5], [3, 0], [6, 5], [3, 1], [6, 4], [3, 2], [5, 4], [3, 1], [5, 3], [2, 1], [5, 4], [2, 0], [4, 4], [1, 0], [4, 5], [0, 0], [4, 4], [0, 1], [4, 5], [0, 0], [3, 5], [1, 0], [2, 5], [2, 0], [2, 6], [2, 1], [2, 7], [3, 1], [3, 7], [4, 1], [3, 6], [5, 1], [4, 6], [6, 1], [5, 6], [6, 2], [6, 6], [5, 2], [7, 6], [4, 2], [7, 5], [3, 2], [7, 6], [4, 2], [7, 7], [5, 2], [6, 7], [6, 2], [6, 6], [6, 3], [6, 7], [7, 3], [7, 7], [7, 4]], "a_eggs_laid": [1, 1, 1, 1, 2, 2, 2, 2, 3, 3, 3, 3, 4, 4, 4, 4, 5, 5, 5, 5, 6, 6, 6, 6, 7, 7, 7, 7, 8, 8, 8, 8, 9, 9, 9, 9, 10, 10, 10, 10, 11, 11, 11, 11, 11, 11, 11, 11, 11, 11, 11, 11, 12, 12, 12, 12, 13, 13, 13, 13, 13, 13, 13, 13, 14, 14, 14, 14, 15, 15, 15, 15, 18, 18, 18, 18, 18, 18, 18, 18], "b_eggs_laid": [0, 1, 1, 1, 1, 2, 2, 2, 2, 3, 3, 3, 3, 4, 4, 4, 4, 7, 7, 7, 7, 8, 8, 8, 8, 9, 9, 9, 9, 10, 10, 10, 10, 11, 11, 11, 11, 12, 12, 12, 12, 13, 13, 13, 13, 14, 14, 14, 14, 14, 14, 14, 14, 14, 14, 14, 14, 14, 14, 14, 14, 14, 14, 14, 14, 15, 15, 15, 15, 15, 15, 15, 15, 15, 15, 15, 15, 15, 15, 15], "a_turds_left": [5, 5, 4, 4, 4, 4, 3, 3, 3, 3, 2, 2, 2, 2, 1, 1, 1, 1, 0, 0, 0, 0, 0, 0, 0, 0, 0, 0, 0, 0, 0, 0, 0, 0, 0, 0, 0, 0, 0, 0, 0, 0, 0, 0, 0, 0, 0, 0, 0, 0, 0, 0, 0, 0, 0, 0, 0, 0, 0, 0, 0, 0, 0, 0, 0, 0, 0, 0, 0, 0, 0, 0, 0, 0, 0, 0, 0, 0, 0, 0], "b_turds_left": [5, 5, 5, 5, 5, 5, 5, 5, 5, 5, 5, 5, 5, 5, 5, 5, 5, 5, 5, 5, 5, 5, 5, 5, 5, 5, 5, 5, 5, 5, 5, 5, 5, 5, 5, 5, 5, 5, 5, 5, 5, 5, 5, 5, 5, 5, 5, 5, 5, 5, 5, 5, 5, 5, 5, 5, 5, 5, 5, 5, 5, 5, 5, 5, 5, 5, 5, 5, 5, 5, 5, 5, 5, 5, 5, 5, 5, 5, 5, 5], "a_time_left": [359.9966956250137, 359.9966956250137, 359.99486162501853, 359.99486162501853, 359.9923809170141, 359.9923809170141, 359.9909377080039, 359.9909377080039, 359.9887516660383, 359.9887516660383, 359.9871981240576, 359.9871981240576, 359.98509887408, 359.98509887408, 359.98364020709414, 359.98364020709414, 359.9816320411046, 359.9816320411046, 359.9769385821419, 359.9769385821419, 359.9756118321675, 359.9756118321675, 359.97535124915885, 359.97535124915885, 359.97493991517695, 359.97493991517695, 359.97467970720027, 359.97467970720027, 359.9745854571811, 359.9745854571811, 359.97451645717956, 359.97451645717956, 359.9744377901661, 359.9744377901661, 359.97436099813785, 359.97436099813785, 359.9742754570907, 359.9742754570907, 359.9742032070644, 359.9742032070644, 359.97411883209134, 359.97411883209134, 359.9740584990941, 359.9740584990941, 359.9739893741207, 359.9739893741207, 359.9739295411273, 359.9739295411273, 359.973862541141, 359.973862541141, 359.9738042911631, 359.9738042911631, 359.97371924918843, 359.97371924918843, 359.9736524151522, 359.9736524151522, 359.9735789151746, 359.9735789151746, 359.9735197071568, 359.9735197071568, 359.9734573321184, 359.9734573321184, 359.97340062313015, 359.97340062313015, 359.9733183311182, 359.9733183311182, 359.9732602891163, 359.9732602891163, 359.9731967051048, 359.9731967051048, 359.9731463721255, 359.9731463721255, 359.9730863721343, 359.9730863721343, 359.9730293300818, 359.9730293300818, 359.97295574704185, 359.97295574704185, 359.9729009970906, 359.9729009970906], "b_time_left": [360, 359.996243917034, 359.996243917034, 359.99437987600686, 359.99437987600686, 359.9911068759975, 359.9911068759975, 359.9903409599792, 359.9903409599792, 359.98785641795257, 359.98785641795257, 359.9865212099394, 359.9865212099394, 359.98319866793463, 359.98319866793463, 359.9829307089676, 359.9829307089676, 359.9826724169543, 359.9826724169543, 359.9823862919002, 359.9823862919002, 359.9822442509467, 359.9822442509467, 359.9821333339205, 359.9821333339205, 359.9820022509084, 359.9820022509084, 359.9819100848981, 359.9819100848981, 359.9818027099245, 359.9818027099245, 359.9816952099209, 359.9816952099209, 359.98159987688996, 359.98159987688996, 359.9815067098825, 359.9815067098825, 359.9814249178744, 359.9814249178744, 359.9813420018763, 359.9813420018763, 359.9812643768382, 359.9812643768382, 359.98120012687286, 359.98120012687286, 359.98113262688275, 359.98113262688275, 359.98106966889463, 359.98106966889463, 359.9809992518858, 359.9809992518858, 359.98091858485714, 359.98091858485714, 359.98085233481834, 359.98085233481834, 359.98076333478093, 359.98076333478093, 359.98069062578725, 359.98069062578725, 359.98060525080655, 359.98060525080655, 359.98053300078027, 359.98053300078027, 359.98044983373256, 359.98044983373256, 359.9803620427265, 359.9803620427265, 359.98027970967814, 359.98027970967814, 359.98021354264347, 359.98021354264347, 359.98012870864477, 359.98012870864477, 359.9800585426856, 359.9800585426856, 359.979967667663, 359.979967667663, 359.9799069596338, 359.9799069596338, 359.9798322095885], "a_moves_left": [39, 39, 38, 38, 37, 37, 36, 36, 35, 35, 34, 34, 33, 33, 32, 32, 31, 31, 30, 30, 29, 29, 28, 28, 27, 27, 26, 26, 25, 25, 24, 24, 23, 23, 22, 22, 21, 21, 20, 20, 19, 19, 18, 18, 17, 17, 16, 16, 15, 15, 14, 14, 13, 13, 12, 12, 11, 11, 10, 10, 9, 9, 8, 8, 7, 7, 6, 6, 5, 5, 4, 4, 3, 3, 2, 2, 1, 1, 0, 0], "b_moves_left": [40, 39, 39, 38, 38, 37, 37, 36, 36, 35, 35, 34, 34, 33, 33, 32, 32, 31, 31, 30, 30, 29, 29, 28, 28, 27, 27, 26, 26, 25, 25, 24, 24, 23, 23, 22, 22, 21, 21, 20, 20, 19, 19, 18, 18, 17, 17, 16, 16, 15, 15, 14, 14, 13, 13, 12, 12, 11, 11, 10, 10, 9, 9, 8, 8, 7, 7, 6, 6, 5, 5, 4, 4, 3, 3, 2, 2, 1, 1, 0], "trapdoor_triggered": [0, 0, 0, 0, 0, 0, 0, 0, 0, 0, 0, 0, 0, 0, 0, 0, 0, 0, 0, 0, 0, 0, 0, 0, 0, 0, 0, 0, 0, 0, 0, 0, 0, 0, 0, 0, 0, 0, 0, 0, 0, 0, 0, 0, 0, 0, 0, 0, 0, 0, 0, 0, 0, 0, 0, 0, 0, 0, 0, 0, 0, 0, 0, 0, 0, 0, 0, 0, 0, 0, 0, 0, 0, 0, 0, 0, 0, 0, 0, 0], "left_behind": ["egg", "egg", "turd", "plain", "egg", "egg", "turd", "plain", "egg", "egg", "turd", "plain", "egg", "egg", "turd", "plain", "egg", "egg", "turd", "plain", "egg", "egg", "plain", "plain", "egg", "egg", "plain", "plain", "egg", "egg", "plain", "plain", "egg", "egg", "plain", "plain", "egg", "egg", "plain", "plain", "egg", "egg", "plain", "plain", "plain", "egg", "plain", "plain", "plain", "plain", "plain", "plain", "egg", "plain", "plain", "plain", "egg", "plain", "plain", "plain", "plain", "plain", "plain", "plain", "egg", "egg", "plain", "plain", "egg", "plain", "plain", "plain", "egg", "plain", "plain", "plain", "plain", "plain", "plain", "plain"], "errlog_a": "", "errlog_b": "", "start_time": 360, "start_moves": 40, "turn_count": 80, "result": 0, "reason": "EGGS_LAID", "trapdoors": [[3, 3], [4, 3]], "spawn_a": [0, 4], "spawn_b": [7, 4]}