{"pos": [[6, 1], [1, 1], [5, 1], [2, 1], [4, 1], [2, 0], [4, 2], [1, 0], [5, 2], [0, 0], [5, 3], [0, 1], [5, 4], [0, 2], [6, 4], [0, 3], [6, 5], [1, 3], [6, 6], [2, 3], [5, 6], [1, 3], [4, 6], [1, 4], [3, 6], [0, 4], [3, 7], [0, 5], [4, 7], [1, 5], [5, 7], [2, 5], [6, 7], [2, 6], [7, 7], [3, 6], [7, 6], [3, 5], [7, 5], [4, 5], [7, 4], [3, 5], [7, 3], [3, 4], [7, 2], [2, 4], [6, 2], [2, 3], [6, 3], [2, 4], [6, 2], [3, 4], [6, 1], [3, 5], [6, 0], [4, 5], [7, 0], [3, 5], [7, 1], [3, 6], [7, 0], [2, 6], [6, 0], [1, 6], [5, 0], [1, 7], [4, 0], [2, 7], [3, 0], [1, 7], [3, 1], [0, 7], [3, 0], [0, 6], [2, 0], [1, 6], [3, 0], [1, 5], [4, 0], [1, 4]], "a_eggs_laid": [1, 1, 1, 1, 2, 2, 2, 2, 3, 3, 3, 3, 4, 4, 4, 4, 5, 5, 5, 5, 6, 6, 6, 6, 7, 7, 7, 7, 8, 8, 8, 8, 9, 9, 9, 9, 12, 12, 12, 12, 13, 13, 13, 13, 14, 14, 14, 14, 15, 15, 15, 15, 15, 15, 15, 15, 16, 16, 16, 16, 16, 16, 16, 16, 16, 16, 16, 16, 17, 17, 17, 17, 18, 18, 18, 18, 19, 19, 19, 19], "b_eggs_laid": [0, 1, 1, 1, 1, 2, 2, 2, 2, 3, 3, 3, 3, 3, 3, 3, 3, 4, 4, 4, 4, 5, 5, 5, 5, 6, 6, 6, 6, 7, 7, 7, 7, 8, 8, 8, 8, 9, 9, 9, 9, 10, 10, 10, 10, 11, 11, 11, 11, 11, 11, 11, 11, 11, 11, 11, 11, 11, 11, 11, 11, 11, 11, 11, 11, 12, 12, 12, 12, 13, 13, 13, 13, 16, 16, 16, 16, 16, 16, 16], "a_turds_left": [5, 5, 4, 4, 4, 4, 3, 3, 3, 3, 2, 2, 2, 2, 1, 1, 1, 1, 0, 0, 0, 0, 0, 0, 0, 0, 0, 0, 0, 0, 0, 0, 0, 0, 0, 0, 0, 0, 0, 0, 0, 0, 0, 0, 0, 0, 0, 0, 0, 0, 0, 0, 0, 0, 0, 0, 0, 0, 0, 0, 0, 0, 0, 0, 0, 0, 0, 0, 0, 0, 0, 0, 0, 0, 0, 0, 0, 0, 0, 0], "b_turds_left": [5, 5, 5, 5, 5, 5, 5, 5, 5, 5, 5, 5, 5, 5, 5, 5, 5, 5, 5, 5, 5, 5, 5, 5, 5, 5, 5, 5, 5, 5, 5, 5, 5, 5, 5, 5, 5, 5, 5, 5, 5, 5, 5, 5, 5, 5, 5, 5, 5, 5, 5, 5, 5, 5, 5, 5, 5, 5, 5, 5, 5, 5, 5, 5, 5, 5, 5, 5, 5, 5, 5, 5, 5, 5, 5, 5, 5, 5, 5, 5], "a_time_left": [359.9970717090182, 359.9970717090182, 359.9953915840015, 359.9953915840015, 359.99308945896337, 359.99308945896337, 359.9916167919873, 359.9916167919873, 359.98938658402767, 359.98938658402767, 359.98810308403336, 359.98810308403336, 359.9871986680082, 359.9871986680082, 359.98662541800877, 359.98662541800877, 359.985849500983, 359.985849500983, 359.98529958497966, 359.98529958497966, 359.9847475849674, 359.9847475849674, 359.98447900096653, 359.98447900096653, 359.984037126007, 359.984037126007, 359.9838167100097, 359.9838167100097, 359.98374470998533, 359.98374470998533, 359.98368770995876, 359.98368770995876, 359.9836145019508, 359.9836145019508, 359.983554960927, 359.983554960927, 359.98347575293155, 359.98347575293155, 359.98340279387776, 359.98340279387776, 359.9833211688674, 359.9833211688674, 359.98324416886317, 359.98324416886317, 359.9831488348427, 359.9831488348427, 359.9830530008185, 359.9830530008185, 359.9829466678202, 359.9829466678202, 359.9828685008106, 359.9828685008106, 359.98279508482665, 359.98279508482665, 359.9827228768263, 359.9827228768263, 359.9826432518312, 359.9826432518312, 359.9825662098592, 359.9825662098592, 359.9824927098816, 359.9824927098816, 359.98243491892936, 359.98243491892936, 359.9823718778789, 359.9823718778789, 359.9823067948455, 359.9823067948455, 359.98222750384593, 359.98222750384593, 359.9821679208544, 359.9821679208544, 359.98208896181313, 359.98208896181313, 359.98203525377903, 359.98203525377903, 359.98198187875096, 359.98198187875096, 359.98192579473834, 359.98192579473834], "b_time_left": [360, 359.9966086670174, 359.9966086670174, 359.9948339590337, 359.9948339590337, 359.9915090430295, 359.9915090430295, 359.98962720902637, 359.98962720902637, 359.98709004203556, 359.98709004203556, 359.98684120801045, 359.98684120801045, 359.9865600829944, 359.9865600829944, 359.9861402910319, 359.9861402910319, 359.9860294580576, 359.9860294580576, 359.98592654109234, 359.98592654109234, 359.98581170808757, 359.98581170808757, 359.9857184170978, 359.9857184170978, 359.9856102920603, 359.9856102920603, 359.98553037509555, 359.98553037509555, 359.98543891706504, 359.98543891706504, 359.98535325104604, 359.98535325104604, 359.9852513350197, 359.9852513350197, 359.9851553350454, 359.9851553350454, 359.98505458503496, 359.98505458503496, 359.98495125200134, 359.98495125200134, 359.98486346099526, 359.98486346099526, 359.9847448359942, 359.9847448359942, 359.98459550295956, 359.98459550295956, 359.9844618779607, 359.9844618779607, 359.9843572109239, 359.9843572109239, 359.98425737791695, 359.98425737791695, 359.98416716989595, 359.98416716989595, 359.9840734608588, 359.9840734608588, 359.9839965858846, 359.9839965858846, 359.98388787783915, 359.98388787783915, 359.9838187948335, 359.9838187948335, 359.983728044841, 359.983728044841, 359.98361683584517, 359.98361683584517, 359.9835240438697, 359.9835240438697, 359.98343512788415, 359.98343512788415, 359.98335071088513, 359.98335071088513, 359.98327166889794, 359.98327166889794, 359.98319400293985, 359.98319400293985, 359.9831133369589, 359.9831133369589, 359.9830271699466], "a_moves_left": [39, 39, 38, 38, 37, 37, 36, 36, 35, 35, 34, 34, 33, 33, 32, 32, 31, 31, 30, 30, 29, 29, 28, 28, 27, 27, 26, 26, 25, 25, 24, 24, 23, 23, 22, 22, 21, 21, 20, 20, 19, 19, 18, 18, 17, 17, 16, 16, 15, 15, 14, 14, 13, 13, 12, 12, 11, 11, 10, 10, 9, 9, 8, 8, 7, 7, 6, 6, 5, 5, 4, 4, 3, 3, 2, 2, 1, 1, 0, 0], "b_moves_left": [40, 39, 39, 38, 38, 37, 37, 36, 36, 35, 35, 34, 34, 33, 33, 32, 32, 31, 31, 30, 30, 29, 29, 28, 28, 27, 27, 26, 26, 25, 25, 24, 24, 23, 23, 22, 22, 21, 21, 20, 20, 19, 19, 18, 18, 17, 17, 16, 16, 15, 15, 14, 14, 13, 13, 12, 12, 11, 11, 10, 10, 9, 9, 8, 8, 7, 7, 6, 6, 5, 5, 4, 4, 3, 3, 2, 2, 1, 1, 0], "trapdoor_triggered": [0, 0, 0, 0, 0, 0, 0, 0, 0, 0, 0, 0, 0, 0, 0, 0, 0, 0, 0, 0, 0, 0, 0, 0, 0, 0, 0, 0, 0, 0, 0, 0, 0, 0, 0, 0, 0, 0, 0, 0, 0, 0, 0, 0, 0, 0, 0, 0, 0, 0, 0, 0, 0, 0, 0, 0, 0, 0, 0, 0, 0, 0, 0, 0, 0, 0, 0, 0, 0, 0, 0, 0, 0, 0, 0, 0, 0, 0, 0, 0], "left_behind": ["egg", "egg", "turd", "plain", "egg", "egg", "turd", "plain", "egg", "egg", "turd", "plain", "egg", "plain", "turd", "plain", "egg", "egg", "turd", "plain", "egg", "egg", "plain", "plain", "egg", "egg", "plain", "plain", "egg", "egg", "plain", "plain", "egg", "egg", "plain", "plain", "egg", "egg", "plain", "plain", "egg", "egg", "plain", "plain", "egg", "egg", "plain", "plain", "egg", "plain", "plain", "plain", "plain", "plain", "plain", "plain", "egg", "plain", "plain", "plain", "plain", "plain", "plain", "plain", "plain", "egg", "plain", "plain", "egg", "egg", "plain", "plain", "egg", "egg", "plain", "plain", "egg", "plain", "plain", "plain"], "errlog_a": "", "errlog_b": "", "start_time": 360, "start_moves": 40, "turn_count": 80, "result": 0, "reason": "EGGS_LAID", "trapdoors": [[3, 3], [3, 2]], "spawn_a": [7, 1], "spawn_b": [0, 1]}