{"pos": [[1, 6], [6, 6], [2, 6], [5, 6], [3, 6], [5, 7], [3, 5], [4, 7], [2, 5], [5, 7], [2, 4], [6, 7], [3, 4], [7, 7], [2, 4], [6, 7], [2, 3], [6, 6], [1, 3], [6, 5], [1, 2], [7, 5], [2, 2], [7, 4], [2, 1], [6, 4], [3, 1], [6, 3], [4, 1], [7, 3], [4, 0], [7, 2], [3, 0], [6, 2], [2, 0], [6, 3], [1, 0], [5, 3], [1, 1], [5, 4], [0, 1], [5, 5], [0, 0], [4, 5], [1, 0], [5, 5], [2, 0], [6, 5], [3, 0], [6, 4], [4, 0], [5, 4], [5, 0], [5, 3], [6, 0], [6, 3], [6, 1], [6, 2], [7, 1], [7, 2], [7, 0], [7, 3], [6, 0], [7, 4], [7, 0], [7, 5], [7, 1], [7, 6], [6, 1], [7, 7], [6, 2], [7, 6], [6, 1], [6, 6], [5, 1], [5, 6], [5, 0], [5, 5], [5, 1], [4, 5]], "a_eggs_laid": [1, 1, 1, 1, 2, 2, 2, 2, 3, 3, 3, 3, 4, 4, 4, 4, 4, 4, 4, 4, 5, 5, 5, 5, 6, 6, 6, 6, 7, 7, 7, 7, 8, 8, 8, 8, 9, 9, 9, 9, 10, 10, 10, 10, 13, 13, 13, 13, 13, 13, 13, 13, 13, 13, 13, 13, 14, 14, 14, 14, 15, 15, 15, 15, 15, 15, 15, 15, 15, 15, 15, 15, 16, 16, 16, 16, 17, 17, 17, 17], "b_eggs_laid": [0, 1, 1, 1, 1, 2, 2, 2, 2, 3, 3, 3, 3, 4, 4, 4, 4, 4, 4, 4, 4, 5, 5, 5, 5, 6, 6, 6, 6, 7, 7, 7, 7, 8, 8, 8, 8, 8, 8, 8, 8, 9, 9, 9, 9, 10, 10, 10, 10, 10, 10, 10, 10, 10, 10, 10, 10, 10, 10, 10, 10, 10, 10, 10, 10, 10, 10, 10, 10, 10, 10, 10, 10, 10, 10, 10, 10, 10, 10, 10], "a_turds_left": [5, 5, 4, 4, 4, 4, 3, 3, 3, 3, 2, 2, 2, 2, 1, 1, 1, 1, 0, 0, 0, 0, 0, 0, 0, 0, 0, 0, 0, 0, 0, 0, 0, 0, 0, 0, 0, 0, 0, 0, 0, 0, 0, 0, 0, 0, 0, 0, 0, 0, 0, 0, 0, 0, 0, 0, 0, 0, 0, 0, 0, 0, 0, 0, 0, 0, 0, 0, 0, 0, 0, 0, 0, 0, 0, 0, 0, 0, 0, 0], "b_turds_left": [5, 5, 5, 5, 5, 5, 5, 5, 5, 5, 5, 5, 5, 5, 5, 5, 5, 5, 5, 5, 5, 5, 5, 5, 5, 5, 5, 5, 5, 5, 5, 5, 5, 5, 5, 5, 5, 5, 5, 5, 5, 5, 5, 5, 5, 5, 5, 5, 5, 5, 5, 5, 5, 5, 5, 5, 5, 5, 5, 5, 5, 5, 5, 5, 5, 5, 5, 5, 5, 5, 5, 5, 5, 5, 5, 5, 5, 5, 5, 5], "a_time_left": [359.9970139170182, 359.9970139170182, 359.99539587501204, 359.99539587501204, 359.9930750830099, 359.9930750830099, 359.9916187499766, 359.9916187499766, 359.99016633298015, 359.99016633298015, 359.98954237496946, 359.98954237496946, 359.98853629198857, 359.98853629198857, 359.9877684589592, 359.9877684589592, 359.9874125419301, 359.9874125419301, 359.9868732088944, 359.9868732088944, 359.9863477089093, 359.9863477089093, 359.9860538339126, 359.9860538339126, 359.9855634588748, 359.9855634588748, 359.98526704189135, 359.98526704189135, 359.98483341687825, 359.98483341687825, 359.9847632088931, 359.9847632088931, 359.984677792876, 359.984677792876, 359.98460916784825, 359.98460916784825, 359.98452216782607, 359.98452216782607, 359.9844536258606, 359.9844536258606, 359.9843610008247, 359.9843610008247, 359.9842955847853, 359.9842955847853, 359.98422100179596, 359.98422100179596, 359.98415129381465, 359.98415129381465, 359.98406791879097, 359.98406791879097, 359.98398204380646, 359.98398204380646, 359.983907918795, 359.983907918795, 359.9838392517995, 359.9838392517995, 359.98374987678835, 359.98374987678835, 359.98368262680015, 359.98368262680015, 359.9836126268492, 359.9836126268492, 359.9835537938634, 359.9835537938634, 359.98348162684124, 359.98348162684124, 359.98342237679753, 359.98342237679753, 359.983360626793, 359.983360626793, 359.9832902107737, 359.9832902107737, 359.98322500276845, 359.98322500276845, 359.98316650278866, 359.98316650278866, 359.9830846277764, 359.9830846277764, 359.98303004476475, 359.98303004476475], "b_time_left": [360, 359.9965482080006, 359.9965482080006, 359.99479841598077, 359.99479841598077, 359.9915688749752, 359.9915688749752, 359.990246500005, 359.990246500005, 359.98914212500677, 359.98914212500677, 359.98827070801053, 359.98827070801053, 359.9858360000071, 359.9858360000071, 359.9854894580203, 359.9854894580203, 359.9852511250647, 359.9852511250647, 359.98493037506705, 359.98493037506705, 359.9847877500579, 359.9847877500579, 359.98467762506334, 359.98467762506334, 359.98456637503114, 359.98456637503114, 359.98444620904047, 359.98444620904047, 359.98431000107666, 359.98431000107666, 359.98420975107, 359.98420975107, 359.9841003760812, 359.9841003760812, 359.9839843350928, 359.9839843350928, 359.9838907510857, 359.9838907510857, 359.98379204206867, 359.98379204206867, 359.98368583410047, 359.98368583410047, 359.9835869590752, 359.9835869590752, 359.9835007500951, 359.9835007500951, 359.983384875115, 359.983384875115, 359.9832779581193, 359.9832779581193, 359.98318016610574, 359.98318016610574, 359.9830785411177, 359.9830785411177, 359.98297274910146, 359.98297274910146, 359.98288124910323, 359.98288124910323, 359.9827762491186, 359.9827762491186, 359.9827004991239, 359.9827004991239, 359.9826112081064, 359.9826112081064, 359.98252066608984, 359.98252066608984, 359.98241162410704, 359.98241162410704, 359.9823304161546, 359.9823304161546, 359.9822514161351, 359.9822514161351, 359.9821693741251, 359.9821693741251, 359.9820545411203, 359.9820545411203, 359.9819702071254, 359.9819702071254, 359.98185762314824], "a_moves_left": [39, 39, 38, 38, 37, 37, 36, 36, 35, 35, 34, 34, 33, 33, 32, 32, 31, 31, 30, 30, 29, 29, 28, 28, 27, 27, 26, 26, 25, 25, 24, 24, 23, 23, 22, 22, 21, 21, 20, 20, 19, 19, 18, 18, 17, 17, 16, 16, 15, 15, 14, 14, 13, 13, 12, 12, 11, 11, 10, 10, 9, 9, 8, 8, 7, 7, 6, 6, 5, 5, 4, 4, 3, 3, 2, 2, 1, 1, 0, 0], "b_moves_left": [40, 39, 39, 38, 38, 37, 37, 36, 36, 35, 35, 34, 34, 33, 33, 32, 32, 31, 31, 30, 30, 29, 29, 28, 28, 27, 27, 26, 26, 25, 25, 24, 24, 23, 23, 22, 22, 21, 21, 20, 20, 19, 19, 18, 18, 17, 17, 16, 16, 15, 15, 14, 14, 13, 13, 12, 12, 11, 11, 10, 10, 9, 9, 8, 8, 7, 7, 6, 6, 5, 5, 4, 4, 3, 3, 2, 2, 1, 1, 0], "trapdoor_triggered": [0, 0, 0, 0, 0, 0, 0, 0, 0, 0, 0, 0, 0, 0, 0, 0, 0, 0, 0, 0, 0, 0, 0, 0, 0, 0, 0, 0, 0, 0, 0, 0, 0, 0, 0, 0, 0, 0, 0, 0, 0, 0, 0, 0, 0, 0, 0, 0, 0, 0, 0, 0, 0, 0, 0, 0, 0, 0, 0, 0, 0, 0, 0, 0, 0, 0, 0, 0, 0, 0, 0, 0, 0, 0, 0, 0, 0, 0, 0, 0], "left_behind": ["egg", "egg", "turd", "plain", "egg", "egg", "turd", "plain", "egg", "egg", "turd", "plain", "egg", "egg", "turd", "plain", "plain", "plain", "turd", "plain", "egg", "egg", "plain", "plain", "egg", "egg", "plain", "plain", "egg", "egg", "plain", "plain", "egg", "egg", "plain", "plain", "egg", "plain", "plain", "plain", "egg", "egg", "plain", "plain", "egg", "egg", "plain", "plain", "plain", "plain", "plain", "plain", "plain", "plain", "plain", "plain", "egg", "plain", "plain", "plain", "egg", "plain", "plain", "plain", "plain", "plain", "plain", "plain", "plain", "plain", "plain", "plain", "egg", "plain", "plain", "plain", "egg", "plain", "plain", "plain"], "errlog_a": "", "errlog_b": "", "start_time": 360, "start_moves": 40, "turn_count": 80, "result": 0, "reason": "EGGS_LAID", "trapdoors": [[3, 3], [5, 2]], "spawn_a": [0, 6], "spawn_b": [7, 6]}