{"pos": [[6, 1], [1, 1], [5, 1], [2, 1], [4, 1], [1, 1], [4, 2], [1, 2], [5, 2], [1, 3], [5, 3], [0, 3], [4, 3], [0, 2], [3, 3], [1, 2], [3, 2], [1, 3], [3, 1], [2, 3], [3, 0], [2, 4], [4, 0], [1, 4], [5, 0], [1, 5], [6, 0], [1, 6], [7, 0], [2, 6], [7, 1], [3, 6], [7, 2], [3, 5], [7, 3], [3, 4], [6, 3], [3, 5], [6, 2], [4, 5], [6, 1], [5, 5], [6, 0], [5, 4], [7, 0], [6, 4], [7, 1], [6, 3], [7, 2], [6, 4], [7, 3], [7, 4], [7, 2], [7, 5], [6, 2], [6, 5], [5, 2], [6, 6], [5, 3], [5, 6], [4, 3], [4, 6], [4, 4], [4, 7], [4, 3], [5, 7], [4, 4], [6, 7], [4, 3], [7, 7], [3, 3], [7, 6], [3, 2], [6, 6], [3, 1], [6, 5], [4, 1], [5, 5], [4, 0], [5, 4]], "a_eggs_laid": [1, 1, 1, 1, 2, 2, 2, 2, 3, 3, 3, 3, 4, 4, 4, 4, 5, 5, 5, 5, 6, 6, 6, 6, 7, 7, 7, 7, 8, 8, 8, 8, 8, 8, 8, 8, 9, 9, 9, 9, 10, 10, 10, 10, 10, 10, 10, 10, 10, 10, 10, 10, 10, 10, 10, 10, 10, 10, 10, 10, 10, 10, 10, 10, 11, 11, 11, 11, 11, 11, 11, 11, 11, 11, 11, 11, 11, 11, 11, 11], "b_eggs_laid": [0, 1, 1, 1, 1, 2, 2, 2, 2, 3, 3, 3, 3, 4, 4, 4, 4, 4, 4, 4, 4, 5, 5, 5, 5, 6, 6, 6, 6, 7, 7, 7, 7, 8, 8, 8, 8, 9, 9, 9, 9, 10, 10, 10, 10, 11, 11, 11, 11, 12, 12, 12, 12, 13, 13, 13, 13, 14, 14, 14, 14, 15, 15, 15, 15, 16, 16, 16, 16, 17, 17, 17, 17, 18, 18, 18, 18, 18, 18, 18], "a_turds_left": [5, 5, 4, 4, 4, 4, 3, 3, 3, 3, 2, 2, 2, 2, 1, 1, 1, 1, 0, 0, 0, 0, 0, 0, 0, 0, 0, 0, 0, 0, 0, 0, 0, 0, 0, 0, 0, 0, 0, 0, 0, 0, 0, 0, 0, 0, 0, 0, 0, 0, 0, 0, 0, 0, 0, 0, 0, 0, 0, 0, 0, 0, 0, 0, 0, 0, 0, 0, 0, 0, 0, 0, 0, 0, 0, 0, 0, 0, 0, 0], "b_turds_left": [5, 5, 5, 5, 5, 5, 5, 5, 5, 5, 5, 5, 5, 5, 5, 5, 5, 5, 5, 5, 5, 5, 5, 5, 5, 5, 5, 5, 5, 5, 5, 5, 5, 5, 5, 5, 5, 5, 5, 5, 5, 5, 5, 5, 5, 5, 5, 5, 5, 5, 5, 5, 5, 5, 5, 5, 5, 5, 5, 5, 5, 5, 5, 5, 5, 5, 5, 5, 5, 5, 5, 5, 5, 5, 5, 5, 5, 5, 5, 5], "a_time_left": [359.99693183402997, 359.99693183402997, 359.9953122510342, 359.9953122510342, 359.9929899169947, 359.9929899169947, 359.99145541701, 359.99145541701, 359.9891825840459, 359.9891825840459, 359.9885022920207, 359.9885022920207, 359.9862929999945, 359.9862929999945, 359.9856914160191, 359.9856914160191, 359.9836543740239, 359.9836543740239, 359.9831143740448, 359.9831143740448, 359.9821132910438, 359.9821132910438, 359.98182712408016, 359.98182712408016, 359.98144458211027, 359.98144458211027, 359.9812472900958, 359.9812472900958, 359.98114974808414, 359.98114974808414, 359.9810836640536, 359.9810836640536, 359.9810111220577, 359.9810111220577, 359.98094599705655, 359.98094599705655, 359.980861456017, 359.980861456017, 359.98079020599835, 359.98079020599835, 359.98068891395815, 359.98068891395815, 359.9806174559635, 359.9806174559635, 359.98054808093, 359.98054808093, 359.9804897478898, 359.9804897478898, 359.9804221648956, 359.9804221648956, 359.9803551239311, 359.9803551239311, 359.9802932899329, 359.9802932899329, 359.98022816493176, 359.98022816493176, 359.9801591229043, 359.9801591229043, 359.980092122918, 359.980092122918, 359.98002770589665, 359.98002770589665, 359.9799615808879, 359.9799615808879, 359.9798968718969, 359.9798968718969, 359.9798319559195, 359.9798319559195, 359.9797765809344, 359.9797765809344, 359.9797131649102, 359.9797131649102, 359.97964970592875, 359.97964970592875, 359.9795807469636, 359.9795807469636, 359.9795114969602, 359.9795114969602, 359.9794480809942, 359.9794480809942], "b_time_left": [360, 359.9964359169826, 359.9964359169826, 359.9946040000068, 359.9946040000068, 359.9914070839877, 359.9914070839877, 359.9900560840033, 359.9900560840033, 359.98880220903084, 359.98880220903084, 359.9869066250394, 359.9869066250394, 359.9847063750494, 359.9847063750494, 359.9844061250915, 359.9844061250915, 359.9840946660843, 359.9840946660843, 359.98364499909803, 359.98364499909803, 359.9835369990906, 359.9835369990906, 359.9834422910935, 359.9834422910935, 359.9833425410907, 359.9833425410907, 359.98325399908936, 359.98325399908936, 359.98315024905605, 359.98315024905605, 359.98306045803474, 359.98306045803474, 359.98295887507265, 359.98295887507265, 359.98287895909743, 359.98287895909743, 359.98280475108186, 359.98280475108186, 359.98271962610306, 359.98271962610306, 359.9826334181125, 359.9826334181125, 359.9825520840823, 359.9825520840823, 359.98247416713275, 359.98247416713275, 359.9823973751045, 359.9823973751045, 359.98233820911264, 359.98233820911264, 359.98225837608334, 359.98225837608334, 359.9821880850941, 359.9821880850941, 359.98211300204275, 359.98211300204275, 359.98201437701937, 359.98201437701937, 359.9819367520395, 359.9819367520395, 359.9818402110832, 359.9818402110832, 359.9817632531049, 359.9817632531049, 359.98167758609634, 359.98167758609634, 359.9816029610811, 359.9816029610811, 359.98151679406874, 359.98151679406874, 359.9814574190532, 359.9814574190532, 359.98137462703744, 359.98137462703744, 359.98129433504073, 359.98129433504073, 359.98121358506614, 359.98121358506614, 359.9811295020627], "a_moves_left": [39, 39, 38, 38, 37, 37, 36, 36, 35, 35, 34, 34, 33, 33, 32, 32, 31, 31, 30, 30, 29, 29, 28, 28, 27, 27, 26, 26, 25, 25, 24, 24, 23, 23, 22, 22, 21, 21, 20, 20, 19, 19, 18, 18, 17, 17, 16, 16, 15, 15, 14, 14, 13, 13, 12, 12, 11, 11, 10, 10, 9, 9, 8, 8, 7, 7, 6, 6, 5, 5, 4, 4, 3, 3, 2, 2, 1, 1, 0, 0], "b_moves_left": [40, 39, 39, 38, 38, 37, 37, 36, 36, 35, 35, 34, 34, 33, 33, 32, 32, 31, 31, 30, 30, 29, 29, 28, 28, 27, 27, 26, 26, 25, 25, 24, 24, 23, 23, 22, 22, 21, 21, 20, 20, 19, 19, 18, 18, 17, 17, 16, 16, 15, 15, 14, 14, 13, 13, 12, 12, 11, 11, 10, 10, 9, 9, 8, 8, 7, 7, 6, 6, 5, 5, 4, 4, 3, 3, 2, 2, 1, 1, 0], "trapdoor_triggered": [0, 0, 0, 0, 0, 0, 0, 0, 0, 0, 0, 0, 0, 0, 0, 0, 0, 0, 0, 0, 0, 0, 0, 0, 0, 0, 0, 0, 0, 0, 0, 0, 0, 0, 0, 0, 0, 0, 0, 0, 0, 0, 0, 0, 0, 0, 0, 0, 0, 0, 0, 0, 0, 0, 0, 0, 0, 0, 0, 0, 0, 0, 0, 0, 0, 0, 0, 0, 0, 0, 0, 0, 0, 0, 0, 0, 0, 0, 0, 0], "left_behind": ["egg", "egg", "turd", "plain", "egg", "egg", "turd", "plain", "egg", "egg", "turd", "plain", "egg", "egg", "turd", "plain", "egg", "plain", "turd", "plain", "egg", "egg", "plain", "plain", "egg", "egg", "plain", "plain", "egg", "egg", "plain", "plain", "plain", "egg", "plain", "plain", "egg", "egg", "plain", "plain", "egg", "egg", "plain", "plain", "plain", "egg", "plain", "plain", "plain", "egg", "plain", "plain", "plain", "egg", "plain", "plain", "plain", "egg", "plain", "plain", "plain", "egg", "plain", "plain", "egg", "egg", "plain", "plain", "plain", "egg", "plain", "plain", "plain", "egg", "plain", "plain", "plain", "plain", "plain", "plain"], "errlog_a": "", "errlog_b": "", "start_time": 360, "start_moves": 40, "turn_count": 80, "result": 1, "reason": "EGGS_LAID", "trapdoors": [[2, 2], [2, 5]], "spawn_a": [7, 1], "spawn_b": [0, 1]}