{"pos": [[6, 5], [0, 4], [6, 4], [0, 3], [6, 3], [1, 3], [6, 2], [1, 4], [5, 2], [1, 5], [5, 3], [1, 4], [5, 4], [1, 5], [4, 4], [0, 5], [4, 3], [1, 5], [4, 2], [1, 4], [4, 1], [1, 3], [3, 1], [0, 3], [2, 1], [0, 4], [2, 0], [0, 5], [3, 0], [0, 6], [4, 0], [1, 6], [5, 0], [0, 6], [5, 1], [0, 7], [6, 1], [1, 7], [6, 0], [1, 6], [7, 0], [2, 6], [7, 1], [2, 7], [7, 2], [1, 7], [7, 3], [2, 7], [7, 4], [3, 7], [7, 3], [2, 7], [7, 2], [3, 7], [7, 1], [3, 6], [7, 0], [4, 6], [6, 0], [3, 6], [6, 1], [2, 6], [6, 2], [2, 5], [6, 3], [1, 5], [6, 2], [2, 5], [5, 2], [1, 5], [5, 1], [0, 5], [5, 0], [0, 4], [4, 0], [1, 4], [4, 1], [0, 4], [4, 2], [0, 3]], "a_eggs_laid": [1, 1, 1, 1, 2, 2, 2, 2, 3, 3, 3, 3, 4, 4, 4, 4, 5, 5, 5, 5, 6, 6, 6, 6, 7, 7, 7, 7, 8, 8, 8, 8, 9, 9, 9, 9, 10, 10, 10, 10, 11, 11, 11, 11, 12, 12, 12, 12, 13, 13, 13, 13, 13, 13, 13, 13, 13, 13, 13, 13, 13, 13, 13, 13, 13, 13, 13, 13, 13, 13, 13, 13, 13, 13, 13, 13, 13, 13, 13, 13], "b_eggs_laid": [0, 1, 1, 1, 1, 1, 1, 1, 1, 2, 2, 2, 2, 2, 2, 2, 2, 2, 2, 2, 2, 2, 2, 2, 2, 2, 2, 2, 2, 2, 2, 2, 2, 2, 2, 2, 2, 2, 2, 2, 2, 3, 3, 3, 3, 4, 4, 4, 4, 4, 4, 4, 4, 4, 4, 4, 4, 4, 4, 4, 4, 4, 4, 4, 4, 4, 4, 4, 4, 4, 4, 4, 4, 4, 4, 4, 4, 4, 4, 4], "a_turds_left": [5, 5, 4, 4, 4, 4, 3, 3, 3, 3, 2, 2, 2, 2, 1, 1, 1, 1, 0, 0, 0, 0, 0, 0, 0, 0, 0, 0, 0, 0, 0, 0, 0, 0, 0, 0, 0, 0, 0, 0, 0, 0, 0, 0, 0, 0, 0, 0, 0, 0, 0, 0, 0, 0, 0, 0, 0, 0, 0, 0, 0, 0, 0, 0, 0, 0, 0, 0, 0, 0, 0, 0, 0, 0, 0, 0, 0, 0, 0, 0], "b_turds_left": [5, 5, 5, 4, 4, 4, 4, 4, 4, 4, 4, 4, 4, 4, 4, 4, 4, 4, 4, 3, 3, 3, 3, 2, 2, 2, 2, 2, 2, 2, 2, 2, 2, 2, 2, 1, 1, 0, 0, 0, 0, 0, 0, 0, 0, 0, 0, 0, 0, 0, 0, 0, 0, 0, 0, 0, 0, 0, 0, 0, 0, 0, 0, 0, 0, 0, 0, 0, 0, 0, 0, 0, 0, 0, 0, 0, 0, 0, 0, 0], "a_time_left": [359.997964625014, 359.997964625014, 359.9965815829928, 359.9965815829928, 359.99363029102096, 359.99363029102096, 359.99220366601367, 359.99220366601367, 359.9894271250232, 359.9894271250232, 359.98706229100935, 359.98706229100935, 359.98484191601165, 359.98484191601165, 359.9828685829998, 359.9828685829998, 359.9811794999987, 359.9811794999987, 359.9792843750329, 359.9792843750329, 359.9774719590205, 359.9774719590205, 359.9767827090109, 359.9767827090109, 359.9758541249903, 359.9758541249903, 359.9753134159837, 359.9753134159837, 359.9750152489869, 359.9750152489869, 359.97480766498484, 359.97480766498484, 359.97448291495675, 359.97448291495675, 359.9740297899698, 359.9740297899698, 359.97367374796886, 359.97367374796886, 359.9734193729819, 359.9734193729819, 359.9729545820155, 359.9729545820155, 359.9727171230479, 359.9727171230479, 359.97230820701225, 359.97230820701225, 359.97206754097715, 359.97206754097715, 359.97185133298626, 359.97185133298626, 359.9716521659866, 359.9716521659866, 359.97117708198493, 359.97117708198493, 359.97062453994295, 359.97062453994295, 359.97018895694055, 359.97018895694055, 359.9699240819318, 359.9699240819318, 359.9694789989735, 359.9694789989735, 359.9692459150101, 359.9692459150101, 359.9690178730525, 359.9690178730525, 359.9688022061018, 359.9688022061018, 359.96841778908856, 359.96841778908856, 359.96814812207595, 359.96814812207595, 359.96788395609474, 359.96788395609474, 359.96752995613497, 359.96752995613497, 359.96730154013494, 359.96730154013494, 359.96711483213585, 359.96711483213585], "b_time_left": [360, 358.45346099999733, 358.45346099999733, 356.9476956659928, 356.9476956659928, 355.44202595797833, 355.44202595797833, 353.93630337395007, 353.93630337395007, 352.4308999989298, 352.4308999989298, 350.9251216239063, 350.9251216239063, 349.4194799159304, 349.4194799159304, 347.91385158197954, 347.91385158197954, 346.4083022909472, 346.4083022909472, 344.9027540409588, 344.9027540409588, 343.3969469999429, 343.3969469999429, 341.8910444579669, 341.8910444579669, 340.38538195798174, 340.38538195798174, 338.87984016601695, 338.87984016601695, 337.3742733740364, 337.3742733740364, 335.868485332001, 335.868485332001, 334.3628196649952, 334.3628196649952, 332.85711537400493, 332.85711537400493, 331.35150191601133, 331.35150191601133, 329.84600266598864, 329.84600266598864, 328.340380706999, 328.340380706999, 326.83488645695616, 326.83488645695616, 325.329283748928, 325.329283748928, 323.8237919989042, 323.8237919989042, 322.318255748949, 322.318255748949, 320.81757287395885, 320.81757287395885, 319.3116200819495, 319.3116200819495, 317.80625928996596, 317.80625928996596, 316.3004414559691, 316.3004414559691, 314.79886149795493, 314.79886149795493, 313.2931904559373, 313.2931904559373, 311.7876919139526, 311.7876919139526, 310.2821295809699, 310.2821295809699, 308.77647608099505, 308.77647608099505, 307.27090428903466, 307.27090428903466, 305.76530662202276, 305.76530662202276, 304.259808162984, 304.259808162984, 302.7543375789537, 302.7543375789537, 301.2488436209969, 301.2488436209969, 299.74340587097686], "a_moves_left": [39, 39, 38, 38, 37, 37, 36, 36, 35, 35, 34, 34, 33, 33, 32, 32, 31, 31, 30, 30, 29, 29, 28, 28, 27, 27, 26, 26, 25, 25, 24, 24, 23, 23, 22, 22, 21, 21, 20, 20, 19, 19, 18, 18, 17, 17, 16, 16, 15, 15, 14, 14, 13, 13, 12, 12, 11, 11, 10, 10, 9, 9, 8, 8, 7, 7, 6, 6, 5, 5, 4, 4, 3, 3, 2, 2, 1, 1, 0, 0], "b_moves_left": [40, 39, 39, 38, 38, 37, 37, 36, 36, 35, 35, 34, 34, 33, 33, 32, 32, 31, 31, 30, 30, 29, 29, 28, 28, 27, 27, 26, 26, 25, 25, 24, 24, 23, 23, 22, 22, 21, 21, 20, 20, 19, 19, 18, 18, 17, 17, 16, 16, 15, 15, 14, 14, 13, 13, 12, 12, 11, 11, 10, 10, 9, 9, 8, 8, 7, 7, 6, 6, 5, 5, 4, 4, 3, 3, 2, 2, 1, 1, 0], "trapdoor_triggered": [0, 0, 0, 0, 0, 0, 0, 0, 0, 0, 0, 0, 0, 0, 0, 0, 0, 0, 0, 0, 0, 0, 0, 0, 0, 0, 0, 0, 0, 0, 0, 0, 0, 0, 0, 0, 0, 0, 0, 0, 0, 0, 0, 0, 0, 0, 0, 0, 0, 0, 0, 0, 0, 0, 0, 0, 0, 0, 0, 0, 0, 0, 0, 0, 0, 0, 0, 0, 0, 0, 0, 0, 0, 0, 0, 0, 0, 0, 0, 0], "left_behind": ["egg", "egg", "turd", "turd", "egg", "plain", "turd", "plain", "egg", "egg", "turd", "plain", "egg", "plain", "turd", "plain", "egg", "plain", "turd", "turd", "egg", "plain", "plain", "turd", "egg", "plain", "plain", "plain", "egg", "plain", "plain", "plain", "egg", "plain", "plain", "turd", "egg", "turd", "plain", "plain", "egg", "egg", "plain", "plain", "egg", "egg", "plain", "plain", "egg", "plain", "plain", "plain", "plain", "plain", "plain", "plain", "plain", "plain", "plain", "plain", "plain", "plain", "plain", "plain", "plain", "plain", "plain", "plain", "plain", "plain", "plain", "plain", "plain", "plain", "plain", "plain", "plain", "plain", "plain", "plain"], "errlog_a": "", "errlog_b": "", "start_time": 360, "start_moves": 40, "turn_count": 80, "result": 0, "reason": "EGGS_LAID", "trapdoors": [[2, 4], [2, 3]], "spawn_a": [7, 5], "spawn_b": [0, 5]}