{"pos": [[6, 3], [1, 3], [6, 4], [1, 2], [6, 5], [0, 2], [5, 5], [0, 1], [5, 4], [1, 1], [5, 5], [2, 1], [4, 5], [2, 0], [3, 5], [3, 0], [3, 6], [3, 1], [2, 6], [4, 1], [2, 7], [4, 0], [3, 7], [5, 0], [4, 7], [5, 1], [4, 6], [6, 1], [5, 6], [5, 1], [6, 6], [5, 2], [6, 7], [5, 1], [5, 7], [6, 1], [5, 6], [6, 0], [6, 6], [7, 0], [7, 6], [7, 1], [7, 5], [7, 2], [7, 4], [7, 1], [7, 3], [7, 2], [7, 4], [7, 1], [7, 5], [7, 0], [7, 6], [6, 0], [7, 7], [5, 0], [6, 7], [4, 0], [7, 7], [4, 1], [7, 6], [4, 2], [7, 5], [4, 3], [6, 5], [3, 3], [6, 6], [3, 2], [6, 5], [2, 2], [7, 5], [2, 1], [7, 4], [3, 1], [7, 3], [3, 2], [6, 3], [4, 2], [6, 2], [5, 2]], "a_eggs_laid": [1, 1, 1, 1, 2, 2, 2, 2, 3, 3, 3, 3, 3, 3, 3, 3, 4, 4, 4, 4, 5, 5, 5, 5, 6, 6, 6, 6, 7, 7, 7, 7, 8, 8, 8, 8, 9, 9, 9, 9, 9, 9, 9, 9, 10, 10, 10, 10, 10, 10, 10, 10, 10, 10, 10, 10, 13, 13, 13, 13, 13, 13, 13, 13, 13, 13, 13, 13, 13, 13, 13, 13, 13, 13, 13, 13, 13, 13, 13, 13], "b_eggs_laid": [0, 1, 1, 1, 1, 2, 2, 2, 2, 3, 3, 3, 3, 4, 4, 4, 4, 5, 5, 5, 5, 6, 6, 6, 6, 7, 7, 7, 7, 8, 8, 8, 8, 9, 9, 9, 9, 9, 9, 9, 9, 12, 12, 12, 12, 13, 13, 13, 13, 13, 13, 13, 13, 13, 13, 13, 13, 13, 13, 13, 13, 13, 13, 13, 13, 14, 14, 14, 14, 15, 15, 15, 15, 15, 15, 15, 15, 15, 15, 15], "a_turds_left": [5, 5, 4, 4, 4, 4, 3, 3, 3, 3, 2, 2, 2, 2, 1, 1, 1, 1, 0, 0, 0, 0, 0, 0, 0, 0, 0, 0, 0, 0, 0, 0, 0, 0, 0, 0, 0, 0, 0, 0, 0, 0, 0, 0, 0, 0, 0, 0, 0, 0, 0, 0, 0, 0, 0, 0, 0, 0, 0, 0, 0, 0, 0, 0, 0, 0, 0, 0, 0, 0, 0, 0, 0, 0, 0, 0, 0, 0, 0, 0], "b_turds_left": [5, 5, 5, 5, 5, 5, 5, 5, 5, 5, 5, 5, 5, 5, 5, 5, 5, 5, 5, 5, 5, 5, 5, 5, 5, 5, 5, 5, 5, 5, 5, 5, 5, 5, 5, 5, 5, 5, 5, 5, 5, 5, 5, 5, 5, 5, 5, 5, 5, 5, 5, 5, 5, 5, 5, 5, 5, 5, 5, 5, 5, 5, 5, 5, 5, 5, 5, 5, 5, 5, 5, 5, 5, 5, 5, 5, 5, 5, 5, 5], "a_time_left": [359.99680704198545, 359.99680704198545, 359.9947326669935, 359.9947326669935, 359.9922162509756, 359.9922162509756, 359.9906318349531, 359.9906318349531, 359.98830637690844, 359.98830637690844, 359.98555695987307, 359.98555695987307, 359.98462679289514, 359.98462679289514, 359.9839655428659, 359.9839655428659, 359.98181466787355, 359.98181466787355, 359.98122216790216, 359.98122216790216, 359.9806501258863, 359.9806501258863, 359.980420833861, 359.980420833861, 359.98002662486397, 359.98002662486397, 359.9798329579062, 359.9798329579062, 359.97944091586396, 359.97944091586396, 359.97936270787613, 359.97936270787613, 359.97927008284023, 359.97927008284023, 359.97918166586896, 359.97918166586896, 359.97910408186726, 359.97910408186726, 359.9790212488733, 359.9790212488733, 359.9789476648439, 359.9789476648439, 359.978887580859, 359.978887580859, 359.9788088728674, 359.9788088728674, 359.97874937282177, 359.97874937282177, 359.97868212283356, 359.97868212283356, 359.97861528984504, 359.97861528984504, 359.97854420682415, 359.97854420682415, 359.97848262276966, 359.97848262276966, 359.9784106647712, 359.9784106647712, 359.9783462067717, 359.9783462067717, 359.97828624775866, 359.97828624775866, 359.9782173317508, 359.9782173317508, 359.97814758174354, 359.97814758174354, 359.97805666475324, 359.97805666475324, 359.97798712272197, 359.97798712272197, 359.9779240397038, 359.9779240397038, 359.97785612370353, 359.97785612370353, 359.9777953326702, 359.9777953326702, 359.9777348736534, 359.9777348736534, 359.977670123626, 359.977670123626], "b_time_left": [360, 359.99855537503026, 359.99855537503026, 359.99672029103385, 359.99672029103385, 359.9934477910283, 359.9934477910283, 359.9926930000074, 359.9926930000074, 359.99022962502204, 359.99022962502204, 359.9889306250261, 359.9889306250261, 359.9856581669883, 359.9856581669883, 359.98540633398807, 359.98540633398807, 359.9852806259878, 359.9852806259878, 359.98423554294277, 359.98423554294277, 359.9841052099364, 359.9841052099364, 359.98402020992944, 359.98402020992944, 359.9839063769323, 359.9839063769323, 359.9837990019587, 359.9837990019587, 359.983702960948, 359.983702960948, 359.98361029394437, 359.98361029394437, 359.98352200194495, 359.98352200194495, 359.9834334189072, 359.9834334189072, 359.98336145991925, 359.98336145991925, 359.98327895993134, 359.98327895993134, 359.9832038759487, 359.9832038759487, 359.9831309179426, 359.9831309179426, 359.98305920895655, 359.98305920895655, 359.9829771249206, 359.9829771249206, 359.98291929095285, 359.98291929095285, 359.9828447489417, 359.9828447489417, 359.98277908191085, 359.98277908191085, 359.98268883192213, 359.98268883192213, 359.9826227899175, 359.9826227899175, 359.9825518319267, 359.9825518319267, 359.9824745399528, 359.9824745399528, 359.9823881229386, 359.9823881229386, 359.98231020593084, 359.98231020593084, 359.98222983093, 359.98222983093, 359.9821262889309, 359.9821262889309, 359.9820467059617, 359.9820467059617, 359.98197216395056, 359.98197216395056, 359.9818916639779, 359.9818916639779, 359.9818109970074, 359.9818109970074, 359.98172991297906], "a_moves_left": [39, 39, 38, 38, 37, 37, 36, 36, 35, 35, 34, 34, 33, 33, 32, 32, 31, 31, 30, 30, 29, 29, 28, 28, 27, 27, 26, 26, 25, 25, 24, 24, 23, 23, 22, 22, 21, 21, 20, 20, 19, 19, 18, 18, 17, 17, 16, 16, 15, 15, 14, 14, 13, 13, 12, 12, 11, 11, 10, 10, 9, 9, 8, 8, 7, 7, 6, 6, 5, 5, 4, 4, 3, 3, 2, 2, 1, 1, 0, 0], "b_moves_left": [40, 39, 39, 38, 38, 37, 37, 36, 36, 35, 35, 34, 34, 33, 33, 32, 32, 31, 31, 30, 30, 29, 29, 28, 28, 27, 27, 26, 26, 25, 25, 24, 24, 23, 23, 22, 22, 21, 21, 20, 20, 19, 19, 18, 18, 17, 17, 16, 16, 15, 15, 14, 14, 13, 13, 12, 12, 11, 11, 10, 10, 9, 9, 8, 8, 7, 7, 6, 6, 5, 5, 4, 4, 3, 3, 2, 2, 1, 1, 0], "trapdoor_triggered": [0, 0, 0, 0, 0, 0, 0, 0, 0, 0, 0, 0, 0, 0, 0, 0, 0, 0, 0, 0, 0, 0, 0, 0, 0, 0, 0, 0, 0, 0, 0, 0, 0, 0, 0, 0, 0, 0, 0, 0, 0, 0, 0, 0, 0, 0, 0, 0, 0, 0, 0, 0, 0, 0, 0, 0, 0, 0, 0, 0, 0, 0, 0, 0, 0, 0, 0, 0, 0, 0, 0, 0, 0, 0, 0, 0, 0, 0, 0, 0], "left_behind": ["egg", "egg", "turd", "plain", "egg", "egg", "turd", "plain", "egg", "egg", "turd", "plain", "plain", "egg", "turd", "plain", "egg", "egg", "turd", "plain", "egg", "egg", "plain", "plain", "egg", "egg", "plain", "plain", "egg", "egg", "plain", "plain", "egg", "egg", "plain", "plain", "egg", "plain", "plain", "plain", "plain", "egg", "plain", "plain", "egg", "egg", "plain", "plain", "plain", "plain", "plain", "plain", "plain", "plain", "plain", "plain", "egg", "plain", "plain", "plain", "plain", "plain", "plain", "plain", "plain", "egg", "plain", "plain", "plain", "egg", "plain", "plain", "plain", "plain", "plain", "plain", "plain", "plain", "plain", "plain"], "errlog_a": "", "errlog_b": "", "start_time": 360, "start_moves": 40, "turn_count": 80, "result": 1, "reason": "EGGS_LAID", "trapdoors": [[5, 3], [2, 3]], "spawn_a": [7, 3], "spawn_b": [0, 3]}