{"pos": [[6, 1], [1, 1], [5, 1], [2, 1], [4, 1], [2, 0], [5, 1], [3, 0], [5, 2], [2, 0], [5, 3], [1, 0], [6, 3], [0, 0], [6, 4], [1, 0], [5, 4], [1, 1], [4, 4], [1, 2], [4, 3], [0, 2], [3, 3], [1, 2], [4, 3], [1, 3], [4, 4], [1, 2], [4, 5], [2, 2], [3, 5], [3, 2], [3, 6], [2, 2], [4, 6], [2, 1], [5, 6], [1, 1], [5, 5], [0, 1], [6, 5], [0, 0], [7, 5], [1, 0], [7, 4], [2, 0], [7, 3], [3, 0], [7, 2], [2, 0], [7, 1], [2, 1], [7, 0], [2, 2], [6, 0], [3, 2], [5, 0], [2, 2], [4, 0], [3, 2], [5, 0], [2, 2], [6, 0], [2, 1], [7, 0], [1, 1], [7, 1], [0, 1], [7, 2], [0, 2], [7, 3], [0, 3], [7, 4], [0, 4], [7, 5], [1, 4], [7, 6], [2, 4], [7, 7], [3, 4]], "a_eggs_laid": [1, 1, 1, 1, 2, 2, 2, 2, 2, 2, 2, 2, 3, 3, 3, 3, 4, 4, 4, 4, 5, 5, 5, 5, 6, 6, 6, 6, 6, 6, 6, 6, 7, 7, 7, 7, 8, 8, 8, 8, 9, 9, 9, 9, 10, 10, 10, 10, 11, 11, 11, 11, 11, 11, 11, 11, 12, 12, 12, 12, 13, 13, 13, 13, 13, 13, 13, 13, 13, 13, 13, 13, 13, 13, 13, 13, 13, 13, 13, 13], "b_eggs_laid": [0, 1, 1, 1, 1, 2, 2, 2, 2, 3, 3, 3, 3, 4, 4, 4, 4, 4, 4, 4, 4, 5, 5, 5, 5, 5, 5, 5, 5, 5, 5, 5, 5, 6, 6, 6, 6, 6, 6, 6, 6, 6, 6, 6, 6, 6, 6, 6, 6, 6, 6, 6, 6, 6, 6, 6, 6, 6, 6, 6, 6, 6, 6, 6, 6, 6, 6, 6, 6, 6, 6, 6, 6, 7, 7, 7, 7, 8, 8, 8], "a_turds_left": [5, 5, 4, 4, 4, 4, 3, 3, 3, 3, 2, 2, 2, 2, 1, 1, 1, 1, 0, 0, 0, 0, 0, 0, 0, 0, 0, 0, 0, 0, 0, 0, 0, 0, 0, 0, 0, 0, 0, 0, 0, 0, 0, 0, 0, 0, 0, 0, 0, 0, 0, 0, 0, 0, 0, 0, 0, 0, 0, 0, 0, 0, 0, 0, 0, 0, 0, 0, 0, 0, 0, 0, 0, 0, 0, 0, 0, 0, 0, 0], "b_turds_left": [5, 5, 5, 5, 5, 5, 5, 5, 5, 5, 5, 5, 5, 5, 5, 5, 5, 5, 5, 5, 5, 5, 5, 5, 5, 5, 5, 5, 5, 5, 5, 5, 5, 5, 5, 5, 5, 5, 5, 5, 5, 5, 5, 5, 5, 5, 5, 5, 5, 5, 5, 5, 5, 5, 5, 5, 5, 5, 5, 5, 5, 5, 5, 5, 5, 5, 5, 5, 5, 5, 5, 5, 5, 5, 5, 5, 5, 5, 5, 5], "a_time_left": [359.99683879100485, 359.99683879100485, 359.9951433329843, 359.9951433329843, 359.9927734999801, 359.9927734999801, 359.99131308397045, 359.99131308397045, 359.990409958933, 359.990409958933, 359.9889808339649, 359.9889808339649, 359.9869297509431, 359.9869297509431, 359.9858233759296, 359.9858233759296, 359.9849732509465, 359.9849732509465, 359.98440412594937, 359.98440412594937, 359.9838578759809, 359.9838578759809, 359.9836165430024, 359.9836165430024, 359.9831716270419, 359.9831716270419, 359.9829388350481, 359.9829388350481, 359.982667377044, 359.982667377044, 359.9823870440596, 359.9823870440596, 359.98194221110316, 359.98194221110316, 359.9818736281013, 359.9818736281013, 359.9817902111099, 359.9817902111099, 359.98172604409046, 359.98172604409046, 359.98164891905617, 359.98164891905617, 359.98158233508, 359.98158233508, 359.9815061680856, 359.9815061680856, 359.9814455010346, 359.9814455010346, 359.9813743759878, 359.9813743759878, 359.98131983395433, 359.98131983395433, 359.9812549169292, 359.9812549169292, 359.9812017088989, 359.9812017088989, 359.98112724989187, 359.98112724989187, 359.98106933385134, 359.98106933385134, 359.98100312583847, 359.98100312583847, 359.98095029284013, 359.98095029284013, 359.9808897518669, 359.9808897518669, 359.9808360018651, 359.9808360018651, 359.98076262685936, 359.98076262685936, 359.98070191784063, 359.98070191784063, 359.98063616786385, 359.98063616786385, 359.9805823758361, 359.9805823758361, 359.9805173758068, 359.9805173758068, 359.98046508478, 359.98046508478], "b_time_left": [360, 359.99660729104653, 359.99660729104653, 359.99479520804016, 359.99479520804016, 359.9915858330787, 359.9915858330787, 359.99013458308764, 359.99013458308764, 359.98971770808566, 359.98971770808566, 359.9889475411037, 359.9889475411037, 359.986588916101, 359.986588916101, 359.986312458117, 359.986312458117, 359.98609029111685, 359.98609029111685, 359.98581670812564, 359.98581670812564, 359.98569024913013, 359.98569024913013, 359.98558774916455, 359.98558774916455, 359.9854915411561, 359.9854915411561, 359.9853859991417, 359.9853859991417, 359.9852893741336, 359.9852893741336, 359.9851894581807, 359.9851894581807, 359.98511250014417, 359.98511250014417, 359.9850311661139, 359.9850311661139, 359.98495774914045, 359.98495774914045, 359.9848707901547, 359.9848707901547, 359.98480520717567, 359.98480520717567, 359.9847364151501, 359.9847364151501, 359.9846667071688, 359.9846667071688, 359.9845900821383, 359.9845900821383, 359.9845257071429, 359.9845257071429, 359.98445191513747, 359.98445191513747, 359.9843811651226, 359.9843811651226, 359.9842754151323, 359.9842754151323, 359.98421270708786, 359.98421270708786, 359.98412924911827, 359.98412924911827, 359.9840727491537, 359.9840727491537, 359.98398991615977, 359.98398991615977, 359.98392075015, 359.98392075015, 359.9838362081209, 359.9838362081209, 359.9837645000662, 359.9837645000662, 359.9836942500551, 359.9836942500551, 359.9836107920855, 359.9836107920855, 359.9835347090848, 359.9835347090848, 359.9834250010899, 359.9834250010899, 359.9833397511393], "a_moves_left": [39, 39, 38, 38, 37, 37, 36, 36, 35, 35, 34, 34, 33, 33, 32, 32, 31, 31, 30, 30, 29, 29, 28, 28, 27, 27, 26, 26, 25, 25, 24, 24, 23, 23, 22, 22, 21, 21, 20, 20, 19, 19, 18, 18, 17, 17, 16, 16, 15, 15, 14, 14, 13, 13, 12, 12, 11, 11, 10, 10, 9, 9, 8, 8, 7, 7, 6, 6, 5, 5, 4, 4, 3, 3, 2, 2, 1, 1, 0, 0], "b_moves_left": [40, 39, 39, 38, 38, 37, 37, 36, 36, 35, 35, 34, 34, 33, 33, 32, 32, 31, 31, 30, 30, 29, 29, 28, 28, 27, 27, 26, 26, 25, 25, 24, 24, 23, 23, 22, 22, 21, 21, 20, 20, 19, 19, 18, 18, 17, 17, 16, 16, 15, 15, 14, 14, 13, 13, 12, 12, 11, 11, 10, 10, 9, 9, 8, 8, 7, 7, 6, 6, 5, 5, 4, 4, 3, 3, 2, 2, 1, 1, 0], "trapdoor_triggered": [0, 0, 0, 0, 0, 0, 0, 0, 0, 0, 0, 0, 0, 0, 0, 0, 0, 0, 0, 0, 0, 0, 0, 0, 0, 0, 0, 0, 0, 0, 0, 0, 0, 0, 0, 0, 0, 0, 0, 0, 0, 0, 0, 0, 0, 0, 0, 0, 0, 0, 0, 0, 0, 0, 0, 0, 0, 0, 0, 0, 0, 0, 0, 0, 0, 0, 0, 0, 0, 0, 0, 0, 0, 0, 0, 0, 0, 0, 0, 0], "left_behind": ["egg", "egg", "turd", "plain", "egg", "egg", "turd", "plain", "plain", "egg", "turd", "plain", "egg", "egg", "turd", "plain", "egg", "plain", "turd", "plain", "egg", "egg", "plain", "plain", "egg", "plain", "plain", "plain", "plain", "plain", "plain", "plain", "egg", "egg", "plain", "plain", "egg", "plain", "plain", "plain", "egg", "plain", "plain", "plain", "egg", "plain", "plain", "plain", "egg", "plain", "plain", "plain", "plain", "plain", "plain", "plain", "egg", "plain", "plain", "plain", "egg", "plain", "plain", "plain", "plain", "plain", "plain", "plain", "plain", "plain", "plain", "plain", "plain", "egg", "plain", "plain", "plain", "egg", "plain", "plain"], "errlog_a": "", "errlog_b": "", "start_time": 360, "start_moves": 40, "turn_count": 80, "result": 0, "reason": "EGGS_LAID", "trapdoors": [[4, 2], [2, 3]], "spawn_a": [7, 1], "spawn_b": [0, 1]}