{"pos": [[6, 5], [1, 5], [6, 4], [1, 4], [6, 3], [0, 4], [5, 3], [0, 3], [5, 4], [1, 3], [5, 5], [1, 2], [7, 5], [0, 2], [7, 6], [0, 1], [6, 6], [1, 1], [5, 6], [2, 1], [4, 6], [2, 0], [3, 6], [1, 0], [2, 6], [0, 0], [2, 5], [0, 1], [2, 4], [1, 1], [2, 3], [1, 2], [3, 3], [2, 2], [3, 2], [2, 3], [3, 1], [1, 3], [3, 0], [2, 3], [4, 0], [2, 2], [5, 0], [3, 2], [6, 0], [2, 2], [7, 0], [2, 1], [7, 1], [2, 0], [7, 2], [3, 0], [7, 3], [2, 0], [7, 4], [1, 0], [7, 3], [0, 0], [7, 2], [1, 0], [6, 2], [1, 1], [6, 1], [2, 1], [5, 1], [1, 1], [5, 2], [1, 2], [4, 2], [0, 2], [4, 1], [0, 3], [4, 0], [0, 4], [5, 0], [1, 4], [6, 0], [1, 5], [7, 0], [1, 6]], "a_eggs_laid": [1, 1, 1, 1, 2, 2, 2, 2, 3, 3, 3, 3, 4, 4, 4, 4, 4, 4, 5, 5, 5, 5, 6, 6, 6, 6, 7, 7, 7, 7, 8, 8, 8, 8, 9, 9, 9, 9, 10, 10, 10, 10, 11, 11, 11, 11, 12, 12, 12, 12, 13, 13, 13, 13, 14, 14, 14, 14, 14, 14, 14, 14, 15, 15, 15, 15, 16, 16, 16, 16, 17, 17, 17, 17, 17, 17, 17, 17, 17, 17], "b_eggs_laid": [0, 1, 1, 1, 1, 2, 2, 2, 2, 3, 3, 3, 3, 8, 8, 8, 8, 9, 9, 9, 9, 10, 10, 10, 10, 11, 11, 11, 11, 11, 11, 11, 11, 11, 11, 11, 11, 12, 12, 12, 12, 12, 12, 12, 12, 13, 13, 13, 13, 13, 13, 13, 13, 14, 14, 14, 14, 14, 14, 14, 14, 14, 14, 14, 14, 14, 14, 14, 14, 14, 14, 14, 14, 14, 14, 14, 14, 14, 14, 14], "a_turds_left": [5, 5, 4, 4, 4, 4, 3, 3, 3, 3, 2, 2, 2, 2, 2, 2, 1, 1, 1, 1, 0, 0, 0, 0, 0, 0, 0, 0, 0, 0, 0, 0, 0, 0, 0, 0, 0, 0, 0, 0, 0, 0, 0, 0, 0, 0, 0, 0, 0, 0, 0, 0, 0, 0, 0, 0, 0, 0, 0, 0, 0, 0, 0, 0, 0, 0, 0, 0, 0, 0, 0, 0, 0, 0, 0, 0, 0, 0, 0, 0], "b_turds_left": [5, 5, 5, 5, 5, 5, 5, 5, 5, 5, 5, 5, 5, 5, 5, 5, 5, 5, 5, 5, 5, 5, 5, 5, 5, 5, 5, 5, 5, 5, 5, 5, 5, 5, 5, 5, 5, 5, 5, 5, 5, 5, 5, 5, 5, 5, 5, 5, 5, 5, 5, 5, 5, 5, 5, 5, 5, 5, 5, 5, 5, 5, 5, 5, 5, 5, 5, 5, 5, 5, 5, 5, 5, 5, 5, 5, 5, 5, 5, 5], "a_time_left": [359.9965592499939, 359.9965592499939, 359.994707832986, 359.994707832986, 359.9921241669799, 359.9921241669799, 359.99055062496336, 359.99055062496336, 359.98823258298216, 359.98823258298216, 359.98665191599866, 359.98665191599866, 359.9844787910115, 359.9844787910115, 359.98387604102027, 359.98387604102027, 359.98254562501097, 359.98254562501097, 359.98056362499483, 359.98056362499483, 359.9799471659935, 359.9799471659935, 359.97864641598426, 359.97864641598426, 359.97833754098974, 359.97833754098974, 359.9779436659883, 359.9779436659883, 359.97771920700325, 359.97771920700325, 359.9776434570085, 359.9776434570085, 359.97758383199107, 359.97758383199107, 359.9775048320298, 359.9775048320298, 359.97744974901434, 359.97744974901434, 359.9773708740249, 359.9773708740249, 359.9773135409923, 359.9773135409923, 359.977244373993, 359.977244373993, 359.9771875400329, 359.9771875400329, 359.97711720707593, 359.97711720707593, 359.977068457054, 359.977068457054, 359.97700191504555, 359.97700191504555, 359.97695020603715, 359.97695020603715, 359.97688124800334, 359.97688124800334, 359.97683091502404, 359.97683091502404, 359.9767702060053, 359.9767702060053, 359.9767053310061, 359.9767053310061, 359.9766260809847, 359.9766260809847, 359.97656912199454, 359.97656912199454, 359.97648449696135, 359.97648449696135, 359.97642595594516, 359.97642595594516, 359.9763488729368, 359.9763488729368, 359.97628758096835, 359.97628758096835, 359.97623270592885, 359.97623270592885, 359.97617833095137, 359.97617833095137, 359.97611687297467, 359.97611687297467], "b_time_left": [360, 359.995000792027, 359.995000792027, 359.9932360420353, 359.9932360420353, 359.98991858406225, 359.98991858406225, 359.9891426670947, 359.9891426670947, 359.98669870907906, 359.98669870907906, 359.98516783409286, 359.98516783409286, 359.9838699590764, 359.9838699590764, 359.9835442090989, 359.9835442090989, 359.9831787501462, 359.9831787501462, 359.9828535831766, 359.9828535831766, 359.9827074581408, 359.9827074581408, 359.9825827081222, 359.9825827081222, 359.98246358317556, 359.98246358317556, 359.9823586671846, 359.9823586671846, 359.9822583752102, 359.9822583752102, 359.98214958322933, 359.98214958322933, 359.9820474992157, 359.9820474992157, 359.9819541241741, 359.9819541241741, 359.9818323322106, 359.9818323322106, 359.9817201232072, 359.9817201232072, 359.9816301652463, 359.9816301652463, 359.9815191652742, 359.9815191652742, 359.98142179031856, 359.98142179031856, 359.9813117902959, 359.9813117902959, 359.98121287330287, 359.98121287330287, 359.9810939982999, 359.9810939982999, 359.9810064982739, 359.9810064982739, 359.9809050812619, 359.9809050812619, 359.9808137062937, 359.9808137062937, 359.9807189562707, 359.9807189562707, 359.9806095812237, 359.9806095812237, 359.98048978927545, 359.98048978927545, 359.98039691429585, 359.98039691429585, 359.9802906643017, 359.9802906643017, 359.9801917063305, 359.9801917063305, 359.98009216430364, 359.98009216430364, 359.97999837232055, 359.97999837232055, 359.9798986223177, 359.9798986223177, 359.9797733723535, 359.9797733723535, 359.9796676643309], "a_moves_left": [39, 39, 38, 38, 37, 37, 36, 36, 35, 35, 34, 34, 33, 33, 32, 32, 31, 31, 30, 30, 29, 29, 28, 28, 27, 27, 26, 26, 25, 25, 24, 24, 23, 23, 22, 22, 21, 21, 20, 20, 19, 19, 18, 18, 17, 17, 16, 16, 15, 15, 14, 14, 13, 13, 12, 12, 11, 11, 10, 10, 9, 9, 8, 8, 7, 7, 6, 6, 5, 5, 4, 4, 3, 3, 2, 2, 1, 1, 0, 0], "b_moves_left": [40, 39, 39, 38, 38, 37, 37, 36, 36, 35, 35, 34, 34, 33, 33, 32, 32, 31, 31, 30, 30, 29, 29, 28, 28, 27, 27, 26, 26, 25, 25, 24, 24, 23, 23, 22, 22, 21, 21, 20, 20, 19, 19, 18, 18, 17, 17, 16, 16, 15, 15, 14, 14, 13, 13, 12, 12, 11, 11, 10, 10, 9, 9, 8, 8, 7, 7, 6, 6, 5, 5, 4, 4, 3, 3, 2, 2, 1, 1, 0], "trapdoor_triggered": [0, 0, 0, 0, 0, 0, 0, 0, 0, 0, 0, 0, 1, 0, 0, 0, 0, 0, 0, 0, 0, 0, 0, 0, 0, 0, 0, 0, 0, 0, 0, 0, 0, 0, 0, 0, 0, 0, 0, 0, 0, 0, 0, 0, 0, 0, 0, 0, 0, 0, 0, 0, 0, 0, 0, 0, 0, 0, 0, 0, 0, 0, 0, 0, 0, 0, 0, 0, 0, 0, 0, 0, 0, 0, 0, 0, 0, 0, 0, 0], "left_behind": ["egg", "egg", "turd", "plain", "egg", "egg", "turd", "plain", "egg", "egg", "turd", "plain", "egg", "egg", "plain", "plain", "turd", "egg", "egg", "plain", "turd", "egg", "egg", "plain", "plain", "egg", "egg", "plain", "plain", "plain", "egg", "plain", "plain", "plain", "egg", "plain", "plain", "egg", "egg", "plain", "plain", "plain", "egg", "plain", "plain", "egg", "egg", "plain", "plain", "plain", "egg", "plain", "plain", "egg", "egg", "plain", "plain", "plain", "plain", "plain", "plain", "plain", "egg", "plain", "plain", "plain", "egg", "plain", "plain", "plain", "egg", "plain", "plain", "plain", "plain", "plain", "plain", "plain", "plain", "plain"], "errlog_a": "", "errlog_b": "", "start_time": 360, "start_moves": 40, "turn_count": 80, "result": 0, "reason": "EGGS_LAID", "trapdoors": [[4, 4], [4, 5]], "spawn_a": [7, 5], "spawn_b": [0, 5]}