{"pos": [[6, 1], [1, 1], [5, 1], [2, 1], [4, 1], [2, 0], [4, 2], [3, 0], [5, 2], [2, 0], [5, 3], [1, 0], [4, 3], [0, 0], [5, 3], [1, 0], [5, 4], [1, 1], [6, 4], [1, 2], [6, 5], [0, 2], [6, 6], [0, 3], [5, 6], [1, 3], [4, 6], [1, 2], [3, 6], [2, 2], [3, 5], [2, 1], [4, 5], [2, 2], [5, 5], [2, 1], [5, 4], [2, 2], [6, 4], [1, 2], [6, 3], [1, 3], [7, 3], [1, 4], [7, 4], [1, 5], [7, 5], [2, 5], [7, 6], [2, 6], [7, 7], [3, 6], [6, 7], [3, 7], [6, 6], [4, 7], [6, 5], [5, 7], [7, 5], [5, 6], [7, 4], [5, 7], [7, 3], [6, 7], [7, 2], [5, 7], [6, 2], [5, 6], [6, 1], [5, 7], [6, 0], [6, 7], [5, 0], [5, 7], [4, 0], [4, 7], [5, 0], [3, 7], [6, 0], [2, 7]], "a_eggs_laid": [1, 1, 1, 1, 2, 2, 2, 2, 3, 3, 3, 3, 4, 4, 4, 4, 4, 4, 4, 4, 5, 5, 5, 5, 6, 6, 6, 6, 7, 7, 7, 7, 8, 8, 8, 8, 9, 9, 9, 9, 9, 9, 9, 9, 10, 10, 10, 10, 11, 11, 11, 11, 14, 14, 14, 14, 14, 14, 14, 14, 14, 14, 14, 14, 14, 14, 14, 14, 15, 15, 15, 15, 16, 16, 16, 16, 17, 17, 17, 17], "b_eggs_laid": [0, 1, 1, 1, 1, 2, 2, 2, 2, 3, 3, 3, 3, 4, 4, 4, 4, 4, 4, 4, 4, 5, 5, 5, 5, 6, 6, 6, 6, 6, 6, 6, 6, 6, 6, 6, 6, 6, 6, 6, 6, 6, 6, 6, 6, 7, 7, 7, 7, 8, 8, 8, 8, 9, 9, 9, 9, 10, 10, 10, 10, 11, 11, 11, 11, 12, 12, 12, 12, 12, 12, 12, 12, 12, 12, 12, 12, 12, 12, 12], "a_turds_left": [5, 5, 4, 4, 4, 4, 3, 3, 3, 3, 2, 2, 2, 2, 1, 1, 1, 1, 0, 0, 0, 0, 0, 0, 0, 0, 0, 0, 0, 0, 0, 0, 0, 0, 0, 0, 0, 0, 0, 0, 0, 0, 0, 0, 0, 0, 0, 0, 0, 0, 0, 0, 0, 0, 0, 0, 0, 0, 0, 0, 0, 0, 0, 0, 0, 0, 0, 0, 0, 0, 0, 0, 0, 0, 0, 0, 0, 0, 0, 0], "b_turds_left": [5, 5, 5, 5, 5, 5, 5, 5, 5, 5, 5, 5, 5, 5, 5, 5, 5, 5, 5, 5, 5, 5, 5, 5, 5, 5, 5, 5, 5, 5, 5, 5, 5, 5, 5, 5, 5, 5, 5, 5, 5, 5, 5, 5, 5, 5, 5, 5, 5, 5, 5, 5, 5, 5, 5, 5, 5, 5, 5, 5, 5, 5, 5, 5, 5, 5, 5, 5, 5, 5, 5, 5, 5, 5, 5, 5, 5, 5, 5, 5], "a_time_left": [359.9954114999855, 359.9954114999855, 359.9937299590092, 359.9937299590092, 359.9914162920322, 359.9914162920322, 359.98991066700546, 359.98991066700546, 359.9877099590376, 359.9877099590376, 359.9862715010531, 359.9862715010531, 359.98420579207595, 359.98420579207595, 359.98280195804546, 359.98280195804546, 359.98195379204117, 359.98195379204117, 359.9806255840813, 359.9806255840813, 359.98008108406793, 359.98008108406793, 359.97980304207886, 359.97980304207886, 359.97931233409327, 359.97931233409327, 359.9790454590693, 359.9790454590693, 359.978580834053, 359.978580834053, 359.97850679204566, 359.97850679204566, 359.9784198340494, 359.9784198340494, 359.97834416804835, 359.97834416804835, 359.97825495904544, 359.97825495904544, 359.97818600101164, 359.97818600101164, 359.9781121260021, 359.9781121260021, 359.97804025100777, 359.97804025100777, 359.97795654204674, 359.97795654204674, 359.9778839170467, 359.9778839170467, 359.97780787502415, 359.97780787502415, 359.977739709022, 359.977739709022, 359.97766629297985, 359.97766629297985, 359.9776032519876, 359.9776032519876, 359.97752991801826, 359.97752991801826, 359.97746508498676, 359.97746508498676, 359.9773963759653, 359.9773963759653, 359.9773328760057, 359.9773328760057, 359.97726237605093, 359.97726237605093, 359.9772035430651, 359.9772035430651, 359.9771167510771, 359.9771167510771, 359.9770555010764, 359.9770555010764, 359.97698016802315, 359.97698016802315, 359.9769186259946, 359.9769186259946, 359.97684616799233, 359.97684616799233, 359.97679033502936, 359.97679033502936], "b_time_left": [360, 359.99651054199785, 359.99651054199785, 359.99475641699973, 359.99475641699973, 359.991192750982, 359.991192750982, 359.9898355010082, 359.9898355010082, 359.98881191801047, 359.98881191801047, 359.9880325840204, 359.9880325840204, 359.98574708402157, 359.98574708402157, 359.9854499170324, 359.9854499170324, 359.98490545805544, 359.98490545805544, 359.9845655830577, 359.9845655830577, 359.98441912507406, 359.98441912507406, 359.9843167080544, 359.9843167080544, 359.98419091606047, 359.98419091606047, 359.9840500410646, 359.9840500410646, 359.98395199904917, 359.98395199904917, 359.98384608206106, 359.98384608206106, 359.9837716240436, 359.9837716240436, 359.9836851650616, 359.9836851650616, 359.9836120820255, 359.9836120820255, 359.9835296240053, 359.9835296240053, 359.983449040039, 359.983449040039, 359.9833561650594, 359.9833561650594, 359.9832527070539, 359.9832527070539, 359.98316045704996, 359.98316045704996, 359.9830739160534, 359.9830739160534, 359.9829887080123, 359.9829887080123, 359.9829135830514, 359.9829135830514, 359.98284183302894, 359.98284183302894, 359.98276449902914, 359.98276449902914, 359.98269508202793, 359.98269508202793, 359.9826359570725, 359.9826359570725, 359.98256787407445, 359.98256787407445, 359.9824983740691, 359.9824983740691, 359.9824265820789, 359.9824265820789, 359.98237316607265, 359.98237316607265, 359.9822947070934, 359.9822947070934, 359.9822412910871, 359.9822412910871, 359.98216420813696, 359.98216420813696, 359.9820997911738, 359.9820997911738, 359.98202945815865], "a_moves_left": [39, 39, 38, 38, 37, 37, 36, 36, 35, 35, 34, 34, 33, 33, 32, 32, 31, 31, 30, 30, 29, 29, 28, 28, 27, 27, 26, 26, 25, 25, 24, 24, 23, 23, 22, 22, 21, 21, 20, 20, 19, 19, 18, 18, 17, 17, 16, 16, 15, 15, 14, 14, 13, 13, 12, 12, 11, 11, 10, 10, 9, 9, 8, 8, 7, 7, 6, 6, 5, 5, 4, 4, 3, 3, 2, 2, 1, 1, 0, 0], "b_moves_left": [40, 39, 39, 38, 38, 37, 37, 36, 36, 35, 35, 34, 34, 33, 33, 32, 32, 31, 31, 30, 30, 29, 29, 28, 28, 27, 27, 26, 26, 25, 25, 24, 24, 23, 23, 22, 22, 21, 21, 20, 20, 19, 19, 18, 18, 17, 17, 16, 16, 15, 15, 14, 14, 13, 13, 12, 12, 11, 11, 10, 10, 9, 9, 8, 8, 7, 7, 6, 6, 5, 5, 4, 4, 3, 3, 2, 2, 1, 1, 0], "trapdoor_triggered": [0, 0, 0, 0, 0, 0, 0, 0, 0, 0, 0, 0, 0, 0, 0, 0, 0, 0, 0, 0, 0, 0, 0, 0, 0, 0, 0, 0, 0, 0, 0, 0, 0, 0, 0, 0, 0, 0, 0, 0, 0, 0, 0, 0, 0, 0, 0, 0, 0, 0, 0, 0, 0, 0, 0, 0, 0, 0, 0, 0, 0, 0, 0, 0, 0, 0, 0, 0, 0, 0, 0, 0, 0, 0, 0, 0, 0, 0, 0, 0], "left_behind": ["egg", "egg", "turd", "plain", "egg", "egg", "turd", "plain", "egg", "egg", "turd", "plain", "egg", "egg", "turd", "plain", "plain", "plain", "turd", "plain", "egg", "egg", "plain", "plain", "egg", "egg", "plain", "plain", "egg", "plain", "plain", "plain", "egg", "plain", "plain", "plain", "egg", "plain", "plain", "plain", "plain", "plain", "plain", "plain", "egg", "egg", "plain", "plain", "egg", "egg", "plain", "plain", "egg", "egg", "plain", "plain", "plain", "egg", "plain", "plain", "plain", "egg", "plain", "plain", "plain", "egg", "plain", "plain", "egg", "plain", "plain", "plain", "egg", "plain", "plain", "plain", "egg", "plain", "plain", "plain"], "errlog_a": "", "errlog_b": "", "start_time": 360, "start_moves": 40, "turn_count": 80, "result": 0, "reason": "EGGS_LAID", "trapdoors": [[3, 3], [2, 3]], "spawn_a": [7, 1], "spawn_b": [0, 1]}