{"pos": [[0, 1], [6, 2], [1, 1], [6, 3], [1, 2], [6, 4], [1, 3], [6, 5], [0, 3], [5, 5], [0, 4], [5, 4], [1, 4], [7, 2], [1, 5], [7, 1], [0, 5], [6, 1], [0, 6], [5, 1], [1, 6], [4, 1], [2, 6], [3, 1], [2, 7], [2, 1], [1, 7], [2, 0], [0, 7], [3, 0], [0, 6], [4, 0], [0, 5], [5, 0], [0, 4], [6, 0], [1, 4], [5, 0], [2, 4], [6, 0], [2, 5], [5, 0], [3, 5], [5, 1], [3, 6], [5, 2], [4, 6], [7, 2], [4, 7], [7, 3], [3, 7], [7, 4], [3, 6], [7, 5], [3, 5], [7, 6], [3, 4], [7, 7], [2, 4], [6, 7], [2, 3], [6, 6], [2, 2], [5, 6], [2, 3], [5, 7], [3, 3], [4, 7], [3, 4], [5, 7], [4, 4], [5, 6], [3, 4], [5, 5], [4, 4], [6, 5], [4, 3], [6, 4], [4, 2], [6, 3]], "a_eggs_laid": [1, 1, 1, 1, 2, 2, 2, 2, 3, 3, 3, 3, 4, 4, 8, 8, 9, 9, 9, 9, 10, 10, 10, 10, 11, 11, 11, 11, 12, 12, 12, 12, 12, 12, 12, 12, 12, 12, 12, 12, 13, 13, 13, 13, 14, 14, 14, 14, 19, 19, 19, 19, 20, 20, 20, 20, 20, 20, 20, 20, 20, 20, 20, 20, 21, 21, 21, 21, 22, 22, 22, 22, 23, 23, 23, 23, 23, 23, 23, 23], "b_eggs_laid": [0, 1, 1, 1, 1, 2, 2, 2, 2, 3, 3, 3, 3, 4, 4, 4, 4, 4, 4, 5, 5, 5, 5, 6, 6, 6, 6, 7, 7, 7, 7, 8, 8, 8, 8, 9, 9, 9, 9, 9, 9, 9, 9, 9, 9, 9, 9, 10, 10, 10, 10, 10, 10, 11, 11, 11, 11, 12, 12, 12, 12, 13, 13, 13, 13, 14, 14, 14, 14, 15, 15, 15, 15, 15, 15, 15, 15, 15, 15, 15], "a_turds_left": [5, 5, 5, 5, 5, 5, 5, 5, 5, 5, 5, 5, 5, 5, 5, 5, 5, 5, 5, 5, 5, 5, 5, 5, 5, 5, 5, 5, 5, 5, 5, 5, 5, 5, 5, 5, 5, 5, 5, 5, 5, 5, 5, 5, 5, 5, 5, 5, 5, 5, 5, 5, 5, 5, 5, 5, 5, 5, 5, 5, 5, 5, 5, 5, 5, 5, 5, 5, 5, 5, 5, 5, 5, 5, 5, 5, 5, 5, 5, 5], "b_turds_left": [5, 5, 5, 4, 4, 4, 4, 3, 3, 3, 3, 2, 2, 2, 2, 2, 2, 1, 1, 1, 1, 0, 0, 0, 0, 0, 0, 0, 0, 0, 0, 0, 0, 0, 0, 0, 0, 0, 0, 0, 0, 0, 0, 0, 0, 0, 0, 0, 0, 0, 0, 0, 0, 0, 0, 0, 0, 0, 0, 0, 0, 0, 0, 0, 0, 0, 0, 0, 0, 0, 0, 0, 0, 0, 0, 0, 0, 0, 0, 0], "a_time_left": [359.99594895902555, 359.99594895902555, 359.9945393340313, 359.9945393340313, 359.9908471669769, 359.9908471669769, 359.9895010829787, 359.9895010829787, 359.9859806659515, 359.9859806659515, 359.98507808195427, 359.98507808195427, 359.98398274893407, 359.98398274893407, 359.98243908194127, 359.98243908194127, 359.9789523729123, 359.9789523729123, 359.97824820689857, 359.97824820689857, 359.9772033318877, 359.9772033318877, 359.9767104568891, 359.9767104568891, 359.97544908191776, 359.97544908191776, 359.97496845695423, 359.97496845695423, 359.97406812396366, 359.97406812396366, 359.97397187398747, 359.97397187398747, 359.9738717909786, 359.9738717909786, 359.9737754579983, 359.9737754579983, 359.9736096659908, 359.9736096659908, 359.97335966600804, 359.97335966600804, 359.9724001660361, 359.9724001660361, 359.97215537406737, 359.97215537406737, 359.97144645708613, 359.97144645708613, 359.9713467900874, 359.9713467900874, 359.9712482060422, 359.9712482060422, 359.9711596640409, 359.9711596640409, 359.9710532060126, 359.9710532060126, 359.9709486219799, 359.9709486219799, 359.97082362201763, 359.97082362201763, 359.97072795499116, 359.97072795499116, 359.97057024698006, 359.97057024698006, 359.9704673719825, 359.9704673719825, 359.9703654559562, 359.9703654559562, 359.9702169559896, 359.9702169559896, 359.9700872889953, 359.9700872889953, 359.96994553896366, 359.96994553896366, 359.9698568309541, 359.9698568309541, 359.96976845595054, 359.96976845595054, 359.9696857469389, 359.9696857469389, 359.96959724696353, 359.96959724696353], "b_time_left": [360, 359.9971092080232, 359.9971092080232, 359.9945365000167, 359.9945365000167, 359.99199975002557, 359.99199975002557, 359.9902822500444, 359.9902822500444, 359.98815150000155, 359.98815150000155, 359.98643516597804, 359.98643516597804, 359.9855172909447, 359.9855172909447, 359.984845998988, 359.984845998988, 359.983651416027, 359.983651416027, 359.98284333304036, 359.98284333304036, 359.9823132909951, 359.9823132909951, 359.9817764569889, 359.9817764569889, 359.98149249795824, 359.98149249795824, 359.98110928892856, 359.98110928892856, 359.98093028896255, 359.98093028896255, 359.9808479559142, 359.9808479559142, 359.9807834979147, 359.9807834979147, 359.9806982479058, 359.9806982479058, 359.98063499788987, 359.98063499788987, 359.98056437290506, 359.98056437290506, 359.98049787286436, 359.98049787286436, 359.9804249148583, 359.9804249148583, 359.9803556238767, 359.9803556238767, 359.98026758187916, 359.98026758187916, 359.9801960408804, 359.9801960408804, 359.98013541585533, 359.98013541585533, 359.9800698318286, 359.9800698318286, 359.98001604084857, 359.98001604084857, 359.9799489998841, 359.9799489998841, 359.9799021668732, 359.9799021668732, 359.9798317508539, 359.9798317508539, 359.97977520886343, 359.97977520886343, 359.9797074588132, 359.9797074588132, 359.9796546668513, 359.9796546668513, 359.97960162482923, 359.97960162482923, 359.97954670886975, 359.97954670886975, 359.9794887918979, 359.9794887918979, 359.9794312088634, 359.9794312088634, 359.97936845885124, 359.97936845885124, 359.9793142498238], "a_moves_left": [39, 39, 38, 38, 37, 37, 36, 36, 35, 35, 34, 34, 33, 33, 32, 32, 31, 31, 30, 30, 29, 29, 28, 28, 27, 27, 26, 26, 25, 25, 24, 24, 23, 23, 22, 22, 21, 21, 20, 20, 19, 19, 18, 18, 17, 17, 16, 16, 15, 15, 14, 14, 13, 13, 12, 12, 11, 11, 10, 10, 9, 9, 8, 8, 7, 7, 6, 6, 5, 5, 4, 4, 3, 3, 2, 2, 1, 1, 0, 0], "b_moves_left": [40, 39, 39, 38, 38, 37, 37, 36, 36, 35, 35, 34, 34, 33, 33, 32, 32, 31, 31, 30, 30, 29, 29, 28, 28, 27, 27, 26, 26, 25, 25, 24, 24, 23, 23, 22, 22, 21, 21, 20, 20, 19, 19, 18, 18, 17, 17, 16, 16, 15, 15, 14, 14, 13, 13, 12, 12, 11, 11, 10, 10, 9, 9, 8, 8, 7, 7, 6, 6, 5, 5, 4, 4, 3, 3, 2, 2, 1, 1, 0], "trapdoor_triggered": [0, 0, 0, 0, 0, 0, 0, 0, 0, 0, 0, 0, 0, 1, 0, 0, 0, 0, 0, 0, 0, 0, 0, 0, 0, 0, 0, 0, 0, 0, 0, 0, 0, 0, 0, 0, 0, 0, 0, 0, 0, 0, 0, 0, 0, 0, 0, 1, 0, 0, 0, 0, 0, 0, 0, 0, 0, 0, 0, 0, 0, 0, 0, 0, 0, 0, 0, 0, 0, 0, 0, 0, 0, 0, 0, 0, 0, 0, 0, 0], "left_behind": ["egg", "egg", "plain", "turd", "egg", "egg", "plain", "turd", "egg", "egg", "plain", "turd", "egg", "egg", "plain", "plain", "egg", "turd", "plain", "egg", "egg", "turd", "plain", "egg", "egg", "plain", "plain", "egg", "egg", "plain", "plain", "egg", "plain", "plain", "plain", "egg", "plain", "plain", "plain", "plain", "egg", "plain", "plain", "plain", "egg", "plain", "plain", "egg", "egg", "plain", "plain", "plain", "egg", "egg", "plain", "plain", "plain", "egg", "plain", "plain", "plain", "egg", "plain", "plain", "egg", "egg", "plain", "plain", "egg", "egg", "plain", "plain", "egg", "plain", "plain", "plain", "plain", "plain", "plain", "plain"], "errlog_a": "", "errlog_b": "", "start_time": 360, "start_moves": 40, "turn_count": 80, "result": 0, "reason": "EGGS_LAID", "trapdoors": [[5, 3], [3, 2]], "spawn_a": [0, 2], "spawn_b": [7, 2]}