{"pos": [[7, 4], [1, 5], [6, 4], [1, 4], [6, 5], [0, 4], [6, 6], [0, 3], [7, 6], [1, 3], [7, 7], [1, 2], [6, 7], [0, 2], [5, 7], [0, 1], [5, 6], [1, 1], [4, 6], [2, 1], [4, 7], [2, 0], [3, 7], [1, 0], [3, 6], [0, 0], [2, 6], [0, 1], [2, 7], [1, 1], [1, 7], [1, 2], [0, 7], [2, 2], [0, 6], [2, 3], [1, 6], [2, 4], [1, 5], [2, 5], [1, 6], [2, 4], [1, 5], [3, 4], [1, 6], [2, 4], [2, 6], [2, 5], [3, 6], [3, 5], [4, 6], [3, 6], [4, 7], [3, 5], [3, 7], [3, 6], [2, 7], [3, 5], [1, 7], [3, 6], [0, 7], [3, 5], [0, 6], [3, 4], [0, 7], [2, 4], [0, 6], [1, 4], [1, 6], [1, 3], [1, 5], [2, 3], [1, 6], [1, 3], [2, 6], [0, 3], [2, 7], [0, 2], [3, 7], [1, 2]], "a_eggs_laid": [1, 1, 1, 1, 2, 2, 2, 2, 3, 3, 3, 3, 6, 6, 6, 6, 7, 7, 7, 7, 8, 8, 8, 8, 9, 9, 9, 9, 10, 10, 10, 10, 11, 11, 11, 11, 12, 12, 12, 12, 13, 13, 13, 13, 13, 13, 13, 13, 13, 13, 13, 13, 13, 13, 13, 13, 13, 13, 13, 13, 13, 13, 13, 13, 13, 13, 13, 13, 13, 13, 13, 13, 13, 13, 13, 13, 13, 13, 13, 13], "b_eggs_laid": [0, 1, 1, 1, 1, 2, 2, 2, 2, 3, 3, 3, 3, 4, 4, 4, 4, 5, 5, 5, 5, 6, 6, 6, 6, 7, 7, 7, 7, 7, 7, 7, 7, 7, 7, 7, 7, 8, 8, 8, 8, 9, 9, 9, 9, 10, 10, 10, 10, 10, 10, 10, 10, 11, 11, 11, 11, 11, 11, 11, 11, 11, 11, 11, 11, 11, 11, 11, 11, 11, 11, 11, 11, 11, 11, 11, 11, 11, 11, 11], "a_turds_left": [5, 5, 4, 4, 4, 4, 3, 3, 3, 3, 2, 2, 2, 2, 1, 1, 1, 1, 0, 0, 0, 0, 0, 0, 0, 0, 0, 0, 0, 0, 0, 0, 0, 0, 0, 0, 0, 0, 0, 0, 0, 0, 0, 0, 0, 0, 0, 0, 0, 0, 0, 0, 0, 0, 0, 0, 0, 0, 0, 0, 0, 0, 0, 0, 0, 0, 0, 0, 0, 0, 0, 0, 0, 0, 0, 0, 0, 0, 0, 0], "b_turds_left": [5, 5, 5, 5, 5, 5, 5, 5, 5, 5, 5, 5, 5, 5, 5, 5, 5, 5, 5, 5, 5, 5, 5, 5, 5, 5, 5, 5, 5, 5, 5, 5, 5, 5, 5, 5, 5, 5, 5, 5, 5, 5, 5, 5, 5, 5, 5, 5, 5, 5, 5, 5, 5, 5, 5, 5, 5, 5, 5, 5, 5, 5, 5, 5, 5, 5, 5, 5, 5, 5, 5, 5, 5, 5, 5, 5, 5, 5, 5, 5], "a_time_left": [359.99603512499016, 359.99603512499016, 359.9946146670263, 359.9946146670263, 359.9918405000353, 359.9918405000353, 359.99119437503396, 359.99119437503396, 359.9896214589826, 359.9896214589826, 359.9893116260064, 359.9893116260064, 359.97381479199976, 359.97381479199976, 359.972964207991, 359.972964207991, 359.97098070796346, 359.97098070796346, 359.970460749988, 359.970460749988, 359.9698373749852, 359.9698373749852, 359.9696807920118, 359.9696807920118, 359.96905620902544, 359.96905620902544, 359.96880879206583, 359.96880879206583, 359.9680302920751, 359.9680302920751, 359.96788450004533, 359.96788450004533, 359.96728870802326, 359.96728870802326, 359.96714020799845, 359.96714020799845, 359.96674595802324, 359.96674595802324, 359.96668791701086, 359.96668791701086, 359.9666290419991, 359.9666290419991, 359.9665675829747, 359.9665675829747, 359.9665149159846, 359.9665149159846, 359.96644658298464, 359.96644658298464, 359.96631024900125, 359.96631024900125, 359.96625562402187, 359.96625562402187, 359.9661161650438, 359.9661161650438, 359.9660571650602, 359.9660571650602, 359.9659945820458, 359.9659945820458, 359.9659389150329, 359.9659389150329, 359.9658664560411, 359.9658664560411, 359.96581433108076, 359.96581433108076, 359.965750040079, 359.965750040079, 359.96569974912563, 359.96569974912563, 359.9656379161752, 359.9656379161752, 359.96557854115963, 359.96557854115963, 359.9655255411635, 359.9655255411635, 359.96546491613844, 359.96546491613844, 359.96540487516904, 359.96540487516904, 359.96534487517783, 359.96534487517783], "b_time_left": [360, 359.9965982080321, 359.9965982080321, 359.9958541240194, 359.9958541240194, 359.9945939570316, 359.9945939570316, 359.9937828319962, 359.9937828319962, 359.99281337298453, 359.99281337298453, 359.9914103730116, 359.9914103730116, 359.9881876640138, 359.9881876640138, 359.9878972470178, 359.9878972470178, 359.9877603300265, 359.9877603300265, 359.98763520503417, 359.98763520503417, 359.987504372024, 359.987504372024, 359.98740562202875, 359.98740562202875, 359.9872680810513, 359.9872680810513, 359.98717199708335, 359.98717199708335, 359.98707183112856, 359.98707183112856, 359.98695283115376, 359.98695283115376, 359.9868472891394, 359.9868472891394, 359.98673424712615, 359.98673424712615, 359.98660612211097, 359.98660612211097, 359.98649816407124, 359.98649816407124, 359.98641041404335, 359.98641041404335, 359.9863129980513, 359.9863129980513, 359.98620287305675, 359.98620287305675, 359.98609983205097, 359.98609983205097, 359.9860179570387, 359.9860179570387, 359.9859204569948, 359.9859204569948, 359.98584420699626, 359.98584420699626, 359.9857594150235, 359.9857594150235, 359.98570783104515, 359.98570783104515, 359.9856245400151, 359.9856245400151, 359.98556587297935, 359.98556587297935, 359.9854820399778, 359.9854820399778, 359.98540433094604, 359.98540433094604, 359.9853225389379, 359.9853225389379, 359.98525245598285, 359.98525245598285, 359.9851698720013, 359.9851698720013, 359.9850946640363, 359.9850946640363, 359.985010997043, 359.985010997043, 359.98494358104654, 359.98494358104654, 359.9848712470848], "a_moves_left": [39, 39, 38, 38, 37, 37, 36, 36, 35, 35, 34, 34, 33, 33, 32, 32, 31, 31, 30, 30, 29, 29, 28, 28, 27, 27, 26, 26, 25, 25, 24, 24, 23, 23, 22, 22, 21, 21, 20, 20, 19, 19, 18, 18, 17, 17, 16, 16, 15, 15, 14, 14, 13, 13, 12, 12, 11, 11, 10, 10, 9, 9, 8, 8, 7, 7, 6, 6, 5, 5, 4, 4, 3, 3, 2, 2, 1, 1, 0, 0], "b_moves_left": [40, 39, 39, 38, 38, 37, 37, 36, 36, 35, 35, 34, 34, 33, 33, 32, 32, 31, 31, 30, 30, 29, 29, 28, 28, 27, 27, 26, 26, 25, 25, 24, 24, 23, 23, 22, 22, 21, 21, 20, 20, 19, 19, 18, 18, 17, 17, 16, 16, 15, 15, 14, 14, 13, 13, 12, 12, 11, 11, 10, 10, 9, 9, 8, 8, 7, 7, 6, 6, 5, 5, 4, 4, 3, 3, 2, 2, 1, 1, 0], "trapdoor_triggered": [0, 0, 0, 0, 0, 0, 0, 0, 0, 0, 0, 0, 0, 0, 0, 0, 0, 0, 0, 0, 0, 0, 0, 0, 0, 0, 0, 0, 0, 0, 0, 0, 0, 0, 0, 0, 0, 0, 0, 0, 0, 0, 0, 0, 0, 0, 0, 0, 0, 0, 0, 0, 0, 0, 0, 0, 0, 0, 0, 0, 0, 0, 0, 0, 0, 0, 0, 0, 0, 0, 0, 0, 0, 0, 0, 0, 0, 0, 0, 0], "left_behind": ["egg", "egg", "turd", "plain", "egg", "egg", "turd", "plain", "egg", "egg", "turd", "plain", "egg", "egg", "turd", "plain", "egg", "egg", "turd", "plain", "egg", "egg", "plain", "plain", "egg", "egg", "plain", "plain", "egg", "plain", "plain", "plain", "egg", "plain", "plain", "plain", "egg", "egg", "plain", "plain", "egg", "egg", "plain", "plain", "plain", "egg", "plain", "plain", "plain", "plain", "plain", "plain", "plain", "egg", "plain", "plain", "plain", "plain", "plain", "plain", "plain", "plain", "plain", "plain", "plain", "plain", "plain", "plain", "plain", "plain", "plain", "plain", "plain", "plain", "plain", "plain", "plain", "plain", "plain", "plain"], "errlog_a": "", "errlog_b": "", "start_time": 360, "start_moves": 40, "turn_count": 80, "result": 0, "reason": "EGGS_LAID", "trapdoors": [[4, 4], [4, 5]], "spawn_a": [7, 5], "spawn_b": [0, 5]}