{"pos": [[7, 2], [1, 3], [6, 2], [1, 4], [6, 3], [1, 5], [6, 4], [2, 5], [7, 4], [2, 4], [7, 5], [2, 3], [6, 5], [2, 4], [6, 6], [3, 4], [7, 6], [4, 4], [7, 7], [4, 5], [6, 7], [5, 5], [5, 7], [6, 5], [4, 7], [5, 5], [4, 6], [5, 4], [3, 6], [5, 3], [3, 7], [6, 3], [2, 7], [5, 3], [2, 6], [4, 3], [3, 6], [4, 2], [3, 5], [4, 1], [3, 6], [4, 0], [3, 5], [5, 0], [3, 6], [6, 0], [4, 6], [7, 0], [4, 7], [7, 1], [5, 7], [7, 2], [6, 7], [7, 1], [6, 6], [6, 1], [7, 6], [5, 1], [7, 5], [5, 2], [7, 4], [5, 1], [7, 3], [5, 0], [7, 4], [6, 0], [6, 4], [7, 0], [7, 4], [7, 1], [7, 3], [6, 1], [7, 4], [6, 0], [6, 4], [7, 0], [7, 4], [7, 1], [7, 5], [7, 2]], "a_eggs_laid": [1, 1, 1, 1, 2, 2, 2, 2, 3, 3, 3, 3, 4, 4, 4, 4, 5, 5, 5, 5, 8, 8, 8, 8, 9, 9, 9, 9, 10, 10, 10, 10, 11, 11, 11, 11, 12, 12, 12, 12, 13, 13, 13, 13, 13, 13, 13, 13, 13, 13, 13, 13, 13, 13, 13, 13, 13, 13, 13, 13, 13, 13, 13, 13, 13, 13, 13, 13, 13, 13, 13, 13, 13, 13, 13, 13, 13, 13, 13, 13], "b_eggs_laid": [0, 1, 1, 1, 1, 2, 2, 2, 2, 3, 3, 3, 3, 4, 4, 4, 4, 5, 5, 5, 5, 6, 6, 6, 6, 7, 7, 7, 7, 8, 8, 8, 8, 9, 9, 9, 9, 10, 10, 10, 10, 11, 11, 11, 11, 12, 12, 12, 12, 15, 15, 15, 15, 16, 16, 16, 16, 17, 17, 17, 17, 18, 18, 18, 18, 18, 18, 18, 18, 18, 18, 18, 18, 18, 18, 18, 18, 18, 18, 18], "a_turds_left": [5, 5, 5, 5, 5, 5, 5, 5, 5, 5, 5, 5, 5, 5, 5, 5, 5, 5, 5, 5, 5, 5, 5, 5, 5, 5, 5, 5, 5, 5, 5, 5, 5, 5, 5, 5, 5, 5, 5, 5, 5, 5, 5, 5, 5, 5, 5, 5, 5, 5, 5, 5, 5, 5, 5, 5, 5, 5, 5, 5, 5, 5, 5, 5, 5, 5, 5, 5, 5, 5, 5, 5, 5, 5, 5, 5, 5, 5, 5, 5], "b_turds_left": [5, 5, 5, 4, 4, 4, 4, 3, 3, 3, 3, 2, 2, 2, 2, 2, 2, 2, 2, 1, 1, 1, 1, 0, 0, 0, 0, 0, 0, 0, 0, 0, 0, 0, 0, 0, 0, 0, 0, 0, 0, 0, 0, 0, 0, 0, 0, 0, 0, 0, 0, 0, 0, 0, 0, 0, 0, 0, 0, 0, 0, 0, 0, 0, 0, 0, 0, 0, 0, 0, 0, 0, 0, 0, 0, 0, 0, 0, 0, 0], "a_time_left": [359.9951996660093, 359.9951996660093, 359.99385524896206, 359.99385524896206, 359.99025299894856, 359.99025299894856, 359.9888714569388, 359.9888714569388, 359.9837833319325, 359.9837833319325, 359.9829378318973, 359.9829378318973, 359.9818587069167, 359.9818587069167, 359.9813075819402, 359.9813075819402, 359.9779034979292, 359.9779034979292, 359.97708378895186, 359.97708378895186, 359.97666828893125, 359.97666828893125, 359.9764852049411, 359.9764852049411, 359.9761582889478, 359.9761582889478, 359.9759336639545, 359.9759336639545, 359.9756615809747, 359.9756615809747, 359.97540149698034, 359.97540149698034, 359.975066037965, 359.975066037965, 359.97488666296704, 359.97488666296704, 359.9746583289816, 359.9746583289816, 359.97454074496636, 359.97454074496636, 359.974461827951, 359.974461827951, 359.97435357794166, 359.97435357794166, 359.9742809529416, 359.9742809529416, 359.9741761609912, 359.9741761609912, 359.97406624496216, 359.97406624496216, 359.9739706199616, 359.9739706199616, 359.9738798289909, 359.9738798289909, 359.97378799604485, 359.97378799604485, 359.97370237106225, 359.97370237106225, 359.97359424608294, 359.97359424608294, 359.9735104130814, 359.9735104130814, 359.97341749607585, 359.97341749607585, 359.97334416303784, 359.97334416303784, 359.9732552880887, 359.9732552880887, 359.9731847050716, 359.9731847050716, 359.97309333010344, 359.97309333010344, 359.97301620506914, 359.97301620506914, 359.9729210390942, 359.9729210390942, 359.97284641413717, 359.97284641413717, 359.9727492061211, 359.9727492061211], "b_time_left": [360, 359.99674545798916, 359.99674545798916, 359.99456208304036, 359.99456208304036, 359.9920494160033, 359.9920494160033, 359.9903345829807, 359.9903345829807, 359.98777787497966, 359.98777787497966, 359.9871189999976, 359.9871189999976, 359.9862452080124, 359.9862452080124, 359.98528924997663, 359.98528924997663, 359.983306124981, 359.983306124981, 359.981955583964, 359.981955583964, 359.9813074589474, 359.9813074589474, 359.9808496249025, 359.9808496249025, 359.98069479188416, 359.98069479188416, 359.98052108386764, 359.98052108386764, 359.9801925428328, 359.9801925428328, 359.97992979281116, 359.97992979281116, 359.9798654598417, 359.9798654598417, 359.9797909598565, 359.9797909598565, 359.9797044178122, 359.9797044178122, 359.9796384598594, 359.9796384598594, 359.97956375184003, 359.97956375184003, 359.97950525180204, 359.97950525180204, 359.9794325848343, 359.9794325848343, 359.9793772518169, 359.9793772518169, 359.97931545978645, 359.97931545978645, 359.9792635017657, 359.9792635017657, 359.979214709776, 359.979214709776, 359.97916308476124, 359.97916308476124, 359.97909033473115, 359.97909033473115, 359.9790241267183, 359.9790241267183, 359.97895075171255, 359.97895075171255, 359.9788955016993, 359.9788955016993, 359.97883825172903, 359.97883825172903, 359.9787878767238, 359.9787878767238, 359.978733918746, 359.978733918746, 359.9786817517597, 359.9786817517597, 359.97861854272196, 359.97861854272196, 359.97856437572045, 359.97856437572045, 359.97851362574147, 359.97851362574147, 359.9784560847329], "a_moves_left": [39, 39, 38, 38, 37, 37, 36, 36, 35, 35, 34, 34, 33, 33, 32, 32, 31, 31, 30, 30, 29, 29, 28, 28, 27, 27, 26, 26, 25, 25, 24, 24, 23, 23, 22, 22, 21, 21, 20, 20, 19, 19, 18, 18, 17, 17, 16, 16, 15, 15, 14, 14, 13, 13, 12, 12, 11, 11, 10, 10, 9, 9, 8, 8, 7, 7, 6, 6, 5, 5, 4, 4, 3, 3, 2, 2, 1, 1, 0, 0], "b_moves_left": [40, 39, 39, 38, 38, 37, 37, 36, 36, 35, 35, 34, 34, 33, 33, 32, 32, 31, 31, 30, 30, 29, 29, 28, 28, 27, 27, 26, 26, 25, 25, 24, 24, 23, 23, 22, 22, 21, 21, 20, 20, 19, 19, 18, 18, 17, 17, 16, 16, 15, 15, 14, 14, 13, 13, 12, 12, 11, 11, 10, 10, 9, 9, 8, 8, 7, 7, 6, 6, 5, 5, 4, 4, 3, 3, 2, 2, 1, 1, 0], "trapdoor_triggered": [0, 0, 0, 0, 0, 0, 0, 0, 0, 0, 0, 0, 0, 0, 0, 0, 0, 0, 0, 0, 0, 0, 0, 0, 0, 0, 0, 0, 0, 0, 0, 0, 0, 0, 0, 0, 0, 0, 0, 0, 0, 0, 0, 0, 0, 0, 0, 0, 0, 0, 0, 0, 0, 0, 0, 0, 0, 0, 0, 0, 0, 0, 0, 0, 0, 0, 0, 0, 0, 0, 0, 0, 0, 0, 0, 0, 0, 0, 0, 0], "left_behind": ["egg", "egg", "plain", "turd", "egg", "egg", "plain", "turd", "egg", "egg", "plain", "turd", "egg", "egg", "plain", "plain", "egg", "egg", "plain", "turd", "egg", "egg", "plain", "turd", "egg", "egg", "plain", "plain", "egg", "egg", "plain", "plain", "egg", "egg", "plain", "plain", "egg", "egg", "plain", "plain", "egg", "egg", "plain", "plain", "plain", "egg", "plain", "plain", "plain", "egg", "plain", "plain", "plain", "egg", "plain", "plain", "plain", "egg", "plain", "plain", "plain", "egg", "plain", "plain", "plain", "plain", "plain", "plain", "plain", "plain", "plain", "plain", "plain", "plain", "plain", "plain", "plain", "plain", "plain", "plain"], "errlog_a": "", "errlog_b": "", "start_time": 360, "start_moves": 40, "turn_count": 80, "result": 1, "reason": "EGGS_LAID", "trapdoors": [[3, 3], [3, 2]], "spawn_a": [7, 3], "spawn_b": [0, 3]}