{"pos": [[7, 0], [1, 1], [6, 0], [1, 2], [6, 1], [0, 2], [6, 2], [0, 3], [7, 2], [1, 3], [7, 3], [1, 4], [6, 3], [0, 4], [6, 4], [0, 5], [7, 4], [1, 5], [7, 5], [2, 5], [6, 5], [2, 6], [6, 6], [3, 6], [7, 6], [3, 7], [7, 7], [4, 7], [6, 7], [4, 6], [5, 7], [5, 6], [6, 7], [4, 6], [6, 6], [4, 5], [6, 5], [3, 5], [5, 5], [3, 4], [5, 4], [3, 3], [6, 4], [4, 3], [6, 3], [4, 2], [5, 3], [5, 2], [5, 4], [5, 1], [5, 3], [6, 1], [5, 4], [5, 1], [5, 5], [4, 1], [6, 5], [3, 1], [7, 5], [3, 2], [7, 4], [2, 2], [7, 3], [2, 1], [7, 2], [2, 0], [7, 1], [3, 0], [7, 0], [4, 0], [6, 0], [5, 0], [7, 0], [4, 0], [6, 0], [5, 0], [7, 0], [5, 1], [7, 1], [6, 1]], "a_eggs_laid": [1, 1, 1, 1, 2, 2, 2, 2, 3, 3, 3, 3, 4, 4, 4, 4, 5, 5, 5, 5, 6, 6, 6, 6, 7, 7, 7, 7, 10, 10, 10, 10, 11, 11, 11, 11, 11, 11, 11, 11, 12, 12, 12, 12, 12, 12, 12, 12, 13, 13, 13, 13, 13, 13, 13, 13, 13, 13, 13, 13, 13, 13, 13, 13, 13, 13, 13, 13, 13, 13, 13, 13, 13, 13, 13, 13, 13, 13, 13, 13], "b_eggs_laid": [0, 1, 1, 1, 1, 2, 2, 2, 2, 3, 3, 3, 3, 4, 4, 4, 4, 5, 5, 5, 5, 6, 6, 6, 6, 7, 7, 7, 7, 8, 8, 8, 8, 9, 9, 9, 9, 10, 10, 10, 10, 11, 11, 11, 11, 12, 12, 12, 12, 13, 13, 13, 13, 14, 14, 14, 14, 15, 15, 15, 15, 16, 16, 16, 16, 17, 17, 17, 17, 18, 18, 18, 18, 19, 19, 19, 19, 19, 19, 19], "a_turds_left": [5, 5, 5, 5, 5, 5, 5, 5, 5, 5, 5, 5, 5, 5, 5, 5, 5, 5, 5, 5, 5, 5, 5, 5, 5, 5, 5, 5, 5, 5, 5, 5, 5, 5, 5, 5, 5, 5, 5, 5, 5, 5, 5, 5, 5, 5, 5, 5, 5, 5, 5, 5, 5, 5, 5, 5, 5, 5, 5, 5, 5, 5, 5, 5, 5, 5, 5, 5, 5, 5, 5, 5, 5, 5, 5, 5, 5, 5, 5, 5], "b_turds_left": [5, 5, 5, 5, 5, 5, 5, 5, 5, 5, 5, 5, 5, 5, 5, 5, 5, 5, 5, 5, 5, 5, 5, 5, 5, 5, 5, 5, 5, 5, 5, 5, 5, 5, 5, 5, 5, 5, 5, 5, 5, 5, 5, 5, 5, 5, 5, 5, 5, 5, 5, 5, 5, 5, 5, 5, 5, 5, 5, 5, 5, 5, 5, 5, 5, 5, 5, 5, 5, 5, 5, 5, 5, 5, 5, 5, 5, 5, 5, 5], "a_time_left": [359.9939187919954, 359.9939187919954, 359.99308841704624, 359.99308841704624, 359.992059042037, 359.992059042037, 359.99072079203324, 359.99072079203324, 359.9872945830575, 359.9872945830575, 359.9869600410457, 359.9869600410457, 359.9836960830726, 359.9836960830726, 359.98316416708985, 359.98316416708985, 359.98195904213935, 359.98195904213935, 359.9816453761305, 359.9816453761305, 359.98072750109714, 359.98072750109714, 359.98027162608923, 359.98027162608923, 359.97904354310594, 359.97904354310594, 359.978781210084, 359.978781210084, 359.97819321008865, 359.97819321008865, 359.9779533770634, 359.9779533770634, 359.9778695020359, 359.9778695020359, 359.97778166801436, 359.97778166801436, 359.9776215850143, 359.9776215850143, 359.9773909180076, 359.9773909180076, 359.9769186259946, 359.9769186259946, 359.97658920899266, 359.97658920899266, 359.9763815419865, 359.9763815419865, 359.9761644579703, 359.9761644579703, 359.9760832909378, 359.9760832909378, 359.97596945794066, 359.97596945794066, 359.975880999933, 359.975880999933, 359.9757730839192, 359.9757730839192, 359.97569391690195, 359.97569391690195, 359.9755741248955, 359.9755741248955, 359.9754875829094, 359.9754875829094, 359.9754029579344, 359.9754029579344, 359.9753119989182, 359.9753119989182, 359.9752286649309, 359.9752286649309, 359.9751518309349, 359.9751518309349, 359.97507833095733, 359.97507833095733, 359.97501183097484, 359.97501183097484, 359.97493474697694, 359.97493474697694, 359.9748688719701, 359.9748688719701, 359.9747899559443, 359.9747899559443], "b_time_left": [360, 359.99646712502, 359.99646712502, 359.9957849580096, 359.9957849580096, 359.99258020799607, 359.99258020799607, 359.9918245000299, 359.9918245000299, 359.9904381670058, 359.9904381670058, 359.989923874964, 359.989923874964, 359.98762016691035, 359.98762016691035, 359.9875148339197, 359.9875148339197, 359.9873989589396, 359.9873989589396, 359.9872941679787, 359.9872941679787, 359.98717391799437, 359.98717391799437, 359.98706600099104, 359.98706600099104, 359.9869497930049, 359.9869497930049, 359.9868651679717, 359.9868651679717, 359.98676979297306, 359.98676979297306, 359.98667475197, 359.98667475197, 359.98658516892465, 359.98658516892465, 359.98649375193054, 359.98649375193054, 359.98638612695504, 359.98638612695504, 359.9862886269693, 359.9862886269693, 359.98619483597577, 359.98619483597577, 359.98611721099587, 359.98611721099587, 359.9860227520112, 359.9860227520112, 359.98594571003923, 359.98594571003923, 359.9858780440409, 359.9858780440409, 359.98579529405106, 359.98579529405106, 359.9857371270773, 359.9857371270773, 359.98565762711223, 359.98565762711223, 359.9855645021307, 359.9855645021307, 359.9854863351793, 359.9854863351793, 359.9853915851563, 359.9853915851563, 359.9853132511489, 359.9853132511489, 359.98521683417493, 359.98521683417493, 359.9851456251927, 359.9851456251927, 359.9850612921873, 359.9850612921873, 359.9849860831746, 359.9849860831746, 359.9849149171496, 359.9849149171496, 359.9848475001636, 359.9848475001636, 359.9847923751804, 359.9847923751804, 359.98471412516665], "a_moves_left": [39, 39, 38, 38, 37, 37, 36, 36, 35, 35, 34, 34, 33, 33, 32, 32, 31, 31, 30, 30, 29, 29, 28, 28, 27, 27, 26, 26, 25, 25, 24, 24, 23, 23, 22, 22, 21, 21, 20, 20, 19, 19, 18, 18, 17, 17, 16, 16, 15, 15, 14, 14, 13, 13, 12, 12, 11, 11, 10, 10, 9, 9, 8, 8, 7, 7, 6, 6, 5, 5, 4, 4, 3, 3, 2, 2, 1, 1, 0, 0], "b_moves_left": [40, 39, 39, 38, 38, 37, 37, 36, 36, 35, 35, 34, 34, 33, 33, 32, 32, 31, 31, 30, 30, 29, 29, 28, 28, 27, 27, 26, 26, 25, 25, 24, 24, 23, 23, 22, 22, 21, 21, 20, 20, 19, 19, 18, 18, 17, 17, 16, 16, 15, 15, 14, 14, 13, 13, 12, 12, 11, 11, 10, 10, 9, 9, 8, 8, 7, 7, 6, 6, 5, 5, 4, 4, 3, 3, 2, 2, 1, 1, 0], "trapdoor_triggered": [0, 0, 0, 0, 0, 0, 0, 0, 0, 0, 0, 0, 0, 0, 0, 0, 0, 0, 0, 0, 0, 0, 0, 0, 0, 0, 0, 0, 0, 0, 0, 0, 0, 0, 0, 0, 0, 0, 0, 0, 0, 0, 0, 0, 0, 0, 0, 0, 0, 0, 0, 0, 0, 0, 0, 0, 0, 0, 0, 0, 0, 0, 0, 0, 0, 0, 0, 0, 0, 0, 0, 0, 0, 0, 0, 0, 0, 0, 0, 0], "left_behind": ["egg", "egg", "plain", "plain", "egg", "egg", "plain", "plain", "egg", "egg", "plain", "plain", "egg", "egg", "plain", "plain", "egg", "egg", "plain", "plain", "egg", "egg", "plain", "plain", "egg", "egg", "plain", "plain", "egg", "egg", "plain", "plain", "egg", "egg", "plain", "plain", "plain", "egg", "plain", "plain", "egg", "egg", "plain", "plain", "plain", "egg", "plain", "plain", "egg", "egg", "plain", "plain", "plain", "egg", "plain", "plain", "plain", "egg", "plain", "plain", "plain", "egg", "plain", "plain", "plain", "egg", "plain", "plain", "plain", "egg", "plain", "plain", "plain", "egg", "plain", "plain", "plain", "plain", "plain", "plain"], "errlog_a": "", "errlog_b": "", "start_time": 360, "start_moves": 40, "turn_count": 80, "result": 1, "reason": "EGGS_LAID", "trapdoors": [[4, 4], [2, 3]], "spawn_a": [7, 1], "spawn_b": [0, 1]}