{"pos": [[7, 4], [1, 5], [6, 4], [1, 4], [6, 5], [0, 4], [6, 6], [0, 3], [7, 6], [1, 3], [7, 7], [1, 2], [6, 7], [0, 2], [5, 7], [0, 1], [4, 7], [0, 0], [4, 6], [1, 0], [3, 6], [1, 1], [3, 7], [2, 1], [2, 7], [2, 0], [2, 6], [3, 0], [2, 5], [4, 0], [1, 5], [4, 1], [1, 6], [5, 1], [1, 7], [5, 0], [0, 7], [6, 0], [0, 6], [6, 1], [1, 6], [6, 2], [1, 5], [7, 2], [2, 5], [7, 1], [3, 5], [7, 0], [3, 4], [7, 1], [2, 4], [6, 1], [2, 3], [6, 2], [1, 3], [6, 3], [2, 3], [5, 3], [2, 4], [5, 2], [3, 4], [4, 2], [4, 4], [5, 2], [4, 3], [5, 3], [4, 2], [4, 3], [3, 2], [5, 3], [3, 1], [5, 4], [3, 2], [5, 3], [3, 3], [4, 3], [3, 2], [5, 3], [4, 2], [6, 3]], "a_eggs_laid": [1, 1, 1, 1, 2, 2, 2, 2, 3, 3, 3, 3, 6, 6, 6, 6, 7, 7, 7, 7, 8, 8, 8, 8, 9, 9, 9, 9, 10, 10, 10, 10, 11, 11, 11, 11, 12, 12, 12, 12, 13, 13, 13, 13, 13, 13, 13, 13, 14, 14, 14, 14, 15, 15, 15, 15, 16, 16, 16, 16, 16, 16, 16, 16, 17, 17, 17, 17, 18, 18, 18, 18, 19, 19, 19, 19, 20, 20, 20, 20], "b_eggs_laid": [0, 1, 1, 1, 1, 2, 2, 2, 2, 3, 3, 3, 3, 4, 4, 4, 4, 5, 5, 5, 5, 6, 6, 6, 6, 7, 7, 7, 7, 8, 8, 8, 8, 9, 9, 9, 9, 10, 10, 10, 10, 11, 11, 11, 11, 12, 12, 12, 12, 15, 15, 15, 15, 15, 15, 15, 15, 16, 16, 16, 16, 17, 17, 17, 17, 17, 17, 17, 17, 18, 18, 18, 18, 19, 19, 19, 19, 19, 19, 19], "a_turds_left": [5, 5, 4, 4, 4, 4, 3, 3, 3, 3, 2, 2, 2, 2, 1, 1, 1, 1, 0, 0, 0, 0, 0, 0, 0, 0, 0, 0, 0, 0, 0, 0, 0, 0, 0, 0, 0, 0, 0, 0, 0, 0, 0, 0, 0, 0, 0, 0, 0, 0, 0, 0, 0, 0, 0, 0, 0, 0, 0, 0, 0, 0, 0, 0, 0, 0, 0, 0, 0, 0, 0, 0, 0, 0, 0, 0, 0, 0, 0, 0], "b_turds_left": [5, 5, 5, 5, 5, 5, 5, 5, 5, 5, 5, 5, 5, 5, 5, 5, 5, 5, 5, 5, 5, 5, 5, 5, 5, 5, 5, 5, 5, 5, 5, 5, 5, 5, 5, 5, 5, 5, 5, 5, 5, 5, 5, 5, 5, 5, 5, 5, 5, 5, 5, 5, 5, 5, 5, 5, 5, 5, 5, 5, 5, 5, 5, 5, 5, 5, 5, 5, 5, 5, 5, 5, 5, 5, 5, 5, 5, 5, 5, 5], "a_time_left": [359.99724329198943, 359.99724329198943, 359.9958335830015, 359.9958335830015, 359.99313875002554, 359.99313875002554, 359.99176387500484, 359.99176387500484, 359.98919049999677, 359.98919049999677, 359.9883612089907, 359.9883612089907, 359.9873583339504, 359.9873583339504, 359.9870357919717, 359.9870357919717, 359.9850751259364, 359.9850751259364, 359.9838126259274, 359.9838126259274, 359.98314287589164, 359.98314287589164, 359.982783708896, 359.982783708896, 359.9823409168748, 359.9823409168748, 359.982078125875, 359.982078125875, 359.9812665838981, 359.9812665838981, 359.9809284589137, 359.9809284589137, 359.9804970418918, 359.9804970418918, 359.9803986258921, 359.9803986258921, 359.9802343338961, 359.9802343338961, 359.980171000876, 359.980171000876, 359.9800888338941, 359.9800888338941, 359.9800129169016, 359.9800129169016, 359.9798827918712, 359.9798827918712, 359.97969041689066, 359.97969041689066, 359.97960333392257, 359.97960333392257, 359.9795330839115, 359.9795330839115, 359.97944008390186, 359.97944008390186, 359.979372041882, 359.979372041882, 359.9793147498858, 359.9793147498858, 359.97914554190356, 359.97914554190356, 359.97900145791937, 359.97900145791937, 359.9788670419366, 359.9788670419366, 359.97876525094034, 359.97876525094034, 359.97870891698403, 359.97870891698403, 359.9786567079718, 359.9786567079718, 359.97859512496507, 359.97859512496507, 359.9785426669405, 359.9785426669405, 359.9784493749612, 359.9784493749612, 359.978373833932, 359.978373833932, 359.978296458954, 359.978296458954], "b_time_left": [360, 359.99699549999787, 359.99699549999787, 359.9952584580169, 359.9952584580169, 359.9930627910071, 359.9930627910071, 359.99225708300946, 359.99225708300946, 359.98969587503234, 359.98969587503234, 359.9883737920318, 359.9883737920318, 359.987095000979, 359.987095000979, 359.98698479199084, 359.98698479199084, 359.98668474995065, 359.98668474995065, 359.98657687497325, 359.98657687497325, 359.9864602499292, 359.9864602499292, 359.9863472089637, 359.9863472089637, 359.98622570896987, 359.98622570896987, 359.9861319589545, 359.9861319589545, 359.98601066693664, 359.98601066693664, 359.9859151249402, 359.9859151249402, 359.9857869579573, 359.9857869579573, 359.98568887391593, 359.98568887391593, 359.98558762390167, 359.98558762390167, 359.98549549886957, 359.98549549886957, 359.98534341488266, 359.98534341488266, 359.9852369558648, 359.9852369558648, 359.98512945586117, 359.98512945586117, 359.98504137288546, 359.98504137288546, 359.9849517059047, 359.9849517059047, 359.9848615399096, 359.9848615399096, 359.98476391489385, 359.98476391489385, 359.9846692068968, 359.9846692068968, 359.9845762908808, 359.9845762908808, 359.9844780828571, 359.9844780828571, 359.9843555408297, 359.9843555408297, 359.9842561658588, 359.9842561658588, 359.98416579084005, 359.98416579084005, 359.9840672908467, 359.9840672908467, 359.9839802068891, 359.9839802068891, 359.9838882488548, 359.9838882488548, 359.9838138738414, 359.9838138738414, 359.983717998839, 359.983717998839, 359.9836498318473, 359.9836498318473, 359.98355616483605], "a_moves_left": [39, 39, 38, 38, 37, 37, 36, 36, 35, 35, 34, 34, 33, 33, 32, 32, 31, 31, 30, 30, 29, 29, 28, 28, 27, 27, 26, 26, 25, 25, 24, 24, 23, 23, 22, 22, 21, 21, 20, 20, 19, 19, 18, 18, 17, 17, 16, 16, 15, 15, 14, 14, 13, 13, 12, 12, 11, 11, 10, 10, 9, 9, 8, 8, 7, 7, 6, 6, 5, 5, 4, 4, 3, 3, 2, 2, 1, 1, 0, 0], "b_moves_left": [40, 39, 39, 38, 38, 37, 37, 36, 36, 35, 35, 34, 34, 33, 33, 32, 32, 31, 31, 30, 30, 29, 29, 28, 28, 27, 27, 26, 26, 25, 25, 24, 24, 23, 23, 22, 22, 21, 21, 20, 20, 19, 19, 18, 18, 17, 17, 16, 16, 15, 15, 14, 14, 13, 13, 12, 12, 11, 11, 10, 10, 9, 9, 8, 8, 7, 7, 6, 6, 5, 5, 4, 4, 3, 3, 2, 2, 1, 1, 0], "trapdoor_triggered": [0, 0, 0, 0, 0, 0, 0, 0, 0, 0, 0, 0, 0, 0, 0, 0, 0, 0, 0, 0, 0, 0, 0, 0, 0, 0, 0, 0, 0, 0, 0, 0, 0, 0, 0, 0, 0, 0, 0, 0, 0, 0, 0, 0, 0, 0, 0, 0, 0, 0, 0, 0, 0, 0, 0, 0, 0, 0, 0, 0, 0, 0, 0, 0, 0, 0, 0, 0, 0, 0, 0, 0, 0, 0, 0, 0, 0, 0, 0, 0], "left_behind": ["egg", "egg", "turd", "plain", "egg", "egg", "turd", "plain", "egg", "egg", "turd", "plain", "egg", "egg", "turd", "plain", "egg", "egg", "turd", "plain", "egg", "egg", "plain", "plain", "egg", "egg", "plain", "plain", "egg", "egg", "plain", "plain", "egg", "egg", "plain", "plain", "egg", "egg", "plain", "plain", "egg", "egg", "plain", "plain", "plain", "egg", "plain", "plain", "egg", "egg", "plain", "plain", "egg", "plain", "plain", "plain", "egg", "egg", "plain", "plain", "plain", "egg", "plain", "plain", "egg", "plain", "plain", "plain", "egg", "egg", "plain", "plain", "egg", "egg", "plain", "plain", "egg", "plain", "plain", "plain"], "errlog_a": "", "errlog_b": "", "start_time": 360, "start_moves": 40, "turn_count": 80, "result": 0, "reason": "EGGS_LAID", "trapdoors": [[2, 2], [4, 5]], "spawn_a": [7, 5], "spawn_b": [0, 5]}