{"pos": [[0, 1], [6, 2], [1, 1], [6, 3], [1, 2], [6, 4], [1, 3], [6, 5], [0, 3], [5, 5], [0, 4], [5, 4], [1, 4], [5, 3], [1, 5], [5, 2], [0, 5], [4, 2], [0, 6], [4, 1], [1, 6], [3, 1], [2, 6], [2, 1], [2, 7], [2, 0], [1, 7], [3, 0], [0, 7], [4, 0], [0, 6], [5, 0], [0, 5], [5, 1], [0, 4], [6, 1], [1, 4], [7, 1], [2, 4], [7, 0], [2, 5], [6, 0], [2, 4], [7, 0], [2, 3], [7, 1], [2, 2], [7, 2], [2, 3], [7, 3], [2, 2], [7, 4], [2, 3], [7, 5], [1, 3], [7, 6], [2, 3], [7, 7], [2, 2], [6, 7], [2, 3], [6, 6], [2, 4], [5, 6], [3, 4], [5, 7], [4, 4], [4, 7], [3, 4], [4, 6], [3, 5], [5, 6], [3, 6], [5, 5], [4, 6], [6, 5], [3, 6], [6, 4], [3, 7], [7, 4]], "a_eggs_laid": [1, 1, 1, 1, 2, 2, 2, 2, 3, 3, 3, 3, 4, 4, 4, 4, 5, 5, 5, 5, 6, 6, 6, 6, 7, 7, 7, 7, 8, 8, 8, 8, 8, 8, 8, 8, 8, 8, 8, 8, 9, 9, 9, 9, 9, 9, 9, 9, 10, 10, 10, 10, 10, 10, 10, 10, 10, 10, 10, 10, 10, 10, 10, 10, 10, 10, 10, 10, 11, 11, 11, 11, 12, 12, 12, 12, 13, 13, 13, 13], "b_eggs_laid": [0, 1, 1, 1, 1, 2, 2, 2, 2, 3, 3, 3, 3, 4, 4, 4, 4, 5, 5, 5, 5, 6, 6, 6, 6, 7, 7, 7, 7, 8, 8, 8, 8, 9, 9, 9, 9, 10, 10, 10, 10, 13, 13, 13, 13, 13, 13, 13, 13, 13, 13, 13, 13, 14, 14, 14, 14, 15, 15, 15, 15, 16, 16, 16, 16, 17, 17, 17, 17, 18, 18, 18, 18, 18, 18, 18, 18, 18, 18, 18], "a_turds_left": [5, 5, 5, 5, 5, 5, 5, 5, 5, 5, 5, 5, 5, 5, 5, 5, 5, 5, 5, 5, 5, 5, 5, 5, 5, 5, 5, 5, 5, 5, 5, 5, 5, 5, 5, 5, 5, 5, 5, 5, 5, 5, 5, 5, 5, 5, 5, 5, 5, 5, 5, 5, 5, 5, 5, 5, 5, 5, 5, 5, 5, 5, 5, 5, 5, 5, 5, 5, 5, 5, 5, 5, 5, 5, 5, 5, 5, 5, 5, 5], "b_turds_left": [5, 5, 5, 4, 4, 4, 4, 3, 3, 3, 3, 2, 2, 2, 2, 1, 1, 1, 1, 0, 0, 0, 0, 0, 0, 0, 0, 0, 0, 0, 0, 0, 0, 0, 0, 0, 0, 0, 0, 0, 0, 0, 0, 0, 0, 0, 0, 0, 0, 0, 0, 0, 0, 0, 0, 0, 0, 0, 0, 0, 0, 0, 0, 0, 0, 0, 0, 0, 0, 0, 0, 0, 0, 0, 0, 0, 0, 0, 0, 0], "a_time_left": [359.99616983300075, 359.99616983300075, 359.99562004202744, 359.99562004202744, 359.99192329199286, 359.99192329199286, 359.9913778330083, 359.9913778330083, 359.9873300830368, 359.9873300830368, 359.98699570802273, 359.98699570802273, 359.98592537402874, 359.98592537402874, 359.9845506650163, 359.9845506650163, 359.9809031650657, 359.9809031650657, 359.98007354006404, 359.98007354006404, 359.97897808102425, 359.97897808102425, 359.9784274560516, 359.9784274560516, 359.97746245603776, 359.97746245603776, 359.97708874806995, 359.97708874806995, 359.97694504004903, 359.97694504004903, 359.97685487300623, 359.97685487300623, 359.9767490810482, 359.9767490810482, 359.97664958104724, 359.97664958104724, 359.9764870390063, 359.9764870390063, 359.97625420603435, 359.97625420603435, 359.9761329140747, 359.9761329140747, 359.9760429140879, 359.9760429140879, 359.9757701230701, 359.9757701230701, 359.97567424812587, 359.97567424812587, 359.9755970821134, 359.9755970821134, 359.9754037071252, 359.9754037071252, 359.975280499144, 359.975280499144, 359.9750960411038, 359.9750960411038, 359.97496504109586, 359.97496504109586, 359.97475754108746, 359.97475754108746, 359.9746415411355, 359.9746415411355, 359.974475957104, 359.974475957104, 359.97428712411784, 359.97428712411784, 359.9742084990721, 359.9742084990721, 359.97414299903903, 359.97414299903903, 359.9739490400534, 359.9739490400534, 359.973854957032, 359.973854957032, 359.9737787480117, 359.9737787480117, 359.97371987299994, 359.97371987299994, 359.9736160400207, 359.9736160400207], "b_time_left": [360, 359.9986481249798, 359.9986481249798, 359.9970250839833, 359.9970250839833, 359.9949045009562, 359.9949045009562, 359.9941725009703, 359.9941725009703, 359.99203733494505, 359.99203733494505, 359.99137270997744, 359.99137270997744, 359.98932700196747, 359.98932700196747, 359.9878205859568, 359.9878205859568, 359.9859131689882, 359.9859131689882, 359.9844985859818, 359.9844985859818, 359.9839203359443, 359.9839203359443, 359.9836216279655, 359.9836216279655, 359.98323629493825, 359.98323629493825, 359.98302762792446, 359.98302762792446, 359.98294683592394, 359.98294683592394, 359.98288766888436, 359.98288766888436, 359.98281087790383, 359.98281087790383, 359.98274296085583, 359.98274296085583, 359.98266412783414, 359.98266412783414, 359.9826066698297, 359.9826066698297, 359.98254175379407, 359.98254175379407, 359.9824842538219, 359.9824842538219, 359.98242996179033, 359.98242996179033, 359.98236571176676, 359.98236571176676, 359.9823066277313, 359.9823066277313, 359.9822447526967, 359.9822447526967, 359.9821690447279, 359.9821690447279, 359.98211612872547, 359.98211612872547, 359.9820492117433, 359.9820492117433, 359.9819960037712, 359.9819960037712, 359.98192337877117, 359.98192337877117, 359.98186283680843, 359.98186283680843, 359.9817902537761, 359.9817902537761, 359.98173666972434, 359.98173666972434, 359.9816642947262, 359.9816642947262, 359.98160075373016, 359.98160075373016, 359.9815342957154, 359.9815342957154, 359.98148033674806, 359.98148033674806, 359.981420419761, 359.981420419761, 359.98136304476066], "a_moves_left": [39, 39, 38, 38, 37, 37, 36, 36, 35, 35, 34, 34, 33, 33, 32, 32, 31, 31, 30, 30, 29, 29, 28, 28, 27, 27, 26, 26, 25, 25, 24, 24, 23, 23, 22, 22, 21, 21, 20, 20, 19, 19, 18, 18, 17, 17, 16, 16, 15, 15, 14, 14, 13, 13, 12, 12, 11, 11, 10, 10, 9, 9, 8, 8, 7, 7, 6, 6, 5, 5, 4, 4, 3, 3, 2, 2, 1, 1, 0, 0], "b_moves_left": [40, 39, 39, 38, 38, 37, 37, 36, 36, 35, 35, 34, 34, 33, 33, 32, 32, 31, 31, 30, 30, 29, 29, 28, 28, 27, 27, 26, 26, 25, 25, 24, 24, 23, 23, 22, 22, 21, 21, 20, 20, 19, 19, 18, 18, 17, 17, 16, 16, 15, 15, 14, 14, 13, 13, 12, 12, 11, 11, 10, 10, 9, 9, 8, 8, 7, 7, 6, 6, 5, 5, 4, 4, 3, 3, 2, 2, 1, 1, 0], "trapdoor_triggered": [0, 0, 0, 0, 0, 0, 0, 0, 0, 0, 0, 0, 0, 0, 0, 0, 0, 0, 0, 0, 0, 0, 0, 0, 0, 0, 0, 0, 0, 0, 0, 0, 0, 0, 0, 0, 0, 0, 0, 0, 0, 0, 0, 0, 0, 0, 0, 0, 0, 0, 0, 0, 0, 0, 0, 0, 0, 0, 0, 0, 0, 0, 0, 0, 0, 0, 0, 0, 0, 0, 0, 0, 0, 0, 0, 0, 0, 0, 0, 0], "left_behind": ["egg", "egg", "plain", "turd", "egg", "egg", "plain", "turd", "egg", "egg", "plain", "turd", "egg", "egg", "plain", "turd", "egg", "egg", "plain", "turd", "egg", "egg", "plain", "plain", "egg", "egg", "plain", "plain", "egg", "egg", "plain", "plain", "plain", "egg", "plain", "plain", "plain", "egg", "plain", "plain", "egg", "egg", "plain", "plain", "plain", "plain", "plain", "plain", "egg", "plain", "plain", "plain", "plain", "egg", "plain", "plain", "plain", "egg", "plain", "plain", "plain", "egg", "plain", "plain", "plain", "egg", "plain", "plain", "egg", "egg", "plain", "plain", "egg", "plain", "plain", "plain", "egg", "plain", "plain", "plain"], "errlog_a": "", "errlog_b": "", "start_time": 360, "start_moves": 40, "turn_count": 80, "result": 1, "reason": "EGGS_LAID", "trapdoors": [[3, 3], [3, 2]], "spawn_a": [0, 2], "spawn_b": [7, 2]}