{"pos": [[0, 3], [6, 4], [1, 3], [6, 3], [1, 4], [6, 2], [1, 5], [7, 4], [0, 5], [7, 5], [0, 6], [6, 5], [1, 6], [5, 5], [2, 6], [5, 4], [2, 7], [5, 3], [1, 7], [5, 4], [0, 7], [4, 4], [0, 6], [4, 5], [0, 5], [4, 6], [1, 5], [3, 6], [2, 5], [3, 7], [2, 4], [4, 7], [2, 3], [5, 7], [2, 2], [5, 6], [1, 2], [6, 6], [1, 1], [7, 6], [2, 1], [7, 7], [2, 0], [6, 7], [1, 0], [6, 6], [0, 0], [7, 6], [0, 1], [7, 5], [0, 2], [7, 6], [0, 1], [7, 7], [0, 0], [6, 7], [1, 0], [5, 7], [2, 0], [5, 6], [3, 0], [5, 5], [4, 0], [4, 5], [4, 1], [4, 4], [4, 2], [3, 4], [4, 1], [3, 3], [3, 1], [2, 3], [3, 2], [3, 3], [3, 1], [4, 3], [4, 1], [5, 3], [5, 1], [4, 3]], "a_eggs_laid": [1, 1, 1, 1, 2, 2, 2, 2, 7, 7, 7, 7, 8, 8, 8, 8, 9, 9, 9, 9, 10, 10, 10, 10, 10, 10, 10, 10, 10, 10, 10, 10, 11, 11, 11, 11, 12, 12, 12, 12, 13, 13, 13, 13, 14, 14, 14, 14, 17, 17, 17, 17, 18, 18, 18, 18, 18, 18, 18, 18, 18, 18, 18, 18, 19, 19, 19, 19, 20, 20, 20, 20, 21, 21, 21, 21, 21, 21, 21, 21], "b_eggs_laid": [0, 1, 1, 1, 1, 2, 2, 2, 2, 2, 2, 2, 2, 3, 3, 3, 3, 4, 4, 4, 4, 4, 4, 4, 4, 5, 5, 5, 5, 6, 6, 6, 6, 7, 7, 7, 7, 8, 8, 8, 8, 9, 9, 9, 9, 10, 10, 10, 10, 10, 10, 10, 10, 10, 10, 10, 10, 10, 10, 10, 10, 10, 10, 10, 10, 10, 10, 10, 10, 11, 11, 11, 11, 12, 12, 12, 12, 13, 13, 13], "a_turds_left": [5, 5, 5, 5, 5, 5, 5, 5, 5, 5, 5, 5, 5, 5, 5, 5, 5, 5, 5, 5, 5, 5, 5, 5, 5, 5, 5, 5, 5, 5, 5, 5, 5, 5, 5, 5, 5, 5, 5, 5, 5, 5, 5, 5, 5, 5, 5, 5, 5, 5, 5, 5, 5, 5, 5, 5, 5, 5, 5, 5, 5, 5, 5, 5, 5, 5, 5, 5, 5, 5, 5, 5, 5, 5, 5, 5, 5, 5, 5, 5], "b_turds_left": [5, 5, 5, 4, 4, 4, 4, 3, 3, 3, 3, 2, 2, 2, 2, 1, 1, 1, 1, 0, 0, 0, 0, 0, 0, 0, 0, 0, 0, 0, 0, 0, 0, 0, 0, 0, 0, 0, 0, 0, 0, 0, 0, 0, 0, 0, 0, 0, 0, 0, 0, 0, 0, 0, 0, 0, 0, 0, 0, 0, 0, 0, 0, 0, 0, 0, 0, 0, 0, 0, 0, 0, 0, 0, 0, 0, 0, 0, 0, 0], "a_time_left": [359.9960829579504, 359.9960829579504, 359.9946877489565, 359.9946877489565, 359.9911360410042, 359.9911360410042, 359.9896544580115, 359.9896544580115, 359.9857682910515, 359.9857682910515, 359.98490495805163, 359.98490495805163, 359.98381179204443, 359.98381179204443, 359.9829382090247, 359.9829382090247, 359.9792975420132, 359.9792975420132, 359.97874062496703, 359.97874062496703, 359.9757352079614, 359.9757352079614, 359.97546299995156, 359.97546299995156, 359.975030957954, 359.975030957954, 359.97491812496446, 359.97491812496446, 359.97464104095707, 359.97464104095707, 359.9742045409512, 359.9742045409512, 359.9731523739756, 359.9731523739756, 359.97272216598503, 359.97272216598503, 359.97171258198796, 359.97171258198796, 359.97130987397395, 359.97130987397395, 359.97030933201313, 359.97030933201313, 359.9699184150086, 359.9699184150086, 359.96980862302007, 359.96980862302007, 359.96971837303136, 359.96971837303136, 359.9696294559981, 359.9696294559981, 359.9695465809782, 359.9695465809782, 359.96944787196117, 359.96944787196117, 359.96936316392384, 359.96936316392384, 359.9692880799412, 359.9692880799412, 359.9692023299285, 359.9692023299285, 359.9690052049118, 359.9690052049118, 359.96892770490376, 359.96892770490376, 359.9688284549047, 359.9688284549047, 359.9687344969134, 359.9687344969134, 359.9686415808974, 359.9686415808974, 359.96841995592695, 359.96841995592695, 359.968282038928, 359.968282038928, 359.968219538976, 359.968219538976, 359.96810558094876, 359.96810558094876, 359.96797428897116, 359.96797428897116], "b_time_left": [360, 359.99696820799727, 359.99696820799727, 359.9950915829977, 359.9950915829977, 359.99235379096353, 359.99235379096353, 359.99066745699383, 359.99066745699383, 359.990383123979, 359.990383123979, 359.98932429094566, 359.98932429094566, 359.9885227489867, 359.9885227489867, 359.9870803739759, 359.9870803739759, 359.9851077909698, 359.9851077909698, 359.9834420819534, 359.9834420819534, 359.9828524990007, 359.9828524990007, 359.9820997909992, 359.9820997909992, 359.98146729101427, 359.98146729101427, 359.98118408204755, 359.98118408204755, 359.98083341505844, 359.98083341505844, 359.9806309150881, 359.9806309150881, 359.9805583320558, 359.9805583320558, 359.98050158208935, 359.98050158208935, 359.9804169990821, 359.9804169990821, 359.98035016603535, 359.98035016603535, 359.9802712080418, 359.9802712080418, 359.9802202080609, 359.9802202080609, 359.98014891706407, 359.98014891706407, 359.98008404206485, 359.98008404206485, 359.98002116702264, 359.98002116702264, 359.9799666670151, 359.9799666670151, 359.9799021249637, 359.9799021249637, 359.97984899999574, 359.97984899999574, 359.9797900420381, 359.9797900420381, 359.97973412502324, 359.97973412502324, 359.97966333304066, 359.97966333304066, 359.97960262501147, 359.97960262501147, 359.97953791701, 359.97953791701, 359.9794776669587, 359.9794776669587, 359.9794051669887, 359.9794051669887, 359.97934670798713, 359.97934670798713, 359.9792917909799, 359.9792917909799, 359.9792329579941, 359.9792329579941, 359.9791635419824, 359.9791635419824, 359.97910200001206], "a_moves_left": [39, 39, 38, 38, 37, 37, 36, 36, 35, 35, 34, 34, 33, 33, 32, 32, 31, 31, 30, 30, 29, 29, 28, 28, 27, 27, 26, 26, 25, 25, 24, 24, 23, 23, 22, 22, 21, 21, 20, 20, 19, 19, 18, 18, 17, 17, 16, 16, 15, 15, 14, 14, 13, 13, 12, 12, 11, 11, 10, 10, 9, 9, 8, 8, 7, 7, 6, 6, 5, 5, 4, 4, 3, 3, 2, 2, 1, 1, 0, 0], "b_moves_left": [40, 39, 39, 38, 38, 37, 37, 36, 36, 35, 35, 34, 34, 33, 33, 32, 32, 31, 31, 30, 30, 29, 29, 28, 28, 27, 27, 26, 26, 25, 25, 24, 24, 23, 23, 22, 22, 21, 21, 20, 20, 19, 19, 18, 18, 17, 17, 16, 16, 15, 15, 14, 14, 13, 13, 12, 12, 11, 11, 10, 10, 9, 9, 8, 8, 7, 7, 6, 6, 5, 5, 4, 4, 3, 3, 2, 2, 1, 1, 0], "trapdoor_triggered": [0, 0, 0, 0, 0, 0, 0, 1, 0, 0, 0, 0, 0, 0, 0, 0, 0, 0, 0, 0, 0, 0, 0, 0, 0, 0, 0, 0, 0, 0, 0, 0, 0, 0, 0, 0, 0, 0, 0, 0, 0, 0, 0, 0, 0, 0, 0, 0, 0, 0, 0, 0, 0, 0, 0, 0, 0, 0, 0, 0, 0, 0, 0, 0, 0, 0, 0, 0, 0, 0, 0, 0, 0, 0, 0, 0, 0, 0, 0, 0], "left_behind": ["egg", "egg", "plain", "turd", "egg", "egg", "plain", "turd", "egg", "plain", "plain", "turd", "egg", "egg", "plain", "turd", "egg", "egg", "plain", "turd", "egg", "plain", "plain", "plain", "plain", "egg", "plain", "plain", "plain", "egg", "plain", "plain", "egg", "egg", "plain", "plain", "egg", "egg", "plain", "plain", "egg", "egg", "plain", "plain", "egg", "egg", "plain", "plain", "egg", "plain", "plain", "plain", "egg", "plain", "plain", "plain", "plain", "plain", "plain", "plain", "plain", "plain", "plain", "plain", "egg", "plain", "plain", "plain", "egg", "egg", "plain", "plain", "egg", "egg", "plain", "plain", "plain", "egg", "plain", "plain"], "errlog_a": "", "errlog_b": "", "start_time": 360, "start_moves": 40, "turn_count": 80, "result": 0, "reason": "EGGS_LAID", "trapdoors": [[3, 5], [5, 2]], "spawn_a": [0, 4], "spawn_b": [7, 4]}