{"pos": [[0, 3], [6, 4], [1, 3], [6, 3], [1, 4], [6, 2], [1, 5], [5, 2], [1, 6], [5, 3], [2, 6], [5, 4], [3, 6], [4, 4], [3, 5], [4, 3], [3, 6], [4, 2], [4, 6], [4, 1], [5, 6], [5, 1], [5, 5], [5, 0], [5, 6], [4, 0], [6, 6], [3, 0], [7, 6], [3, 1], [7, 5], [2, 1], [7, 6], [2, 0], [7, 7], [1, 0], [6, 7], [1, 1], [5, 7], [1, 2], [4, 7], [0, 2], [3, 7], [0, 1], [2, 7], [0, 0], [1, 7], [1, 0], [0, 7], [1, 1], [0, 6], [1, 2], [0, 5], [2, 2], [0, 4], [3, 2], [1, 4], [3, 3], [1, 3], [2, 3], [1, 4], [2, 2], [1, 5], [2, 1], [1, 4], [2, 0], [1, 3], [3, 0], [1, 4], [4, 0], [1, 5], [5, 0], [1, 4], [6, 0], [0, 4], [7, 0], [1, 4], [7, 1], [1, 3], [7, 2]], "a_eggs_laid": [1, 1, 1, 1, 2, 2, 2, 2, 3, 3, 3, 3, 4, 4, 4, 4, 5, 5, 5, 5, 6, 6, 6, 6, 7, 7, 7, 7, 8, 8, 8, 8, 9, 9, 9, 9, 12, 12, 12, 12, 13, 13, 13, 13, 14, 14, 14, 14, 15, 15, 15, 15, 16, 16, 16, 16, 16, 16, 16, 16, 16, 16, 16, 16, 16, 16, 16, 16, 16, 16, 16, 16, 16, 16, 16, 16, 16, 16, 16, 16], "b_eggs_laid": [0, 1, 1, 1, 1, 2, 2, 2, 2, 3, 3, 3, 3, 4, 4, 4, 4, 5, 5, 5, 5, 6, 6, 6, 6, 7, 7, 7, 7, 8, 8, 8, 8, 9, 9, 9, 9, 10, 10, 10, 10, 11, 11, 11, 11, 12, 12, 12, 12, 12, 12, 12, 12, 12, 12, 12, 12, 13, 13, 13, 13, 14, 14, 14, 14, 14, 14, 14, 14, 14, 14, 14, 14, 14, 14, 14, 14, 17, 17, 17], "a_turds_left": [5, 5, 5, 5, 5, 5, 5, 5, 5, 5, 5, 5, 5, 5, 5, 5, 5, 5, 5, 5, 5, 5, 5, 5, 5, 5, 5, 5, 5, 5, 5, 5, 5, 5, 5, 5, 5, 5, 5, 5, 5, 5, 5, 5, 5, 5, 5, 5, 5, 5, 5, 5, 5, 5, 5, 5, 5, 5, 5, 5, 5, 5, 5, 5, 5, 5, 5, 5, 5, 5, 5, 5, 5, 5, 5, 5, 5, 5, 5, 5], "b_turds_left": [5, 5, 5, 4, 4, 4, 4, 3, 3, 3, 3, 2, 2, 2, 2, 1, 1, 1, 1, 0, 0, 0, 0, 0, 0, 0, 0, 0, 0, 0, 0, 0, 0, 0, 0, 0, 0, 0, 0, 0, 0, 0, 0, 0, 0, 0, 0, 0, 0, 0, 0, 0, 0, 0, 0, 0, 0, 0, 0, 0, 0, 0, 0, 0, 0, 0, 0, 0, 0, 0, 0, 0, 0, 0, 0, 0, 0, 0, 0, 0], "a_time_left": [359.9973524159868, 359.9973524159868, 359.9959141239524, 359.9959141239524, 359.9922881659586, 359.9922881659586, 359.99090954090934, 359.99090954090934, 359.9873801658978, 359.9873801658978, 359.98546329088276, 359.98546329088276, 359.98406033287756, 359.98406033287756, 359.98331274988595, 359.98331274988595, 359.9825515408884, 359.9825515408884, 359.98177029087674, 359.98177029087674, 359.9803241249174, 359.9803241249174, 359.9799294169061, 359.9799294169061, 359.97973245795583, 359.97973245795583, 359.97947737493087, 359.97947737493087, 359.97900462494, 359.97900462494, 359.9787622089498, 359.9787622089498, 359.97858312592143, 359.97858312592143, 359.97843170992564, 359.97843170992564, 359.9781360019115, 359.9781360019115, 359.9779974189005, 359.9779974189005, 359.97762821090873, 359.97762821090873, 359.97750125289895, 359.97750125289895, 359.97741154389223, 359.97741154389223, 359.9773404188454, 359.9773404188454, 359.9772463768604, 359.9772463768604, 359.9771805428318, 359.9771805428318, 359.97708687582053, 359.97708687582053, 359.9770121258334, 359.9770121258334, 359.97690745984437, 359.97690745984437, 359.97678762685973, 359.97678762685973, 359.97670891787857, 359.97670891787857, 359.976601542905, 359.976601542905, 359.9764937928994, 359.9764937928994, 359.97638700087555, 359.97638700087555, 359.97630812588613, 359.97630812588613, 359.9761956259026, 359.9761956259026, 359.9760870008613, 359.9760870008613, 359.97598041786114, 359.97598041786114, 359.97589437582064, 359.97589437582064, 359.97579058486735, 359.97579058486735], "b_time_left": [360, 359.996854625002, 359.996854625002, 359.99506129097426, 359.99506129097426, 359.9926036239485, 359.9926036239485, 359.9907838739455, 359.9907838739455, 359.98980554094305, 359.98980554094305, 359.9882247078931, 359.9882247078931, 359.98739149887115, 359.98739149887115, 359.98678466590354, 359.98678466590354, 359.984706582909, 359.984706582909, 359.98303295794176, 359.98303295794176, 359.9824001249508, 359.9824001249508, 359.9821069589234, 359.9821069589234, 359.98172891687136, 359.98172891687136, 359.9814352498506, 359.9814352498506, 359.9813328748569, 359.9813328748569, 359.98125008289935, 359.98125008289935, 359.9811480829376, 359.9811480829376, 359.9810732489568, 359.9810732489568, 359.9809709569672, 359.9809709569672, 359.98089320695726, 359.98089320695726, 359.9808054979658, 359.9808054979658, 359.9807307899464, 359.9807307899464, 359.98063978995197, 359.98063978995197, 359.98057303996757, 359.98057303996757, 359.98049345595064, 359.98049345595064, 359.98040953994496, 359.98040953994496, 359.9803300809581, 359.9803300809581, 359.98025695595425, 359.98025695595425, 359.980163288943, 359.980163288943, 359.98008849692997, 359.98008849692997, 359.97999753797194, 359.97999753797194, 359.97992524696747, 359.97992524696747, 359.97985053795855, 359.97985053795855, 359.9797856209334, 359.9797856209334, 359.9797175799613, 359.9797175799613, 359.9796572049381, 359.9796572049381, 359.97958645492326, 359.97958645492326, 359.9795262469561, 359.9795262469561, 359.97945741395233, 359.97945741395233, 359.9793979979586], "a_moves_left": [39, 39, 38, 38, 37, 37, 36, 36, 35, 35, 34, 34, 33, 33, 32, 32, 31, 31, 30, 30, 29, 29, 28, 28, 27, 27, 26, 26, 25, 25, 24, 24, 23, 23, 22, 22, 21, 21, 20, 20, 19, 19, 18, 18, 17, 17, 16, 16, 15, 15, 14, 14, 13, 13, 12, 12, 11, 11, 10, 10, 9, 9, 8, 8, 7, 7, 6, 6, 5, 5, 4, 4, 3, 3, 2, 2, 1, 1, 0, 0], "b_moves_left": [40, 39, 39, 38, 38, 37, 37, 36, 36, 35, 35, 34, 34, 33, 33, 32, 32, 31, 31, 30, 30, 29, 29, 28, 28, 27, 27, 26, 26, 25, 25, 24, 24, 23, 23, 22, 22, 21, 21, 20, 20, 19, 19, 18, 18, 17, 17, 16, 16, 15, 15, 14, 14, 13, 13, 12, 12, 11, 11, 10, 10, 9, 9, 8, 8, 7, 7, 6, 6, 5, 5, 4, 4, 3, 3, 2, 2, 1, 1, 0], "trapdoor_triggered": [0, 0, 0, 0, 0, 0, 0, 0, 0, 0, 0, 0, 0, 0, 0, 0, 0, 0, 0, 0, 0, 0, 0, 0, 0, 0, 0, 0, 0, 0, 0, 0, 0, 0, 0, 0, 0, 0, 0, 0, 0, 0, 0, 0, 0, 0, 0, 0, 0, 0, 0, 0, 0, 0, 0, 0, 0, 0, 0, 0, 0, 0, 0, 0, 0, 0, 0, 0, 0, 0, 0, 0, 0, 0, 0, 0, 0, 0, 0, 0], "left_behind": ["egg", "egg", "plain", "turd", "egg", "egg", "plain", "turd", "egg", "egg", "plain", "turd", "egg", "egg", "plain", "turd", "egg", "egg", "plain", "turd", "egg", "egg", "plain", "plain", "egg", "egg", "plain", "plain", "egg", "egg", "plain", "plain", "egg", "egg", "plain", "plain", "egg", "egg", "plain", "plain", "egg", "egg", "plain", "plain", "egg", "egg", "plain", "plain", "egg", "plain", "plain", "plain", "egg", "plain", "plain", "plain", "plain", "egg", "plain", "plain", "plain", "egg", "plain", "plain", "plain", "plain", "plain", "plain", "plain", "plain", "plain", "plain", "plain", "plain", "plain", "plain", "plain", "egg", "plain", "plain"], "errlog_a": "", "errlog_b": "", "start_time": 360, "start_moves": 40, "turn_count": 80, "result": 1, "reason": "EGGS_LAID", "trapdoors": [[2, 4], [2, 5]], "spawn_a": [0, 4], "spawn_b": [7, 4]}