{"pos": [[0, 5], [6, 6], [1, 5], [5, 6], [1, 6], [4, 6], [2, 6], [4, 5], [2, 7], [5, 5], [3, 7], [5, 4], [2, 7], [6, 4], [1, 7], [6, 3], [0, 7], [6, 2], [0, 6], [6, 1], [0, 5], [5, 1], [0, 4], [4, 1], [0, 3], [3, 1], [1, 3], [2, 1], [1, 2], [2, 0], [1, 1], [3, 0], [1, 0], [4, 0], [2, 0], [5, 0], [1, 0], [6, 0], [0, 0], [7, 0]], "a_eggs_laid": [1, 1, 1, 1, 2, 2, 2, 2, 3, 3, 3, 3, 4, 4, 4, 4, 5, 5, 5, 5, 5, 5, 5, 5, 6, 6, 6, 6, 7, 7, 7, 7, 8, 8, 8, 8, 9, 9, 9, 9], "b_eggs_laid": [0, 1, 1, 1, 1, 2, 2, 2, 2, 3, 3, 3, 3, 4, 4, 4, 4, 5, 5, 5, 5, 6, 6, 6, 6, 7, 7, 7, 7, 8, 8, 8, 8, 9, 9, 9, 9, 10, 10, 10], "a_turds_left": [5, 5, 5, 5, 5, 5, 5, 5, 5, 5, 5, 5, 5, 5, 5, 5, 5, 5, 5, 5, 5, 5, 5, 5, 5, 5, 5, 5, 5, 5, 5, 5, 5, 5, 5, 5, 5, 5, 5, 5], "b_turds_left": [5, 5, 5, 4, 4, 4, 4, 3, 3, 3, 3, 2, 2, 2, 2, 1, 1, 1, 1, 0, 0, 0, 0, 0, 0, 0, 0, 0, 0, 0, 0, 0, 0, 0, 0, 0, 0, 0, 0, 0], "a_time_left": [359.9979195409687, 359.9979195409687, 359.9965385819669, 359.9965385819669, 359.99303149897605, 359.99303149897605, 359.99161887395894, 359.99161887395894, 359.98877270694356, 359.98877270694356, 359.98833833192475, 359.98833833192475, 359.9879539149115, 359.9879539149115, 359.98760124790715, 359.98760124790715, 359.98701937287115, 359.98701937287115, 359.986778163875, 359.986778163875, 359.98629870585864, 359.98629870585864, 359.9855522478465, 359.9855522478465, 359.98460958187934, 359.98460958187934, 359.98419712285977, 359.98419712285977, 359.9831359978416, 359.9831359978416, 359.98256799788214, 359.98256799788214, 359.9819485808839, 359.9819485808839, 359.98186066391645, 359.98186066391645, 359.98177503893385, 359.98177503893385, 359.9815617049462, 359.9815617049462], "b_time_left": [360, 359.99704262497835, 359.99704262497835, 359.99220841698116, 359.99220841698116, 359.9900759579614, 359.9900759579614, 359.9885520829703, 359.9885520829703, 359.98647333297413, 359.98647333297413, 359.9858572909725, 359.9858572909725, 359.983529873949, 359.983529873949, 359.982357914967, 359.982357914967, 359.98073545697844, 359.98073545697844, 359.9793508319999, 359.9793508319999, 359.9780046240194, 359.9780046240194, 359.9776953739929, 359.9776953739929, 359.97721499897307, 359.97721499897307, 359.9769596659462, 359.9769596659462, 359.97685554099735, 359.97685554099735, 359.9767744159908, 359.9767744159908, 359.9766843749676, 359.9766843749676, 359.9766101249261, 359.9766101249261, 359.9765177499503, 359.9765177499503, 359.9764492089744], "a_moves_left": [39, 39, 38, 38, 37, 37, 36, 36, 35, 35, 34, 34, 33, 33, 32, 32, 31, 31, 30, 30, 29, 29, 28, 28, 27, 27, 26, 26, 25, 25, 24, 24, 23, 23, 22, 22, 21, 21, 20, 20], "b_moves_left": [40, 39, 39, 38, 38, 37, 37, 36, 36, 35, 35, 34, 34, 33, 33, 32, 32, 31, 31, 30, 30, 29, 29, 28, 28, 27, 27, 26, 26, 25, 25, 24, 24, 23, 23, 22, 22, 21, 21, 20], "trapdoor_triggered": [0, 0, 0, 0, 0, 0, 0, 0, 0, 0, 0, 0, 0, 0, 0, 0, 0, 0, 0, 0, 0, 0, 0, 0, 0, 0, 0, 0, 0, 0, 0, 0, 0, 0, 0, 0, 0, 0, 0, 0], "left_behind": ["egg", "egg", "plain", "turd", "egg", "egg", "plain", "turd", "egg", "egg", "plain", "turd", "egg", "egg", "plain", "turd", "egg", "egg", "plain", "turd", "plain", "egg", "plain", "plain", "egg", "egg", "plain", "plain", "egg", "egg", "plain", "plain", "egg", "egg", "plain", "plain", "egg", "egg", "plain", "plain"], "errlog_a": "Traceback (most recent call last):\n  File \"/Users/sunnylyx/Documents/3600-agents/engine/player_process.py\", line 283, in run_player_process\n    player_move = player.play(\n  File \"/Users/sunnylyx/Documents/3600-agents/3600-agents/Gazelle/agent.py\", line 155, in play\n    is_safe_corner = self.corner(my_loc) and open_space > 5\nUnboundLocalError: local variable 'open_space' referenced before assignment\n", "errlog_b": "", "start_time": 360, "start_moves": 40, "turn_count": 40, "result": 1, "reason": "CODE_CRASH", "trapdoors": [[4, 4], [2, 5]], "spawn_a": [0, 6], "spawn_b": [7, 6]}