{"pos": [[7, 2], [1, 3], [6, 2], [1, 4], [6, 3], [1, 5], [6, 4], [1, 6], [7, 4], [2, 6], [7, 5], [3, 6], [6, 5], [4, 6], [6, 6], [4, 5], [7, 6], [3, 5], [7, 7], [3, 4], [6, 7], [2, 4], [5, 7], [2, 3], [6, 7], [3, 3], [6, 6], [4, 3], [6, 5], [4, 4], [5, 5], [4, 3], [5, 4], [3, 3], [5, 3], [3, 2], [5, 2], [3, 1], [5, 1], [3, 0], [6, 1], [4, 0], [6, 0], [4, 1], [5, 0], [4, 0], [6, 0], [4, 1], [7, 0], [3, 1], [7, 1], [2, 1], [7, 0], [2, 0], [7, 1], [1, 0], [7, 2], [1, 1], [7, 3], [1, 2], [7, 4], [0, 2], [7, 5], [0, 1], [7, 6], [0, 0], [7, 7], [1, 0], [7, 6], [2, 0], [7, 5], [3, 0], [7, 4], [4, 0], [6, 4], [5, 0], [5, 4], [4, 0], [5, 3], [5, 0]], "a_eggs_laid": [1, 1, 1, 1, 2, 2, 2, 2, 3, 3, 3, 3, 4, 4, 4, 4, 5, 5, 5, 5, 8, 8, 8, 8, 9, 9, 9, 9, 9, 9, 9, 9, 10, 10, 10, 10, 11, 11, 11, 11, 12, 12, 12, 12, 13, 13, 13, 13, 13, 13, 13, 13, 14, 14, 14, 14, 14, 14, 14, 14, 14, 14, 14, 14, 14, 14, 14, 14, 14, 14, 14, 14, 14, 14, 14, 14, 14, 14, 14, 14], "b_eggs_laid": [0, 1, 1, 1, 1, 2, 2, 2, 2, 3, 3, 3, 3, 4, 4, 4, 4, 5, 5, 5, 5, 6, 6, 6, 6, 7, 7, 7, 7, 8, 8, 8, 8, 8, 8, 8, 8, 9, 9, 9, 9, 10, 10, 10, 10, 11, 11, 11, 11, 11, 11, 11, 11, 12, 12, 12, 12, 13, 13, 13, 13, 14, 14, 14, 14, 15, 15, 15, 15, 15, 15, 15, 15, 15, 15, 15, 15, 16, 16, 16], "a_turds_left": [5, 5, 5, 5, 5, 5, 5, 5, 5, 5, 5, 5, 5, 5, 5, 5, 5, 5, 5, 5, 5, 5, 5, 5, 5, 5, 5, 5, 5, 5, 5, 5, 5, 5, 5, 5, 5, 5, 5, 5, 5, 5, 5, 5, 5, 5, 5, 5, 5, 5, 5, 5, 5, 5, 5, 5, 5, 5, 5, 5, 5, 5, 5, 5, 5, 5, 5, 5, 5, 5, 5, 5, 5, 5, 5, 5, 5, 5, 5, 5], "b_turds_left": [5, 5, 5, 4, 4, 4, 4, 3, 3, 3, 3, 2, 2, 2, 2, 1, 1, 1, 1, 0, 0, 0, 0, 0, 0, 0, 0, 0, 0, 0, 0, 0, 0, 0, 0, 0, 0, 0, 0, 0, 0, 0, 0, 0, 0, 0, 0, 0, 0, 0, 0, 0, 0, 0, 0, 0, 0, 0, 0, 0, 0, 0, 0, 0, 0, 0, 0, 0, 0, 0, 0, 0, 0, 0, 0, 0, 0, 0, 0, 0], "a_time_left": [359.99590845796047, 359.99590845796047, 359.994492082973, 359.994492082973, 359.99303220800357, 359.99303220800357, 359.9916128750192, 359.9916128750192, 359.98786995903356, 359.98786995903356, 359.98700504301814, 359.98700504301814, 359.9842338350136, 359.9842338350136, 359.9828401270206, 359.9828401270206, 359.9798709190218, 359.9798709190218, 359.9790837940527, 359.9790837940527, 359.97853341902373, 359.97853341902373, 359.9783936270396, 359.9783936270396, 359.9782590860268, 359.9782590860268, 359.9781552940258, 359.9781552940258, 359.9779567940277, 359.9779567940277, 359.9776876270189, 359.9776876270189, 359.977125585021, 359.977125585021, 359.9767483770265, 359.9767483770265, 359.97606400202494, 359.97606400202494, 359.9757507520262, 359.9757507520262, 359.97498762700707, 359.97498762700707, 359.97482295997906, 359.97482295997906, 359.97472520999145, 359.97472520999145, 359.97466066799825, 359.97466066799825, 359.97455733502284, 359.97455733502284, 359.9744859600323, 359.9744859600323, 359.9743910850375, 359.9743910850375, 359.97431433503516, 359.97431433503516, 359.974227668019, 359.974227668019, 359.9741461680387, 359.9741461680387, 359.9740567090339, 359.9740567090339, 359.9739752919995, 359.9739752919995, 359.9738908340223, 359.9738908340223, 359.97380779200466, 359.97380779200466, 359.973729832971, 359.973729832971, 359.97364433296025, 359.97364433296025, 359.97355704096844, 359.97355704096844, 359.9734683329589, 359.9734683329589, 359.97336545796134, 359.97336545796134, 359.97324945795117, 359.97324945795117], "b_time_left": [360, 359.9969922089949, 359.9969922089949, 359.9951422919985, 359.9951422919985, 359.9925477919751, 359.9925477919751, 359.990914666967, 359.990914666967, 359.9890697079245, 359.9890697079245, 359.98768629092956, 359.98768629092956, 359.985790290928, 359.985790290928, 359.9845845409436, 359.9845845409436, 359.98385541595053, 359.98385541595053, 359.98265929095214, 359.98265929095214, 359.9818030819297, 359.9818030819297, 359.9815149149508, 359.9815149149508, 359.98110362293664, 359.98110362293664, 359.9808483729139, 359.9808483729139, 359.98076695692725, 359.98076695692725, 359.9807042479515, 359.9807042479515, 359.98063778993674, 359.98063778993674, 359.9805757899303, 359.9805757899303, 359.980496664939, 359.980496664939, 359.9804359989357, 359.9804359989357, 359.9803650829126, 359.9803650829126, 359.98030716588255, 359.98030716588255, 359.9802365829237, 359.9802365829237, 359.9801854158868, 359.9801854158868, 359.9801241658861, 359.9801241658861, 359.98006895690924, 359.98006895690924, 359.9799895398901, 359.9799895398901, 359.97993745590793, 359.97993745590793, 359.9798713308992, 359.9798713308992, 359.9798172059236, 359.9798172059236, 359.9797382479301, 359.9797382479301, 359.9796882478986, 359.9796882478986, 359.9796199979028, 359.9796199979028, 359.9795569148846, 359.9795569148846, 359.9794969148934, 359.9794969148934, 359.9794429978938, 359.9794429978938, 359.9793842888903, 359.9793842888903, 359.9793309979141, 359.9793309979141, 359.97928183194017, 359.97928183194017, 359.9792311229394], "a_moves_left": [39, 39, 38, 38, 37, 37, 36, 36, 35, 35, 34, 34, 33, 33, 32, 32, 31, 31, 30, 30, 29, 29, 28, 28, 27, 27, 26, 26, 25, 25, 24, 24, 23, 23, 22, 22, 21, 21, 20, 20, 19, 19, 18, 18, 17, 17, 16, 16, 15, 15, 14, 14, 13, 13, 12, 12, 11, 11, 10, 10, 9, 9, 8, 8, 7, 7, 6, 6, 5, 5, 4, 4, 3, 3, 2, 2, 1, 1, 0, 0], "b_moves_left": [40, 39, 39, 38, 38, 37, 37, 36, 36, 35, 35, 34, 34, 33, 33, 32, 32, 31, 31, 30, 30, 29, 29, 28, 28, 27, 27, 26, 26, 25, 25, 24, 24, 23, 23, 22, 22, 21, 21, 20, 20, 19, 19, 18, 18, 17, 17, 16, 16, 15, 15, 14, 14, 13, 13, 12, 12, 11, 11, 10, 10, 9, 9, 8, 8, 7, 7, 6, 6, 5, 5, 4, 4, 3, 3, 2, 2, 1, 1, 0], "trapdoor_triggered": [0, 0, 0, 0, 0, 0, 0, 0, 0, 0, 0, 0, 0, 0, 0, 0, 0, 0, 0, 0, 0, 0, 0, 0, 0, 0, 0, 0, 0, 0, 0, 0, 0, 0, 0, 0, 0, 0, 0, 0, 0, 0, 0, 0, 0, 0, 0, 0, 0, 0, 0, 0, 0, 0, 0, 0, 0, 0, 0, 0, 0, 0, 0, 0, 0, 0, 0, 0, 0, 0, 0, 0, 0, 0, 0, 0, 0, 0, 0, 0], "left_behind": ["egg", "egg", "plain", "turd", "egg", "egg", "plain", "turd", "egg", "egg", "plain", "turd", "egg", "egg", "plain", "turd", "egg", "egg", "plain", "turd", "egg", "egg", "plain", "plain", "egg", "egg", "plain", "plain", "plain", "egg", "plain", "plain", "egg", "plain", "plain", "plain", "egg", "egg", "plain", "plain", "egg", "egg", "plain", "plain", "egg", "egg", "plain", "plain", "plain", "plain", "plain", "plain", "egg", "egg", "plain", "plain", "plain", "egg", "plain", "plain", "plain", "egg", "plain", "plain", "plain", "egg", "plain", "plain", "plain", "plain", "plain", "plain", "plain", "plain", "plain", "plain", "plain", "egg", "plain", "plain"], "errlog_a": "", "errlog_b": "", "start_time": 360, "start_moves": 40, "turn_count": 80, "result": 1, "reason": "EGGS_LAID", "trapdoors": [[4, 2], [2, 5]], "spawn_a": [7, 3], "spawn_b": [0, 3]}