{"pos": [[7, 2], [1, 3], [6, 2], [1, 4], [6, 3], [1, 5], [6, 4], [2, 5], [7, 4], [2, 4], [7, 5], [2, 3], [7, 6], [3, 3], [6, 6], [3, 4], [6, 7], [3, 5], [5, 7], [3, 6], [5, 6], [4, 6], [6, 6], [4, 7], [6, 5], [3, 7], [6, 4], [2, 7], [6, 3], [2, 6], [5, 3], [1, 6], [5, 4], [1, 7], [4, 4], [0, 7], [5, 4], [0, 6], [5, 3], [0, 5], [5, 2], [0, 4], [5, 1], [0, 3], [5, 0], [0, 2], [6, 0], [0, 1], [7, 0], [1, 1], [7, 1], [1, 0], [6, 1], [0, 0], [6, 0], [1, 0], [5, 0], [2, 0], [4, 0], [2, 1], [4, 1], [3, 1], [4, 2], [3, 0], [4, 1], [3, 1], [4, 0], [3, 2], [4, 1], [2, 2], [3, 1], [1, 2], [4, 1], [1, 1], [3, 1], [1, 2], [4, 1], [2, 2], [4, 2], [2, 1]], "a_eggs_laid": [1, 1, 1, 1, 2, 2, 2, 2, 3, 3, 3, 3, 4, 4, 4, 4, 5, 5, 5, 5, 6, 6, 6, 6, 6, 6, 6, 6, 6, 6, 6, 6, 7, 7, 7, 7, 8, 8, 8, 8, 8, 8, 8, 8, 9, 9, 9, 9, 10, 10, 10, 10, 11, 11, 11, 11, 11, 11, 11, 11, 12, 12, 12, 12, 13, 13, 13, 13, 13, 13, 13, 13, 14, 14, 14, 14, 14, 14, 14, 14], "b_eggs_laid": [0, 1, 1, 1, 1, 2, 2, 2, 2, 3, 3, 3, 3, 4, 4, 4, 4, 5, 5, 5, 5, 6, 6, 6, 6, 7, 7, 7, 7, 8, 8, 8, 8, 9, 9, 9, 9, 12, 12, 12, 12, 13, 13, 13, 13, 13, 13, 13, 13, 14, 14, 14, 14, 15, 15, 15, 15, 15, 15, 15, 15, 16, 16, 16, 16, 17, 17, 17, 17, 18, 18, 18, 18, 19, 19, 19, 19, 19, 19, 19], "a_turds_left": [5, 5, 5, 5, 5, 5, 5, 5, 5, 5, 5, 5, 5, 5, 5, 5, 5, 5, 5, 5, 5, 5, 5, 5, 5, 5, 5, 5, 5, 5, 5, 5, 5, 5, 5, 5, 5, 5, 5, 5, 5, 5, 5, 5, 5, 5, 5, 5, 5, 5, 5, 5, 5, 5, 5, 5, 5, 5, 5, 5, 5, 5, 5, 5, 5, 5, 5, 5, 5, 5, 5, 5, 5, 5, 5, 5, 5, 5, 5, 5], "b_turds_left": [5, 5, 5, 4, 4, 4, 4, 3, 3, 3, 3, 2, 2, 2, 2, 1, 1, 1, 1, 0, 0, 0, 0, 0, 0, 0, 0, 0, 0, 0, 0, 0, 0, 0, 0, 0, 0, 0, 0, 0, 0, 0, 0, 0, 0, 0, 0, 0, 0, 0, 0, 0, 0, 0, 0, 0, 0, 0, 0, 0, 0, 0, 0, 0, 0, 0, 0, 0, 0, 0, 0, 0, 0, 0, 0, 0, 0, 0, 0, 0], "a_time_left": [359.99592195800506, 359.99592195800506, 359.9945360829588, 359.9945360829588, 359.99084512493573, 359.99084512493573, 359.98941404093057, 359.98941404093057, 359.9880184578942, 359.9880184578942, 359.98720720788697, 359.98720720788697, 359.9844517498859, 359.9844517498859, 359.98307987488806, 359.98307987488806, 359.97938637487823, 359.97938637487823, 359.9780104999081, 359.9780104999081, 359.9750246669282, 359.9750246669282, 359.97483924991684, 359.97483924991684, 359.9736531249364, 359.9736531249364, 359.9733544168994, 359.9733544168994, 359.97298291686457, 359.97298291686457, 359.97271616687067, 359.97271616687067, 359.971787999908, 359.971787999908, 359.9716103748651, 359.9716103748651, 359.9714669169043, 359.9714669169043, 359.97134849987924, 359.97134849987924, 359.97119629191, 359.97119629191, 359.97087995894253, 359.97087995894253, 359.9700624179677, 359.9700624179677, 359.96977154299384, 359.96977154299384, 359.9696783759864, 359.9696783759864, 359.96961470897077, 359.96961470897077, 359.9695263339672, 359.9695263339672, 359.9694452919648, 359.9694452919648, 359.96933075098787, 359.96933075098787, 359.96918125095544, 359.96918125095544, 359.9690943339374, 359.9690943339374, 359.96903637592914, 359.96903637592914, 359.9689535839134, 359.9689535839134, 359.96889229188673, 359.96889229188673, 359.9688221248798, 359.9688221248798, 359.96872474986594, 359.96872474986594, 359.9686646249029, 359.9686646249029, 359.96857854089467, 359.96857854089467, 359.96852433285676, 359.96852433285676, 359.9684417078388, 359.9684417078388], "b_time_left": [360, 359.99709333403734, 359.99709333403734, 359.995245875034, 359.995245875034, 359.9941495420062, 359.9941495420062, 359.9925231670495, 359.9925231670495, 359.9887426670757, 359.9887426670757, 359.98721404204844, 359.98721404204844, 359.9850920001045, 359.9850920001045, 359.9835914581199, 359.9835914581199, 359.9817679581465, 359.9817679581465, 359.9805761661264, 359.9805761661264, 359.97954066615785, 359.97954066615785, 359.9789020411554, 359.9789020411554, 359.9786479161703, 359.9786479161703, 359.9784392491565, 359.9784392491565, 359.97835249913624, 359.97835249913624, 359.97827941615833, 359.97827941615833, 359.97818324912805, 359.97818324912805, 359.9781134991208, 359.9781134991208, 359.9780447911471, 359.9780447911471, 359.97798616613727, 359.97798616613727, 359.97790774912573, 359.97790774912573, 359.97784099914134, 359.97784099914134, 359.97776429116493, 359.97776429116493, 359.97770087519893, 359.97770087519893, 359.9776152081904, 359.9776152081904, 359.97754487523343, 359.97754487523343, 359.977468375233, 359.977468375233, 359.9774081252399, 359.9774081252399, 359.9773418332916, 359.9773418332916, 359.9772785832756, 359.9772785832756, 359.9771974582691, 359.9771974582691, 359.97713262430625, 359.97713262430625, 359.97706637432566, 359.97706637432566, 359.97700562427053, 359.97700562427053, 359.9769276662846, 359.9769276662846, 359.9768677082611, 359.9768677082611, 359.97678408329375, 359.97678408329375, 359.9767245003022, 359.9767245003022, 359.97665875032544, 359.97665875032544, 359.9765991672757], "a_moves_left": [39, 39, 38, 38, 37, 37, 36, 36, 35, 35, 34, 34, 33, 33, 32, 32, 31, 31, 30, 30, 29, 29, 28, 28, 27, 27, 26, 26, 25, 25, 24, 24, 23, 23, 22, 22, 21, 21, 20, 20, 19, 19, 18, 18, 17, 17, 16, 16, 15, 15, 14, 14, 13, 13, 12, 12, 11, 11, 10, 10, 9, 9, 8, 8, 7, 7, 6, 6, 5, 5, 4, 4, 3, 3, 2, 2, 1, 1, 0, 0], "b_moves_left": [40, 39, 39, 38, 38, 37, 37, 36, 36, 35, 35, 34, 34, 33, 33, 32, 32, 31, 31, 30, 30, 29, 29, 28, 28, 27, 27, 26, 26, 25, 25, 24, 24, 23, 23, 22, 22, 21, 21, 20, 20, 19, 19, 18, 18, 17, 17, 16, 16, 15, 15, 14, 14, 13, 13, 12, 12, 11, 11, 10, 10, 9, 9, 8, 8, 7, 7, 6, 6, 5, 5, 4, 4, 3, 3, 2, 2, 1, 1, 0], "trapdoor_triggered": [0, 0, 0, 0, 0, 0, 0, 0, 0, 0, 0, 0, 0, 0, 0, 0, 0, 0, 0, 0, 0, 0, 0, 0, 0, 0, 0, 0, 0, 0, 0, 0, 0, 0, 0, 0, 0, 0, 0, 0, 0, 0, 0, 0, 0, 0, 0, 0, 0, 0, 0, 0, 0, 0, 0, 0, 0, 0, 0, 0, 0, 0, 0, 0, 0, 0, 0, 0, 0, 0, 0, 0, 0, 0, 0, 0, 0, 0, 0, 0], "left_behind": ["egg", "egg", "plain", "turd", "egg", "egg", "plain", "turd", "egg", "egg", "plain", "turd", "egg", "egg", "plain", "turd", "egg", "egg", "plain", "turd", "egg", "egg", "plain", "plain", "plain", "egg", "plain", "plain", "plain", "egg", "plain", "plain", "egg", "egg", "plain", "plain", "egg", "egg", "plain", "plain", "plain", "egg", "plain", "plain", "egg", "plain", "plain", "plain", "egg", "egg", "plain", "plain", "egg", "egg", "plain", "plain", "plain", "plain", "plain", "plain", "egg", "egg", "plain", "plain", "egg", "egg", "plain", "plain", "plain", "egg", "plain", "plain", "egg", "egg", "plain", "plain", "plain", "plain", "plain", "plain"], "errlog_a": "", "errlog_b": "", "start_time": 360, "start_moves": 40, "turn_count": 80, "result": 1, "reason": "EGGS_LAID", "trapdoors": [[5, 5], [4, 3]], "spawn_a": [7, 3], "spawn_b": [0, 3]}