{"pos": [[0, 5], [6, 6], [1, 5], [6, 5], [1, 6], [6, 4], [2, 6], [6, 3], [2, 7], [6, 2], [1, 7], [6, 1], [0, 7], [5, 1], [0, 6], [4, 1], [0, 5], [3, 1], [0, 4], [3, 2], [1, 4], [3, 1], [1, 3], [2, 1], [0, 3], [1, 1], [0, 2], [1, 2], [0, 1], [1, 1], [0, 0], [1, 0], [0, 1], [2, 0], [1, 1], [3, 0], [0, 1], [4, 0], [0, 0], [5, 0], [0, 1], [6, 0], [1, 1], [7, 0], [0, 1], [7, 1], [0, 2], [7, 2], [0, 3], [7, 3], [1, 3], [7, 4], [2, 3], [7, 5], [3, 3], [6, 5], [2, 3], [5, 5], [2, 4], [5, 4], [2, 5], [5, 3], [3, 5], [4, 3], [3, 6], [4, 2], [4, 6], [4, 3], [4, 7], [4, 4], [5, 7], [4, 5], [5, 6], [4, 4], [5, 5], [3, 4], [5, 6], [4, 4], [6, 6], [5, 4]], "a_eggs_laid": [1, 1, 1, 1, 2, 2, 2, 2, 3, 3, 3, 3, 4, 4, 4, 4, 4, 4, 4, 4, 5, 5, 5, 5, 6, 6, 6, 6, 7, 7, 7, 7, 10, 10, 10, 10, 11, 11, 11, 11, 11, 11, 11, 11, 11, 11, 11, 11, 11, 11, 11, 11, 11, 11, 11, 11, 12, 12, 12, 12, 13, 13, 13, 13, 14, 14, 14, 14, 15, 15, 15, 15, 16, 16, 16, 16, 17, 17, 17, 17], "b_eggs_laid": [0, 1, 1, 1, 1, 2, 2, 2, 2, 3, 3, 3, 3, 4, 4, 4, 4, 5, 5, 5, 5, 6, 6, 6, 6, 7, 7, 7, 7, 8, 8, 8, 8, 9, 9, 9, 9, 10, 10, 10, 10, 11, 11, 11, 11, 14, 14, 14, 14, 15, 15, 15, 15, 16, 16, 16, 16, 16, 16, 16, 16, 17, 17, 17, 17, 18, 18, 18, 18, 18, 18, 18, 18, 19, 19, 19, 19, 20, 20, 20], "a_turds_left": [5, 5, 5, 5, 5, 5, 5, 5, 5, 5, 5, 5, 5, 5, 5, 5, 5, 5, 5, 5, 5, 5, 5, 5, 5, 5, 5, 5, 5, 5, 5, 5, 5, 5, 5, 5, 5, 5, 5, 5, 5, 5, 5, 5, 5, 5, 5, 5, 5, 5, 5, 5, 5, 5, 5, 5, 5, 5, 5, 5, 5, 5, 5, 5, 5, 5, 5, 5, 5, 5, 5, 5, 5, 5, 5, 5, 5, 5, 5, 5], "b_turds_left": [5, 5, 5, 5, 5, 5, 5, 5, 5, 5, 5, 5, 5, 5, 5, 5, 5, 5, 5, 5, 5, 5, 5, 5, 5, 5, 5, 5, 5, 5, 5, 5, 5, 5, 5, 5, 5, 5, 5, 5, 5, 5, 5, 5, 5, 5, 5, 5, 5, 5, 5, 5, 5, 5, 5, 5, 5, 5, 5, 5, 5, 5, 5, 5, 5, 5, 5, 5, 5, 5, 5, 5, 5, 5, 5, 5, 5, 5, 5, 5], "a_time_left": [359.99582037498476, 359.99582037498476, 359.9943829579861, 359.9943829579861, 359.99072812497616, 359.99072812497616, 359.989061500004, 359.989061500004, 359.9798142500222, 359.9798142500222, 359.9780863330234, 359.9780863330234, 359.97310329205357, 359.97310329205357, 359.9729769170517, 359.9729769170517, 359.9727662500809, 359.9727662500809, 359.9724630001001, 359.9724630001001, 359.9715024580946, 359.9715024580946, 359.97101179213496, 359.97101179213496, 359.9696164171328, 359.9696164171328, 359.9692874591565, 359.9692874591565, 359.9687725431286, 359.9687725431286, 359.9685683341231, 359.9685683341231, 359.96844116813736, 359.96844116813736, 359.968311376113, 359.968311376113, 359.96819458407117, 359.96819458407117, 359.9680887510767, 359.9680887510767, 359.9680093760835, 359.9680093760835, 359.9679020010517, 359.9679020010517, 359.96781020902563, 359.96781020902563, 359.9677037510555, 359.9677037510555, 359.9676132100285, 359.9676132100285, 359.9675090020173, 359.9675090020173, 359.9672570020193, 359.9672570020193, 359.9666959180031, 359.9666959180031, 359.965902876982, 359.965902876982, 359.9654746269807, 359.9654746269807, 359.96455421100836, 359.96455421100836, 359.9644590439857, 359.9644590439857, 359.96434350300115, 359.96434350300115, 359.9642510859994, 359.9642510859994, 359.96414016897324, 359.96414016897324, 359.9640561689739, 359.9640561689739, 359.9639565440011, 359.9639565440011, 359.9638580440078, 359.9638580440078, 359.96379116899334, 359.96379116899334, 359.9636664610007, 359.9636664610007], "b_time_left": [360, 359.9962956669624, 359.9962956669624, 359.99496666697087, 359.99496666697087, 359.99301275092876, 359.99301275092876, 359.99127650092123, 359.99127650092123, 359.987315333914, 359.987315333914, 359.9866514999303, 359.9866514999303, 359.98513337492477, 359.98513337492477, 359.984492791933, 359.984492791933, 359.9833902079845, 359.9833902079845, 359.98281549999956, 359.98281549999956, 359.9817255830276, 359.9817255830276, 359.9812712079729, 359.9812712079729, 359.9801279579988, 359.9801279579988, 359.97949191596126, 359.97949191596126, 359.97885216597933, 359.97885216597933, 359.9783983329544, 359.9783983329544, 359.97831091599073, 359.97831091599073, 359.97823070699815, 359.97823070699815, 359.97812912403606, 359.97812912403606, 359.97804058203474, 359.97804058203474, 359.97793541505234, 359.97793541505234, 359.97784399805823, 359.97784399805823, 359.97775508102495, 359.97775508102495, 359.97766433103243, 359.97766433103243, 359.97756545606535, 359.97756545606535, 359.97747566510225, 359.97747566510225, 359.9773785821162, 359.9773785821162, 359.97729379107477, 359.97729379107477, 359.97699283302063, 359.97699283302063, 359.97689658304444, 359.97689658304444, 359.9767876660335, 359.9767876660335, 359.9767087500077, 359.9767087500077, 359.97662695799954, 359.97662695799954, 359.97654166602297, 359.97654166602297, 359.97641870798543, 359.97641870798543, 359.97633554198546, 359.97633554198546, 359.9762628329918, 359.9762628329918, 359.9761658330099, 359.9761658330099, 359.97610779100796, 359.97610779100796, 359.97601566597586], "a_moves_left": [39, 39, 38, 38, 37, 37, 36, 36, 35, 35, 34, 34, 33, 33, 32, 32, 31, 31, 30, 30, 29, 29, 28, 28, 27, 27, 26, 26, 25, 25, 24, 24, 23, 23, 22, 22, 21, 21, 20, 20, 19, 19, 18, 18, 17, 17, 16, 16, 15, 15, 14, 14, 13, 13, 12, 12, 11, 11, 10, 10, 9, 9, 8, 8, 7, 7, 6, 6, 5, 5, 4, 4, 3, 3, 2, 2, 1, 1, 0, 0], "b_moves_left": [40, 39, 39, 38, 38, 37, 37, 36, 36, 35, 35, 34, 34, 33, 33, 32, 32, 31, 31, 30, 30, 29, 29, 28, 28, 27, 27, 26, 26, 25, 25, 24, 24, 23, 23, 22, 22, 21, 21, 20, 20, 19, 19, 18, 18, 17, 17, 16, 16, 15, 15, 14, 14, 13, 13, 12, 12, 11, 11, 10, 10, 9, 9, 8, 8, 7, 7, 6, 6, 5, 5, 4, 4, 3, 3, 2, 2, 1, 1, 0], "trapdoor_triggered": [0, 0, 0, 0, 0, 0, 0, 0, 0, 0, 0, 0, 0, 0, 0, 0, 0, 0, 0, 0, 0, 0, 0, 0, 0, 0, 0, 0, 0, 0, 0, 0, 0, 0, 0, 0, 0, 0, 0, 0, 0, 0, 0, 0, 0, 0, 0, 0, 0, 0, 0, 0, 0, 0, 0, 0, 0, 0, 0, 0, 0, 0, 0, 0, 0, 0, 0, 0, 0, 0, 0, 0, 0, 0, 0, 0, 0, 0, 0, 0], "left_behind": ["egg", "egg", "plain", "plain", "egg", "egg", "plain", "plain", "egg", "egg", "plain", "plain", "egg", "egg", "plain", "plain", "plain", "egg", "plain", "plain", "egg", "egg", "plain", "plain", "egg", "egg", "plain", "plain", "egg", "egg", "plain", "plain", "egg", "egg", "plain", "plain", "egg", "egg", "plain", "plain", "plain", "egg", "plain", "plain", "plain", "egg", "plain", "plain", "plain", "egg", "plain", "plain", "plain", "egg", "plain", "plain", "egg", "plain", "plain", "plain", "egg", "egg", "plain", "plain", "egg", "egg", "plain", "plain", "egg", "plain", "plain", "plain", "egg", "egg", "plain", "plain", "egg", "egg", "plain", "plain"], "errlog_a": "", "errlog_b": "", "start_time": 360, "start_moves": 40, "turn_count": 80, "result": 1, "reason": "EGGS_LAID", "trapdoors": [[2, 2], [5, 2]], "spawn_a": [0, 6], "spawn_b": [7, 6]}