{"pos": [[0, 5], [6, 6], [1, 5], [5, 6], [1, 6], [4, 6], [2, 6], [4, 5], [2, 7], [5, 5], [3, 7], [5, 4], [2, 7], [6, 4], [1, 7], [6, 3], [0, 7], [6, 2], [0, 6], [6, 1], [0, 5], [5, 1], [0, 4], [4, 1], [1, 4], [3, 1], [1, 3], [2, 1], [0, 3], [2, 0], [0, 2], [1, 0], [1, 2], [1, 1], [1, 3], [0, 1], [2, 3], [0, 0], [2, 4], [1, 0], [2, 5], [2, 0], [3, 5], [3, 0], [2, 5], [4, 0], [2, 4], [5, 0], [2, 3], [6, 0], [2, 4], [7, 0], [2, 3], [7, 1], [1, 3], [7, 2], [1, 2], [7, 3], [1, 1], [7, 4], [1, 2], [7, 5], [2, 2], [7, 4], [2, 3], [7, 3], [2, 2], [7, 2], [3, 2], [7, 1], [3, 1], [7, 0], [3, 2], [6, 0], [4, 2], [6, 1], [3, 2], [6, 2], [4, 2], [6, 3]], "a_eggs_laid": [1, 1, 1, 1, 2, 2, 2, 2, 3, 3, 3, 3, 4, 4, 4, 4, 5, 5, 5, 5, 5, 5, 5, 5, 6, 6, 6, 6, 7, 7, 7, 7, 8, 8, 8, 8, 8, 8, 8, 8, 9, 9, 9, 9, 10, 10, 10, 10, 10, 10, 10, 10, 10, 10, 10, 10, 10, 10, 10, 10, 11, 11, 11, 11, 12, 12, 12, 12, 12, 12, 12, 12, 13, 13, 13, 13, 14, 14, 14, 14], "b_eggs_laid": [0, 1, 1, 1, 1, 2, 2, 2, 2, 3, 3, 3, 3, 4, 4, 4, 4, 5, 5, 5, 5, 6, 6, 6, 6, 7, 7, 7, 7, 8, 8, 8, 8, 9, 9, 9, 9, 10, 10, 10, 10, 10, 10, 10, 10, 11, 11, 11, 11, 12, 12, 12, 12, 15, 15, 15, 15, 16, 16, 16, 16, 17, 17, 17, 17, 17, 17, 17, 17, 17, 17, 17, 17, 17, 17, 17, 17, 17, 17, 17], "a_turds_left": [5, 5, 5, 5, 5, 5, 5, 5, 5, 5, 5, 5, 5, 5, 5, 5, 5, 5, 5, 5, 5, 5, 5, 5, 5, 5, 5, 5, 5, 5, 5, 5, 5, 5, 5, 5, 5, 5, 5, 5, 5, 5, 5, 5, 5, 5, 5, 5, 5, 5, 5, 5, 5, 5, 5, 5, 5, 5, 5, 5, 5, 5, 5, 5, 5, 5, 5, 5, 5, 5, 5, 5, 5, 5, 5, 5, 5, 5, 5, 5], "b_turds_left": [5, 5, 5, 4, 4, 4, 4, 3, 3, 3, 3, 2, 2, 2, 2, 1, 1, 1, 1, 0, 0, 0, 0, 0, 0, 0, 0, 0, 0, 0, 0, 0, 0, 0, 0, 0, 0, 0, 0, 0, 0, 0, 0, 0, 0, 0, 0, 0, 0, 0, 0, 0, 0, 0, 0, 0, 0, 0, 0, 0, 0, 0, 0, 0, 0, 0, 0, 0, 0, 0, 0, 0, 0, 0, 0, 0, 0, 0, 0, 0], "a_time_left": [359.9960494170082, 359.9960494170082, 359.9946570000029, 359.9946570000029, 359.9911425000173, 359.9911425000173, 359.98971066699596, 359.98971066699596, 359.98537708300864, 359.98537708300864, 359.985165583028, 359.985165583028, 359.9847528330283, 359.9847528330283, 359.98439570801565, 359.98439570801565, 359.98414254101226, 359.98414254101226, 359.98388250003336, 359.98388250003336, 359.98366404202534, 359.98366404202534, 359.9833412920125, 359.9833412920125, 359.98247350001475, 359.98247350001475, 359.9820369579829, 359.9820369579829, 359.98097362497356, 359.98097362497356, 359.9807207909762, 359.9807207909762, 359.97994220699184, 359.97994220699184, 359.97979299904546, 359.97979299904546, 359.97946474904893, 359.97946474904893, 359.97896004101494, 359.97896004101494, 359.9780399160227, 359.9780399160227, 359.9778300410253, 359.9778300410253, 359.977513040998, 359.977513040998, 359.97742145799566, 359.97742145799566, 359.97726829198655, 359.97726829198655, 359.97704650001833, 359.97704650001833, 359.9768919160124, 359.9768919160124, 359.9766740410123, 359.9766740410123, 359.9765208750032, 359.9765208750032, 359.9763032079791, 359.9763032079791, 359.9762401250191, 359.9762401250191, 359.97608662501443, 359.97608662501443, 359.9759941670345, 359.9759941670345, 359.9758560420596, 359.9758560420596, 359.97572925005807, 359.97572925005807, 359.97564937506104, 359.97564937506104, 359.9755793750519, 359.9755793750519, 359.97539745806716, 359.97539745806716, 359.97532025002874, 359.97532025002874, 359.9751963330782, 359.9751963330782], "b_time_left": [360, 359.9970995840267, 359.9970995840267, 359.9951896680286, 359.9951896680286, 359.9930042930646, 359.9930042930646, 359.99144000106025, 359.99144000106025, 359.9905434170505, 359.9905434170505, 359.98905675002607, 359.98905675002607, 359.9868519580341, 359.9868519580341, 359.9863460829947, 359.9863460829947, 359.9845626659808, 359.9845626659808, 359.9839590829797, 359.9839590829797, 359.983405957988, 359.983405957988, 359.9831372500048, 359.9831372500048, 359.9826646249858, 359.9826646249858, 359.9824209579965, 359.9824209579965, 359.9823254160001, 359.9823254160001, 359.9822562079644, 359.9822562079644, 359.9821544579463, 359.9821544579463, 359.9820857499144, 359.9820857499144, 359.9820042499341, 359.9820042499341, 359.98193595797056, 359.98193595797056, 359.9818532499485, 359.9818532499485, 359.98178499995265, 359.98178499995265, 359.98169674997916, 359.98169674997916, 359.9816254589823, 359.9816254589823, 359.98153441696195, 359.98153441696195, 359.9814657919924, 359.9814657919924, 359.9813962079934, 359.9813962079934, 359.9813345830189, 359.9813345830189, 359.9812557080295, 359.9812557080295, 359.98119366704486, 359.98119366704486, 359.98111675004475, 359.98111675004475, 359.98105600004783, 359.98105600004783, 359.9809919160325, 359.9809919160325, 359.9809336660546, 359.9809336660546, 359.98086970706936, 359.98086970706936, 359.98080437403405, 359.98080437403405, 359.9807403740706, 359.9807403740706, 359.9806826240383, 359.9806826240383, 359.98061233200133, 359.98061233200133, 359.9805432909634], "a_moves_left": [39, 39, 38, 38, 37, 37, 36, 36, 35, 35, 34, 34, 33, 33, 32, 32, 31, 31, 30, 30, 29, 29, 28, 28, 27, 27, 26, 26, 25, 25, 24, 24, 23, 23, 22, 22, 21, 21, 20, 20, 19, 19, 18, 18, 17, 17, 16, 16, 15, 15, 14, 14, 13, 13, 12, 12, 11, 11, 10, 10, 9, 9, 8, 8, 7, 7, 6, 6, 5, 5, 4, 4, 3, 3, 2, 2, 1, 1, 0, 0], "b_moves_left": [40, 39, 39, 38, 38, 37, 37, 36, 36, 35, 35, 34, 34, 33, 33, 32, 32, 31, 31, 30, 30, 29, 29, 28, 28, 27, 27, 26, 26, 25, 25, 24, 24, 23, 23, 22, 22, 21, 21, 20, 20, 19, 19, 18, 18, 17, 17, 16, 16, 15, 15, 14, 14, 13, 13, 12, 12, 11, 11, 10, 10, 9, 9, 8, 8, 7, 7, 6, 6, 5, 5, 4, 4, 3, 3, 2, 2, 1, 1, 0], "trapdoor_triggered": [0, 0, 0, 0, 0, 0, 0, 0, 0, 0, 0, 0, 0, 0, 0, 0, 0, 0, 0, 0, 0, 0, 0, 0, 0, 0, 0, 0, 0, 0, 0, 0, 0, 0, 0, 0, 0, 0, 0, 0, 0, 0, 0, 0, 0, 0, 0, 0, 0, 0, 0, 0, 0, 0, 0, 0, 0, 0, 0, 0, 0, 0, 0, 0, 0, 0, 0, 0, 0, 0, 0, 0, 0, 0, 0, 0, 0, 0, 0, 0], "left_behind": ["egg", "egg", "plain", "turd", "egg", "egg", "plain", "turd", "egg", "egg", "plain", "turd", "egg", "egg", "plain", "turd", "egg", "egg", "plain", "turd", "plain", "egg", "plain", "plain", "egg", "egg", "plain", "plain", "egg", "egg", "plain", "plain", "egg", "egg", "plain", "plain", "plain", "egg", "plain", "plain", "egg", "plain", "plain", "plain", "egg", "egg", "plain", "plain", "plain", "egg", "plain", "plain", "plain", "egg", "plain", "plain", "plain", "egg", "plain", "plain", "egg", "egg", "plain", "plain", "egg", "plain", "plain", "plain", "plain", "plain", "plain", "plain", "egg", "plain", "plain", "plain", "egg", "plain", "plain", "plain"], "errlog_a": "", "errlog_b": "", "start_time": 360, "start_moves": 40, "turn_count": 80, "result": 1, "reason": "EGGS_LAID", "trapdoors": [[3, 3], [4, 3]], "spawn_a": [0, 6], "spawn_b": [7, 6]}