{"pos": [[7, 4], [1, 5], [6, 4], [1, 4], [6, 5], [1, 3], [6, 6], [2, 3], [7, 6], [2, 4], [7, 7], [2, 5], [6, 7], [2, 6], [5, 7], [3, 6], [4, 7], [4, 6], [3, 7], [5, 6]], "a_eggs_laid": [1, 1, 1, 1, 2, 2, 2, 2, 3, 3, 3, 3, 6, 6, 6, 6, 7, 7, 7, 7], "b_eggs_laid": [0, 1, 1, 1, 1, 2, 2, 2, 2, 3, 3, 3, 3, 4, 4, 4, 4, 5, 5, 10], "a_turds_left": [5, 5, 5, 5, 5, 5, 5, 5, 5, 5, 5, 5, 5, 5, 5, 5, 5, 5, 5, 5], "b_turds_left": [5, 5, 5, 4, 4, 4, 4, 3, 3, 3, 3, 2, 2, 2, 2, 1, 1, 1, 1, 0], "a_time_left": [359.9959965419839, 359.9959965419839, 359.9945802919683, 359.9945802919683, 359.99083812494064, 359.99083812494064, 359.9893891249667, 359.9893891249667, 359.9857101669768, 359.9857101669768, 359.9853815420065, 359.9853815420065, 359.9846390840248, 359.9846390840248, 359.98432770901127, 359.98432770901127, 359.9832984589739, 359.9832984589739, 359.9831951249507, 359.9831951249507], "b_time_left": [360, 359.9962677080184, 359.9962677080184, 359.99446045799414, 359.99446045799414, 359.99203024897724, 359.99203024897724, 359.99030983197736, 359.99030983197736, 359.98934054002166, 359.98934054002166, 359.9887193730101, 359.9887193730101, 359.98800628905883, 359.98800628905883, 359.9875389140798, 359.9875389140798, 359.98691949708154, 359.98691949708154, 359.9858545380994], "a_moves_left": [39, 39, 38, 38, 37, 37, 36, 36, 35, 35, 34, 34, 33, 33, 32, 32, 31, 31, 30, 30], "b_moves_left": [40, 39, 39, 38, 38, 37, 37, 36, 36, 35, 35, 34, 34, 33, 33, 32, 32, 31, 31, 30], "trapdoor_triggered": [0, 0, 0, 0, 0, 0, 0, 0, 0, 0, 0, 0, 0, 0, 0, 0, 0, 0, 0, 0], "left_behind": ["egg", "egg", "plain", "turd", "egg", "egg", "plain", "turd", "egg", "egg", "plain", "turd", "egg", "egg", "plain", "turd", "egg", "egg", "plain", "turd"], "errlog_a": "", "errlog_b": "", "start_time": 360, "start_moves": 40, "turn_count": 20, "result": 1, "reason": "BLOCKING_END", "trapdoors": [[3, 3], [5, 4]], "spawn_a": [7, 5], "spawn_b": [0, 5]}