{"pos": [[7, 0], [1, 1], [6, 0], [1, 2], [6, 1], [1, 3], [6, 2], [1, 4], [7, 2], [1, 5], [7, 3], [1, 6], [6, 3], [2, 6], [6, 4], [3, 6], [7, 4], [4, 6], [7, 5], [5, 6], [6, 5], [6, 6], [5, 5], [6, 5], [5, 4], [6, 6], [5, 3], [6, 7], [6, 3], [5, 7], [6, 4], [4, 7], [5, 4], [3, 7], [5, 5], [2, 7], [4, 5], [1, 7], [4, 6], [0, 7], [4, 5], [0, 6], [4, 6], [0, 5], [4, 5], [0, 4], [3, 5], [0, 3], [2, 5], [0, 2], [2, 4], [1, 2], [2, 3], [2, 2], [1, 3], [2, 1], [2, 3], [3, 1], [2, 2], [4, 1], [3, 2], [5, 1], [3, 1], [6, 1], [3, 0], [5, 1], [4, 0], [5, 0], [3, 0], [5, 1], [2, 0], [5, 2], [1, 0], [4, 2], [1, 1], [4, 1], [1, 0], [4, 2], [0, 0], [3, 2]], "a_eggs_laid": [1, 1, 1, 1, 2, 2, 2, 2, 3, 3, 3, 3, 4, 4, 4, 4, 5, 5, 5, 5, 6, 6, 6, 6, 7, 7, 7, 7, 8, 8, 8, 8, 8, 8, 8, 8, 8, 8, 8, 8, 9, 9, 9, 9, 9, 9, 9, 9, 10, 10, 10, 10, 11, 11, 11, 11, 12, 12, 12, 12, 13, 13, 13, 13, 14, 14, 14, 14, 15, 15, 15, 15, 16, 16, 16, 16, 17, 17, 17, 17], "b_eggs_laid": [0, 1, 1, 1, 1, 2, 2, 2, 2, 3, 3, 3, 3, 4, 4, 4, 4, 5, 5, 5, 5, 6, 6, 6, 6, 7, 7, 7, 7, 8, 8, 8, 8, 9, 9, 9, 9, 10, 10, 10, 10, 13, 13, 13, 13, 14, 14, 14, 14, 15, 15, 15, 15, 15, 15, 15, 15, 16, 16, 16, 16, 17, 17, 17, 17, 18, 18, 18, 18, 19, 19, 19, 19, 20, 20, 20, 20, 20, 20, 20], "a_turds_left": [5, 5, 5, 5, 5, 5, 5, 5, 5, 5, 5, 5, 5, 5, 5, 5, 5, 5, 5, 5, 5, 5, 5, 5, 5, 5, 5, 5, 5, 5, 5, 5, 5, 5, 5, 5, 5, 5, 5, 5, 5, 5, 5, 5, 5, 5, 5, 5, 5, 5, 5, 5, 5, 5, 5, 5, 5, 5, 5, 5, 5, 5, 5, 5, 5, 5, 5, 5, 5, 5, 5, 5, 5, 5, 5, 5, 5, 5, 5, 5], "b_turds_left": [5, 5, 5, 5, 5, 5, 5, 5, 5, 5, 5, 5, 5, 5, 5, 5, 5, 5, 5, 5, 5, 5, 5, 5, 5, 5, 5, 5, 5, 5, 5, 5, 5, 5, 5, 5, 5, 5, 5, 5, 5, 5, 5, 5, 5, 5, 5, 5, 5, 5, 5, 5, 5, 5, 5, 5, 5, 5, 5, 5, 5, 5, 5, 5, 5, 5, 5, 5, 5, 5, 5, 5, 5, 5, 5, 5, 5, 5, 5, 5], "a_time_left": [359.99696183402557, 359.99696183402557, 359.996131959022, 359.996131959022, 359.9934827510151, 359.9934827510151, 359.99217720900197, 359.99217720900197, 359.98886483401293, 359.98886483401293, 359.9880420839763, 359.9880420839763, 359.98546166793676, 359.98546166793676, 359.9841147509869, 359.9841147509869, 359.9818654169794, 359.9818654169794, 359.98153154202737, 359.98153154202737, 359.98058487602975, 359.98058487602975, 359.98039091803366, 359.98039091803366, 359.9799192509963, 359.9799192509963, 359.9794288339908, 359.9794288339908, 359.978241875011, 359.978241875011, 359.9781450420269, 359.9781450420269, 359.9779397090315, 359.9779397090315, 359.9776679589995, 359.9776679589995, 359.97743170900503, 359.97743170900503, 359.97683245898224, 359.97683245898224, 359.97649820894003, 359.97649820894003, 359.9761001249426, 359.9761001249426, 359.97596774995327, 359.97596774995327, 359.975588207948, 359.975588207948, 359.9748700829805, 359.9748700829805, 359.9743421659805, 359.9743421659805, 359.97425091598416, 359.97425091598416, 359.9741820409545, 359.9741820409545, 359.97412224893924, 359.97412224893924, 359.97379816591274, 359.97379816591274, 359.97372420789907, 359.97372420789907, 359.973644540878, 359.973644540878, 359.9735658738646, 359.9735658738646, 359.97349129081704, 359.97349129081704, 359.97343737480696, 359.97343737480696, 359.97333433281165, 359.97333433281165, 359.97325504082255, 359.97325504082255, 359.9731822498143, 359.9731822498143, 359.97312562481966, 359.97312562481966, 359.97303608380025, 359.97303608380025], "b_time_left": [360, 359.99657158297487, 359.99657158297487, 359.99471587501466, 359.99471587501466, 359.99223987502046, 359.99223987502046, 359.99052833300084, 359.99052833300084, 359.987275249965, 359.987275249965, 359.98554949997924, 359.98554949997924, 359.98229024995817, 359.98229024995817, 359.9806036669761, 359.9806036669761, 359.9794019589317, 359.9794019589317, 359.97875608393224, 359.97875608393224, 359.97762979293475, 359.97762979293475, 359.97703729296336, 359.97703729296336, 359.9766924599535, 359.9766924599535, 359.9762430849951, 359.9762430849951, 359.9753907099948, 359.9753907099948, 359.9752874179976, 359.9752874179976, 359.97517604299355, 359.97517604299355, 359.9750845429953, 359.9750845429953, 359.97497483500047, 359.97497483500047, 359.9748685020022, 359.9748685020022, 359.97477554297075, 359.97477554297075, 359.9746790009667, 359.9746790009667, 359.9745788759319, 359.9745788759319, 359.9744890849688, 359.9744890849688, 359.9743812509696, 359.9743812509696, 359.97429479291895, 359.97429479291895, 359.97408104292117, 359.97408104292117, 359.97397654294036, 359.97397654294036, 359.97386520990403, 359.97386520990403, 359.9737682099221, 359.9737682099221, 359.97366041789064, 359.97366041789064, 359.97357362590265, 359.97357362590265, 359.9735040428932, 359.9735040428932, 359.97327887587016, 359.97327887587016, 359.97321304283105, 359.97321304283105, 359.97306000080425, 359.97306000080425, 359.9729783758521, 359.9729783758521, 359.97289087588433, 359.97289087588433, 359.9727665418759, 359.9727665418759, 359.97257320885547], "a_moves_left": [39, 39, 38, 38, 37, 37, 36, 36, 35, 35, 34, 34, 33, 33, 32, 32, 31, 31, 30, 30, 29, 29, 28, 28, 27, 27, 26, 26, 25, 25, 24, 24, 23, 23, 22, 22, 21, 21, 20, 20, 19, 19, 18, 18, 17, 17, 16, 16, 15, 15, 14, 14, 13, 13, 12, 12, 11, 11, 10, 10, 9, 9, 8, 8, 7, 7, 6, 6, 5, 5, 4, 4, 3, 3, 2, 2, 1, 1, 0, 0], "b_moves_left": [40, 39, 39, 38, 38, 37, 37, 36, 36, 35, 35, 34, 34, 33, 33, 32, 32, 31, 31, 30, 30, 29, 29, 28, 28, 27, 27, 26, 26, 25, 25, 24, 24, 23, 23, 22, 22, 21, 21, 20, 20, 19, 19, 18, 18, 17, 17, 16, 16, 15, 15, 14, 14, 13, 13, 12, 12, 11, 11, 10, 10, 9, 9, 8, 8, 7, 7, 6, 6, 5, 5, 4, 4, 3, 3, 2, 2, 1, 1, 0], "trapdoor_triggered": [0, 0, 0, 0, 0, 0, 0, 0, 0, 0, 0, 0, 0, 0, 0, 0, 0, 0, 0, 0, 0, 0, 0, 0, 0, 0, 0, 0, 0, 0, 0, 0, 0, 0, 0, 0, 0, 0, 0, 0, 0, 0, 0, 0, 0, 0, 0, 0, 0, 0, 0, 0, 0, 0, 0, 0, 0, 0, 0, 0, 0, 0, 0, 0, 0, 0, 0, 0, 0, 0, 0, 0, 0, 0, 0, 0, 0, 0, 0, 0], "left_behind": ["egg", "egg", "plain", "plain", "egg", "egg", "plain", "plain", "egg", "egg", "plain", "plain", "egg", "egg", "plain", "plain", "egg", "egg", "plain", "plain", "egg", "egg", "plain", "plain", "egg", "egg", "plain", "plain", "egg", "egg", "plain", "plain", "plain", "egg", "plain", "plain", "plain", "egg", "plain", "plain", "egg", "egg", "plain", "plain", "plain", "egg", "plain", "plain", "egg", "egg", "plain", "plain", "egg", "plain", "plain", "plain", "egg", "egg", "plain", "plain", "egg", "egg", "plain", "plain", "egg", "egg", "plain", "plain", "egg", "egg", "plain", "plain", "egg", "egg", "plain", "plain", "egg", "plain", "plain", "plain"], "errlog_a": "", "errlog_b": "", "start_time": 360, "start_moves": 40, "turn_count": 80, "result": 1, "reason": "EGGS_LAID", "trapdoors": [[3, 3], [3, 4]], "spawn_a": [7, 1], "spawn_b": [0, 1]}