{"pos": [[0, 5], [6, 6], [1, 5], [6, 5], [1, 6], [6, 4], [2, 6], [6, 3], [2, 7], [6, 2], [1, 7], [6, 1], [0, 7], [5, 1], [0, 6], [4, 1], [0, 5], [4, 2], [0, 4], [5, 2], [1, 4], [5, 1], [1, 3], [5, 0], [0, 3], [6, 0], [0, 2], [7, 0], [1, 2], [7, 1], [1, 1], [7, 2], [0, 1], [7, 3], [0, 0], [7, 4], [1, 0], [7, 5], [2, 0], [6, 5], [2, 1], [5, 5], [3, 1], [5, 6], [3, 0], [4, 6], [4, 0], [3, 6], [3, 0], [3, 5], [3, 1], [3, 4], [3, 2], [3, 3], [2, 2], [3, 2], [2, 3], [4, 2], [2, 4], [4, 3], [2, 5], [4, 4], [2, 4], [5, 4], [2, 5], [6, 4], [3, 5], [5, 4], [2, 5], [5, 5], [3, 5], [5, 6], [2, 5], [5, 7], [2, 6], [5, 6], [2, 7], [4, 6], [3, 7], [4, 7]], "a_eggs_laid": [1, 1, 1, 1, 2, 2, 2, 2, 3, 3, 3, 3, 4, 4, 4, 4, 4, 4, 4, 4, 5, 5, 5, 5, 6, 6, 6, 6, 7, 7, 7, 7, 8, 8, 8, 8, 11, 11, 11, 11, 12, 12, 12, 12, 13, 13, 13, 13, 14, 14, 14, 14, 14, 14, 14, 14, 15, 15, 15, 15, 16, 16, 16, 16, 16, 16, 16, 16, 17, 17, 17, 17, 17, 17, 17, 17, 17, 17, 17, 17], "b_eggs_laid": [0, 1, 1, 1, 1, 2, 2, 2, 2, 3, 3, 3, 3, 4, 4, 4, 4, 5, 5, 5, 5, 6, 6, 6, 6, 7, 7, 7, 7, 10, 10, 10, 10, 11, 11, 11, 11, 12, 12, 12, 12, 12, 12, 12, 12, 13, 13, 13, 13, 14, 14, 14, 14, 15, 15, 15, 15, 16, 16, 16, 16, 17, 17, 17, 17, 18, 18, 18, 18, 18, 18, 18, 18, 18, 18, 18, 18, 18, 18, 18], "a_turds_left": [5, 5, 5, 5, 5, 5, 5, 5, 5, 5, 5, 5, 5, 5, 5, 5, 5, 5, 5, 5, 5, 5, 5, 5, 5, 5, 5, 5, 5, 5, 5, 5, 5, 5, 5, 5, 5, 5, 5, 5, 5, 5, 5, 5, 5, 5, 5, 5, 5, 5, 5, 5, 5, 5, 5, 5, 5, 5, 5, 5, 5, 5, 5, 5, 5, 5, 5, 5, 5, 5, 5, 5, 5, 5, 5, 5, 5, 5, 5, 5], "b_turds_left": [5, 5, 5, 5, 5, 5, 5, 5, 5, 5, 5, 5, 5, 5, 5, 5, 5, 5, 5, 5, 5, 5, 5, 5, 5, 5, 5, 5, 5, 5, 5, 5, 5, 5, 5, 5, 5, 5, 5, 5, 5, 5, 5, 5, 5, 5, 5, 5, 5, 5, 5, 5, 5, 5, 5, 5, 5, 5, 5, 5, 5, 5, 5, 5, 5, 5, 5, 5, 5, 5, 5, 5, 5, 5, 5, 5, 5, 5, 5, 5], "a_time_left": [359.99610187503276, 359.99610187503276, 359.99472379207145, 359.99472379207145, 359.9912010000553, 359.9912010000553, 359.98988500004634, 359.98988500004634, 359.98627625004156, 359.98627625004156, 359.9857290420332, 359.9857290420332, 359.9829284590669, 359.9829284590669, 359.98268170905067, 359.98268170905067, 359.98245604208205, 359.98245604208205, 359.9821543340804, 359.9821543340804, 359.981238668086, 359.981238668086, 359.98075166810304, 359.98075166810304, 359.97954375110567, 359.97954375110567, 359.97924725111807, 359.97924725111807, 359.9783012091066, 359.9783012091066, 359.97785108408425, 359.97785108408425, 359.9767002920853, 359.9767002920853, 359.9764125420479, 359.9764125420479, 359.9758011670783, 359.9758011670783, 359.9755447920761, 359.9755447920761, 359.9747038750793, 359.9747038750793, 359.97460587508976, 359.97460587508976, 359.9744991250336, 359.9744991250336, 359.9744054999901, 359.9744054999901, 359.974328042008, 359.974328042008, 359.97423054202227, 359.97423054202227, 359.9740089169936, 359.9740089169936, 359.9739295000327, 359.9739295000327, 359.9738321250188, 359.9738321250188, 359.9737385000335, 359.9737385000335, 359.9736064170138, 359.9736064170138, 359.97350916703, 359.97350916703, 359.97337912599323, 359.97337912599323, 359.9732110009645, 359.9732110009645, 359.97312616795534, 359.97312616795534, 359.97302779293386, 359.97302779293386, 359.97291875089286, 359.97291875089286, 359.9728250429034, 359.9728250429034, 359.9727081679157, 359.9727081679157, 359.9725818769075, 359.9725818769075], "b_time_left": [360, 359.99659137497656, 359.99659137497656, 359.9948054580018, 359.9948054580018, 359.9917722920072, 359.9917722920072, 359.9900664999732, 359.9900664999732, 359.98881191696273, 359.98881191696273, 359.98702175094513, 359.98702175094513, 359.98584475094685, 359.98584475094685, 359.98520579194883, 359.98520579194883, 359.9840325839468, 359.9840325839468, 359.9834223339567, 359.9834223339567, 359.9822939169826, 359.9822939169826, 359.9820235839579, 359.9820235839579, 359.98120287491474, 359.98120287491474, 359.98096291691763, 359.98096291691763, 359.98040983395185, 359.98040983395185, 359.9803206259967, 359.9803206259967, 359.9802260840079, 359.9802260840079, 359.9801376260002, 359.9801376260002, 359.980044084019, 359.980044084019, 359.97996562503977, 359.97996562503977, 359.9796555410139, 359.9796555410139, 359.9795647909632, 359.9795647909632, 359.9794597069849, 359.9794597069849, 359.97937753994484, 359.97937753994484, 359.97929083096096, 359.97929083096096, 359.9792087889509, 359.9792087889509, 359.9791112889652, 359.9791112889652, 359.9790297889849, 359.9790297889849, 359.978953998012, 359.978953998012, 359.9787660819711, 359.9787660819711, 359.9786671229522, 359.9786671229522, 359.9785887069884, 359.9785887069884, 359.9784871239681, 359.9784871239681, 359.9784014149336, 359.9784014149336, 359.9782610399416, 359.9782610399416, 359.97811145696323, 359.97811145696323, 359.9779027070035, 359.9779027070035, 359.97783053998137, 359.97783053998137, 359.9776525819907, 359.9776525819907, 359.9774660820258], "a_moves_left": [39, 39, 38, 38, 37, 37, 36, 36, 35, 35, 34, 34, 33, 33, 32, 32, 31, 31, 30, 30, 29, 29, 28, 28, 27, 27, 26, 26, 25, 25, 24, 24, 23, 23, 22, 22, 21, 21, 20, 20, 19, 19, 18, 18, 17, 17, 16, 16, 15, 15, 14, 14, 13, 13, 12, 12, 11, 11, 10, 10, 9, 9, 8, 8, 7, 7, 6, 6, 5, 5, 4, 4, 3, 3, 2, 2, 1, 1, 0, 0], "b_moves_left": [40, 39, 39, 38, 38, 37, 37, 36, 36, 35, 35, 34, 34, 33, 33, 32, 32, 31, 31, 30, 30, 29, 29, 28, 28, 27, 27, 26, 26, 25, 25, 24, 24, 23, 23, 22, 22, 21, 21, 20, 20, 19, 19, 18, 18, 17, 17, 16, 16, 15, 15, 14, 14, 13, 13, 12, 12, 11, 11, 10, 10, 9, 9, 8, 8, 7, 7, 6, 6, 5, 5, 4, 4, 3, 3, 2, 2, 1, 1, 0], "trapdoor_triggered": [0, 0, 0, 0, 0, 0, 0, 0, 0, 0, 0, 0, 0, 0, 0, 0, 0, 0, 0, 0, 0, 0, 0, 0, 0, 0, 0, 0, 0, 0, 0, 0, 0, 0, 0, 0, 0, 0, 0, 0, 0, 0, 0, 0, 0, 0, 0, 0, 0, 0, 0, 0, 0, 0, 0, 0, 0, 0, 0, 0, 0, 0, 0, 0, 0, 0, 0, 0, 0, 0, 0, 0, 0, 0, 0, 0, 0, 0, 0, 0], "left_behind": ["egg", "egg", "plain", "plain", "egg", "egg", "plain", "plain", "egg", "egg", "plain", "plain", "egg", "egg", "plain", "plain", "plain", "egg", "plain", "plain", "egg", "egg", "plain", "plain", "egg", "egg", "plain", "plain", "egg", "egg", "plain", "plain", "egg", "egg", "plain", "plain", "egg", "egg", "plain", "plain", "egg", "plain", "plain", "plain", "egg", "egg", "plain", "plain", "egg", "egg", "plain", "plain", "plain", "egg", "plain", "plain", "egg", "egg", "plain", "plain", "egg", "egg", "plain", "plain", "plain", "egg", "plain", "plain", "egg", "plain", "plain", "plain", "plain", "plain", "plain", "plain", "plain", "plain", "plain", "plain"], "errlog_a": "", "errlog_b": "", "start_time": 360, "start_moves": 40, "turn_count": 80, "result": 1, "reason": "EGGS_LAID", "trapdoors": [[5, 3], [4, 5]], "spawn_a": [0, 6], "spawn_b": [7, 6]}