{"pos": [[0, 3], [6, 4], [1, 3], [6, 3], [1, 4], [6, 2], [1, 5], [5, 2], [0, 5], [5, 3], [0, 6], [5, 4], [1, 6], [4, 4], [2, 6], [4, 3], [2, 7], [4, 2], [1, 7], [4, 1], [0, 7], [3, 1], [0, 6], [3, 2], [0, 5], [3, 3], [0, 4], [2, 3], [0, 3], [3, 3], [0, 2], [3, 2], [1, 2], [3, 1], [1, 1], [3, 0], [0, 1], [4, 0], [0, 0], [5, 0], [1, 0], [6, 0], [2, 0], [7, 0], [2, 1], [7, 1], [3, 1], [7, 2], [2, 1], [7, 3], [2, 2], [7, 2], [1, 2], [7, 1], [1, 1], [6, 1], [1, 0], [5, 1], [2, 0], [5, 0], [2, 1], [6, 0], [3, 1], [7, 0], [2, 1], [7, 1], [2, 2], [6, 1], [1, 2], [6, 2], [1, 3], [6, 1], [1, 4], [5, 1], [1, 5], [4, 1], [2, 5], [4, 0], [3, 5], [3, 0]], "a_eggs_laid": [1, 1, 1, 1, 2, 2, 2, 2, 3, 3, 3, 3, 4, 4, 4, 4, 5, 5, 5, 5, 6, 6, 6, 6, 6, 6, 6, 6, 6, 6, 6, 6, 7, 7, 7, 7, 8, 8, 8, 8, 11, 11, 11, 11, 12, 12, 12, 12, 13, 13, 13, 13, 14, 14, 14, 14, 14, 14, 14, 14, 14, 14, 14, 14, 14, 14, 14, 14, 14, 14, 14, 14, 14, 14, 14, 14, 14, 14, 14, 14], "b_eggs_laid": [0, 1, 1, 1, 1, 2, 2, 2, 2, 3, 3, 3, 3, 4, 4, 4, 4, 5, 5, 5, 5, 6, 6, 6, 6, 7, 7, 7, 7, 8, 8, 8, 8, 8, 8, 8, 8, 9, 9, 9, 9, 10, 10, 10, 10, 13, 13, 13, 13, 14, 14, 14, 14, 14, 14, 14, 14, 15, 15, 15, 15, 15, 15, 15, 15, 15, 15, 15, 15, 15, 15, 15, 15, 15, 15, 15, 15, 15, 15, 15], "a_turds_left": [5, 5, 5, 5, 5, 5, 5, 5, 5, 5, 5, 5, 5, 5, 5, 5, 5, 5, 5, 5, 5, 5, 5, 5, 5, 5, 5, 5, 5, 5, 5, 5, 5, 5, 5, 5, 5, 5, 5, 5, 5, 5, 5, 5, 5, 5, 5, 5, 5, 5, 5, 5, 5, 5, 5, 5, 5, 5, 5, 5, 5, 5, 5, 5, 5, 5, 5, 5, 5, 5, 5, 5, 5, 5, 5, 5, 5, 5, 5, 5], "b_turds_left": [5, 5, 5, 4, 4, 4, 4, 3, 3, 3, 3, 2, 2, 2, 2, 1, 1, 1, 1, 0, 0, 0, 0, 0, 0, 0, 0, 0, 0, 0, 0, 0, 0, 0, 0, 0, 0, 0, 0, 0, 0, 0, 0, 0, 0, 0, 0, 0, 0, 0, 0, 0, 0, 0, 0, 0, 0, 0, 0, 0, 0, 0, 0, 0, 0, 0, 0, 0, 0, 0, 0, 0, 0, 0, 0, 0, 0, 0, 0, 0], "a_time_left": [359.99604770803126, 359.99604770803126, 359.9946826249943, 359.9946826249943, 359.9911785830045, 359.9911785830045, 359.98977041599574, 359.98977041599574, 359.9862264160183, 359.9862264160183, 359.9853874160326, 359.9853874160326, 359.982655373984, 359.982655373984, 359.98126991599565, 359.98126991599565, 359.9777306239703, 359.9777306239703, 359.9763122489676, 359.9763122489676, 359.973637457937, 359.973637457937, 359.97337774996413, 359.97337774996413, 359.9732412499143, 359.9732412499143, 359.97312462492846, 359.97312462492846, 359.9729169169441, 359.9729169169441, 359.9727091669338, 359.9727091669338, 359.97212916694116, 359.97212916694116, 359.97184524993645, 359.97184524993645, 359.97144070797367, 359.97144070797367, 359.971297165961, 359.971297165961, 359.97106458293274, 359.97106458293274, 359.9709345829324, 359.9709345829324, 359.9707337079453, 359.9707337079453, 359.9706298329402, 359.9706298329402, 359.97055020794505, 359.97055020794505, 359.97042854194297, 359.97042854194297, 359.9703325839946, 359.9703325839946, 359.97022729198216, 359.97022729198216, 359.9701163339778, 359.9701163339778, 359.97001995897153, 359.97001995897153, 359.9699321669759, 359.9699321669759, 359.96982866700273, 359.96982866700273, 359.9697516669985, 359.9697516669985, 359.9696358750225, 359.9696358750225, 359.96954941703007, 359.96954941703007, 359.96944754204014, 359.96944754204014, 359.96931408403907, 359.96931408403907, 359.9690922090085, 359.9690922090085, 359.96890687500127, 359.96890687500127, 359.96881258301437, 359.96881258301437], "b_time_left": [360, 359.99697029200615, 359.99697029200615, 359.995134124998, 359.995134124998, 359.99253729201155, 359.99253729201155, 359.99074258399196, 359.99074258399196, 359.9881784589961, 359.9881784589961, 359.9865583340288, 359.9865583340288, 359.98437875002855, 359.98437875002855, 359.98291879106546, 359.98291879106546, 359.98205591604346, 359.98205591604346, 359.98063595802523, 359.98063595802523, 359.97952308302047, 359.97952308302047, 359.9792433750117, 359.9792433750117, 359.97876879101386, 359.97876879101386, 359.9785202079802, 359.9785202079802, 359.97842770797433, 359.97842770797433, 359.9783709999756, 359.9783709999756, 359.978301333962, 359.978301333962, 359.97823837498436, 359.97823837498436, 359.978166707966, 359.978166707966, 359.97810812399257, 359.97810812399257, 359.97803908295464, 359.97803908295464, 359.9779697499471, 359.9779697499471, 359.97790224989876, 359.97790224989876, 359.9778428328573, 359.9778428328573, 359.9777666248847, 359.9777666248847, 359.9777088748524, 359.9777088748524, 359.97764354088577, 359.97764354088577, 359.9775822078809, 359.9775822078809, 359.97750466584694, 359.97750466584694, 359.97744687483646, 359.97744687483646, 359.9773679168429, 359.9773679168429, 359.977312416886, 359.977312416886, 359.9772558338591, 359.9772558338591, 359.977193541883, 359.977193541883, 359.97712225088617, 359.97712225088617, 359.9770642928779, 359.9770642928779, 359.97699595987797, 359.97699595987797, 359.97693375189556, 359.97693375189556, 359.9768688348704, 359.9768688348704, 359.97680804290576], "a_moves_left": [39, 39, 38, 38, 37, 37, 36, 36, 35, 35, 34, 34, 33, 33, 32, 32, 31, 31, 30, 30, 29, 29, 28, 28, 27, 27, 26, 26, 25, 25, 24, 24, 23, 23, 22, 22, 21, 21, 20, 20, 19, 19, 18, 18, 17, 17, 16, 16, 15, 15, 14, 14, 13, 13, 12, 12, 11, 11, 10, 10, 9, 9, 8, 8, 7, 7, 6, 6, 5, 5, 4, 4, 3, 3, 2, 2, 1, 1, 0, 0], "b_moves_left": [40, 39, 39, 38, 38, 37, 37, 36, 36, 35, 35, 34, 34, 33, 33, 32, 32, 31, 31, 30, 30, 29, 29, 28, 28, 27, 27, 26, 26, 25, 25, 24, 24, 23, 23, 22, 22, 21, 21, 20, 20, 19, 19, 18, 18, 17, 17, 16, 16, 15, 15, 14, 14, 13, 13, 12, 12, 11, 11, 10, 10, 9, 9, 8, 8, 7, 7, 6, 6, 5, 5, 4, 4, 3, 3, 2, 2, 1, 1, 0], "trapdoor_triggered": [0, 0, 0, 0, 0, 0, 0, 0, 0, 0, 0, 0, 0, 0, 0, 0, 0, 0, 0, 0, 0, 0, 0, 0, 0, 0, 0, 0, 0, 0, 0, 0, 0, 0, 0, 0, 0, 0, 0, 0, 0, 0, 0, 0, 0, 0, 0, 0, 0, 0, 0, 0, 0, 0, 0, 0, 0, 0, 0, 0, 0, 0, 0, 0, 0, 0, 0, 0, 0, 0, 0, 0, 0, 0, 0, 0, 0, 0, 0, 0], "left_behind": ["egg", "egg", "plain", "turd", "egg", "egg", "plain", "turd", "egg", "egg", "plain", "turd", "egg", "egg", "plain", "turd", "egg", "egg", "plain", "turd", "egg", "egg", "plain", "plain", "plain", "egg", "plain", "plain", "plain", "egg", "plain", "plain", "egg", "plain", "plain", "plain", "egg", "egg", "plain", "plain", "egg", "egg", "plain", "plain", "egg", "egg", "plain", "plain", "egg", "egg", "plain", "plain", "egg", "plain", "plain", "plain", "plain", "egg", "plain", "plain", "plain", "plain", "plain", "plain", "plain", "plain", "plain", "plain", "plain", "plain", "plain", "plain", "plain", "plain", "plain", "plain", "plain", "plain", "plain", "plain"], "errlog_a": "", "errlog_b": "", "start_time": 360, "start_moves": 40, "turn_count": 80, "result": 1, "reason": "EGGS_LAID", "trapdoors": [[2, 4], [4, 5]], "spawn_a": [0, 4], "spawn_b": [7, 4]}