{"pos": [[0, 1], [6, 2], [1, 1], [6, 1], [1, 2], [7, 1], [1, 3], [7, 0], [0, 3], [6, 0], [0, 4], [5, 0], [1, 4], [5, 1], [1, 5], [4, 1], [0, 5], [4, 0], [0, 6], [3, 0], [1, 6], [3, 1], [2, 6], [3, 2], [2, 7], [3, 1], [1, 7], [2, 1], [0, 7], [2, 0], [0, 6], [1, 0], [1, 6], [2, 0], [1, 5], [2, 1], [2, 5], [3, 1], [2, 4], [3, 2], [2, 3], [4, 2], [2, 2], [4, 1], [2, 3], [4, 2], [2, 2], [3, 2], [2, 3], [4, 2], [2, 4], [5, 2], [3, 4], [5, 3], [4, 4], [5, 4], [3, 4], [6, 4], [3, 5], [6, 5], [3, 6], [6, 6], [4, 6], [5, 6], [4, 7], [5, 5], [5, 7], [4, 5], [6, 7], [5, 5], [6, 6], [6, 5], [7, 6], [7, 5], [7, 7], [7, 6], [6, 7], [7, 5], [6, 6], [7, 4]], "a_eggs_laid": [1, 1, 1, 1, 2, 2, 2, 2, 3, 3, 3, 3, 4, 4, 4, 4, 5, 5, 5, 5, 6, 6, 6, 6, 7, 7, 7, 7, 8, 8, 8, 8, 8, 8, 8, 8, 8, 8, 8, 8, 9, 9, 9, 9, 10, 10, 10, 10, 10, 10, 10, 10, 10, 10, 10, 10, 11, 11, 11, 11, 12, 12, 12, 12, 13, 13, 13, 13, 14, 14, 14, 14, 15, 15, 15, 15, 18, 18, 18, 18], "b_eggs_laid": [0, 1, 1, 1, 1, 2, 2, 2, 2, 5, 5, 5, 5, 6, 6, 6, 6, 7, 7, 7, 7, 8, 8, 8, 8, 9, 9, 9, 9, 10, 10, 10, 10, 11, 11, 11, 11, 11, 11, 11, 11, 11, 11, 11, 11, 11, 11, 11, 11, 11, 11, 11, 11, 12, 12, 12, 12, 13, 13, 13, 13, 14, 14, 14, 14, 15, 15, 15, 15, 16, 16, 16, 16, 16, 16, 16, 16, 17, 17, 17], "a_turds_left": [5, 5, 4, 4, 4, 4, 3, 3, 3, 3, 2, 2, 2, 2, 1, 1, 1, 1, 0, 0, 0, 0, 0, 0, 0, 0, 0, 0, 0, 0, 0, 0, 0, 0, 0, 0, 0, 0, 0, 0, 0, 0, 0, 0, 0, 0, 0, 0, 0, 0, 0, 0, 0, 0, 0, 0, 0, 0, 0, 0, 0, 0, 0, 0, 0, 0, 0, 0, 0, 0, 0, 0, 0, 0, 0, 0, 0, 0, 0, 0], "b_turds_left": [5, 5, 5, 5, 5, 5, 5, 5, 5, 5, 5, 5, 5, 5, 5, 5, 5, 5, 5, 5, 5, 5, 5, 5, 5, 5, 5, 5, 5, 5, 5, 5, 5, 5, 5, 5, 5, 5, 5, 5, 5, 5, 5, 5, 5, 5, 5, 5, 5, 5, 5, 5, 5, 5, 5, 5, 5, 5, 5, 5, 5, 5, 5, 5, 5, 5, 5, 5, 5, 5, 5, 5, 5, 5, 5, 5, 5, 5, 5, 5], "a_time_left": [359.995921624999, 359.995921624999, 359.99456033401657, 359.99456033401657, 359.99176729202736, 359.99176729202736, 359.99033745902125, 359.99033745902125, 359.98758291703416, 359.98758291703416, 359.98668979201466, 359.98668979201466, 359.98472745897016, 359.98472745897016, 359.9841714169597, 359.9841714169597, 359.9831445829477, 359.9831445829477, 359.9828219989431, 359.9828219989431, 359.98238033190137, 359.98238033190137, 359.98211374890525, 359.98211374890525, 359.981329290953, 359.981329290953, 359.9810803749133, 359.9810803749133, 359.98048849991756, 359.98048849991756, 359.98041395796463, 359.98041395796463, 359.9803188329679, 359.9803188329679, 359.9802279579453, 359.9802279579453, 359.9800566669437, 359.9800566669437, 359.97980454191566, 359.97980454191566, 359.97923620889196, 359.97923620889196, 359.97900858387584, 359.97900858387584, 359.9789350418723, 359.9789350418723, 359.9787874579197, 359.9787874579197, 359.9786414579139, 359.9786414579139, 359.97849554091226, 359.97849554091226, 359.97820845688693, 359.97820845688693, 359.9781401649234, 359.9781401649234, 359.978061081958, 359.978061081958, 359.97784424893325, 359.97784424893325, 359.97776037390577, 359.97776037390577, 359.97769983293256, 359.97769983293256, 359.97763208294054, 359.97763208294054, 359.97757962392643, 359.97757962392643, 359.9775183329475, 359.9775183329475, 359.9774618749507, 359.9774618749507, 359.97739745891886, 359.97739745891886, 359.977349499939, 359.977349499939, 359.97729449992767, 359.97729449992767, 359.97723687492544, 359.97723687492544], "b_time_left": [360, 359.99665475002257, 359.99665475002257, 359.9948471660027, 359.9948471660027, 359.9917297500069, 359.9917297500069, 359.99093900003936, 359.99093900003936, 359.98837787506636, 359.98837787506636, 359.9880602080957, 359.9880602080957, 359.9830105410656, 359.9830105410656, 359.9828954570694, 359.9828954570694, 359.9827571650385, 359.9827571650385, 359.98266587301623, 359.98266587301623, 359.98255245701876, 359.98255245701876, 359.9824500400573, 359.9824500400573, 359.98233958205674, 359.98233958205674, 359.98224787408253, 359.98224787408253, 359.9821534990333, 359.9821534990333, 359.9820703740115, 359.9820703740115, 359.9819987490191, 359.9819987490191, 359.9819177900208, 359.9819177900208, 359.9818462069961, 359.9818462069961, 359.98175708198687, 359.98175708198687, 359.981678540993, 359.981678540993, 359.9815887910081, 359.9815887910081, 359.98151299904566, 359.98151299904566, 359.981431082997, 359.981431082997, 359.98136295803124, 359.98136295803124, 359.981280542037, 359.981280542037, 359.9811805000063, 359.9811805000063, 359.9810997080058, 359.9810997080058, 359.9810129170073, 359.9810129170073, 359.9809349590214, 359.9809349590214, 359.9808406259981, 359.9808406259981, 359.9807640009676, 359.9807640009676, 359.98068329296075, 359.98068329296075, 359.98060154297855, 359.98060154297855, 359.980542500969, 359.980542500969, 359.9804606679827, 359.9804606679827, 359.9803957929835, 359.9803957929835, 359.9803281679633, 359.9803281679633, 359.98027483496116, 359.98027483496116, 359.9802045439719], "a_moves_left": [39, 39, 38, 38, 37, 37, 36, 36, 35, 35, 34, 34, 33, 33, 32, 32, 31, 31, 30, 30, 29, 29, 28, 28, 27, 27, 26, 26, 25, 25, 24, 24, 23, 23, 22, 22, 21, 21, 20, 20, 19, 19, 18, 18, 17, 17, 16, 16, 15, 15, 14, 14, 13, 13, 12, 12, 11, 11, 10, 10, 9, 9, 8, 8, 7, 7, 6, 6, 5, 5, 4, 4, 3, 3, 2, 2, 1, 1, 0, 0], "b_moves_left": [40, 39, 39, 38, 38, 37, 37, 36, 36, 35, 35, 34, 34, 33, 33, 32, 32, 31, 31, 30, 30, 29, 29, 28, 28, 27, 27, 26, 26, 25, 25, 24, 24, 23, 23, 22, 22, 21, 21, 20, 20, 19, 19, 18, 18, 17, 17, 16, 16, 15, 15, 14, 14, 13, 13, 12, 12, 11, 11, 10, 10, 9, 9, 8, 8, 7, 7, 6, 6, 5, 5, 4, 4, 3, 3, 2, 2, 1, 1, 0], "trapdoor_triggered": [0, 0, 0, 0, 0, 0, 0, 0, 0, 0, 0, 0, 0, 0, 0, 0, 0, 0, 0, 0, 0, 0, 0, 0, 0, 0, 0, 0, 0, 0, 0, 0, 0, 0, 0, 0, 0, 0, 0, 0, 0, 0, 0, 0, 0, 0, 0, 0, 0, 0, 0, 0, 0, 0, 0, 0, 0, 0, 0, 0, 0, 0, 0, 0, 0, 0, 0, 0, 0, 0, 0, 0, 0, 0, 0, 0, 0, 0, 0, 0], "left_behind": ["egg", "egg", "turd", "plain", "egg", "egg", "turd", "plain", "egg", "egg", "turd", "plain", "egg", "egg", "turd", "plain", "egg", "egg", "turd", "plain", "egg", "egg", "plain", "plain", "egg", "egg", "plain", "plain", "egg", "egg", "plain", "plain", "plain", "egg", "plain", "plain", "plain", "plain", "plain", "plain", "egg", "plain", "plain", "plain", "egg", "plain", "plain", "plain", "plain", "plain", "plain", "plain", "plain", "egg", "plain", "plain", "egg", "egg", "plain", "plain", "egg", "egg", "plain", "plain", "egg", "egg", "plain", "plain", "egg", "egg", "plain", "plain", "egg", "plain", "plain", "plain", "egg", "egg", "plain", "plain"], "errlog_a": "", "errlog_b": "", "start_time": 360, "start_moves": 40, "turn_count": 80, "result": 0, "reason": "EGGS_LAID", "trapdoors": [[3, 3], [4, 3]], "spawn_a": [0, 2], "spawn_b": [7, 2]}