{"pos": [[7, 0], [1, 1], [6, 0], [1, 2], [6, 1], [0, 2], [6, 2], [0, 3], [7, 2], [1, 3], [7, 3], [1, 4], [6, 3], [0, 4], [6, 4], [0, 5], [7, 4], [1, 5], [7, 5], [1, 6], [7, 6], [0, 6], [7, 7], [0, 7], [6, 7], [1, 7], [5, 7], [2, 7], [4, 7], [2, 6], [4, 6], [3, 6], [5, 6], [3, 7], [5, 5], [4, 7], [5, 4], [3, 7], [4, 4], [3, 6], [4, 3], [3, 5], [3, 3], [2, 5], [3, 2], [2, 4], [2, 2], [2, 3], [2, 1], [1, 3], [1, 1], [1, 2], [1, 0], [0, 2], [0, 0], [0, 1], [1, 0], [0, 2], [2, 0], [0, 3], [3, 0], [0, 4], [4, 0], [1, 4], [5, 0], [1, 5], [5, 1], [1, 6], [5, 2], [2, 6], [5, 1], [2, 5], [4, 1], [2, 4], [3, 1], [2, 3], [3, 0], [1, 3], [3, 1], [1, 2]], "a_eggs_laid": [1, 1, 1, 1, 2, 2, 2, 2, 3, 3, 3, 3, 4, 4, 4, 4, 5, 5, 5, 5, 6, 6, 6, 6, 9, 9, 9, 9, 10, 10, 10, 10, 11, 11, 11, 11, 12, 12, 12, 12, 13, 13, 13, 13, 14, 14, 14, 14, 15, 15, 15, 15, 16, 16, 16, 16, 19, 19, 19, 19, 20, 20, 20, 20, 21, 21, 21, 21, 22, 22, 22, 22, 22, 22, 22, 22, 23, 23, 23, 23], "b_eggs_laid": [0, 1, 1, 1, 1, 2, 2, 2, 2, 3, 3, 3, 3, 4, 4, 4, 4, 5, 5, 5, 5, 6, 6, 6, 6, 9, 9, 9, 9, 10, 10, 10, 10, 11, 11, 11, 11, 12, 12, 12, 12, 12, 12, 12, 12, 13, 13, 13, 13, 14, 14, 14, 14, 14, 14, 14, 14, 14, 14, 14, 14, 14, 14, 14, 14, 14, 14, 14, 14, 14, 14, 14, 14, 14, 14, 14, 14, 14, 14, 14], "a_turds_left": [5, 5, 5, 5, 5, 5, 5, 5, 5, 5, 5, 5, 5, 5, 5, 5, 5, 5, 5, 5, 5, 5, 5, 5, 5, 5, 5, 5, 5, 5, 5, 5, 5, 5, 5, 5, 5, 5, 5, 5, 5, 5, 5, 5, 5, 5, 5, 5, 5, 5, 5, 5, 5, 5, 5, 5, 5, 5, 5, 5, 5, 5, 5, 5, 5, 5, 5, 5, 5, 5, 5, 5, 5, 5, 5, 5, 5, 5, 5, 5], "b_turds_left": [5, 5, 5, 5, 5, 5, 5, 5, 5, 5, 5, 5, 5, 5, 5, 5, 5, 5, 5, 5, 5, 5, 5, 5, 5, 5, 5, 5, 5, 5, 5, 5, 5, 5, 5, 5, 5, 5, 5, 5, 5, 5, 5, 5, 5, 5, 5, 5, 5, 5, 5, 5, 5, 5, 5, 5, 5, 5, 5, 5, 5, 5, 5, 5, 5, 5, 5, 5, 5, 5, 5, 5, 5, 5, 5, 5, 5, 5, 5, 5], "a_time_left": [359.99570091598434, 359.99570091598434, 359.99193237395957, 359.99193237395957, 359.9908526649815, 359.9908526649815, 359.99031828995794, 359.99031828995794, 359.9890170399449, 359.9890170399449, 359.98822683194885, 359.98822683194885, 359.985474082001, 359.985474082001, 359.984186748974, 359.984186748974, 359.98288383201, 359.98288383201, 359.98213816503994, 359.98213816503994, 359.98101291502826, 359.98101291502826, 359.9805510820588, 359.9805510820588, 359.979945498053, 359.979945498053, 359.97952728904784, 359.97952728904784, 359.97867074701935, 359.97867074701935, 359.9782502890448, 359.9782502890448, 359.9776407890604, 359.9776407890604, 359.9772209970979, 359.9772209970979, 359.9761292471085, 359.9761292471085, 359.9760462890845, 359.9760462890845, 359.97593445610255, 359.97593445610255, 359.97583603911335, 359.97583603911335, 359.9757348721032, 359.9757348721032, 359.97565366409253, 359.97565366409253, 359.975587539142, 359.975587539142, 359.97550666413736, 359.97550666413736, 359.9754336641636, 359.9754336641636, 359.9753582891426, 359.9753582891426, 359.97530278912745, 359.97530278912745, 359.9751375801279, 359.9751375801279, 359.9750482471427, 359.9750482471427, 359.9749791221111, 359.9749791221111, 359.97489078814397, 359.97489078814397, 359.9748192881234, 359.9748192881234, 359.9746986221289, 359.9746986221289, 359.97461816307623, 359.97461816307623, 359.97447670507245, 359.97447670507245, 359.9743946220842, 359.9743946220842, 359.9742898300756, 359.9742898300756, 359.97420612111455, 359.97420612111455], "b_time_left": [360, 359.9960499589797, 359.9960499589797, 359.9936792930239, 359.9936792930239, 359.9923967930372, 359.9923967930372, 359.99207312602084, 359.99207312602084, 359.9892151260283, 359.9892151260283, 359.98782512603793, 359.98782512603793, 359.98461016704096, 359.98461016704096, 359.98429749999195, 359.98429749999195, 359.9837661659694, 359.9837661659694, 359.9833841659711, 359.9833841659711, 359.98324116598815, 359.98324116598815, 359.9831351659959, 359.9831351659959, 359.98302758298814, 359.98302758298814, 359.9829185419949, 359.9829185419949, 359.9828030000208, 359.9828030000208, 359.9826905000373, 359.9826905000373, 359.98257658304647, 359.98257658304647, 359.9824796250323, 359.9824796250323, 359.9823911250569, 359.9823911250569, 359.98229475005064, 359.98229475005064, 359.98219825007254, 359.98219825007254, 359.9820871250704, 359.9820871250704, 359.9819682080997, 359.9819682080997, 359.9818671661196, 359.9818671661196, 359.98177891614614, 359.98177891614614, 359.981680124125, 359.981680124125, 359.9816014581593, 359.9816014581593, 359.9815127502079, 359.9815127502079, 359.9814457502216, 359.9814457502216, 359.98135979217477, 359.98135979217477, 359.98127916717203, 359.98127916717203, 359.98119333421346, 359.98119333421346, 359.9811063342495, 359.9811063342495, 359.98100895929383, 359.98100895929383, 359.98091304232366, 359.98091304232366, 359.9808130012825, 359.9808130012825, 359.98072608426446, 359.98072608426446, 359.9806262512575, 359.9806262512575, 359.9805339592276, 359.9805339592276, 359.9804418752319], "a_moves_left": [39, 39, 38, 38, 37, 37, 36, 36, 35, 35, 34, 34, 33, 33, 32, 32, 31, 31, 30, 30, 29, 29, 28, 28, 27, 27, 26, 26, 25, 25, 24, 24, 23, 23, 22, 22, 21, 21, 20, 20, 19, 19, 18, 18, 17, 17, 16, 16, 15, 15, 14, 14, 13, 13, 12, 12, 11, 11, 10, 10, 9, 9, 8, 8, 7, 7, 6, 6, 5, 5, 4, 4, 3, 3, 2, 2, 1, 1, 0, 0], "b_moves_left": [40, 39, 39, 38, 38, 37, 37, 36, 36, 35, 35, 34, 34, 33, 33, 32, 32, 31, 31, 30, 30, 29, 29, 28, 28, 27, 27, 26, 26, 25, 25, 24, 24, 23, 23, 22, 22, 21, 21, 20, 20, 19, 19, 18, 18, 17, 17, 16, 16, 15, 15, 14, 14, 13, 13, 12, 12, 11, 11, 10, 10, 9, 9, 8, 8, 7, 7, 6, 6, 5, 5, 4, 4, 3, 3, 2, 2, 1, 1, 0], "trapdoor_triggered": [0, 0, 0, 0, 0, 0, 0, 0, 0, 0, 0, 0, 0, 0, 0, 0, 0, 0, 0, 0, 0, 0, 0, 0, 0, 0, 0, 0, 0, 0, 0, 0, 0, 0, 0, 0, 0, 0, 0, 0, 0, 0, 0, 0, 0, 0, 0, 0, 0, 0, 0, 0, 0, 0, 0, 0, 0, 0, 0, 0, 0, 0, 0, 0, 0, 0, 0, 0, 0, 0, 0, 0, 0, 0, 0, 0, 0, 0, 0, 0], "left_behind": ["egg", "egg", "plain", "plain", "egg", "egg", "plain", "plain", "egg", "egg", "plain", "plain", "egg", "egg", "plain", "plain", "egg", "egg", "plain", "plain", "egg", "egg", "plain", "plain", "egg", "egg", "plain", "plain", "egg", "egg", "plain", "plain", "egg", "egg", "plain", "plain", "egg", "egg", "plain", "plain", "egg", "plain", "plain", "plain", "egg", "egg", "plain", "plain", "egg", "egg", "plain", "plain", "egg", "plain", "plain", "plain", "egg", "plain", "plain", "plain", "egg", "plain", "plain", "plain", "egg", "plain", "plain", "plain", "egg", "plain", "plain", "plain", "plain", "plain", "plain", "plain", "egg", "plain", "plain", "plain"], "errlog_a": "", "errlog_b": "", "start_time": 360, "start_moves": 40, "turn_count": 80, "result": 0, "reason": "EGGS_LAID", "trapdoors": [[4, 2], [4, 5]], "spawn_a": [7, 1], "spawn_b": [0, 1]}