{"pos": [[0, 5], [6, 6], [1, 5], [6, 5], [1, 6], [7, 5], [2, 6], [7, 4], [2, 7], [6, 4], [1, 7], [6, 3], [0, 7], [7, 3], [0, 6], [7, 2], [0, 5], [6, 2], [0, 4], [6, 1], [1, 4], [7, 1], [1, 3], [7, 0], [0, 3], [6, 0], [0, 2], [5, 0], [1, 2], [5, 1], [1, 1], [4, 1], [0, 1], [4, 0], [0, 0], [3, 0], [1, 0], [3, 1], [2, 0], [2, 1], [1, 0], [3, 1], [2, 0], [3, 2], [1, 0], [4, 2], [1, 1], [5, 2], [1, 2], [5, 3], [1, 3], [6, 3], [2, 3], [5, 3], [3, 3], [5, 2], [2, 3], [4, 2], [2, 4], [4, 1], [2, 5], [5, 1], [3, 5], [6, 1], [3, 6], [6, 2], [4, 6], [7, 2], [4, 7], [7, 1], [5, 7], [7, 0], [5, 6], [6, 0], [5, 5], [5, 0], [4, 5], [4, 0], [4, 4], [3, 0]], "a_eggs_laid": [1, 1, 1, 1, 2, 2, 2, 2, 3, 3, 3, 3, 4, 4, 4, 4, 4, 4, 4, 4, 5, 5, 5, 5, 6, 6, 6, 6, 7, 7, 7, 7, 8, 8, 8, 8, 11, 11, 11, 11, 12, 12, 12, 12, 12, 12, 12, 12, 12, 12, 12, 12, 12, 12, 12, 12, 13, 13, 13, 13, 14, 14, 14, 14, 15, 15, 15, 15, 16, 16, 16, 16, 17, 17, 17, 17, 18, 18, 18, 18], "b_eggs_laid": [0, 1, 1, 1, 1, 2, 2, 2, 2, 3, 3, 3, 3, 4, 4, 4, 4, 5, 5, 5, 5, 6, 6, 6, 6, 9, 9, 9, 9, 10, 10, 10, 10, 11, 11, 11, 11, 12, 12, 12, 12, 13, 13, 13, 13, 14, 14, 14, 14, 15, 15, 15, 15, 15, 15, 15, 15, 15, 15, 15, 15, 15, 15, 15, 15, 15, 15, 15, 15, 15, 15, 15, 15, 15, 15, 15, 15, 15, 15, 15], "a_turds_left": [5, 5, 5, 5, 5, 5, 5, 5, 5, 5, 5, 5, 5, 5, 5, 5, 5, 5, 5, 5, 5, 5, 5, 5, 5, 5, 5, 5, 5, 5, 5, 5, 5, 5, 5, 5, 5, 5, 5, 5, 5, 5, 5, 5, 5, 5, 5, 5, 5, 5, 5, 5, 5, 5, 5, 5, 5, 5, 5, 5, 5, 5, 5, 5, 5, 5, 5, 5, 5, 5, 5, 5, 5, 5, 5, 5, 5, 5, 5, 5], "b_turds_left": [5, 5, 5, 5, 5, 5, 5, 5, 5, 5, 5, 5, 5, 5, 5, 5, 5, 5, 5, 5, 5, 5, 5, 5, 5, 5, 5, 5, 5, 5, 5, 5, 5, 5, 5, 5, 5, 5, 5, 5, 5, 5, 5, 5, 5, 5, 5, 5, 5, 5, 5, 5, 5, 5, 5, 5, 5, 5, 5, 5, 5, 5, 5, 5, 5, 5, 5, 5, 5, 5, 5, 5, 5, 5, 5, 5, 5, 5, 5, 5], "a_time_left": [359.9960510840174, 359.9960510840174, 359.9946279589785, 359.9946279589785, 359.9911052089883, 359.9911052089883, 359.98971379199065, 359.98971379199065, 359.98626749997493, 359.98626749997493, 359.98477999994066, 359.98477999994066, 359.9837030839408, 359.9837030839408, 359.98358816694235, 359.98358816694235, 359.98303916695295, 359.98303916695295, 359.9821894999477, 359.9821894999477, 359.9780338749406, 359.9780338749406, 359.97663516690955, 359.97663516690955, 359.97531516692834, 359.97531516692834, 359.9750508759171, 359.9750508759171, 359.97416145994794, 359.97416145994794, 359.97371645993553, 359.97371645993553, 359.9724382099812, 359.9724382099812, 359.9721688349964, 359.9721688349964, 359.9715503769694, 359.9715503769694, 359.9712687099236, 359.9712687099236, 359.9711886269506, 359.9711886269506, 359.9710877519683, 359.9710877519683, 359.97101487696636, 359.97101487696636, 359.9709274179768, 359.9709274179768, 359.9707674179808, 359.9707674179808, 359.9705349599826, 359.9705349599826, 359.9702439599787, 359.9702439599787, 359.97015091899084, 359.97015091899084, 359.97005112702027, 359.97005112702027, 359.9697097520111, 359.9697097520111, 359.96959425200475, 359.96959425200475, 359.9695039600483, 359.9695039600483, 359.96938916802173, 359.96938916802173, 359.969299626071, 359.969299626071, 359.96918875107076, 359.96918875107076, 359.96910333406413, 359.96910333406413, 359.9689833340817, 359.9689833340817, 359.96889275108697, 359.96889275108697, 359.9687990010716, 359.9687990010716, 359.9687140840688, 359.9687140840688], "b_time_left": [360, 359.99631858302746, 359.99631858302746, 359.99459958303487, 359.99459958303487, 359.99139437504346, 359.99139437504346, 359.99061595799867, 359.99061595799867, 359.9881252910127, 359.9881252910127, 359.9868297080393, 359.9868297080393, 359.98558249900816, 359.98558249900816, 359.98529062396847, 359.98529062396847, 359.98496416496346, 359.98496416496346, 359.9846504559973, 359.9846504559973, 359.98426066496177, 359.98426066496177, 359.9841257899534, 359.9841257899534, 359.98400133196265, 359.98400133196265, 359.9838894989225, 359.9838894989225, 359.983771748899, 359.983771748899, 359.9836579149123, 359.9836579149123, 359.98352666490246, 359.98352666490246, 359.98342408193275, 359.98342408193275, 359.98331187391886, 359.98331187391886, 359.98320341593353, 359.98320341593353, 359.9831049579079, 359.9831049579079, 359.98300658294465, 359.98300658294465, 359.98289195797406, 359.98289195797406, 359.982793623989, 359.982793623989, 359.9826792489621, 359.9826792489621, 359.98258333298145, 359.98258333298145, 359.98250112403184, 359.98250112403184, 359.9824129990302, 359.9824129990302, 359.9823349160142, 359.9823349160142, 359.98224449902773, 359.98224449902773, 359.98216658300953, 359.98216658300953, 359.9820857500308, 359.9820857500308, 359.98200725001516, 359.98200725001516, 359.9819250419969, 359.9819250419969, 359.9818564170273, 359.9818564170273, 359.98178370902315, 359.98178370902315, 359.981720959011, 359.981720959011, 359.9816445839824, 359.9816445839824, 359.9815780009958, 359.9815780009958, 359.9815058349632], "a_moves_left": [39, 39, 38, 38, 37, 37, 36, 36, 35, 35, 34, 34, 33, 33, 32, 32, 31, 31, 30, 30, 29, 29, 28, 28, 27, 27, 26, 26, 25, 25, 24, 24, 23, 23, 22, 22, 21, 21, 20, 20, 19, 19, 18, 18, 17, 17, 16, 16, 15, 15, 14, 14, 13, 13, 12, 12, 11, 11, 10, 10, 9, 9, 8, 8, 7, 7, 6, 6, 5, 5, 4, 4, 3, 3, 2, 2, 1, 1, 0, 0], "b_moves_left": [40, 39, 39, 38, 38, 37, 37, 36, 36, 35, 35, 34, 34, 33, 33, 32, 32, 31, 31, 30, 30, 29, 29, 28, 28, 27, 27, 26, 26, 25, 25, 24, 24, 23, 23, 22, 22, 21, 21, 20, 20, 19, 19, 18, 18, 17, 17, 16, 16, 15, 15, 14, 14, 13, 13, 12, 12, 11, 11, 10, 10, 9, 9, 8, 8, 7, 7, 6, 6, 5, 5, 4, 4, 3, 3, 2, 2, 1, 1, 0], "trapdoor_triggered": [0, 0, 0, 0, 0, 0, 0, 0, 0, 0, 0, 0, 0, 0, 0, 0, 0, 0, 0, 0, 0, 0, 0, 0, 0, 0, 0, 0, 0, 0, 0, 0, 0, 0, 0, 0, 0, 0, 0, 0, 0, 0, 0, 0, 0, 0, 0, 0, 0, 0, 0, 0, 0, 0, 0, 0, 0, 0, 0, 0, 0, 0, 0, 0, 0, 0, 0, 0, 0, 0, 0, 0, 0, 0, 0, 0, 0, 0, 0, 0], "left_behind": ["egg", "egg", "plain", "plain", "egg", "egg", "plain", "plain", "egg", "egg", "plain", "plain", "egg", "egg", "plain", "plain", "plain", "egg", "plain", "plain", "egg", "egg", "plain", "plain", "egg", "egg", "plain", "plain", "egg", "egg", "plain", "plain", "egg", "egg", "plain", "plain", "egg", "egg", "plain", "plain", "egg", "egg", "plain", "plain", "plain", "egg", "plain", "plain", "plain", "egg", "plain", "plain", "plain", "plain", "plain", "plain", "egg", "plain", "plain", "plain", "egg", "plain", "plain", "plain", "egg", "plain", "plain", "plain", "egg", "plain", "plain", "plain", "egg", "plain", "plain", "plain", "egg", "plain", "plain", "plain"], "errlog_a": "", "errlog_b": "", "start_time": 360, "start_moves": 40, "turn_count": 80, "result": 0, "reason": "EGGS_LAID", "trapdoors": [[2, 2], [4, 3]], "spawn_a": [0, 6], "spawn_b": [7, 6]}