{"pos": [[0, 5], [6, 6], [1, 5], [5, 6], [1, 6], [4, 6], [2, 6], [4, 5], [2, 7], [4, 4], [3, 7], [4, 5], [2, 7], [3, 5], [1, 7], [3, 6], [0, 7], [3, 5], [0, 6], [3, 6], [0, 5], [4, 6], [0, 4], [4, 7], [1, 4], [5, 7], [1, 3], [6, 7], [0, 3], [7, 7], [0, 2], [7, 6], [1, 2], [7, 5], [1, 1], [7, 4], [0, 1], [7, 3], [0, 0], [7, 2], [1, 0], [7, 1], [2, 0], [7, 0], [2, 1], [6, 0], [3, 1], [6, 1], [3, 0], [6, 2], [4, 0], [5, 2], [4, 1], [5, 1], [4, 0], [5, 0], [4, 1], [6, 0], [5, 1], [6, 1], [4, 1], [7, 1], [4, 2], [7, 2], [3, 2], [6, 2], [2, 2], [6, 3], [2, 3], [6, 4], [2, 4], [5, 4], [2, 3], [5, 3], [3, 3], [4, 3], [3, 2], [5, 3], [4, 2], [5, 2]], "a_eggs_laid": [1, 1, 1, 1, 2, 2, 2, 2, 3, 3, 3, 3, 4, 4, 4, 4, 5, 5, 5, 5, 5, 5, 5, 5, 6, 6, 6, 6, 7, 7, 7, 7, 8, 8, 8, 8, 9, 9, 9, 9, 12, 12, 12, 12, 13, 13, 13, 13, 14, 14, 14, 14, 15, 15, 15, 15, 15, 15, 15, 15, 16, 16, 16, 16, 17, 17, 17, 17, 18, 18, 18, 18, 19, 19, 19, 19, 20, 20, 20, 20], "b_eggs_laid": [0, 1, 1, 1, 1, 2, 2, 2, 2, 3, 3, 3, 3, 3, 3, 3, 3, 4, 4, 4, 4, 4, 4, 4, 4, 5, 5, 5, 5, 6, 6, 6, 6, 6, 6, 6, 6, 7, 7, 7, 7, 8, 8, 8, 8, 11, 11, 11, 11, 12, 12, 12, 12, 13, 13, 13, 13, 14, 14, 14, 14, 14, 14, 14, 14, 14, 14, 14, 14, 15, 15, 15, 15, 16, 16, 16, 16, 17, 17, 17], "a_turds_left": [5, 5, 5, 5, 5, 5, 5, 5, 5, 5, 5, 5, 5, 5, 5, 5, 5, 5, 5, 5, 5, 5, 5, 5, 5, 5, 5, 5, 5, 5, 5, 5, 5, 5, 5, 5, 5, 5, 5, 5, 5, 5, 5, 5, 5, 5, 5, 5, 5, 5, 5, 5, 5, 5, 5, 5, 5, 5, 5, 5, 5, 5, 5, 5, 5, 5, 5, 5, 5, 5, 5, 5, 5, 5, 5, 5, 5, 5, 5, 5], "b_turds_left": [5, 5, 5, 4, 4, 4, 4, 3, 3, 3, 3, 2, 2, 2, 2, 1, 1, 1, 1, 1, 1, 1, 1, 1, 1, 1, 1, 0, 0, 0, 0, 0, 0, 0, 0, 0, 0, 0, 0, 0, 0, 0, 0, 0, 0, 0, 0, 0, 0, 0, 0, 0, 0, 0, 0, 0, 0, 0, 0, 0, 0, 0, 0, 0, 0, 0, 0, 0, 0, 0, 0, 0, 0, 0, 0, 0, 0, 0, 0, 0], "a_time_left": [359.99599058402237, 359.99599058402237, 359.99453533405904, 359.99453533405904, 359.9910202510655, 359.9910202510655, 359.98961600108305, 359.98961600108305, 359.9809240840841, 359.9809240840841, 359.9804245000705, 359.9804245000705, 359.9802260840661, 359.9802260840661, 359.97986816708, 359.97986816708, 359.97924004204106, 359.97924004204106, 359.9789669170277, 359.9789669170277, 359.9787430000142, 359.9787430000142, 359.97842745797243, 359.97842745797243, 359.97746058297344, 359.97746058297344, 359.97697504097596, 359.97697504097596, 359.97575491596945, 359.97575491596945, 359.9754664579523, 359.9754664579523, 359.97453779092757, 359.97453779092757, 359.9740882908809, 359.9740882908809, 359.97299491585, 359.97299491585, 359.9727327078581, 359.9727327078581, 359.9721597498283, 359.9721597498283, 359.9719178748783, 359.9719178748783, 359.9718098329031, 359.9718098329031, 359.9716959159123, 359.9716959159123, 359.97157174994936, 359.97157174994936, 359.97148054197896, 359.97148054197896, 359.9713720829459, 359.9713720829459, 359.9712914159172, 359.9712914159172, 359.97117391595384, 359.97117391595384, 359.97093379090074, 359.97093379090074, 359.97085904091364, 359.97085904091364, 359.9706891658716, 359.9706891658716, 359.97059404081665, 359.97059404081665, 359.97047458181623, 359.97047458181623, 359.97036191483494, 359.97036191483494, 359.97026903985534, 359.97026903985534, 359.9701520818635, 359.9701520818635, 359.9700342898723, 359.9700342898723, 359.9699572069221, 359.9699572069221, 359.969862373895, 359.969862373895], "b_time_left": [360, 359.9969682919909, 359.9969682919909, 359.9952165419818, 359.9952165419818, 359.99310612597037, 359.99310612597037, 359.99160887592006, 359.99160887592006, 359.989492584893, 359.989492584893, 359.9879890848533, 359.9879890848533, 359.9872693348443, 359.9872693348443, 359.9853084188653, 359.9853084188653, 359.98465970985126, 359.98465970985126, 359.9839756268775, 359.9839756268775, 359.98380641883705, 359.98380641883705, 359.9835436278372, 359.9835436278372, 359.98323329380946, 359.98323329380946, 359.98285066877725, 359.98285066877725, 359.982533460774, 359.982533460774, 359.98238121077884, 359.98238121077884, 359.9821762107895, 359.9821762107895, 359.9819758358062, 359.9819758358062, 359.9816430027713, 359.9816430027713, 359.98159012774704, 359.98159012774704, 359.9814899607445, 359.9814899607445, 359.9814335447154, 359.9814335447154, 359.98136837774655, 359.98136837774655, 359.98131171177374, 359.98131171177374, 359.98123046179535, 359.98123046179535, 359.98117412877036, 359.98117412877036, 359.9810978367459, 359.9810978367459, 359.9810403776937, 359.9810403776937, 359.9809798366623, 359.9809798366623, 359.9809228776721, 359.9809228776721, 359.98086125269765, 359.98086125269765, 359.98080800269963, 359.98080800269963, 359.98075000266545, 359.98075000266545, 359.98069387767464, 359.98069387767464, 359.9806207526708, 359.9806207526708, 359.9805616696831, 359.9805616696831, 359.98048637766624, 359.98048637766624, 359.980431127653, 359.980431127653, 359.9803728776751, 359.9803728776751, 359.9803128357162], "a_moves_left": [39, 39, 38, 38, 37, 37, 36, 36, 35, 35, 34, 34, 33, 33, 32, 32, 31, 31, 30, 30, 29, 29, 28, 28, 27, 27, 26, 26, 25, 25, 24, 24, 23, 23, 22, 22, 21, 21, 20, 20, 19, 19, 18, 18, 17, 17, 16, 16, 15, 15, 14, 14, 13, 13, 12, 12, 11, 11, 10, 10, 9, 9, 8, 8, 7, 7, 6, 6, 5, 5, 4, 4, 3, 3, 2, 2, 1, 1, 0, 0], "b_moves_left": [40, 39, 39, 38, 38, 37, 37, 36, 36, 35, 35, 34, 34, 33, 33, 32, 32, 31, 31, 30, 30, 29, 29, 28, 28, 27, 27, 26, 26, 25, 25, 24, 24, 23, 23, 22, 22, 21, 21, 20, 20, 19, 19, 18, 18, 17, 17, 16, 16, 15, 15, 14, 14, 13, 13, 12, 12, 11, 11, 10, 10, 9, 9, 8, 8, 7, 7, 6, 6, 5, 5, 4, 4, 3, 3, 2, 2, 1, 1, 0], "trapdoor_triggered": [0, 0, 0, 0, 0, 0, 0, 0, 0, 0, 0, 0, 0, 0, 0, 0, 0, 0, 0, 0, 0, 0, 0, 0, 0, 0, 0, 0, 0, 0, 0, 0, 0, 0, 0, 0, 0, 0, 0, 0, 0, 0, 0, 0, 0, 0, 0, 0, 0, 0, 0, 0, 0, 0, 0, 0, 0, 0, 0, 0, 0, 0, 0, 0, 0, 0, 0, 0, 0, 0, 0, 0, 0, 0, 0, 0, 0, 0, 0, 0], "left_behind": ["egg", "egg", "plain", "turd", "egg", "egg", "plain", "turd", "egg", "egg", "plain", "turd", "egg", "plain", "plain", "turd", "egg", "egg", "plain", "plain", "plain", "plain", "plain", "plain", "egg", "egg", "plain", "turd", "egg", "egg", "plain", "plain", "egg", "plain", "plain", "plain", "egg", "egg", "plain", "plain", "egg", "egg", "plain", "plain", "egg", "egg", "plain", "plain", "egg", "egg", "plain", "plain", "egg", "egg", "plain", "plain", "plain", "egg", "plain", "plain", "egg", "plain", "plain", "plain", "egg", "plain", "plain", "plain", "egg", "egg", "plain", "plain", "egg", "egg", "plain", "plain", "egg", "egg", "plain", "plain"], "errlog_a": "", "errlog_b": "", "start_time": 360, "start_moves": 40, "turn_count": 80, "result": 0, "reason": "EGGS_LAID", "trapdoors": [[5, 5], [3, 4]], "spawn_a": [0, 6], "spawn_b": [7, 6]}