{"pos": [[7, 4], [1, 5], [6, 4], [1, 4], [6, 5], [1, 3], [6, 6], [1, 2], [7, 6], [1, 1], [7, 7], [2, 1], [6, 7], [3, 1], [5, 7], [4, 1], [5, 6], [5, 1], [4, 6], [6, 1], [4, 7], [6, 2], [3, 7], [6, 3], [3, 6], [7, 3], [2, 6], [7, 2], [2, 7], [7, 1], [1, 7], [7, 0], [1, 6], [6, 0], [1, 5], [5, 0], [1, 6], [4, 0], [0, 6], [3, 0], [0, 7], [2, 0], [0, 6], [1, 0], [0, 7], [0, 0], [1, 7], [0, 1], [2, 7], [0, 2], [2, 6], [0, 3], [3, 6], [0, 4], [3, 5], [1, 4], [4, 5], [2, 4], [5, 5], [3, 4], [5, 4], [2, 4], [4, 4], [2, 5], [4, 3], [2, 4], [4, 4], [3, 4], [4, 3], [2, 4], [5, 3], [2, 5], [5, 2], [2, 4], [6, 2], [3, 4], [5, 2], [2, 4], [5, 1], [2, 5]], "a_eggs_laid": [1, 1, 1, 1, 2, 2, 2, 2, 3, 3, 3, 3, 6, 6, 6, 6, 7, 7, 7, 7, 8, 8, 8, 8, 9, 9, 9, 9, 10, 10, 10, 10, 11, 11, 11, 11, 12, 12, 12, 12, 13, 13, 13, 13, 13, 13, 13, 13, 13, 13, 13, 13, 13, 13, 13, 13, 14, 14, 14, 14, 15, 15, 15, 15, 16, 16, 16, 16, 16, 16, 16, 16, 17, 17, 17, 17, 18, 18, 18, 18], "b_eggs_laid": [0, 1, 1, 1, 1, 2, 2, 2, 2, 3, 3, 3, 3, 4, 4, 4, 4, 5, 5, 5, 5, 6, 6, 6, 6, 7, 7, 7, 7, 8, 8, 8, 8, 11, 11, 11, 11, 12, 12, 12, 12, 13, 13, 13, 13, 14, 14, 14, 14, 15, 15, 15, 15, 16, 16, 16, 16, 16, 16, 16, 16, 17, 17, 17, 17, 18, 18, 18, 18, 18, 18, 18, 18, 18, 18, 18, 18, 18, 18, 18], "a_turds_left": [5, 5, 5, 5, 5, 5, 5, 5, 5, 5, 5, 5, 5, 5, 5, 5, 5, 5, 5, 5, 5, 5, 5, 5, 5, 5, 5, 5, 5, 5, 5, 5, 5, 5, 5, 5, 5, 5, 5, 5, 5, 5, 5, 5, 5, 5, 5, 5, 5, 5, 5, 5, 5, 5, 5, 5, 5, 5, 5, 5, 5, 5, 5, 5, 5, 5, 5, 5, 5, 5, 5, 5, 5, 5, 5, 5, 5, 5, 5, 5], "b_turds_left": [5, 5, 5, 5, 5, 5, 5, 5, 5, 5, 5, 5, 5, 5, 5, 5, 5, 5, 5, 5, 5, 5, 5, 5, 5, 5, 5, 5, 5, 5, 5, 5, 5, 5, 5, 5, 5, 5, 5, 5, 5, 5, 5, 5, 5, 5, 5, 5, 5, 5, 5, 5, 5, 5, 5, 5, 5, 5, 5, 5, 5, 5, 5, 5, 5, 5, 5, 5, 5, 5, 5, 5, 5, 5, 5, 5, 5, 5, 5, 5], "a_time_left": [359.9960180829512, 359.9960180829512, 359.994656582945, 359.994656582945, 359.99106320797, 359.99106320797, 359.98971579095814, 359.98971579095814, 359.98553916590754, 359.98553916590754, 359.984708749922, 359.984708749922, 359.9828487089253, 359.9828487089253, 359.9820146249258, 359.9820146249258, 359.9794188748929, 359.9794188748929, 359.9780956248869, 359.9780956248869, 359.9767525419011, 359.9767525419011, 359.9764314588974, 359.9764314588974, 359.9754855838837, 359.9754855838837, 359.97501341690077, 359.97501341690077, 359.9738057089271, 359.9738057089271, 359.97350541793276, 359.97350541793276, 359.97257283492945, 359.97257283492945, 359.97200866794446, 359.97200866794446, 359.9713564599515, 359.9713564599515, 359.9712140849442, 359.9712140849442, 359.97112087591086, 359.97112087591086, 359.9710426258971, 359.9710426258971, 359.9709587509278, 359.9709587509278, 359.9708801259403, 359.9708801259403, 359.9707877919427, 359.9707877919427, 359.970702791994, 359.970702791994, 359.97049574996345, 359.97049574996345, 359.97028141695773, 359.97028141695773, 359.97016924992204, 359.97016924992204, 359.9700780409621, 359.9700780409621, 359.96994924894534, 359.96994924894534, 359.96985953999683, 359.96985953999683, 359.96976387297036, 359.96976387297036, 359.96967578999465, 359.96967578999465, 359.96952608099673, 359.96952608099673, 359.9692232059897, 359.9692232059897, 359.9691312480136, 359.9691312480136, 359.96904554002685, 359.96904554002685, 359.9689830400166, 359.9689830400166, 359.9687891230569, 359.9687891230569], "b_time_left": [360, 359.99781345797237, 359.99781345797237, 359.9960978749441, 359.9960978749441, 359.99283524998464, 359.99283524998464, 359.9911047089845, 359.9911047089845, 359.9879479170195, 359.9879479170195, 359.9862698750221, 359.9862698750221, 359.98314537503757, 359.98314537503757, 359.9814511250588, 359.9814511250588, 359.9782652090653, 359.9782652090653, 359.9766002090764, 359.9766002090764, 359.97509408410406, 359.97509408410406, 359.97449837607564, 359.97449837607564, 359.9736958350404, 359.9736958350404, 359.9732722930494, 359.9732722930494, 359.9731725010206, 359.9731725010206, 359.9730892100488, 359.9730892100488, 359.9730053350213, 359.9730053350213, 359.97292087599635, 359.97292087599635, 359.97281562600983, 359.97281562600983, 359.97272525099106, 359.97272525099106, 359.97262916801265, 359.97262916801265, 359.97254700097255, 359.97254700097255, 359.97244829294505, 359.97244829294505, 359.9723734179279, 359.9723734179279, 359.97227320988895, 359.97227320988895, 359.9721892098314, 359.9721892098314, 359.9720965017914, 359.9720965017914, 359.9720147518092, 359.9720147518092, 359.97181971080136, 359.97181971080136, 359.97172804380534, 359.97172804380534, 359.97163125284715, 359.97163125284715, 359.9713786688517, 359.9713786688517, 359.9713190018083, 359.9713190018083, 359.97115608584136, 359.97115608584136, 359.9710090448498, 359.9710090448498, 359.9708268358954, 359.9708268358954, 359.97073183587054, 359.97073183587054, 359.97058462689165, 359.97058462689165, 359.97046991891693, 359.97046991891693, 359.9703221269301], "a_moves_left": [39, 39, 38, 38, 37, 37, 36, 36, 35, 35, 34, 34, 33, 33, 32, 32, 31, 31, 30, 30, 29, 29, 28, 28, 27, 27, 26, 26, 25, 25, 24, 24, 23, 23, 22, 22, 21, 21, 20, 20, 19, 19, 18, 18, 17, 17, 16, 16, 15, 15, 14, 14, 13, 13, 12, 12, 11, 11, 10, 10, 9, 9, 8, 8, 7, 7, 6, 6, 5, 5, 4, 4, 3, 3, 2, 2, 1, 1, 0, 0], "b_moves_left": [40, 39, 39, 38, 38, 37, 37, 36, 36, 35, 35, 34, 34, 33, 33, 32, 32, 31, 31, 30, 30, 29, 29, 28, 28, 27, 27, 26, 26, 25, 25, 24, 24, 23, 23, 22, 22, 21, 21, 20, 20, 19, 19, 18, 18, 17, 17, 16, 16, 15, 15, 14, 14, 13, 13, 12, 12, 11, 11, 10, 10, 9, 9, 8, 8, 7, 7, 6, 6, 5, 5, 4, 4, 3, 3, 2, 2, 1, 1, 0], "trapdoor_triggered": [0, 0, 0, 0, 0, 0, 0, 0, 0, 0, 0, 0, 0, 0, 0, 0, 0, 0, 0, 0, 0, 0, 0, 0, 0, 0, 0, 0, 0, 0, 0, 0, 0, 0, 0, 0, 0, 0, 0, 0, 0, 0, 0, 0, 0, 0, 0, 0, 0, 0, 0, 0, 0, 0, 0, 0, 0, 0, 0, 0, 0, 0, 0, 0, 0, 0, 0, 0, 0, 0, 0, 0, 0, 0, 0, 0, 0, 0, 0, 0], "left_behind": ["egg", "egg", "plain", "plain", "egg", "egg", "plain", "plain", "egg", "egg", "plain", "plain", "egg", "egg", "plain", "plain", "egg", "egg", "plain", "plain", "egg", "egg", "plain", "plain", "egg", "egg", "plain", "plain", "egg", "egg", "plain", "plain", "egg", "egg", "plain", "plain", "egg", "egg", "plain", "plain", "egg", "egg", "plain", "plain", "plain", "egg", "plain", "plain", "plain", "egg", "plain", "plain", "plain", "egg", "plain", "plain", "egg", "plain", "plain", "plain", "egg", "egg", "plain", "plain", "egg", "egg", "plain", "plain", "plain", "plain", "plain", "plain", "egg", "plain", "plain", "plain", "egg", "plain", "plain", "plain"], "errlog_a": "", "errlog_b": "", "start_time": 360, "start_moves": 40, "turn_count": 80, "result": 2, "reason": "EGGS_LAID", "trapdoors": [[3, 3], [2, 3]], "spawn_a": [7, 5], "spawn_b": [0, 5]}