{"pos": [[0, 1], [6, 2], [1, 1], [6, 1], [1, 2], [5, 1], [1, 3], [4, 1], [0, 3], [3, 1], [0, 4], [2, 1], [1, 4], [2, 0], [1, 5], [3, 0], [0, 5], [4, 0], [0, 6], [5, 0], [1, 6], [6, 0], [2, 6], [7, 0], [2, 7], [7, 1], [1, 7], [6, 1], [0, 7], [6, 2], [0, 6], [6, 3], [0, 5], [6, 4], [0, 4], [6, 5], [1, 4], [6, 6], [2, 4], [5, 6], [2, 5], [4, 6], [3, 5], [3, 6], [2, 5], [3, 7], [3, 5], [4, 7], [3, 4], [5, 7], [2, 4], [6, 7], [2, 3], [7, 7], [2, 2], [7, 6], [3, 2], [7, 5], [3, 1], [7, 4], [3, 2], [7, 3], [4, 2], [6, 3], [5, 2], [5, 3], [5, 1], [5, 2]], "a_eggs_laid": [1, 1, 1, 1, 2, 2, 2, 2, 3, 3, 3, 3, 4, 4, 4, 4, 5, 5, 5, 5, 6, 6, 6, 6, 7, 7, 7, 7, 8, 8, 8, 8, 8, 8, 8, 8, 8, 8, 8, 8, 9, 9, 9, 9, 10, 10, 10, 10, 10, 10, 10, 10, 10, 10, 10, 10, 11, 11, 11, 11, 12, 12, 12, 12, 13, 13, 13, 13], "b_eggs_laid": [0, 1, 1, 1, 1, 2, 2, 2, 2, 3, 3, 3, 3, 4, 4, 4, 4, 5, 5, 5, 5, 6, 6, 6, 6, 9, 9, 9, 9, 9, 9, 9, 9, 10, 10, 10, 10, 11, 11, 11, 11, 12, 12, 12, 12, 13, 13, 13, 13, 14, 14, 14, 14, 15, 15, 15, 15, 16, 16, 16, 16, 17, 17, 17, 17, 17, 17, 22], "a_turds_left": [5, 5, 5, 5, 5, 5, 5, 5, 5, 5, 5, 5, 5, 5, 5, 5, 5, 5, 5, 5, 5, 5, 5, 5, 5, 5, 5, 5, 5, 5, 5, 5, 5, 5, 5, 5, 5, 5, 5, 5, 5, 5, 5, 5, 5, 5, 5, 5, 5, 5, 5, 5, 5, 5, 5, 5, 5, 5, 5, 5, 5, 5, 5, 5, 5, 5, 5, 5], "b_turds_left": [5, 5, 5, 5, 5, 5, 5, 5, 5, 5, 5, 5, 5, 5, 5, 5, 5, 5, 5, 5, 5, 5, 5, 5, 5, 5, 5, 5, 5, 5, 5, 5, 5, 5, 5, 5, 5, 5, 5, 5, 5, 5, 5, 5, 5, 5, 5, 5, 5, 5, 5, 5, 5, 5, 5, 5, 5, 5, 5, 5, 5, 5, 5, 5, 5, 5, 5, 5], "a_time_left": [359.99611416697735, 359.99611416697735, 359.9947411249741, 359.9947411249741, 359.9912299999851, 359.9912299999851, 359.98977858398575, 359.98977858398575, 359.9860584999551, 359.9860584999551, 359.98519887495786, 359.98519887495786, 359.98230924998643, 359.98230924998643, 359.9817509999848, 359.9817509999848, 359.9797882499988, 359.9797882499988, 359.9794787080027, 359.9794787080027, 359.9785828330205, 359.9785828330205, 359.97812041605357, 359.97812041605357, 359.9769717910094, 359.9769717910094, 359.97652295802254, 359.97652295802254, 359.97563104104484, 359.97563104104484, 359.975543083041, 359.975543083041, 359.97544095804915, 359.97544095804915, 359.9753375410801, 359.9753375410801, 359.97515100007877, 359.97515100007877, 359.97488033305854, 359.97488033305854, 359.9737114170566, 359.9737114170566, 359.9734572500456, 359.9734572500456, 359.97288804105483, 359.97288804105483, 359.9727915410185, 359.9727915410185, 359.97254149999935, 359.97254149999935, 359.97245370800374, 359.97245370800374, 359.9722408329835, 359.9722408329835, 359.9721517909784, 359.9721517909784, 359.97205987398047, 359.97205987398047, 359.97197812394006, 359.97197812394006, 359.9719119569054, 359.9719119569054, 359.97166037390707, 359.97166037390707, 359.971572915907, 359.971572915907, 359.9715088318917, 359.9715088318917], "b_time_left": [360, 359.99647933302913, 359.99647933302913, 359.9946886660182, 359.9946886660182, 359.9915734580136, 359.9915734580136, 359.9897320000455, 359.9897320000455, 359.9865457500564, 359.9865457500564, 359.9844928330858, 359.9844928330858, 359.9820209580939, 359.9820209580939, 359.9815297080786, 359.9815297080786, 359.98058908304665, 359.98058908304665, 359.9803111660294, 359.9803111660294, 359.9794961240259, 359.9794961240259, 359.9793751660618, 359.9793751660618, 359.979224291048, 359.979224291048, 359.97912816604367, 359.97912816604367, 359.978873207001, 359.978873207001, 359.97845241602045, 359.97845241602045, 359.9783294570516, 359.9783294570516, 359.97822108201217, 359.97822108201217, 359.9780949570122, 359.9780949570122, 359.9779783319682, 359.9779783319682, 359.9778535820078, 359.9778535820078, 359.9777432070114, 359.9777432070114, 359.97761783201713, 359.97761783201713, 359.97752495703753, 359.97752495703753, 359.97742291504983, 359.97742291504983, 359.97733658202924, 359.97733658202924, 359.9772349150153, 359.9772349150153, 359.9771592480247, 359.9771592480247, 359.97706404002383, 359.97706404002383, 359.97697899799095, 359.97697899799095, 359.97686599800363, 359.97686599800363, 359.97678499802714, 359.97678499802714, 359.9766305399826, 359.9766305399826, 359.97652941499837], "a_moves_left": [39, 39, 38, 38, 37, 37, 36, 36, 35, 35, 34, 34, 33, 33, 32, 32, 31, 31, 30, 30, 29, 29, 28, 28, 27, 27, 26, 26, 25, 25, 24, 24, 23, 23, 22, 22, 21, 21, 20, 20, 19, 19, 18, 18, 17, 17, 16, 16, 15, 15, 14, 14, 13, 13, 12, 12, 11, 11, 10, 10, 9, 9, 8, 8, 7, 7, 6, 6], "b_moves_left": [40, 39, 39, 38, 38, 37, 37, 36, 36, 35, 35, 34, 34, 33, 33, 32, 32, 31, 31, 30, 30, 29, 29, 28, 28, 27, 27, 26, 26, 25, 25, 24, 24, 23, 23, 22, 22, 21, 21, 20, 20, 19, 19, 18, 18, 17, 17, 16, 16, 15, 15, 14, 14, 13, 13, 12, 12, 11, 11, 10, 10, 9, 9, 8, 8, 7, 7, 6], "trapdoor_triggered": [0, 0, 0, 0, 0, 0, 0, 0, 0, 0, 0, 0, 0, 0, 0, 0, 0, 0, 0, 0, 0, 0, 0, 0, 0, 0, 0, 0, 0, 0, 0, 0, 0, 0, 0, 0, 0, 0, 0, 0, 0, 0, 0, 0, 0, 0, 0, 0, 0, 0, 0, 0, 0, 0, 0, 0, 0, 0, 0, 0, 0, 0, 0, 0, 0, 0, 0, 0], "left_behind": ["egg", "egg", "plain", "plain", "egg", "egg", "plain", "plain", "egg", "egg", "plain", "plain", "egg", "egg", "plain", "plain", "egg", "egg", "plain", "plain", "egg", "egg", "plain", "plain", "egg", "egg", "plain", "plain", "egg", "plain", "plain", "plain", "plain", "egg", "plain", "plain", "plain", "egg", "plain", "plain", "egg", "egg", "plain", "plain", "egg", "egg", "plain", "plain", "plain", "egg", "plain", "plain", "plain", "egg", "plain", "plain", "egg", "egg", "plain", "plain", "egg", "egg", "plain", "plain", "egg", "plain", "plain", "plain"], "errlog_a": "", "errlog_b": "", "start_time": 360, "start_moves": 40, "turn_count": 68, "result": 1, "reason": "BLOCKING_END", "trapdoors": [[4, 4], [4, 3]], "spawn_a": [0, 2], "spawn_b": [7, 2]}