{"pos": [[7, 0], [1, 1], [6, 0], [2, 1], [6, 1], [3, 1], [5, 1], [3, 2], [5, 0], [2, 2], [4, 0], [2, 3], [5, 0], [1, 3], [6, 0], [1, 4], [6, 1], [1, 5], [6, 2], [1, 6], [7, 2], [2, 6], [7, 3], [3, 6], [7, 4], [4, 6], [6, 4], [5, 6], [6, 5], [5, 5], [7, 5], [4, 5], [7, 6], [4, 4], [6, 6], [4, 5], [6, 7], [3, 5], [5, 7], [2, 5], [4, 7], [3, 5], [4, 6], [3, 4], [4, 7], [3, 3], [3, 7], [3, 2], [2, 7], [4, 2], [2, 6], [4, 1], [2, 7], [4, 2], [1, 7], [5, 2], [0, 7], [5, 3], [0, 6], [5, 4], [0, 7], [5, 3], [0, 6], [6, 3], [0, 7], [5, 3], [1, 7], [5, 2], [2, 7], [4, 2], [2, 6], [4, 1], [2, 7], [3, 1], [3, 7], [3, 0], [4, 7], [2, 0], [4, 6], [1, 0]], "a_eggs_laid": [1, 1, 1, 1, 2, 2, 2, 2, 3, 3, 3, 3, 4, 4, 4, 4, 4, 4, 4, 4, 5, 5, 5, 5, 6, 6, 6, 6, 7, 7, 7, 7, 8, 8, 8, 8, 9, 9, 9, 9, 10, 10, 10, 10, 11, 11, 11, 11, 12, 12, 12, 12, 13, 13, 13, 13, 14, 14, 14, 14, 15, 15, 15, 15, 15, 15, 15, 15, 15, 15, 15, 15, 15, 15, 15, 15, 15, 15, 15, 15], "b_eggs_laid": [0, 1, 1, 1, 1, 2, 2, 2, 2, 3, 3, 3, 3, 4, 4, 4, 4, 5, 5, 5, 5, 6, 6, 6, 6, 7, 7, 7, 7, 8, 8, 8, 8, 9, 9, 9, 9, 9, 9, 9, 9, 10, 10, 10, 10, 11, 11, 11, 11, 11, 11, 11, 11, 12, 12, 12, 12, 13, 13, 13, 13, 14, 14, 14, 14, 15, 15, 15, 15, 15, 15, 15, 15, 15, 15, 15, 15, 16, 16, 16], "a_turds_left": [5, 5, 5, 5, 5, 5, 5, 5, 5, 5, 5, 5, 5, 5, 5, 5, 5, 5, 5, 5, 5, 5, 5, 5, 5, 5, 5, 5, 5, 5, 5, 5, 5, 5, 5, 5, 5, 5, 5, 5, 5, 5, 5, 5, 5, 5, 5, 5, 5, 5, 5, 5, 5, 5, 5, 5, 5, 5, 5, 5, 5, 5, 5, 5, 5, 5, 5, 5, 5, 5, 5, 5, 5, 5, 5, 5, 5, 5, 5, 5], "b_turds_left": [5, 5, 5, 4, 4, 4, 4, 3, 3, 3, 3, 2, 2, 2, 2, 1, 1, 1, 1, 0, 0, 0, 0, 0, 0, 0, 0, 0, 0, 0, 0, 0, 0, 0, 0, 0, 0, 0, 0, 0, 0, 0, 0, 0, 0, 0, 0, 0, 0, 0, 0, 0, 0, 0, 0, 0, 0, 0, 0, 0, 0, 0, 0, 0, 0, 0, 0, 0, 0, 0, 0, 0, 0, 0, 0, 0, 0, 0, 0, 0], "a_time_left": [359.995860416966, 359.995860416966, 359.99552475096425, 359.99552475096425, 359.99287504295353, 359.99287504295353, 359.99150412599556, 359.99150412599556, 359.9887522099889, 359.9887522099889, 359.988412459963, 359.988412459963, 359.9880487929913, 359.9880487929913, 359.9877234179876, 359.9877234179876, 359.98751195997465, 359.98751195997465, 359.98718308494426, 359.98718308494426, 359.98390487593133, 359.98390487593133, 359.98316466790857, 359.98316466790857, 359.9822145838989, 359.9822145838989, 359.98180404293817, 359.98180404293817, 359.98073283495614, 359.98073283495614, 359.98049566795817, 359.98049566795817, 359.9797056269599, 359.9797056269599, 359.97933300194563, 359.97933300194563, 359.97857391892467, 359.97857391892467, 359.9783495029551, 359.9783495029551, 359.9780733359512, 359.9780733359512, 359.97787100292044, 359.97787100292044, 359.9777954199235, 359.9777954199235, 359.9776696698973, 359.9776696698973, 359.9775850449223, 359.9775850449223, 359.97749875392765, 359.97749875392765, 359.97742737893714, 359.97742737893714, 359.9773109619273, 359.9773109619273, 359.977224378963, 359.977224378963, 359.97715512895957, 359.97715512895957, 359.97708492097445, 359.97708492097445, 359.97701133799274, 359.97701133799274, 359.97693925496424, 359.97693925496424, 359.97685900493525, 359.97685900493525, 359.9767825049348, 359.9767825049348, 359.9766977549298, 359.9766977549298, 359.97663383791223, 359.97663383791223, 359.9765534209437, 359.9765534209437, 359.9764656299376, 359.9764656299376, 359.97638425492914, 359.97638425492914], "b_time_left": [360, 359.99735483300174, 359.99735483300174, 359.9957342490088, 359.9957342490088, 359.99336449900875, 359.99336449900875, 359.9918434570427, 359.9918434570427, 359.98958349903114, 359.98958349903114, 359.9880107900244, 359.9880107900244, 359.9863084569806, 359.9863084569806, 359.9857064989628, 359.9857064989628, 359.9826431659749, 359.9826431659749, 359.9820582489483, 359.9820582489483, 359.980723831919, 359.980723831919, 359.98042578989407, 359.98042578989407, 359.9799722479074, 359.9799722479074, 359.9797191648977, 359.9797191648977, 359.9796299148584, 359.9796299148584, 359.9795566648245, 359.9795566648245, 359.9794613318518, 359.9794613318518, 359.9793873738381, 359.9793873738381, 359.97931203985354, 359.97931203985354, 359.979252997844, 359.979252997844, 359.97917608183343, 359.97917608183343, 359.979109206819, 359.979109206819, 359.9790330817923, 359.9790330817923, 359.9789739148109, 359.9789739148109, 359.9789122068323, 359.9789122068323, 359.97885108186165, 359.97885108186165, 359.9787905818084, 359.9787905818084, 359.97873641585466, 359.97873641585466, 359.97867595788557, 359.97867595788557, 359.9786233329214, 359.9786233329214, 359.97855470789364, 359.97855470789364, 359.9784947079024, 359.9784947079024, 359.97844374988927, 359.97844374988927, 359.97838445787784, 359.97838445787784, 359.97832916583866, 359.97832916583866, 359.9782738328213, 359.9782738328213, 359.9782179998001, 359.9782179998001, 359.9781633748207, 359.9781633748207, 359.9781011667801, 359.9781011667801, 359.97805145877646], "a_moves_left": [39, 39, 38, 38, 37, 37, 36, 36, 35, 35, 34, 34, 33, 33, 32, 32, 31, 31, 30, 30, 29, 29, 28, 28, 27, 27, 26, 26, 25, 25, 24, 24, 23, 23, 22, 22, 21, 21, 20, 20, 19, 19, 18, 18, 17, 17, 16, 16, 15, 15, 14, 14, 13, 13, 12, 12, 11, 11, 10, 10, 9, 9, 8, 8, 7, 7, 6, 6, 5, 5, 4, 4, 3, 3, 2, 2, 1, 1, 0, 0], "b_moves_left": [40, 39, 39, 38, 38, 37, 37, 36, 36, 35, 35, 34, 34, 33, 33, 32, 32, 31, 31, 30, 30, 29, 29, 28, 28, 27, 27, 26, 26, 25, 25, 24, 24, 23, 23, 22, 22, 21, 21, 20, 20, 19, 19, 18, 18, 17, 17, 16, 16, 15, 15, 14, 14, 13, 13, 12, 12, 11, 11, 10, 10, 9, 9, 8, 8, 7, 7, 6, 6, 5, 5, 4, 4, 3, 3, 2, 2, 1, 1, 0], "trapdoor_triggered": [0, 0, 0, 0, 0, 0, 0, 0, 0, 0, 0, 0, 0, 0, 0, 0, 0, 0, 0, 0, 0, 0, 0, 0, 0, 0, 0, 0, 0, 0, 0, 0, 0, 0, 0, 0, 0, 0, 0, 0, 0, 0, 0, 0, 0, 0, 0, 0, 0, 0, 0, 0, 0, 0, 0, 0, 0, 0, 0, 0, 0, 0, 0, 0, 0, 0, 0, 0, 0, 0, 0, 0, 0, 0, 0, 0, 0, 0, 0, 0], "left_behind": ["egg", "egg", "plain", "turd", "egg", "egg", "plain", "turd", "egg", "egg", "plain", "turd", "egg", "egg", "plain", "turd", "plain", "egg", "plain", "turd", "egg", "egg", "plain", "plain", "egg", "egg", "plain", "plain", "egg", "egg", "plain", "plain", "egg", "egg", "plain", "plain", "egg", "plain", "plain", "plain", "egg", "egg", "plain", "plain", "egg", "egg", "plain", "plain", "egg", "plain", "plain", "plain", "egg", "egg", "plain", "plain", "egg", "egg", "plain", "plain", "egg", "egg", "plain", "plain", "plain", "egg", "plain", "plain", "plain", "plain", "plain", "plain", "plain", "plain", "plain", "plain", "plain", "egg", "plain", "plain"], "errlog_a": "", "errlog_b": "", "start_time": 360, "start_moves": 40, "turn_count": 80, "result": 1, "reason": "EGGS_LAID", "trapdoors": [[2, 4], [4, 3]], "spawn_a": [7, 1], "spawn_b": [0, 1]}