{"pos": [[7, 4], [1, 5], [6, 4], [1, 4], [6, 5], [1, 3], [6, 6], [2, 3], [7, 6], [3, 3], [7, 7], [2, 3], [6, 7], [3, 3], [5, 7], [3, 2], [5, 6], [4, 2], [4, 6], [4, 1], [4, 7], [5, 1], [3, 7], [5, 2], [3, 6], [6, 2], [2, 6], [6, 3], [2, 7], [7, 3], [1, 7], [7, 2], [0, 7], [7, 1], [0, 6], [6, 1], [0, 7], [6, 0], [0, 6], [5, 0], [0, 7], [4, 0], [1, 7], [3, 0], [2, 7], [3, 1], [2, 6], [2, 1], [3, 6], [2, 0], [3, 5], [1, 0], [4, 5], [1, 1], [4, 4], [1, 2], [5, 4], [0, 2], [5, 3], [0, 1], [5, 4], [0, 0], [5, 5], [1, 0], [6, 5], [2, 0], [6, 4], [3, 0], [7, 4], [4, 0], [7, 3], [5, 0], [7, 4], [6, 0], [7, 3], [7, 0], [7, 4], [7, 1], [7, 5], [7, 0]], "a_eggs_laid": [1, 1, 1, 1, 2, 2, 2, 2, 3, 3, 3, 3, 6, 6, 6, 6, 7, 7, 7, 7, 8, 8, 8, 8, 9, 9, 9, 9, 10, 10, 10, 10, 11, 11, 11, 11, 12, 12, 12, 12, 12, 12, 12, 12, 12, 12, 12, 12, 12, 12, 12, 12, 13, 13, 13, 13, 14, 14, 14, 14, 15, 15, 15, 15, 16, 16, 16, 16, 16, 16, 16, 16, 17, 17, 17, 17, 17, 17, 17, 17], "b_eggs_laid": [0, 1, 1, 1, 1, 2, 2, 2, 2, 3, 3, 3, 3, 3, 3, 3, 3, 4, 4, 4, 4, 5, 5, 5, 5, 6, 6, 6, 6, 7, 7, 7, 7, 8, 8, 8, 8, 9, 9, 9, 9, 10, 10, 10, 10, 11, 11, 11, 11, 12, 12, 12, 12, 13, 13, 13, 13, 14, 14, 14, 14, 15, 15, 15, 15, 15, 15, 15, 15, 15, 15, 15, 15, 15, 15, 15, 15, 18, 18, 18], "a_turds_left": [5, 5, 5, 5, 5, 5, 5, 5, 5, 5, 5, 5, 5, 5, 5, 5, 5, 5, 5, 5, 5, 5, 5, 5, 5, 5, 5, 5, 5, 5, 5, 5, 5, 5, 5, 5, 5, 5, 5, 5, 5, 5, 5, 5, 5, 5, 5, 5, 5, 5, 5, 5, 5, 5, 5, 5, 5, 5, 5, 5, 5, 5, 5, 5, 5, 5, 5, 5, 5, 5, 5, 5, 5, 5, 5, 5, 5, 5, 5, 5], "b_turds_left": [5, 5, 5, 4, 4, 4, 4, 3, 3, 3, 3, 2, 2, 2, 2, 2, 2, 2, 2, 1, 1, 1, 1, 0, 0, 0, 0, 0, 0, 0, 0, 0, 0, 0, 0, 0, 0, 0, 0, 0, 0, 0, 0, 0, 0, 0, 0, 0, 0, 0, 0, 0, 0, 0, 0, 0, 0, 0, 0, 0, 0, 0, 0, 0, 0, 0, 0, 0, 0, 0, 0, 0, 0, 0, 0, 0, 0, 0, 0, 0], "a_time_left": [359.9960791670019, 359.9960791670019, 359.99466358398786, 359.99466358398786, 359.9911270010052, 359.9911270010052, 359.9896900849999, 359.9896900849999, 359.98616616794607, 359.98616616794607, 359.98526837700047, 359.98526837700047, 359.9832277930109, 359.9832277930109, 359.98237204301404, 359.98237204301404, 359.981275459053, 359.981275459053, 359.98069937503897, 359.98069937503897, 359.9769821660593, 359.9769821660593, 359.9766414160258, 359.9766414160258, 359.97582116606645, 359.97582116606645, 359.97545137407724, 359.97545137407724, 359.97508158307755, 359.97508158307755, 359.9749610410654, 359.9749610410654, 359.9747709990479, 359.9747709990479, 359.97467799909646, 359.97467799909646, 359.97458099911455, 359.97458099911455, 359.97450387413846, 359.97450387413846, 359.9744334581774, 359.9744334581774, 359.97435120819137, 359.97435120819137, 359.9742685412057, 359.9742685412057, 359.97418241621926, 359.97418241621926, 359.97406966617564, 359.97406966617564, 359.9739176661824, 359.9739176661824, 359.9738260411541, 359.9738260411541, 359.9737399571459, 359.9737399571459, 359.973662332166, 359.973662332166, 359.97358412417816, 359.97358412417816, 359.9735244991607, 359.9735244991607, 359.97341095714364, 359.97341095714364, 359.9733080821461, 359.9733080821461, 359.97321795712924, 359.97321795712924, 359.97313429112546, 359.97313429112546, 359.97304408310447, 359.97304408310447, 359.9729817081243, 359.9729817081243, 359.9729075001087, 359.9729075001087, 359.97284854209283, 359.97284854209283, 359.9727736260975, 359.9727736260975], "b_time_left": [360, 359.996789249999, 359.996789249999, 359.9949369999813, 359.9949369999813, 359.99213074997533, 359.99213074997533, 359.99044537497684, 359.99044537497684, 359.9894981670077, 359.9894981670077, 359.9879264589981, 359.9879264589981, 359.98707024997566, 359.98707024997566, 359.9860279589775, 359.9860279589775, 359.98371287598275, 359.98371287598275, 359.9831089589861, 359.9831089589861, 359.9809217089787, 359.9809217089787, 359.98038279195316, 359.98038279195316, 359.9799628339242, 359.9799628339242, 359.97973054193426, 359.97973054193426, 359.97942816693103, 359.97942816693103, 359.9792788749328, 359.9792788749328, 359.9791981249582, 359.9791981249582, 359.97914262500126, 359.97914262500126, 359.9790626670001, 359.9790626670001, 359.97900037595537, 359.97900037595537, 359.9789265849395, 359.9789265849395, 359.9788710019784, 359.9788710019784, 359.9787969189347, 359.9787969189347, 359.97873641893966, 359.97873641893966, 359.9786542939255, 359.9786542939255, 359.9785971689271, 359.9785971689271, 359.97852454392705, 359.97852454392705, 359.9784633349045, 359.9784633349045, 359.9783830429078, 359.9783830429078, 359.9783297929098, 359.9783297929098, 359.97825995995663, 359.97825995995663, 359.9782093769754, 359.9782093769754, 359.97814579395344, 359.97814579395344, 359.9780927519896, 359.9780927519896, 359.97803112701513, 359.97803112701513, 359.97797541797627, 359.97797541797627, 359.9779179589823, 359.9779179589823, 359.9778648339561, 359.9778648339561, 359.9778054589988, 359.9778054589988, 359.97775241796626], "a_moves_left": [39, 39, 38, 38, 37, 37, 36, 36, 35, 35, 34, 34, 33, 33, 32, 32, 31, 31, 30, 30, 29, 29, 28, 28, 27, 27, 26, 26, 25, 25, 24, 24, 23, 23, 22, 22, 21, 21, 20, 20, 19, 19, 18, 18, 17, 17, 16, 16, 15, 15, 14, 14, 13, 13, 12, 12, 11, 11, 10, 10, 9, 9, 8, 8, 7, 7, 6, 6, 5, 5, 4, 4, 3, 3, 2, 2, 1, 1, 0, 0], "b_moves_left": [40, 39, 39, 38, 38, 37, 37, 36, 36, 35, 35, 34, 34, 33, 33, 32, 32, 31, 31, 30, 30, 29, 29, 28, 28, 27, 27, 26, 26, 25, 25, 24, 24, 23, 23, 22, 22, 21, 21, 20, 20, 19, 19, 18, 18, 17, 17, 16, 16, 15, 15, 14, 14, 13, 13, 12, 12, 11, 11, 10, 10, 9, 9, 8, 8, 7, 7, 6, 6, 5, 5, 4, 4, 3, 3, 2, 2, 1, 1, 0], "trapdoor_triggered": [0, 0, 0, 0, 0, 0, 0, 0, 0, 0, 0, 0, 0, 0, 0, 0, 0, 0, 0, 0, 0, 0, 0, 0, 0, 0, 0, 0, 0, 0, 0, 0, 0, 0, 0, 0, 0, 0, 0, 0, 0, 0, 0, 0, 0, 0, 0, 0, 0, 0, 0, 0, 0, 0, 0, 0, 0, 0, 0, 0, 0, 0, 0, 0, 0, 0, 0, 0, 0, 0, 0, 0, 0, 0, 0, 0, 0, 0, 0, 0], "left_behind": ["egg", "egg", "plain", "turd", "egg", "egg", "plain", "turd", "egg", "egg", "plain", "turd", "egg", "plain", "plain", "plain", "egg", "egg", "plain", "turd", "egg", "egg", "plain", "turd", "egg", "egg", "plain", "plain", "egg", "egg", "plain", "plain", "egg", "egg", "plain", "plain", "egg", "egg", "plain", "plain", "plain", "egg", "plain", "plain", "plain", "egg", "plain", "plain", "plain", "egg", "plain", "plain", "egg", "egg", "plain", "plain", "egg", "egg", "plain", "plain", "egg", "egg", "plain", "plain", "egg", "plain", "plain", "plain", "plain", "plain", "plain", "plain", "egg", "plain", "plain", "plain", "plain", "egg", "plain", "plain"], "errlog_a": "", "errlog_b": "", "start_time": 360, "start_moves": 40, "turn_count": 80, "result": 1, "reason": "EGGS_LAID", "trapdoors": [[2, 4], [3, 4]], "spawn_a": [7, 5], "spawn_b": [0, 5]}