{"pos": [[0, 1], [6, 2], [1, 1], [6, 1], [1, 2], [5, 1], [1, 3], [4, 1], [0, 3], [3, 1], [0, 4], [2, 1], [1, 4], [2, 2], [1, 5], [1, 2], [0, 5], [2, 2], [0, 6], [3, 2], [1, 6], [3, 3], [2, 6], [2, 3], [2, 7], [2, 4], [1, 7], [1, 4], [0, 7], [2, 4], [0, 6], [3, 4], [0, 5], [4, 4], [0, 4], [3, 4], [0, 3], [3, 5], [1, 3], [3, 6], [0, 3], [4, 6], [0, 2], [5, 6], [0, 1], [5, 5], [0, 0], [6, 5], [1, 0], [6, 4], [2, 0], [6, 3], [3, 0], [7, 3], [3, 1], [6, 3], [3, 0], [6, 2], [4, 0], [5, 2], [5, 0], [4, 2], [5, 1], [4, 3], [5, 0], [4, 2], [6, 0], [4, 1], [7, 0], [4, 2], [7, 1], [5, 2], [7, 0], [6, 2], [7, 1], [6, 1], [7, 0], [6, 2], [6, 0], [7, 2]], "a_eggs_laid": [1, 1, 1, 1, 2, 2, 2, 2, 3, 3, 3, 3, 4, 4, 4, 4, 5, 5, 5, 5, 6, 6, 6, 6, 7, 7, 7, 7, 8, 8, 8, 8, 8, 8, 8, 8, 8, 8, 8, 8, 8, 8, 8, 8, 8, 8, 8, 8, 11, 11, 11, 11, 12, 12, 12, 12, 13, 13, 13, 13, 14, 14, 14, 14, 15, 15, 15, 15, 16, 16, 16, 16, 17, 17, 17, 17, 17, 17, 17, 17], "b_eggs_laid": [0, 1, 1, 1, 1, 2, 2, 2, 2, 3, 3, 3, 3, 4, 4, 4, 4, 5, 5, 5, 5, 6, 6, 6, 6, 7, 7, 7, 7, 8, 8, 8, 8, 9, 9, 9, 9, 9, 9, 9, 9, 10, 10, 10, 10, 11, 11, 11, 11, 12, 12, 12, 12, 13, 13, 13, 13, 13, 13, 13, 13, 14, 14, 14, 14, 15, 15, 15, 15, 15, 15, 15, 15, 15, 15, 15, 15, 15, 15, 15], "a_turds_left": [5, 5, 5, 5, 5, 5, 5, 5, 5, 5, 5, 5, 5, 5, 5, 5, 5, 5, 5, 5, 5, 5, 5, 5, 5, 5, 5, 5, 5, 5, 5, 5, 5, 5, 5, 5, 5, 5, 5, 5, 5, 5, 5, 5, 5, 5, 5, 5, 5, 5, 5, 5, 5, 5, 5, 5, 5, 5, 5, 5, 5, 5, 5, 5, 5, 5, 5, 5, 5, 5, 5, 5, 5, 5, 5, 5, 5, 5, 5, 5], "b_turds_left": [5, 5, 5, 5, 5, 5, 5, 5, 5, 5, 5, 5, 5, 5, 5, 5, 5, 5, 5, 5, 5, 5, 5, 5, 5, 5, 5, 5, 5, 5, 5, 5, 5, 5, 5, 5, 5, 5, 5, 5, 5, 5, 5, 5, 5, 5, 5, 5, 5, 5, 5, 5, 5, 5, 5, 5, 5, 5, 5, 5, 5, 5, 5, 5, 5, 5, 5, 5, 5, 5, 5, 5, 5, 5, 5, 5, 5, 5, 5, 5], "a_time_left": [359.99614366702735, 359.99614366702735, 359.9948205000255, 359.9948205000255, 359.9913780000061, 359.9913780000061, 359.98994954198133, 359.98994954198133, 359.98646583396476, 359.98646583396476, 359.9856112089474, 359.9856112089474, 359.98457608395256, 359.98457608395256, 359.98325345892226, 359.98325345892226, 359.9819579999312, 359.9819579999312, 359.98165954090655, 359.98165954090655, 359.98078574892133, 359.98078574892133, 359.9803452079068, 359.9803452079068, 359.9792453329428, 359.9792453329428, 359.9788140829769, 359.9788140829769, 359.9779526249622, 359.9779526249622, 359.977862916945, 359.977862916945, 359.9777562499512, 359.9777562499512, 359.9776500419248, 359.9776500419248, 359.97753895889036, 359.97753895889036, 359.97743879287736, 359.97743879287736, 359.9773625008529, 359.9773625008529, 359.9772610848886, 359.9772610848886, 359.97707379289204, 359.97707379289204, 359.976795375871, 359.976795375871, 359.97615729284007, 359.97615729284007, 359.9758746258449, 359.9758746258449, 359.9752128338441, 359.9752128338441, 359.9751152508543, 359.9751152508543, 359.97503170883283, 359.97503170883283, 359.9747736668214, 359.9747736668214, 359.97467191680335, 359.97467191680335, 359.97458316682605, 359.97458316682605, 359.97450458281673, 359.97450458281673, 359.97438270779094, 359.97438270779094, 359.97429279080825, 359.97429279080825, 359.97420979081653, 359.97420979081653, 359.9741309157689, 359.9741309157689, 359.9740518317558, 359.9740518317558, 359.9739780817181, 359.9739780817181, 359.97389333171304, 359.97389333171304], "b_time_left": [360, 359.9966464169556, 359.9966464169556, 359.99492524995003, 359.99492524995003, 359.99056387494784, 359.99056387494784, 359.98892733297544, 359.98892733297544, 359.9849447919987, 359.9849447919987, 359.9831686670077, 359.9831686670077, 359.9805625419831, 359.9805625419831, 359.97884245798923, 359.97884245798923, 359.9784435000038, 359.9784435000038, 359.9780055000447, 359.9780055000447, 359.97690550005063, 359.97690550005063, 359.9763462920673, 359.9763462920673, 359.975572208059, 359.975572208059, 359.975044666091, 359.975044666091, 359.97475075005786, 359.97475075005786, 359.9743590830476, 359.9743590830476, 359.97425229108194, 359.97425229108194, 359.9741602910799, 359.9741602910799, 359.9737727501197, 359.9737727501197, 359.9736785001587, 359.9736785001587, 359.973585542175, 359.973585542175, 359.97349929221673, 359.97349929221673, 359.9733913752134, 359.9733913752134, 359.97330375021556, 359.97330375021556, 359.9731937502511, 359.9731937502511, 359.97311045927927, 359.97311045927927, 359.97300866729347, 359.97300866729347, 359.9729378752527, 359.9729378752527, 359.97254987520864, 359.97254987520864, 359.9722965832334, 359.9722965832334, 359.97219920821954, 359.97219920821954, 359.97211358323693, 359.97211358323693, 359.9720199172734, 359.9720199172734, 359.97193341731327, 359.97193341731327, 359.97187433432555, 359.97187433432555, 359.97178875131067, 359.97178875131067, 359.97165908431634, 359.97165908431634, 359.97157562628854, 359.97157562628854, 359.97151983430376, 359.97151983430376, 359.9714374592877], "a_moves_left": [39, 39, 38, 38, 37, 37, 36, 36, 35, 35, 34, 34, 33, 33, 32, 32, 31, 31, 30, 30, 29, 29, 28, 28, 27, 27, 26, 26, 25, 25, 24, 24, 23, 23, 22, 22, 21, 21, 20, 20, 19, 19, 18, 18, 17, 17, 16, 16, 15, 15, 14, 14, 13, 13, 12, 12, 11, 11, 10, 10, 9, 9, 8, 8, 7, 7, 6, 6, 5, 5, 4, 4, 3, 3, 2, 2, 1, 1, 0, 0], "b_moves_left": [40, 39, 39, 38, 38, 37, 37, 36, 36, 35, 35, 34, 34, 33, 33, 32, 32, 31, 31, 30, 30, 29, 29, 28, 28, 27, 27, 26, 26, 25, 25, 24, 24, 23, 23, 22, 22, 21, 21, 20, 20, 19, 19, 18, 18, 17, 17, 16, 16, 15, 15, 14, 14, 13, 13, 12, 12, 11, 11, 10, 10, 9, 9, 8, 8, 7, 7, 6, 6, 5, 5, 4, 4, 3, 3, 2, 2, 1, 1, 0], "trapdoor_triggered": [0, 0, 0, 0, 0, 0, 0, 0, 0, 0, 0, 0, 0, 0, 0, 0, 0, 0, 0, 0, 0, 0, 0, 0, 0, 0, 0, 0, 0, 0, 0, 0, 0, 0, 0, 0, 0, 0, 0, 0, 0, 0, 0, 0, 0, 0, 0, 0, 0, 0, 0, 0, 0, 0, 0, 0, 0, 0, 0, 0, 0, 0, 0, 0, 0, 0, 0, 0, 0, 0, 0, 0, 0, 0, 0, 0, 0, 0, 0, 0], "left_behind": ["egg", "egg", "plain", "plain", "egg", "egg", "plain", "plain", "egg", "egg", "plain", "plain", "egg", "egg", "plain", "plain", "egg", "egg", "plain", "plain", "egg", "egg", "plain", "plain", "egg", "egg", "plain", "plain", "egg", "egg", "plain", "plain", "plain", "egg", "plain", "plain", "plain", "plain", "plain", "plain", "plain", "egg", "plain", "plain", "plain", "egg", "plain", "plain", "egg", "egg", "plain", "plain", "egg", "egg", "plain", "plain", "egg", "plain", "plain", "plain", "egg", "egg", "plain", "plain", "egg", "egg", "plain", "plain", "egg", "plain", "plain", "plain", "egg", "plain", "plain", "plain", "plain", "plain", "plain", "plain"], "errlog_a": "", "errlog_b": "", "start_time": 360, "start_moves": 40, "turn_count": 80, "result": 0, "reason": "EGGS_LAID", "trapdoors": [[5, 3], [5, 4]], "spawn_a": [0, 2], "spawn_b": [7, 2]}