{"pos": [[0, 3], [6, 4], [1, 3], [6, 3], [1, 4], [6, 2], [1, 5], [5, 2], [0, 5], [5, 3], [0, 6], [5, 2], [1, 6], [4, 2], [2, 6], [3, 2], [2, 7], [3, 1], [1, 7], [2, 1], [0, 7], [2, 0], [0, 6], [1, 0], [0, 5], [1, 1], [0, 4], [1, 2], [1, 4], [2, 2], [2, 4], [2, 1], [2, 5], [2, 0], [3, 5], [3, 0], [3, 6], [4, 0], [3, 7], [5, 0], [4, 7], [6, 0], [5, 7], [7, 0], [5, 6], [7, 1], [5, 5], [6, 1], [4, 5], [5, 1], [4, 6], [4, 1], [4, 5], [4, 0], [5, 5], [5, 0], [5, 6], [6, 0], [6, 6], [7, 0], [7, 6], [7, 1], [7, 5], [7, 2], [7, 6], [7, 3], [7, 7], [7, 4]], "a_eggs_laid": [1, 1, 1, 1, 2, 2, 2, 2, 3, 3, 3, 3, 4, 4, 4, 4, 5, 5, 5, 5, 6, 6, 6, 6, 6, 6, 6, 6, 6, 6, 6, 6, 7, 7, 7, 7, 8, 8, 8, 8, 9, 9, 9, 9, 10, 10, 10, 10, 11, 11, 11, 11, 12, 12, 12, 12, 12, 12, 12, 12, 13, 13, 13, 13, 14, 14, 14, 14], "b_eggs_laid": [0, 1, 1, 1, 1, 2, 2, 2, 2, 3, 3, 3, 3, 3, 3, 3, 3, 4, 4, 4, 4, 5, 5, 5, 5, 6, 6, 6, 6, 7, 7, 7, 7, 7, 7, 7, 7, 8, 8, 8, 8, 9, 9, 9, 9, 12, 12, 12, 12, 13, 13, 13, 13, 14, 14, 14, 14, 14, 14, 14, 14, 14, 14, 14, 14, 15, 15, 15], "a_turds_left": [5, 5, 5, 5, 5, 5, 5, 5, 5, 5, 5, 5, 5, 5, 5, 5, 5, 5, 5, 5, 5, 5, 5, 5, 5, 5, 5, 5, 5, 5, 5, 5, 5, 5, 5, 5, 5, 5, 5, 5, 5, 5, 5, 5, 5, 5, 5, 5, 5, 5, 5, 5, 5, 5, 5, 5, 5, 5, 5, 5, 5, 5, 5, 5, 5, 5, 5, 5], "b_turds_left": [5, 5, 5, 4, 4, 4, 4, 3, 3, 3, 3, 2, 2, 2, 2, 1, 1, 1, 1, 0, 0, 0, 0, 0, 0, 0, 0, 0, 0, 0, 0, 0, 0, 0, 0, 0, 0, 0, 0, 0, 0, 0, 0, 0, 0, 0, 0, 0, 0, 0, 0, 0, 0, 0, 0, 0, 0, 0, 0, 0, 0, 0, 0, 0, 0, 0, 0, 0], "a_time_left": [359.9958523749956, 359.9958523749956, 359.994485208008, 359.994485208008, 359.99090474896366, 359.99090474896366, 359.9903282909654, 359.9903282909654, 359.98894583195215, 359.98894583195215, 359.98810783197405, 359.98810783197405, 359.987005456991, 359.987005456991, 359.98641162301647, 359.98641162301647, 359.9850421230076, 359.9850421230076, 359.9836653309758, 359.9836653309758, 359.98267858097097, 359.98267858097097, 359.98258779000025, 359.98258779000025, 359.9824878310319, 359.9824878310319, 359.9823763720342, 359.9823763720342, 359.98220166302053, 359.98220166302053, 359.98195937101264, 359.98195937101264, 359.98112041299464, 359.98112041299464, 359.9808866219828, 359.9808866219828, 359.9807618719642, 359.9807618719642, 359.98066328896675, 359.98066328896675, 359.98056266398635, 359.98056266398635, 359.98047433100874, 359.98047433100874, 359.9803755389876, 359.9803755389876, 359.98028216400417, 359.98028216400417, 359.9801893719705, 359.9801893719705, 359.98009495594306, 359.98009495594306, 359.97998833091697, 359.97998833091697, 359.97985483094817, 359.97985483094817, 359.97974933090154, 359.97974933090154, 359.9796307889046, 359.9796307889046, 359.97953720594523, 359.97953720594523, 359.9794628729578, 359.9794628729578, 359.97939812298864, 359.97939812298864, 359.97928549797507, 359.97928549797507], "b_time_left": [360, 359.997026374971, 359.997026374971, 359.99513687496074, 359.99513687496074, 359.99261695798486, 359.99261695798486, 359.9909458749462, 359.9909458749462, 359.98998204193776, 359.98998204193776, 359.98844391689636, 359.98844391689636, 359.98755662486656, 359.98755662486656, 359.98689279082464, 359.98689279082464, 359.9821944567957, 359.9821944567957, 359.9816035818076, 359.9816035818076, 359.981209623802, 359.981209623802, 359.9810239158105, 359.9810239158105, 359.98078174883267, 359.98078174883267, 359.9805537487846, 359.9805537487846, 359.9802601237898, 359.9802601237898, 359.9801823737798, 359.9801823737798, 359.98011062375735, 359.98011062375735, 359.98005449876655, 359.98005449876655, 359.9799767487566, 359.9799767487566, 359.9799227907788, 359.9799227907788, 359.9798487907392, 359.9798487907392, 359.97979083278915, 359.97979083278915, 359.9797254577861, 359.9797254577861, 359.97966770781204, 359.97966770781204, 359.97957937483443, 359.97957937483443, 359.9795180828078, 359.9795180828078, 359.979424291756, 359.979424291756, 359.97936516674235, 359.97936516674235, 359.97930387576343, 359.97930387576343, 359.97924966778373, 359.97924966778373, 359.97919454280054, 359.97919454280054, 359.97913729277207, 359.97913729277207, 359.9790610007476, 359.9790610007476, 359.9790063757682], "a_moves_left": [39, 39, 38, 38, 37, 37, 36, 36, 35, 35, 34, 34, 33, 33, 32, 32, 31, 31, 30, 30, 29, 29, 28, 28, 27, 27, 26, 26, 25, 25, 24, 24, 23, 23, 22, 22, 21, 21, 20, 20, 19, 19, 18, 18, 17, 17, 16, 16, 15, 15, 14, 14, 13, 13, 12, 12, 11, 11, 10, 10, 9, 9, 8, 8, 7, 7, 6, 6], "b_moves_left": [40, 39, 39, 38, 38, 37, 37, 36, 36, 35, 35, 34, 34, 33, 33, 32, 32, 31, 31, 30, 30, 29, 29, 28, 28, 27, 27, 26, 26, 25, 25, 24, 24, 23, 23, 22, 22, 21, 21, 20, 20, 19, 19, 18, 18, 17, 17, 16, 16, 15, 15, 14, 14, 13, 13, 12, 12, 11, 11, 10, 10, 9, 9, 8, 8, 7, 7, 6], "trapdoor_triggered": [0, 0, 0, 0, 0, 0, 0, 0, 0, 0, 0, 0, 0, 0, 0, 0, 0, 0, 0, 0, 0, 0, 0, 0, 0, 0, 0, 0, 0, 0, 0, 0, 0, 0, 0, 0, 0, 0, 0, 0, 0, 0, 0, 0, 0, 0, 0, 0, 0, 0, 0, 0, 0, 0, 0, 0, 0, 0, 0, 0, 0, 0, 0, 0, 0, 0, 0, 0], "left_behind": ["egg", "egg", "plain", "turd", "egg", "egg", "plain", "turd", "egg", "egg", "plain", "turd", "egg", "plain", "plain", "turd", "egg", "egg", "plain", "turd", "egg", "egg", "plain", "plain", "plain", "egg", "plain", "plain", "plain", "egg", "plain", "plain", "egg", "plain", "plain", "plain", "egg", "egg", "plain", "plain", "egg", "egg", "plain", "plain", "egg", "egg", "plain", "plain", "egg", "egg", "plain", "plain", "egg", "egg", "plain", "plain", "plain", "plain", "plain", "plain", "egg", "plain", "plain", "plain", "egg", "egg", "plain", "plain"], "errlog_a": "Traceback (most recent call last):\n  File \"/Users/sunnylyx/Documents/3600-agents/engine/player_process.py\", line 283, in run_player_process\n    player_move = player.play(\n  File \"/Users/sunnylyx/Documents/3600-agents/3600-agents/Gazelle/agent.py\", line 155, in play\n    is_safe_corner = self.corner(my_loc) and open_space > 5\nUnboundLocalError: local variable 'open_space' referenced before assignment\n", "errlog_b": "", "start_time": 360, "start_moves": 40, "turn_count": 68, "result": 1, "reason": "CODE_CRASH", "trapdoors": [[4, 4], [4, 3]], "spawn_a": [0, 4], "spawn_b": [7, 4]}