{"pos": [[7, 2], [1, 3], [6, 2], [1, 2], [6, 3], [0, 2], [6, 4], [0, 1], [7, 4], [1, 1], [7, 5], [2, 1], [6, 5], [2, 0], [6, 6], [1, 0], [7, 6], [0, 0], [7, 7], [0, 1], [6, 7], [1, 1], [5, 7], [1, 2], [5, 6], [2, 2], [4, 6], [2, 3], [4, 7], [2, 2], [3, 7], [2, 3], [3, 6], [1, 3], [2, 6], [1, 4], [2, 7], [1, 5], [1, 7], [1, 6], [0, 7], [0, 6], [1, 7], [0, 7], [2, 7], [0, 6], [2, 6], [0, 5], [3, 6], [0, 4], [3, 5], [1, 4], [4, 5], [1, 5], [5, 5], [2, 5], [5, 4], [2, 4], [5, 3], [2, 5], [5, 2], [1, 5], [5, 1], [1, 6], [5, 0], [0, 6], [6, 0], [0, 5], [7, 0], [0, 4], [7, 1], [0, 3], [6, 1], [0, 2], [6, 0], [1, 2], [5, 0], [1, 1], [4, 0], [2, 1]], "a_eggs_laid": [1, 1, 1, 1, 2, 2, 2, 2, 3, 3, 3, 3, 4, 4, 4, 4, 5, 5, 5, 5, 8, 8, 8, 8, 9, 9, 9, 9, 10, 10, 10, 10, 11, 11, 11, 11, 12, 12, 12, 12, 13, 13, 13, 13, 13, 13, 13, 13, 13, 13, 13, 13, 14, 14, 14, 14, 15, 15, 15, 15, 16, 16, 16, 16, 17, 17, 17, 17, 18, 18, 18, 18, 19, 19, 19, 19, 19, 19, 19, 19], "b_eggs_laid": [0, 1, 1, 1, 1, 2, 2, 2, 2, 3, 3, 3, 3, 4, 4, 4, 4, 5, 5, 5, 5, 5, 5, 5, 5, 5, 5, 5, 5, 6, 6, 6, 6, 6, 6, 6, 6, 7, 7, 7, 7, 8, 8, 8, 8, 11, 11, 11, 11, 12, 12, 12, 12, 12, 12, 12, 12, 13, 13, 13, 13, 13, 13, 13, 13, 13, 13, 13, 13, 13, 13, 13, 13, 13, 13, 13, 13, 13, 13, 13], "a_turds_left": [5, 5, 5, 5, 5, 5, 5, 5, 5, 5, 5, 5, 5, 5, 5, 5, 5, 5, 5, 5, 5, 5, 5, 5, 5, 5, 5, 5, 5, 5, 5, 5, 5, 5, 5, 5, 5, 5, 5, 5, 5, 5, 5, 5, 5, 5, 5, 5, 5, 5, 5, 5, 5, 5, 5, 5, 5, 5, 5, 5, 5, 5, 5, 5, 5, 5, 5, 5, 5, 5, 5, 5, 5, 5, 5, 5, 5, 5, 5, 5], "b_turds_left": [5, 5, 5, 5, 5, 5, 5, 5, 5, 5, 5, 5, 5, 5, 5, 5, 5, 5, 5, 5, 5, 5, 5, 5, 5, 5, 5, 5, 5, 5, 5, 5, 5, 5, 5, 5, 5, 5, 5, 5, 5, 5, 5, 5, 5, 5, 5, 5, 5, 5, 5, 5, 5, 5, 5, 5, 5, 5, 5, 5, 5, 5, 5, 5, 5, 5, 5, 5, 5, 5, 5, 5, 5, 5, 5, 5, 5, 5, 5, 5], "a_time_left": [359.99602983298246, 359.99602983298246, 359.9944147489732, 359.9944147489732, 359.9908681240049, 359.9908681240049, 359.9894849159755, 359.9894849159755, 359.98134445695905, 359.98134445695905, 359.98098416498397, 359.98098416498397, 359.97824528993806, 359.97824528993806, 359.97681716491934, 359.97681716491934, 359.9734179978841, 359.9734179978841, 359.9731177059002, 359.9731177059002, 359.97246770589845, 359.97246770589845, 359.972161871905, 359.972161871905, 359.9712354129297, 359.9712354129297, 359.97075162193505, 359.97075162193505, 359.9695917888894, 359.9695917888894, 359.9693164138589, 359.9693164138589, 359.9683942058473, 359.9683942058473, 359.967943872849, 359.967943872849, 359.9667566638673, 359.9667566638673, 359.96667220589006, 359.96667220589006, 359.9665668308735, 359.9665668308735, 359.9665030808537, 359.9665030808537, 359.9664309558575, 359.9664309558575, 359.9663424148457, 359.9663424148457, 359.96610133181093, 359.96610133181093, 359.9658049567952, 359.9658049567952, 359.9656877897796, 359.9656877897796, 359.96559453976806, 359.96559453976806, 359.9654792477959, 359.9654792477959, 359.9653721648501, 359.9653721648501, 359.96524578984827, 359.96524578984827, 359.9651599568315, 359.9651599568315, 359.9650431238115, 359.9650431238115, 359.96496174880303, 359.96496174880303, 359.9648577487678, 359.9648577487678, 359.9647892067442, 359.9647892067442, 359.9646928727743, 359.9646928727743, 359.964603997767, 359.964603997767, 359.9644611637923, 359.9644611637923, 359.96428649680456, 359.96428649680456], "b_time_left": [360, 359.9964765830082, 359.9964765830082, 359.99458099901676, 359.99458099901676, 359.99138045700965, 359.99138045700965, 359.9906269570347, 359.9906269570347, 359.98796437407145, 359.98796437407145, 359.98657520703273, 359.98657520703273, 359.985331665026, 359.985331665026, 359.9850435819826, 359.9850435819826, 359.9847188729327, 359.9847188729327, 359.98460720590083, 359.98460720590083, 359.9845038308995, 359.9845038308995, 359.98438841389725, 359.98438841389725, 359.9842573729111, 359.9842573729111, 359.98414262291044, 359.98414262291044, 359.98402699793223, 359.98402699793223, 359.98393391491845, 359.98393391491845, 359.9838481649058, 359.9838481649058, 359.9837618309539, 359.9837618309539, 359.98365291394293, 359.98365291394293, 359.9835627889843, 359.9835627889843, 359.98348703898955, 359.98348703898955, 359.98340649798047, 359.98340649798047, 359.9833395809983, 359.9833395809983, 359.98326087300666, 359.98326087300666, 359.9831691640429, 359.9831691640429, 359.98309424705803, 359.98309424705803, 359.98301691404777, 359.98301691404777, 359.9829338300624, 359.9829338300624, 359.9828590800753, 359.9828590800753, 359.9827762891073, 359.9827762891073, 359.98271258105524, 359.98271258105524, 359.98263016407145, 359.98263016407145, 359.98256966407644, 359.98256966407644, 359.9824972890783, 359.9824972890783, 359.9824344140943, 359.9824344140943, 359.98234262212645, 359.98234262212645, 359.9822788311285, 359.9822788311285, 359.9822062901221, 359.9822062901221, 359.9821322071366, 359.9821322071366, 359.9820468741236], "a_moves_left": [39, 39, 38, 38, 37, 37, 36, 36, 35, 35, 34, 34, 33, 33, 32, 32, 31, 31, 30, 30, 29, 29, 28, 28, 27, 27, 26, 26, 25, 25, 24, 24, 23, 23, 22, 22, 21, 21, 20, 20, 19, 19, 18, 18, 17, 17, 16, 16, 15, 15, 14, 14, 13, 13, 12, 12, 11, 11, 10, 10, 9, 9, 8, 8, 7, 7, 6, 6, 5, 5, 4, 4, 3, 3, 2, 2, 1, 1, 0, 0], "b_moves_left": [40, 39, 39, 38, 38, 37, 37, 36, 36, 35, 35, 34, 34, 33, 33, 32, 32, 31, 31, 30, 30, 29, 29, 28, 28, 27, 27, 26, 26, 25, 25, 24, 24, 23, 23, 22, 22, 21, 21, 20, 20, 19, 19, 18, 18, 17, 17, 16, 16, 15, 15, 14, 14, 13, 13, 12, 12, 11, 11, 10, 10, 9, 9, 8, 8, 7, 7, 6, 6, 5, 5, 4, 4, 3, 3, 2, 2, 1, 1, 0], "trapdoor_triggered": [0, 0, 0, 0, 0, 0, 0, 0, 0, 0, 0, 0, 0, 0, 0, 0, 0, 0, 0, 0, 0, 0, 0, 0, 0, 0, 0, 0, 0, 0, 0, 0, 0, 0, 0, 0, 0, 0, 0, 0, 0, 0, 0, 0, 0, 0, 0, 0, 0, 0, 0, 0, 0, 0, 0, 0, 0, 0, 0, 0, 0, 0, 0, 0, 0, 0, 0, 0, 0, 0, 0, 0, 0, 0, 0, 0, 0, 0, 0, 0], "left_behind": ["egg", "egg", "plain", "plain", "egg", "egg", "plain", "plain", "egg", "egg", "plain", "plain", "egg", "egg", "plain", "plain", "egg", "egg", "plain", "plain", "egg", "plain", "plain", "plain", "egg", "plain", "plain", "plain", "egg", "egg", "plain", "plain", "egg", "plain", "plain", "plain", "egg", "egg", "plain", "plain", "egg", "egg", "plain", "plain", "plain", "egg", "plain", "plain", "plain", "egg", "plain", "plain", "egg", "plain", "plain", "plain", "egg", "egg", "plain", "plain", "egg", "plain", "plain", "plain", "egg", "plain", "plain", "plain", "egg", "plain", "plain", "plain", "egg", "plain", "plain", "plain", "plain", "plain", "plain", "plain"], "errlog_a": "", "errlog_b": "", "start_time": 360, "start_moves": 40, "turn_count": 80, "result": 0, "reason": "EGGS_LAID", "trapdoors": [[3, 3], [3, 4]], "spawn_a": [7, 3], "spawn_b": [0, 3]}