{"pos": [[0, 3], [6, 4], [1, 3], [6, 3], [1, 4], [6, 2], [1, 5], [6, 1], [0, 5], [5, 1], [0, 6], [4, 1], [1, 6], [3, 1], [2, 6], [2, 1], [2, 7], [2, 2], [1, 7], [2, 3], [0, 7], [3, 3], [0, 6], [4, 3], [0, 5], [3, 3], [0, 4], [3, 4], [1, 4], [3, 5], [2, 4], [2, 5], [1, 4], [3, 5], [2, 4], [4, 5], [1, 4], [5, 5], [1, 5], [5, 4], [1, 6], [5, 3], [2, 6], [6, 3], [3, 6], [7, 3], [3, 7], [7, 2], [4, 7], [7, 1], [5, 7], [7, 0], [5, 6], [6, 0], [6, 6], [5, 0], [6, 7], [4, 0], [7, 7], [3, 0], [7, 6], [2, 0], [7, 5], [1, 0], [6, 5], [1, 1], [6, 4], [1, 2], [6, 5], [0, 2], [5, 5], [0, 1], [5, 6], [0, 0], [4, 6], [1, 0], [4, 7], [1, 1], [4, 6], [2, 1]], "a_eggs_laid": [1, 1, 1, 1, 2, 2, 2, 2, 3, 3, 3, 3, 4, 4, 4, 4, 5, 5, 5, 5, 6, 6, 6, 6, 6, 6, 6, 6, 6, 6, 6, 6, 7, 7, 7, 7, 7, 7, 7, 7, 7, 7, 7, 7, 7, 7, 7, 7, 8, 8, 8, 8, 9, 9, 9, 9, 10, 10, 10, 10, 13, 13, 13, 13, 14, 14, 14, 14, 15, 15, 15, 15, 16, 16, 16, 16, 17, 17, 17, 17], "b_eggs_laid": [0, 1, 1, 1, 1, 2, 2, 2, 2, 3, 3, 3, 3, 4, 4, 4, 4, 5, 5, 5, 5, 6, 6, 6, 6, 7, 7, 7, 7, 8, 8, 8, 8, 9, 9, 9, 9, 10, 10, 10, 10, 11, 11, 11, 11, 11, 11, 11, 11, 12, 12, 12, 12, 15, 15, 15, 15, 16, 16, 16, 16, 17, 17, 17, 17, 18, 18, 18, 18, 19, 19, 19, 19, 20, 20, 20, 20, 20, 20, 20], "a_turds_left": [5, 5, 5, 5, 5, 5, 5, 5, 5, 5, 5, 5, 5, 5, 5, 5, 5, 5, 5, 5, 5, 5, 5, 5, 5, 5, 5, 5, 5, 5, 5, 5, 5, 5, 5, 5, 5, 5, 5, 5, 5, 5, 5, 5, 5, 5, 5, 5, 5, 5, 5, 5, 5, 5, 5, 5, 5, 5, 5, 5, 5, 5, 5, 5, 5, 5, 5, 5, 5, 5, 5, 5, 5, 5, 5, 5, 5, 5, 5, 5], "b_turds_left": [5, 5, 5, 5, 5, 5, 5, 5, 5, 5, 5, 5, 5, 5, 5, 5, 5, 5, 5, 5, 5, 5, 5, 5, 5, 5, 5, 5, 5, 5, 5, 5, 5, 5, 5, 5, 5, 5, 5, 5, 5, 5, 5, 5, 5, 5, 5, 5, 5, 5, 5, 5, 5, 5, 5, 5, 5, 5, 5, 5, 5, 5, 5, 5, 5, 5, 5, 5, 5, 5, 5, 5, 5, 5, 5, 5, 5, 5, 5, 5], "a_time_left": [359.997341417009, 359.997341417009, 359.99675020901486, 359.99675020901486, 359.9930946669774, 359.9930946669774, 359.9916974589578, 359.9916974589578, 359.9880412929924, 359.9880412929924, 359.98722979298327, 359.98722979298327, 359.9845917929779, 359.9845917929779, 359.98328046000097, 359.98328046000097, 359.9799485010444, 359.9799485010444, 359.97943612601375, 359.97943612601375, 359.97844895900926, 359.97844895900926, 359.9783576670452, 359.9783576670452, 359.9782381670666, 359.9782381670666, 359.97813558304915, 359.97813558304915, 359.97784558305284, 359.97784558305284, 359.97770266700536, 359.97770266700536, 359.97760775097413, 359.97760775097413, 359.97748250095174, 359.97748250095174, 359.9773948349757, 359.9773948349757, 359.97728508495493, 359.97728508495493, 359.9771815429558, 359.9771815429558, 359.9770700849476, 359.9770700849476, 359.976887709985, 359.976887709985, 359.97653741796967, 359.97653741796967, 359.97606908500893, 359.97606908500893, 359.9758252519532, 359.9758252519532, 359.9754166689236, 359.9754166689236, 359.9751088768826, 359.9751088768826, 359.9745976688573, 359.9745976688573, 359.97451479383744, 359.97451479383744, 359.9744263358298, 359.9744263358298, 359.9743406268535, 359.9743406268535, 359.97425116889644, 359.97425116889644, 359.9741627108888, 359.9741627108888, 359.97409083589446, 359.97409083589446, 359.97395583591424, 359.97395583591424, 359.9738732529222, 359.9738732529222, 359.97375000291504, 359.97375000291504, 359.9736526279594, 359.9736526279594, 359.9735624609748, 359.9735624609748], "b_time_left": [360, 359.9905995419831, 359.9905995419831, 359.9890437090071, 359.9890437090071, 359.98567225103034, 359.98567225103034, 359.98402646003524, 359.98402646003524, 359.981041252031, 359.981041252031, 359.9793627100298, 359.9793627100298, 359.9763091270579, 359.9763091270579, 359.9756428770488, 359.9756428770488, 359.97449371102266, 359.97449371102266, 359.97386271099094, 359.97386271099094, 359.973026585998, 359.973026585998, 359.9723981700372, 359.9723981700372, 359.97127492004074, 359.97127492004074, 359.9708367950516, 359.9708367950516, 359.9697250870522, 359.9697250870522, 359.9696380040259, 359.9696380040259, 359.9695721290773, 359.9695721290773, 359.9691590461298, 359.9691590461298, 359.96904996212106, 359.96904996212106, 359.968971421069, 359.968971421069, 359.968870129087, 359.968870129087, 359.9687860041158, 359.9687860041158, 359.96848421311006, 359.96848421311006, 359.9683929220773, 359.9683929220773, 359.9683090050821, 359.9683090050821, 359.96823775512166, 359.96823775512166, 359.96816454612417, 359.96816454612417, 359.9680942121777, 359.9680942121777, 359.9680082121631, 359.9680082121631, 359.96793358714785, 359.96793358714785, 359.967851753172, 359.967851753172, 359.9677812111913, 359.9677812111913, 359.96769083617255, 359.96769083617255, 359.96761004417203, 359.96761004417203, 359.9675261271768, 359.9675261271768, 359.96745287714293, 359.96745287714293, 359.9673672931385, 359.9673672931385, 359.9673074601451, 359.9673074601451, 359.96721812710166, 359.96721812710166, 359.96711679309374], "a_moves_left": [39, 39, 38, 38, 37, 37, 36, 36, 35, 35, 34, 34, 33, 33, 32, 32, 31, 31, 30, 30, 29, 29, 28, 28, 27, 27, 26, 26, 25, 25, 24, 24, 23, 23, 22, 22, 21, 21, 20, 20, 19, 19, 18, 18, 17, 17, 16, 16, 15, 15, 14, 14, 13, 13, 12, 12, 11, 11, 10, 10, 9, 9, 8, 8, 7, 7, 6, 6, 5, 5, 4, 4, 3, 3, 2, 2, 1, 1, 0, 0], "b_moves_left": [40, 39, 39, 38, 38, 37, 37, 36, 36, 35, 35, 34, 34, 33, 33, 32, 32, 31, 31, 30, 30, 29, 29, 28, 28, 27, 27, 26, 26, 25, 25, 24, 24, 23, 23, 22, 22, 21, 21, 20, 20, 19, 19, 18, 18, 17, 17, 16, 16, 15, 15, 14, 14, 13, 13, 12, 12, 11, 11, 10, 10, 9, 9, 8, 8, 7, 7, 6, 6, 5, 5, 4, 4, 3, 3, 2, 2, 1, 1, 0], "trapdoor_triggered": [0, 0, 0, 0, 0, 0, 0, 0, 0, 0, 0, 0, 0, 0, 0, 0, 0, 0, 0, 0, 0, 0, 0, 0, 0, 0, 0, 0, 0, 0, 0, 0, 0, 0, 0, 0, 0, 0, 0, 0, 0, 0, 0, 0, 0, 0, 0, 0, 0, 0, 0, 0, 0, 0, 0, 0, 0, 0, 0, 0, 0, 0, 0, 0, 0, 0, 0, 0, 0, 0, 0, 0, 0, 0, 0, 0, 0, 0, 0, 0], "left_behind": ["egg", "egg", "plain", "plain", "egg", "egg", "plain", "plain", "egg", "egg", "plain", "plain", "egg", "egg", "plain", "plain", "egg", "egg", "plain", "plain", "egg", "egg", "plain", "plain", "plain", "egg", "plain", "plain", "plain", "egg", "plain", "plain", "egg", "egg", "plain", "plain", "plain", "egg", "plain", "plain", "plain", "egg", "plain", "plain", "plain", "plain", "plain", "plain", "egg", "egg", "plain", "plain", "egg", "egg", "plain", "plain", "egg", "egg", "plain", "plain", "egg", "egg", "plain", "plain", "egg", "egg", "plain", "plain", "egg", "egg", "plain", "plain", "egg", "egg", "plain", "plain", "egg", "plain", "plain", "plain"], "errlog_a": "", "errlog_b": "", "start_time": 360, "start_moves": 40, "turn_count": 80, "result": 1, "reason": "EGGS_LAID", "trapdoors": [[4, 4], [5, 2]], "spawn_a": [0, 4], "spawn_b": [7, 4]}