{"pos": [[7, 4], [1, 5], [6, 4], [1, 4], [6, 5], [1, 5], [6, 6], [1, 6], [7, 6], [1, 7], [7, 7], [0, 7], [6, 7], [0, 6], [5, 7], [1, 6], [5, 6], [2, 6], [4, 6], [3, 6], [4, 7], [3, 7], [4, 6], [4, 7], [4, 5], [3, 7], [5, 5], [3, 6], [5, 4], [3, 5], [4, 4], [3, 4], [5, 4], [3, 3], [5, 3], [4, 3], [6, 3], [4, 2], [6, 2], [5, 2], [7, 2], [5, 1], [7, 1], [6, 1], [7, 0], [6, 0], [7, 1], [7, 0], [7, 2], [6, 0], [7, 3], [5, 0], [7, 4], [4, 0], [7, 3], [4, 1], [6, 3], [3, 1], [6, 2], [3, 2], [7, 2], [2, 2], [6, 2], [2, 1], [6, 3], [1, 1], [6, 4], [1, 2], [6, 5], [1, 3], [7, 5], [2, 3], [7, 6], [2, 2], [7, 7], [2, 1], [6, 7], [2, 0], [6, 6], [3, 0]], "a_eggs_laid": [1, 1, 1, 1, 2, 2, 2, 2, 3, 3, 3, 3, 6, 6, 6, 6, 7, 7, 7, 7, 8, 8, 8, 8, 8, 8, 8, 8, 9, 9, 9, 9, 10, 10, 10, 10, 11, 11, 11, 11, 12, 12, 12, 12, 13, 13, 13, 13, 13, 13, 13, 13, 14, 14, 14, 14, 14, 14, 14, 14, 14, 14, 14, 14, 14, 14, 14, 14, 14, 14, 14, 14, 14, 14, 14, 14, 14, 14, 14, 14], "b_eggs_laid": [0, 1, 1, 1, 1, 2, 2, 2, 2, 3, 3, 3, 3, 6, 6, 6, 6, 6, 6, 6, 6, 7, 7, 7, 7, 8, 8, 8, 8, 8, 8, 8, 8, 9, 9, 9, 9, 10, 10, 10, 10, 11, 11, 11, 11, 12, 12, 12, 12, 15, 15, 15, 15, 16, 16, 16, 16, 17, 17, 17, 17, 18, 18, 18, 18, 19, 19, 19, 19, 20, 20, 20, 20, 21, 21, 21, 21, 21, 21, 21], "a_turds_left": [5, 5, 4, 4, 4, 4, 3, 3, 3, 3, 2, 2, 2, 2, 1, 1, 1, 1, 0, 0, 0, 0, 0, 0, 0, 0, 0, 0, 0, 0, 0, 0, 0, 0, 0, 0, 0, 0, 0, 0, 0, 0, 0, 0, 0, 0, 0, 0, 0, 0, 0, 0, 0, 0, 0, 0, 0, 0, 0, 0, 0, 0, 0, 0, 0, 0, 0, 0, 0, 0, 0, 0, 0, 0, 0, 0, 0, 0, 0, 0], "b_turds_left": [5, 5, 5, 5, 5, 5, 5, 5, 5, 5, 5, 5, 5, 5, 5, 5, 5, 5, 5, 5, 5, 5, 5, 5, 5, 5, 5, 5, 5, 5, 5, 5, 5, 5, 5, 5, 5, 5, 5, 5, 5, 5, 5, 5, 5, 5, 5, 5, 5, 5, 5, 5, 5, 5, 5, 5, 5, 5, 5, 5, 5, 5, 5, 5, 5, 5, 5, 5, 5, 5, 5, 5, 5, 5, 5, 5, 5, 5, 5, 5], "a_time_left": [359.996118708048, 359.996118708048, 359.9947346660774, 359.9947346660774, 359.9920054160757, 359.9920054160757, 359.9906204160652, 359.9906204160652, 359.98798324906966, 359.98798324906966, 359.98765054007526, 359.98765054007526, 359.9866222490673, 359.9866222490673, 359.9857992490288, 359.9857992490288, 359.98329220799496, 359.98329220799496, 359.9828107909416, 359.9828107909416, 359.9823382489267, 359.9823382489267, 359.9822594579309, 359.9822594579309, 359.98208345792955, 359.98208345792955, 359.9817174159107, 359.9817174159107, 359.9812479999382, 359.9812479999382, 359.98098449991085, 359.98098449991085, 359.98035162489396, 359.98035162489396, 359.98017212486593, 359.98017212486593, 359.9795698339003, 359.9795698339003, 359.97932100092294, 359.97932100092294, 359.97873329289723, 359.97873329289723, 359.9786601678934, 359.9786601678934, 359.97858020989224, 359.97858020989224, 359.9785157928709, 359.9785157928709, 359.9784363768413, 359.9784363768413, 359.97835270984797, 359.97835270984797, 359.9782640438643, 359.9782640438643, 359.9781923358678, 359.9781923358678, 359.9781081688707, 359.9781081688707, 359.97803266887786, 359.97803266887786, 359.97795508487616, 359.97795508487616, 359.9778853348689, 359.9778853348689, 359.9778083768324, 359.9778083768324, 359.97773204388795, 359.97773204388795, 359.97764279384864, 359.97764279384864, 359.97756541887065, 359.97756541887065, 359.97748683585087, 359.97748683585087, 359.977418252849, 359.977418252849, 359.9773456698167, 359.9773456698167, 359.9772762947832, 359.9772762947832], "b_time_left": [360, 359.99633254203945, 359.99633254203945, 359.9944874170469, 359.9944874170469, 359.99089441704564, 359.99089441704564, 359.9896065830253, 359.9896065830253, 359.98713554098504, 359.98713554098504, 359.9866561240051, 359.9866561240051, 359.9859817069955, 359.9859817069955, 359.985735499009, 359.985735499009, 359.9853460830054, 359.9853460830054, 359.98525199998403, 359.98525199998403, 359.98515362496255, 359.98515362496255, 359.985074874945, 359.985074874945, 359.985014166974, 359.985014166974, 359.9849387080176, 359.9849387080176, 359.98485566599993, 359.98485566599993, 359.98476795700844, 359.98476795700844, 359.98468620702624, 359.98468620702624, 359.9846048320178, 359.9846048320178, 359.9845347070368, 359.9845347070368, 359.9844594570459, 359.9844594570459, 359.9843862070702, 359.9843862070702, 359.98430191504303, 359.98430191504303, 359.98422866506735, 359.98422866506735, 359.98415837303037, 359.98415837303037, 359.98409854003694, 359.98409854003694, 359.98402479005745, 359.98402479005745, 359.98393866501283, 359.98393866501283, 359.98386658198433, 359.98386658198433, 359.9837646650267, 359.9837646650267, 359.9836822480429, 359.9836822480429, 359.9835870390525, 359.9835870390525, 359.9835082470672, 359.9835082470672, 359.9834134550765, 359.9834134550765, 359.98333187104436, 359.98333187104436, 359.98323487106245, 359.98323487106245, 359.98315678705694, 359.98315678705694, 359.9830620790599, 359.9830620790599, 359.9829834540724, 359.9829834540724, 359.9829150370206, 359.9829150370206, 359.98284720396623], "a_moves_left": [39, 39, 38, 38, 37, 37, 36, 36, 35, 35, 34, 34, 33, 33, 32, 32, 31, 31, 30, 30, 29, 29, 28, 28, 27, 27, 26, 26, 25, 25, 24, 24, 23, 23, 22, 22, 21, 21, 20, 20, 19, 19, 18, 18, 17, 17, 16, 16, 15, 15, 14, 14, 13, 13, 12, 12, 11, 11, 10, 10, 9, 9, 8, 8, 7, 7, 6, 6, 5, 5, 4, 4, 3, 3, 2, 2, 1, 1, 0, 0], "b_moves_left": [40, 39, 39, 38, 38, 37, 37, 36, 36, 35, 35, 34, 34, 33, 33, 32, 32, 31, 31, 30, 30, 29, 29, 28, 28, 27, 27, 26, 26, 25, 25, 24, 24, 23, 23, 22, 22, 21, 21, 20, 20, 19, 19, 18, 18, 17, 17, 16, 16, 15, 15, 14, 14, 13, 13, 12, 12, 11, 11, 10, 10, 9, 9, 8, 8, 7, 7, 6, 6, 5, 5, 4, 4, 3, 3, 2, 2, 1, 1, 0], "trapdoor_triggered": [0, 0, 0, 0, 0, 0, 0, 0, 0, 0, 0, 0, 0, 0, 0, 0, 0, 0, 0, 0, 0, 0, 0, 0, 0, 0, 0, 0, 0, 0, 0, 0, 0, 0, 0, 0, 0, 0, 0, 0, 0, 0, 0, 0, 0, 0, 0, 0, 0, 0, 0, 0, 0, 0, 0, 0, 0, 0, 0, 0, 0, 0, 0, 0, 0, 0, 0, 0, 0, 0, 0, 0, 0, 0, 0, 0, 0, 0, 0, 0], "left_behind": ["egg", "egg", "turd", "plain", "egg", "egg", "turd", "plain", "egg", "egg", "turd", "plain", "egg", "egg", "turd", "plain", "egg", "plain", "turd", "plain", "egg", "egg", "plain", "plain", "plain", "egg", "plain", "plain", "egg", "plain", "plain", "plain", "egg", "egg", "plain", "plain", "egg", "egg", "plain", "plain", "egg", "egg", "plain", "plain", "egg", "egg", "plain", "plain", "plain", "egg", "plain", "plain", "egg", "egg", "plain", "plain", "plain", "egg", "plain", "plain", "plain", "egg", "plain", "plain", "plain", "egg", "plain", "plain", "plain", "egg", "plain", "plain", "plain", "egg", "plain", "plain", "plain", "plain", "plain", "plain"], "errlog_a": "", "errlog_b": "", "start_time": 360, "start_moves": 40, "turn_count": 80, "result": 1, "reason": "EGGS_LAID", "trapdoors": [[2, 4], [2, 5]], "spawn_a": [7, 5], "spawn_b": [0, 5]}