{"pos": [[0, 5], [6, 6], [1, 5], [6, 5], [1, 6], [7, 5], [2, 6], [7, 4], [2, 7], [6, 4], [1, 7], [6, 3], [0, 7], [7, 3], [0, 6], [7, 2], [0, 5], [6, 2], [0, 4], [6, 1], [1, 4], [7, 1], [1, 3], [7, 0], [0, 3], [6, 0], [0, 2], [5, 0], [1, 2], [5, 1], [1, 1], [4, 1], [0, 1], [4, 0], [0, 0], [3, 0], [1, 0], [3, 1], [2, 0], [2, 1], [1, 0], [3, 1], [2, 0], [3, 2], [1, 0], [4, 2], [1, 1], [4, 3], [1, 2], [5, 3], [2, 2], [5, 4], [2, 3], [5, 5], [3, 3], [4, 5], [2, 3], [4, 6], [3, 3], [3, 6], [3, 4], [3, 7], [3, 5], [4, 7], [2, 5], [5, 7], [3, 5], [5, 6], [3, 4], [4, 6], [4, 4], [4, 5], [3, 4], [5, 5], [4, 4], [5, 4], [3, 4], [6, 4], [4, 4], [6, 3]], "a_eggs_laid": [1, 1, 1, 1, 2, 2, 2, 2, 3, 3, 3, 3, 4, 4, 4, 4, 4, 4, 4, 4, 5, 5, 5, 5, 6, 6, 6, 6, 7, 7, 7, 7, 8, 8, 8, 8, 11, 11, 11, 11, 12, 12, 12, 12, 12, 12, 12, 12, 12, 12, 12, 12, 13, 13, 13, 13, 14, 14, 14, 14, 14, 14, 14, 14, 15, 15, 15, 15, 15, 15, 15, 15, 16, 16, 16, 16, 16, 16, 16, 16], "b_eggs_laid": [0, 1, 1, 1, 1, 2, 2, 2, 2, 3, 3, 3, 3, 4, 4, 4, 4, 5, 5, 5, 5, 6, 6, 6, 6, 9, 9, 9, 9, 10, 10, 10, 10, 11, 11, 11, 11, 12, 12, 12, 12, 13, 13, 13, 13, 14, 14, 14, 14, 15, 15, 15, 15, 16, 16, 16, 16, 17, 17, 17, 17, 18, 18, 18, 18, 19, 19, 19, 19, 20, 20, 20, 20, 20, 20, 20, 20, 20, 20, 20], "a_turds_left": [5, 5, 5, 5, 5, 5, 5, 5, 5, 5, 5, 5, 5, 5, 5, 5, 5, 5, 5, 5, 5, 5, 5, 5, 5, 5, 5, 5, 5, 5, 5, 5, 5, 5, 5, 5, 5, 5, 5, 5, 5, 5, 5, 5, 5, 5, 5, 5, 5, 5, 5, 5, 5, 5, 5, 5, 5, 5, 5, 5, 5, 5, 5, 5, 5, 5, 5, 5, 5, 5, 5, 5, 5, 5, 5, 5, 5, 5, 5, 5], "b_turds_left": [5, 5, 5, 5, 5, 5, 5, 5, 5, 5, 5, 5, 5, 5, 5, 5, 5, 5, 5, 5, 5, 5, 5, 5, 5, 5, 5, 5, 5, 5, 5, 5, 5, 5, 5, 5, 5, 5, 5, 5, 5, 5, 5, 5, 5, 5, 5, 5, 5, 5, 5, 5, 5, 5, 5, 5, 5, 5, 5, 5, 5, 5, 5, 5, 5, 5, 5, 5, 5, 5, 5, 5, 5, 5, 5, 5, 5, 5, 5, 5], "a_time_left": [359.9960485830088, 359.9960485830088, 359.9946562080295, 359.9946562080295, 359.9910181250307, 359.9910181250307, 359.9904662090121, 359.9904662090121, 359.986914542038, 359.986914542038, 359.985547126038, 359.985547126038, 359.9828415850643, 359.9828415850643, 359.98249566805316, 359.98249566805316, 359.98193141806405, 359.98193141806405, 359.98108354303986, 359.98108354303986, 359.97851291805273, 359.97851291805273, 359.97719129308825, 359.97719129308825, 359.9759791260585, 359.9759791260585, 359.97570779302623, 359.97570779302623, 359.974821167998, 359.974821167998, 359.97438150201924, 359.97438150201924, 359.97323983500246, 359.97323983500246, 359.97297791799065, 359.97297791799065, 359.97238058398943, 359.97238058398943, 359.9721277509816, 359.9721277509816, 359.97204062592937, 359.97204062592937, 359.9719497929327, 359.9719497929327, 359.9718776269001, 359.9718776269001, 359.9717872518813, 359.9717872518813, 359.9716225848533, 359.9716225848533, 359.9714051258634, 359.9714051258634, 359.97131458390504, 359.97131458390504, 359.9712243339163, 359.9712243339163, 359.97113825095585, 359.97113825095585, 359.9709502089536, 359.9709502089536, 359.9708405419369, 359.9708405419369, 359.97075162490364, 359.97075162490364, 359.9706675828784, 359.9706675828784, 359.97057874983875, 359.97057874983875, 359.97047358285636, 359.97047358285636, 359.9703138328041, 359.9703138328041, 359.9702497487888, 359.9702497487888, 359.9701295827399, 359.9701295827399, 359.9700493327691, 359.9700493327691, 359.9699276657775, 359.9699276657775], "b_time_left": [360, 359.9965739999898, 359.9965739999898, 359.99483116704505, 359.99483116704505, 359.99160708405543, 359.99160708405543, 359.9908047510544, 359.9908047510544, 359.98796733410563, 359.98796733410563, 359.98666654306, 359.98666654306, 359.9832720850827, 359.9832720850827, 359.98298096010694, 359.98298096010694, 359.9826836270513, 359.9826836270513, 359.98238746105926, 359.98238746105926, 359.98196912708227, 359.98196912708227, 359.98185516905505, 359.98185516905505, 359.9817506270483, 359.9817506270483, 359.9816527100629, 359.9816527100629, 359.9815472930786, 359.9815472930786, 359.98144896008307, 359.98144896008307, 359.98133716906887, 359.98133716906887, 359.9812446280848, 359.9812446280848, 359.9811486280523, 359.9811486280523, 359.98105075303465, 359.98105075303465, 359.9809618360596, 359.9809618360596, 359.9808642110438, 359.9808642110438, 359.9807495440473, 359.9807495440473, 359.9806511270581, 359.9806511270581, 359.9805325430352, 359.9805325430352, 359.98043954302557, 359.98043954302557, 359.9803252930287, 359.9803252930287, 359.9802345010103, 359.9802345010103, 359.98012216802454, 359.98012216802454, 359.98002662701765, 359.98002662701765, 359.9799296690617, 359.9799296690617, 359.9798407110502, 359.9798407110502, 359.9797416270594, 359.9797416270594, 359.9796560850227, 359.9796560850227, 359.97954612702597, 359.97954612702597, 359.9794531270163, 359.9794531270163, 359.97938191803405, 359.97938191803405, 359.9792887510266, 359.9792887510266, 359.9792101670173, 359.9792101670173, 359.9791173749836], "a_moves_left": [39, 39, 38, 38, 37, 37, 36, 36, 35, 35, 34, 34, 33, 33, 32, 32, 31, 31, 30, 30, 29, 29, 28, 28, 27, 27, 26, 26, 25, 25, 24, 24, 23, 23, 22, 22, 21, 21, 20, 20, 19, 19, 18, 18, 17, 17, 16, 16, 15, 15, 14, 14, 13, 13, 12, 12, 11, 11, 10, 10, 9, 9, 8, 8, 7, 7, 6, 6, 5, 5, 4, 4, 3, 3, 2, 2, 1, 1, 0, 0], "b_moves_left": [40, 39, 39, 38, 38, 37, 37, 36, 36, 35, 35, 34, 34, 33, 33, 32, 32, 31, 31, 30, 30, 29, 29, 28, 28, 27, 27, 26, 26, 25, 25, 24, 24, 23, 23, 22, 22, 21, 21, 20, 20, 19, 19, 18, 18, 17, 17, 16, 16, 15, 15, 14, 14, 13, 13, 12, 12, 11, 11, 10, 10, 9, 9, 8, 8, 7, 7, 6, 6, 5, 5, 4, 4, 3, 3, 2, 2, 1, 1, 0], "trapdoor_triggered": [0, 0, 0, 0, 0, 0, 0, 0, 0, 0, 0, 0, 0, 0, 0, 0, 0, 0, 0, 0, 0, 0, 0, 0, 0, 0, 0, 0, 0, 0, 0, 0, 0, 0, 0, 0, 0, 0, 0, 0, 0, 0, 0, 0, 0, 0, 0, 0, 0, 0, 0, 0, 0, 0, 0, 0, 0, 0, 0, 0, 0, 0, 0, 0, 0, 0, 0, 0, 0, 0, 0, 0, 0, 0, 0, 0, 0, 0, 0, 0], "left_behind": ["egg", "egg", "plain", "plain", "egg", "egg", "plain", "plain", "egg", "egg", "plain", "plain", "egg", "egg", "plain", "plain", "plain", "egg", "plain", "plain", "egg", "egg", "plain", "plain", "egg", "egg", "plain", "plain", "egg", "egg", "plain", "plain", "egg", "egg", "plain", "plain", "egg", "egg", "plain", "plain", "egg", "egg", "plain", "plain", "plain", "egg", "plain", "plain", "plain", "egg", "plain", "plain", "egg", "egg", "plain", "plain", "egg", "egg", "plain", "plain", "plain", "egg", "plain", "plain", "egg", "egg", "plain", "plain", "plain", "egg", "plain", "plain", "egg", "plain", "plain", "plain", "plain", "plain", "plain", "plain"], "errlog_a": "", "errlog_b": "", "start_time": 360, "start_moves": 40, "turn_count": 80, "result": 1, "reason": "EGGS_LAID", "trapdoors": [[2, 4], [5, 2]], "spawn_a": [0, 6], "spawn_b": [7, 6]}