{"pos": [[7, 4], [1, 5], [6, 4], [1, 4], [6, 5], [1, 3], [6, 6], [1, 2], [6, 7], [1, 1], [7, 7], [2, 1], [7, 6], [3, 1], [7, 5], [4, 1], [7, 4], [5, 1], [7, 3], [6, 1], [7, 2], [6, 2], [7, 1], [7, 2], [7, 0], [6, 2], [6, 0], [6, 3], [5, 0], [5, 3], [5, 1], [6, 3], [5, 0], [5, 3], [4, 0], [5, 2], [3, 0], [4, 2], [3, 1], [3, 2], [3, 0], [3, 3], [2, 0], [2, 3], [1, 0], [2, 2], [1, 1], [2, 1], [0, 1], [2, 2], [0, 2], [1, 2], [0, 3], [1, 3], [0, 4], [0, 3]], "a_eggs_laid": [1, 1, 1, 1, 2, 2, 2, 2, 3, 3, 3, 3, 6, 6, 6, 6, 6, 6, 6, 6, 7, 7, 7, 7, 8, 8, 8, 8, 9, 9, 9, 9, 10, 10, 10, 10, 11, 11, 11, 11, 12, 12, 12, 12, 13, 13, 13, 13, 14, 14, 14, 14, 15, 15, 15, 15], "b_eggs_laid": [0, 1, 1, 1, 1, 2, 2, 2, 2, 3, 3, 3, 3, 4, 4, 4, 4, 5, 5, 5, 5, 6, 6, 6, 6, 7, 7, 7, 7, 8, 8, 8, 8, 8, 8, 8, 8, 9, 9, 9, 9, 10, 10, 10, 10, 11, 11, 11, 11, 11, 11, 11, 11, 11, 11, 16], "a_turds_left": [5, 5, 5, 5, 5, 5, 5, 5, 5, 5, 5, 5, 5, 5, 5, 5, 5, 5, 5, 5, 5, 5, 5, 5, 5, 5, 5, 5, 5, 5, 5, 5, 5, 5, 5, 5, 5, 5, 5, 5, 5, 5, 5, 5, 5, 5, 5, 5, 5, 5, 5, 5, 5, 5, 5, 5], "b_turds_left": [5, 5, 5, 5, 5, 5, 5, 5, 5, 5, 5, 5, 5, 5, 5, 5, 5, 5, 5, 5, 5, 5, 5, 5, 5, 5, 5, 5, 5, 5, 5, 5, 5, 5, 5, 5, 5, 5, 5, 5, 5, 5, 5, 5, 5, 5, 5, 5, 5, 5, 5, 5, 5, 5, 5, 5], "a_time_left": [359.9959430840099, 359.9959430840099, 359.9944914589869, 359.9944914589869, 359.99087966699153, 359.99087966699153, 359.9895024589496, 359.9895024589496, 359.98605083394796, 359.98605083394796, 359.98450766695896, 359.98450766695896, 359.9826235419605, 359.9826235419605, 359.98230154195335, 359.98230154195335, 359.9819026669138, 359.9819026669138, 359.98156908288365, 359.98156908288365, 359.9805364168715, 359.9805364168715, 359.98036708385916, 359.98036708385916, 359.9801097919117, 359.9801097919117, 359.9798221248784, 359.9798221248784, 359.97917629091535, 359.97917629091535, 359.9786747499602, 359.9786747499602, 359.9780125829275, 359.9780125829275, 359.97772445797455, 359.97772445797455, 359.977091290988, 359.977091290988, 359.97664562397404, 359.97664562397404, 359.97639008198166, 359.97639008198166, 359.97611937398324, 359.97611937398324, 359.97586983197834, 359.97586983197834, 359.97577941499185, 359.97577941499185, 359.97569520695833, 359.97569520695833, 359.9756052909652, 359.9756052909652, 359.97552754101343, 359.97552754101343, 359.9754575830302, 359.9754575830302], "b_time_left": [360, 359.99650554102845, 359.99650554102845, 359.99477229098557, 359.99477229098557, 359.99140870699193, 359.99140870699193, 359.99073624802986, 359.99073624802986, 359.98954712302657, 359.98954712302657, 359.9878443320631, 359.9878443320631, 359.98482624907047, 359.98482624907047, 359.9831772070611, 359.9831772070611, 359.98025545704877, 359.98025545704877, 359.97959516505944, 359.97959516505944, 359.9785095821135, 359.9785095821135, 359.9779130821116, 359.9779130821116, 359.9775971241179, 359.9775971241179, 359.97716699913144, 359.97716699913144, 359.97660691512283, 359.97660691512283, 359.97651870612754, 359.97651870612754, 359.9762919981731, 359.9762919981731, 359.97571608115686, 359.97571608115686, 359.975625748164, 359.975625748164, 359.9755364981829, 359.9755364981829, 359.9754444572027, 359.9754444572027, 359.97536141617456, 359.97536141617456, 359.9752622911474, 359.9752622911474, 359.9751776661142, 359.9751776661142, 359.97511320811464, 359.97511320811464, 359.9750315831625, 359.9750315831625, 359.9749651661259, 359.9749651661259, 359.97482808312634], "a_moves_left": [39, 39, 38, 38, 37, 37, 36, 36, 35, 35, 34, 34, 33, 33, 32, 32, 31, 31, 30, 30, 29, 29, 28, 28, 27, 27, 26, 26, 25, 25, 24, 24, 23, 23, 22, 22, 21, 21, 20, 20, 19, 19, 18, 18, 17, 17, 16, 16, 15, 15, 14, 14, 13, 13, 12, 12], "b_moves_left": [40, 39, 39, 38, 38, 37, 37, 36, 36, 35, 35, 34, 34, 33, 33, 32, 32, 31, 31, 30, 30, 29, 29, 28, 28, 27, 27, 26, 26, 25, 25, 24, 24, 23, 23, 22, 22, 21, 21, 20, 20, 19, 19, 18, 18, 17, 17, 16, 16, 15, 15, 14, 14, 13, 13, 12], "trapdoor_triggered": [0, 0, 0, 0, 0, 0, 0, 0, 0, 0, 0, 0, 0, 0, 0, 0, 0, 0, 0, 0, 0, 0, 0, 0, 0, 0, 0, 0, 0, 0, 0, 0, 0, 0, 0, 0, 0, 0, 0, 0, 0, 0, 0, 0, 0, 0, 0, 0, 0, 0, 0, 0, 0, 0, 0, 0], "left_behind": ["egg", "egg", "plain", "plain", "egg", "egg", "plain", "plain", "egg", "egg", "plain", "plain", "egg", "egg", "plain", "plain", "plain", "egg", "plain", "plain", "egg", "egg", "plain", "plain", "egg", "egg", "plain", "plain", "egg", "egg", "plain", "plain", "egg", "plain", "plain", "plain", "egg", "egg", "plain", "plain", "egg", "egg", "plain", "plain", "egg", "egg", "plain", "plain", "egg", "plain", "plain", "plain", "egg", "plain", "plain", "plain"], "errlog_a": "", "errlog_b": "", "start_time": 360, "start_moves": 40, "turn_count": 56, "result": 1, "reason": "BLOCKING_END", "trapdoors": [[2, 4], [4, 3]], "spawn_a": [7, 5], "spawn_b": [0, 5]}