{"pos": [[7, 2], [1, 3], [6, 2], [1, 4], [6, 3], [1, 5], [6, 4], [1, 6], [7, 4], [2, 6], [7, 5], [3, 6], [6, 5], [3, 5], [6, 6], [4, 5], [7, 6], [4, 4], [7, 7], [4, 3], [6, 7], [5, 3], [5, 7], [5, 2], [5, 6], [5, 1], [4, 6], [4, 1], [4, 7], [4, 0], [3, 7], [5, 0], [4, 7], [6, 0], [4, 6], [7, 0], [5, 6], [7, 1], [5, 5], [7, 2], [6, 5], [7, 1], [6, 4], [6, 1], [6, 3], [6, 0], [5, 3], [7, 0], [6, 3], [7, 1], [6, 2], [7, 2], [6, 3], [7, 1], [7, 3], [6, 1], [7, 4], [5, 1], [7, 5], [5, 0], [7, 6], [4, 0], [7, 7], [3, 0], [6, 7], [3, 1], [6, 6], [2, 1], [6, 5], [2, 0], [5, 5], [1, 0], [5, 6], [0, 0], [5, 7], [0, 1], [6, 7], [1, 1], [6, 6], [1, 2]], "a_eggs_laid": [1, 1, 1, 1, 2, 2, 2, 2, 3, 3, 3, 3, 4, 4, 4, 4, 5, 5, 5, 5, 8, 8, 8, 8, 9, 9, 9, 9, 10, 10, 10, 10, 11, 11, 11, 11, 11, 11, 11, 11, 12, 12, 12, 12, 12, 12, 12, 12, 13, 13, 13, 13, 13, 13, 13, 13, 13, 13, 13, 13, 13, 13, 13, 13, 13, 13, 13, 13, 13, 13, 13, 13, 13, 13, 13, 13, 13, 13, 13, 13], "b_eggs_laid": [0, 1, 1, 1, 1, 2, 2, 2, 2, 3, 3, 3, 3, 4, 4, 4, 4, 5, 5, 5, 5, 6, 6, 6, 6, 7, 7, 7, 7, 8, 8, 8, 8, 9, 9, 9, 9, 12, 12, 12, 12, 13, 13, 13, 13, 14, 14, 14, 14, 14, 14, 14, 14, 14, 14, 14, 14, 14, 14, 14, 14, 14, 14, 14, 14, 15, 15, 15, 15, 16, 16, 16, 16, 17, 17, 17, 17, 18, 18, 18], "a_turds_left": [5, 5, 5, 5, 5, 5, 5, 5, 5, 5, 5, 5, 5, 5, 5, 5, 5, 5, 5, 5, 5, 5, 5, 5, 5, 5, 5, 5, 5, 5, 5, 5, 5, 5, 5, 5, 5, 5, 5, 5, 5, 5, 5, 5, 5, 5, 5, 5, 5, 5, 5, 5, 5, 5, 5, 5, 5, 5, 5, 5, 5, 5, 5, 5, 5, 5, 5, 5, 5, 5, 5, 5, 5, 5, 5, 5, 5, 5, 5, 5], "b_turds_left": [5, 5, 5, 4, 4, 4, 4, 3, 3, 3, 3, 2, 2, 2, 2, 1, 1, 1, 1, 0, 0, 0, 0, 0, 0, 0, 0, 0, 0, 0, 0, 0, 0, 0, 0, 0, 0, 0, 0, 0, 0, 0, 0, 0, 0, 0, 0, 0, 0, 0, 0, 0, 0, 0, 0, 0, 0, 0, 0, 0, 0, 0, 0, 0, 0, 0, 0, 0, 0, 0, 0, 0, 0, 0, 0, 0, 0, 0, 0, 0], "a_time_left": [359.9956633330439, 359.9956633330439, 359.99426629103255, 359.99426629103255, 359.99278454104206, 359.99278454104206, 359.99135091603966, 359.99135091603966, 359.9874898750568, 359.9874898750568, 359.9871349170571, 359.9871349170571, 359.98437170806574, 359.98437170806574, 359.98297249909956, 359.98297249909956, 359.9815656651044, 359.9815656651044, 359.98122258106014, 359.98122258106014, 359.98091474710964, 359.98091474710964, 359.9807328301249, 359.9807328301249, 359.98037137213396, 359.98037137213396, 359.98017158108996, 359.98017158108996, 359.97991541511146, 359.97991541511146, 359.979783665156, 359.979783665156, 359.9796535821515, 359.9796535821515, 359.9795167071279, 359.9795167071279, 359.979409582098, 359.979409582098, 359.9792569570709, 359.9792569570709, 359.9790767490631, 359.9790767490631, 359.9789520400227, 359.9789520400227, 359.97883512300905, 359.97883512300905, 359.9786944560474, 359.9786944560474, 359.97857245604973, 359.97857245604973, 359.9784386230749, 359.9784386230749, 359.9783456650912, 359.9783456650912, 359.9782049980713, 359.9782049980713, 359.97808466409333, 359.97808466409333, 359.9779503721511, 359.9779503721511, 359.9769022061955, 359.9769022061955, 359.97676787222736, 359.97676787222736, 359.9766341642244, 359.9766341642244, 359.9765209982288, 359.9765209982288, 359.97639033122687, 359.97639033122687, 359.9762655812665, 359.9762655812665, 359.97615641425364, 359.97615641425364, 359.9760368312709, 359.9760368312709, 359.9759372062399, 359.9759372062399, 359.97583458124427, 359.97583458124427], "b_time_left": [360, 359.9968749170075, 359.9968749170075, 359.9950830419548, 359.9950830419548, 359.9939989169943, 359.9939989169943, 359.9920113340486, 359.9920113340486, 359.9912439590553, 359.9912439590553, 359.98990595905343, 359.98990595905343, 359.9880570000969, 359.9880570000969, 359.9875091671129, 359.9875091671129, 359.9865036670817, 359.9865036670817, 359.9859566250816, 359.9859566250816, 359.9854031250579, 359.9854031250579, 359.9851128750597, 359.9851128750597, 359.984729333024, 359.984729333024, 359.98443262506044, 359.98443262506044, 359.98432725004386, 359.98432725004386, 359.98425279103685, 359.98425279103685, 359.9841754999943, 359.9841754999943, 359.98410912498366, 359.98410912498366, 359.9840371250175, 359.9840371250175, 359.9839723750483, 359.9839723750483, 359.98389670904726, 359.98389670904726, 359.9838252510526, 359.9838252510526, 359.9837426680606, 359.9837426680606, 359.98368333507096, 359.98368333507096, 359.9836196260876, 359.9836196260876, 359.9835415840498, 359.9835415840498, 359.98347683402244, 359.98347683402244, 359.9833767930395, 359.9833767930395, 359.9832893770654, 359.9832893770654, 359.983201418072, 359.983201418072, 359.9828723350656, 359.9828723350656, 359.98276991804596, 359.98276991804596, 359.98266641807277, 359.98266641807277, 359.982590002066, 359.982590002066, 359.98248833505204, 359.98248833505204, 359.982422960049, 359.982422960049, 359.98233350209193, 359.98233350209193, 359.9822693350725, 359.9822693350725, 359.9821915020584, 359.9821915020584, 359.9821116270614], "a_moves_left": [39, 39, 38, 38, 37, 37, 36, 36, 35, 35, 34, 34, 33, 33, 32, 32, 31, 31, 30, 30, 29, 29, 28, 28, 27, 27, 26, 26, 25, 25, 24, 24, 23, 23, 22, 22, 21, 21, 20, 20, 19, 19, 18, 18, 17, 17, 16, 16, 15, 15, 14, 14, 13, 13, 12, 12, 11, 11, 10, 10, 9, 9, 8, 8, 7, 7, 6, 6, 5, 5, 4, 4, 3, 3, 2, 2, 1, 1, 0, 0], "b_moves_left": [40, 39, 39, 38, 38, 37, 37, 36, 36, 35, 35, 34, 34, 33, 33, 32, 32, 31, 31, 30, 30, 29, 29, 28, 28, 27, 27, 26, 26, 25, 25, 24, 24, 23, 23, 22, 22, 21, 21, 20, 20, 19, 19, 18, 18, 17, 17, 16, 16, 15, 15, 14, 14, 13, 13, 12, 12, 11, 11, 10, 10, 9, 9, 8, 8, 7, 7, 6, 6, 5, 5, 4, 4, 3, 3, 2, 2, 1, 1, 0], "trapdoor_triggered": [0, 0, 0, 0, 0, 0, 0, 0, 0, 0, 0, 0, 0, 0, 0, 0, 0, 0, 0, 0, 0, 0, 0, 0, 0, 0, 0, 0, 0, 0, 0, 0, 0, 0, 0, 0, 0, 0, 0, 0, 0, 0, 0, 0, 0, 0, 0, 0, 0, 0, 0, 0, 0, 0, 0, 0, 0, 0, 0, 0, 0, 0, 0, 0, 0, 0, 0, 0, 0, 0, 0, 0, 0, 0, 0, 0, 0, 0, 0, 0], "left_behind": ["egg", "egg", "plain", "turd", "egg", "egg", "plain", "turd", "egg", "egg", "plain", "turd", "egg", "egg", "plain", "turd", "egg", "egg", "plain", "turd", "egg", "egg", "plain", "plain", "egg", "egg", "plain", "plain", "egg", "egg", "plain", "plain", "egg", "egg", "plain", "plain", "plain", "egg", "plain", "plain", "egg", "egg", "plain", "plain", "plain", "egg", "plain", "plain", "egg", "plain", "plain", "plain", "plain", "plain", "plain", "plain", "plain", "plain", "plain", "plain", "plain", "plain", "plain", "plain", "plain", "egg", "plain", "plain", "plain", "egg", "plain", "plain", "plain", "egg", "plain", "plain", "plain", "egg", "plain", "plain"], "errlog_a": "", "errlog_b": "", "start_time": 360, "start_moves": 40, "turn_count": 80, "result": 1, "reason": "EGGS_LAID", "trapdoors": [[2, 2], [2, 3]], "spawn_a": [7, 3], "spawn_b": [0, 3]}