{"pos": [[0, 1], [6, 2], [1, 1], [6, 3], [1, 0], [5, 3], [0, 0], [5, 2], [1, 0], [4, 2], [2, 0], [4, 3], [3, 0], [4, 4], [3, 1], [5, 4], [2, 1], [6, 4], [2, 2], [6, 5], [1, 2], [6, 6], [1, 3], [5, 6], [1, 4], [4, 6], [1, 5], [3, 6], [2, 5], [3, 7], [2, 6], [4, 7], [2, 7], [5, 7], [3, 7], [6, 7], [2, 7], [7, 7], [1, 7], [7, 6], [1, 6], [7, 5], [0, 6], [7, 4], [0, 5], [7, 3], [0, 4], [7, 2], [0, 3], [7, 1], [0, 2], [6, 1], [0, 1], [6, 0], [0, 0], [7, 0], [1, 0], [7, 1], [2, 0], [7, 0], [3, 0], [6, 0], [4, 0], [6, 1], [5, 0], [6, 2], [6, 0], [7, 2], [5, 0], [7, 3], [5, 1], [7, 4], [5, 0], [6, 4], [6, 0], [6, 5], [5, 0], [5, 5], [5, 1], [4, 5]], "a_eggs_laid": [1, 1, 1, 1, 2, 2, 2, 2, 5, 5, 5, 5, 6, 6, 6, 6, 7, 7, 7, 7, 8, 8, 8, 8, 9, 9, 9, 9, 10, 10, 10, 10, 11, 11, 11, 11, 12, 12, 12, 12, 13, 13, 13, 13, 14, 14, 14, 14, 15, 15, 15, 15, 15, 15, 15, 15, 15, 15, 15, 15, 15, 15, 15, 15, 16, 16, 16, 16, 17, 17, 17, 17, 18, 18, 18, 18, 18, 18, 18, 18], "b_eggs_laid": [0, 1, 1, 1, 1, 2, 2, 2, 2, 3, 3, 3, 3, 4, 4, 4, 4, 5, 5, 5, 5, 6, 6, 6, 6, 7, 7, 7, 7, 8, 8, 8, 8, 9, 9, 9, 9, 10, 10, 10, 10, 11, 11, 11, 11, 12, 12, 12, 12, 12, 12, 12, 12, 13, 13, 13, 13, 16, 16, 16, 16, 16, 16, 16, 16, 16, 16, 16, 16, 16, 16, 16, 16, 16, 16, 16, 16, 16, 16, 16], "a_turds_left": [5, 5, 5, 5, 5, 5, 5, 5, 5, 5, 5, 5, 5, 5, 5, 5, 5, 5, 5, 5, 5, 5, 5, 5, 5, 5, 5, 5, 5, 5, 5, 5, 5, 5, 5, 5, 5, 5, 5, 5, 5, 5, 5, 5, 5, 5, 5, 5, 5, 5, 5, 5, 5, 5, 5, 5, 5, 5, 5, 5, 5, 5, 5, 5, 5, 5, 5, 5, 5, 5, 5, 5, 5, 5, 5, 5, 5, 5, 5, 5], "b_turds_left": [5, 5, 5, 4, 4, 4, 4, 3, 3, 3, 3, 2, 2, 2, 2, 1, 1, 1, 1, 0, 0, 0, 0, 0, 0, 0, 0, 0, 0, 0, 0, 0, 0, 0, 0, 0, 0, 0, 0, 0, 0, 0, 0, 0, 0, 0, 0, 0, 0, 0, 0, 0, 0, 0, 0, 0, 0, 0, 0, 0, 0, 0, 0, 0, 0, 0, 0, 0, 0, 0, 0, 0, 0, 0, 0, 0, 0, 0, 0, 0], "a_time_left": [359.99569458299084, 359.99569458299084, 359.9943498329958, 359.9943498329958, 359.99070362502243, 359.99070362502243, 359.9893628330319, 359.9893628330319, 359.98738070804393, 359.98738070804393, 359.9865881250589, 359.9865881250589, 359.9837970000808, 359.9837970000808, 359.9823698750697, 359.9823698750697, 359.98034704104066, 359.98034704104066, 359.9795592080918, 359.9795592080918, 359.97724224912236, 359.97724224912236, 359.9764958321466, 359.9764958321466, 359.97371933219256, 359.97371933219256, 359.9731526662363, 359.9731526662363, 359.9721865002648, 359.9721865002648, 359.9718249582802, 359.9718249582802, 359.971324874321, 359.971324874321, 359.9710617493256, 359.9710617493256, 359.9708632903057, 359.9708632903057, 359.970705456275, 359.970705456275, 359.97025787329767, 359.97025787329767, 359.9701716232812, 359.9701716232812, 359.97007066430524, 359.97007066430524, 359.96999287226936, 359.96999287226936, 359.96990291326074, 359.96990291326074, 359.9698283712496, 359.9698283712496, 359.9697502462659, 359.9697502462659, 359.96967174625024, 359.96967174625024, 359.9696012052591, 359.9696012052591, 359.9695222892915, 359.9695222892915, 359.9694262063131, 359.9694262063131, 359.9693183733616, 359.9693183733616, 359.9692380813649, 359.9692380813649, 359.9691645813873, 359.9691645813873, 359.96909966436215, 359.96909966436215, 359.96900795638794, 359.96900795638794, 359.96894504036754, 359.96894504036754, 359.96887079038424, 359.96887079038424, 359.9688102073851, 359.9688102073851, 359.96873437438626, 359.96873437438626], "b_time_left": [360, 359.9970386250061, 359.9970386250061, 359.9953092499636, 359.9953092499636, 359.99301183293574, 359.99301183293574, 359.99121116596507, 359.99121116596507, 359.9903877489851, 359.9903877489851, 359.98977554100566, 359.98977554100566, 359.98762024898315, 359.98762024898315, 359.9860952490126, 359.9860952490126, 359.9843189989915, 359.9843189989915, 359.98379770701285, 359.98379770701285, 359.98259687400423, 359.98259687400423, 359.98191608302295, 359.98191608302295, 359.98079299903475, 359.98079299903475, 359.98052016604925, 359.98052016604925, 359.98040512407897, 359.98040512407897, 359.98032958211843, 359.98032958211843, 359.98022854013834, 359.98022854013834, 359.9801607071422, 359.9801607071422, 359.98008437413955, 359.98008437413955, 359.9800244991784, 359.9800244991784, 359.9799473742023, 359.9799473742023, 359.97988670819905, 359.97988670819905, 359.97981287521543, 359.97981287521543, 359.9797504582093, 359.9797504582093, 359.9796833751607, 359.9796833751607, 359.9796236671391, 359.9796236671391, 359.97953841713024, 359.97953841713024, 359.9794720841455, 359.9794720841455, 359.9794065011083, 359.9794065011083, 359.97934370907024, 359.97934370907024, 359.9792798340786, 359.9792798340786, 359.97921895905165, 359.97921895905165, 359.9791409170721, 359.9791409170721, 359.979073542112, 359.979073542112, 359.97900566708995, 359.97900566708995, 359.9789447921212, 359.9789447921212, 359.9788780011586, 359.9788780011586, 359.97881291713566, 359.97881291713566, 359.9787452921155, 359.9787452921155, 359.97868283407297], "a_moves_left": [39, 39, 38, 38, 37, 37, 36, 36, 35, 35, 34, 34, 33, 33, 32, 32, 31, 31, 30, 30, 29, 29, 28, 28, 27, 27, 26, 26, 25, 25, 24, 24, 23, 23, 22, 22, 21, 21, 20, 20, 19, 19, 18, 18, 17, 17, 16, 16, 15, 15, 14, 14, 13, 13, 12, 12, 11, 11, 10, 10, 9, 9, 8, 8, 7, 7, 6, 6, 5, 5, 4, 4, 3, 3, 2, 2, 1, 1, 0, 0], "b_moves_left": [40, 39, 39, 38, 38, 37, 37, 36, 36, 35, 35, 34, 34, 33, 33, 32, 32, 31, 31, 30, 30, 29, 29, 28, 28, 27, 27, 26, 26, 25, 25, 24, 24, 23, 23, 22, 22, 21, 21, 20, 20, 19, 19, 18, 18, 17, 17, 16, 16, 15, 15, 14, 14, 13, 13, 12, 12, 11, 11, 10, 10, 9, 9, 8, 8, 7, 7, 6, 6, 5, 5, 4, 4, 3, 3, 2, 2, 1, 1, 0], "trapdoor_triggered": [0, 0, 0, 0, 0, 0, 0, 0, 0, 0, 0, 0, 0, 0, 0, 0, 0, 0, 0, 0, 0, 0, 0, 0, 0, 0, 0, 0, 0, 0, 0, 0, 0, 0, 0, 0, 0, 0, 0, 0, 0, 0, 0, 0, 0, 0, 0, 0, 0, 0, 0, 0, 0, 0, 0, 0, 0, 0, 0, 0, 0, 0, 0, 0, 0, 0, 0, 0, 0, 0, 0, 0, 0, 0, 0, 0, 0, 0, 0, 0], "left_behind": ["egg", "egg", "plain", "turd", "egg", "egg", "plain", "turd", "egg", "egg", "plain", "turd", "egg", "egg", "plain", "turd", "egg", "egg", "plain", "turd", "egg", "egg", "plain", "plain", "egg", "egg", "plain", "plain", "egg", "egg", "plain", "plain", "egg", "egg", "plain", "plain", "egg", "egg", "plain", "plain", "egg", "egg", "plain", "plain", "egg", "egg", "plain", "plain", "egg", "plain", "plain", "plain", "plain", "egg", "plain", "plain", "plain", "egg", "plain", "plain", "plain", "plain", "plain", "plain", "egg", "plain", "plain", "plain", "egg", "plain", "plain", "plain", "egg", "plain", "plain", "plain", "plain", "plain", "plain", "plain"], "errlog_a": "", "errlog_b": "", "start_time": 360, "start_moves": 40, "turn_count": 80, "result": 0, "reason": "EGGS_LAID", "trapdoors": [[3, 5], [2, 3]], "spawn_a": [0, 2], "spawn_b": [7, 2]}