{"pos": [[0, 5], [6, 6], [1, 5], [6, 5], [1, 6], [6, 4], [2, 6], [6, 3], [2, 7], [6, 2], [1, 7], [6, 1], [0, 7], [5, 1], [0, 6], [4, 1], [0, 5], [4, 2], [0, 4], [5, 2], [1, 4], [5, 3], [1, 3], [5, 4], [0, 3], [5, 3], [0, 2], [5, 2], [1, 2], [4, 2], [1, 1], [3, 2], [0, 1], [3, 1], [0, 0], [2, 1], [1, 0], [2, 2], [2, 0], [2, 3], [3, 0], [3, 3], [3, 1], [3, 4], [3, 0], [3, 5], [4, 0], [4, 5], [5, 0], [4, 6], [5, 1], [5, 6], [5, 0], [5, 7], [6, 0], [6, 7], [7, 0], [7, 7], [7, 1], [7, 6], [7, 2], [7, 5], [7, 3], [7, 4], [7, 2], [6, 4], [6, 2], [6, 3], [7, 2], [5, 3], [7, 3], [5, 4], [7, 2], [4, 4], [6, 2], [4, 5], [7, 2], [4, 6], [7, 1], [3, 6]], "a_eggs_laid": [1, 1, 1, 1, 2, 2, 2, 2, 3, 3, 3, 3, 4, 4, 4, 4, 4, 4, 4, 4, 5, 5, 5, 5, 6, 6, 6, 6, 7, 7, 7, 7, 8, 8, 8, 8, 11, 11, 11, 11, 12, 12, 12, 12, 13, 13, 13, 13, 14, 14, 14, 14, 15, 15, 15, 15, 16, 16, 16, 16, 17, 17, 17, 17, 18, 18, 18, 18, 19, 19, 19, 19, 19, 19, 19, 19, 19, 19, 19, 19], "b_eggs_laid": [0, 1, 1, 1, 1, 2, 2, 2, 2, 3, 3, 3, 3, 4, 4, 4, 4, 5, 5, 5, 5, 6, 6, 6, 6, 7, 7, 7, 7, 7, 7, 7, 7, 8, 8, 8, 8, 9, 9, 9, 9, 10, 10, 10, 10, 11, 11, 11, 11, 12, 12, 12, 12, 13, 13, 13, 13, 14, 14, 14, 14, 14, 14, 14, 14, 15, 15, 15, 15, 15, 15, 15, 15, 15, 15, 15, 15, 15, 15, 15], "a_turds_left": [5, 5, 5, 5, 5, 5, 5, 5, 5, 5, 5, 5, 5, 5, 5, 5, 5, 5, 5, 5, 5, 5, 5, 5, 5, 5, 5, 5, 5, 5, 5, 5, 5, 5, 5, 5, 5, 5, 5, 5, 5, 5, 5, 5, 5, 5, 5, 5, 5, 5, 5, 5, 5, 5, 5, 5, 5, 5, 5, 5, 5, 5, 5, 5, 5, 5, 5, 5, 5, 5, 5, 5, 5, 5, 5, 5, 5, 5, 5, 5], "b_turds_left": [5, 5, 5, 5, 5, 5, 5, 5, 5, 5, 5, 5, 5, 5, 5, 5, 5, 5, 5, 5, 5, 5, 5, 5, 5, 5, 5, 5, 5, 5, 5, 5, 5, 5, 5, 5, 5, 5, 5, 5, 5, 5, 5, 5, 5, 5, 5, 5, 5, 5, 5, 5, 5, 5, 5, 5, 5, 5, 5, 5, 5, 5, 5, 5, 5, 5, 5, 5, 5, 5, 5, 5, 5, 5, 5, 5, 5, 5, 5, 5], "a_time_left": [359.99558804096887, 359.99558804096887, 359.9942132909782, 359.9942132909782, 359.99077370698797, 359.99077370698797, 359.98938979097875, 359.98938979097875, 359.9859814569354, 359.9859814569354, 359.9845753319096, 359.9845753319096, 359.9812060399563, 359.9812060399563, 359.9809085399611, 359.9809085399611, 359.9803651229595, 359.9803651229595, 359.9791164979688, 359.9791164979688, 359.97648537292844, 359.97648537292844, 359.97443962289253, 359.97443962289253, 359.9710884978995, 359.9710884978995, 359.9707885818789, 359.9707885818789, 359.9698761649197, 359.9698761649197, 359.96940320695285, 359.96940320695285, 359.9681397069362, 359.9681397069362, 359.9678344569402, 359.9678344569402, 359.96746070694644, 359.96746070694644, 359.96727783198, 359.96727783198, 359.966921706975, 359.966921706975, 359.96682716498617, 359.96682716498617, 359.9667394149583, 359.9667394149583, 359.9665680399048, 359.9665680399048, 359.9664765399066, 359.9664765399066, 359.9663892479148, 359.9663892479148, 359.9663123319042, 359.9663123319042, 359.966164290905, 359.966164290905, 359.96607520693215, 359.96607520693215, 359.96599466493353, 359.96599466493353, 359.96590470691444, 359.96590470691444, 359.9658168728929, 359.9658168728929, 359.96574445592705, 359.96574445592705, 359.96563737187535, 359.96563737187535, 359.96557062189095, 359.96557062189095, 359.96548478788463, 359.96548478788463, 359.96541832986986, 359.96541832986986, 359.96532374585513, 359.96532374585513, 359.9652545788558, 359.9652545788558, 359.9651622038218, 359.9651622038218], "b_time_left": [360, 359.9985436669667, 359.9985436669667, 359.99686891696183, 359.99686891696183, 359.9936539589544, 359.9936539589544, 359.991925041948, 359.991925041948, 359.98839870793745, 359.98839870793745, 359.9867407079437, 359.9867407079437, 359.98469370795647, 359.98469370795647, 359.98302104196046, 359.98302104196046, 359.97999187593814, 359.97999187593814, 359.9782532919198, 359.9782532919198, 359.97511925094295, 359.97511925094295, 359.97464687598404, 359.97464687598404, 359.9734930009581, 359.9734930009581, 359.97324170998763, 359.97324170998763, 359.972849793965, 359.972849793965, 359.97243154398166, 359.97243154398166, 359.9713650440099, 359.9713650440099, 359.9712795439991, 359.9712795439991, 359.9711931690108, 359.9711931690108, 359.97111125302035, 359.97111125302035, 359.97102533699945, 359.97102533699945, 359.97093925403897, 359.97093925403897, 359.97083942004247, 359.97083942004247, 359.97075450303964, 359.97075450303964, 359.9706554200384, 359.9706554200384, 359.9705756700714, 359.9705756700714, 359.97047350305365, 359.97047350305365, 359.9704037110787, 359.9704037110787, 359.9703201270895, 359.9703201270895, 359.97025154309813, 359.97025154309813, 359.9701667521149, 359.9701667521149, 359.9700978351175, 359.9700978351175, 359.970026460127, 359.970026460127, 359.96993912709877, 359.96993912709877, 359.9698627941543, 359.9698627941543, 359.9697479191818, 359.9697479191818, 359.9696388351731, 359.9696388351731, 359.96955787716433, 359.96955787716433, 359.9694148771814, 359.9694148771814, 359.9692242941819], "a_moves_left": [39, 39, 38, 38, 37, 37, 36, 36, 35, 35, 34, 34, 33, 33, 32, 32, 31, 31, 30, 30, 29, 29, 28, 28, 27, 27, 26, 26, 25, 25, 24, 24, 23, 23, 22, 22, 21, 21, 20, 20, 19, 19, 18, 18, 17, 17, 16, 16, 15, 15, 14, 14, 13, 13, 12, 12, 11, 11, 10, 10, 9, 9, 8, 8, 7, 7, 6, 6, 5, 5, 4, 4, 3, 3, 2, 2, 1, 1, 0, 0], "b_moves_left": [40, 39, 39, 38, 38, 37, 37, 36, 36, 35, 35, 34, 34, 33, 33, 32, 32, 31, 31, 30, 30, 29, 29, 28, 28, 27, 27, 26, 26, 25, 25, 24, 24, 23, 23, 22, 22, 21, 21, 20, 20, 19, 19, 18, 18, 17, 17, 16, 16, 15, 15, 14, 14, 13, 13, 12, 12, 11, 11, 10, 10, 9, 9, 8, 8, 7, 7, 6, 6, 5, 5, 4, 4, 3, 3, 2, 2, 1, 1, 0], "trapdoor_triggered": [0, 0, 0, 0, 0, 0, 0, 0, 0, 0, 0, 0, 0, 0, 0, 0, 0, 0, 0, 0, 0, 0, 0, 0, 0, 0, 0, 0, 0, 0, 0, 0, 0, 0, 0, 0, 0, 0, 0, 0, 0, 0, 0, 0, 0, 0, 0, 0, 0, 0, 0, 0, 0, 0, 0, 0, 0, 0, 0, 0, 0, 0, 0, 0, 0, 0, 0, 0, 0, 0, 0, 0, 0, 0, 0, 0, 0, 0, 0, 0], "left_behind": ["egg", "egg", "plain", "plain", "egg", "egg", "plain", "plain", "egg", "egg", "plain", "plain", "egg", "egg", "plain", "plain", "plain", "egg", "plain", "plain", "egg", "egg", "plain", "plain", "egg", "egg", "plain", "plain", "egg", "plain", "plain", "plain", "egg", "egg", "plain", "plain", "egg", "egg", "plain", "plain", "egg", "egg", "plain", "plain", "egg", "egg", "plain", "plain", "egg", "egg", "plain", "plain", "egg", "egg", "plain", "plain", "egg", "egg", "plain", "plain", "egg", "plain", "plain", "plain", "egg", "egg", "plain", "plain", "egg", "plain", "plain", "plain", "plain", "plain", "plain", "plain", "plain", "plain", "plain", "plain"], "errlog_a": "", "errlog_b": "", "start_time": 360, "start_moves": 40, "turn_count": 80, "result": 0, "reason": "EGGS_LAID", "trapdoors": [[5, 5], [4, 3]], "spawn_a": [0, 6], "spawn_b": [7, 6]}