{"pos": [[0, 1], [6, 2], [1, 1], [6, 1], [1, 2], [5, 1], [1, 3], [4, 1], [0, 3], [3, 1], [0, 4], [2, 1], [1, 4], [2, 0], [1, 5], [3, 0], [0, 5], [4, 0], [0, 6], [5, 0], [1, 6], [6, 0], [2, 6], [7, 0], [2, 7], [7, 1], [1, 7], [6, 1], [0, 7], [6, 2], [0, 6], [6, 3], [0, 5], [6, 4], [0, 4], [6, 5], [1, 4], [6, 6], [2, 4], [5, 6], [2, 5], [4, 6], [2, 6], [3, 6], [2, 5], [3, 7], [3, 5], [4, 7], [2, 5], [5, 7], [3, 5], [6, 7], [4, 5], [7, 7], [5, 5], [7, 6], [5, 4], [7, 5], [6, 4], [7, 4], [5, 4], [7, 3], [5, 3], [6, 3], [5, 2], [7, 3], [6, 2], [7, 2], [5, 2], [7, 1], [5, 1], [7, 0], [5, 2], [6, 0], [4, 2], [5, 0], [4, 3], [4, 0], [3, 3], [4, 1]], "a_eggs_laid": [1, 1, 1, 1, 2, 2, 2, 2, 3, 3, 3, 3, 4, 4, 4, 4, 5, 5, 5, 5, 6, 6, 6, 6, 7, 7, 7, 7, 8, 8, 8, 8, 8, 8, 8, 8, 8, 8, 8, 8, 9, 9, 9, 9, 9, 9, 9, 9, 10, 10, 10, 10, 10, 10, 10, 10, 11, 11, 11, 11, 12, 12, 12, 12, 13, 13, 13, 13, 14, 14, 14, 14, 15, 15, 15, 15, 16, 16, 16, 16], "b_eggs_laid": [0, 1, 1, 1, 1, 2, 2, 2, 2, 3, 3, 3, 3, 4, 4, 4, 4, 5, 5, 5, 5, 6, 6, 6, 6, 9, 9, 9, 9, 9, 9, 9, 9, 10, 10, 10, 10, 11, 11, 11, 11, 12, 12, 12, 12, 13, 13, 13, 13, 14, 14, 14, 14, 15, 15, 15, 15, 16, 16, 16, 16, 17, 17, 17, 17, 17, 17, 17, 17, 17, 17, 17, 17, 17, 17, 17, 17, 17, 17, 17], "a_turds_left": [5, 5, 5, 5, 5, 5, 5, 5, 5, 5, 5, 5, 5, 5, 5, 5, 5, 5, 5, 5, 5, 5, 5, 5, 5, 5, 5, 5, 5, 5, 5, 5, 5, 5, 5, 5, 5, 5, 5, 5, 5, 5, 5, 5, 5, 5, 5, 5, 5, 5, 5, 5, 5, 5, 5, 5, 5, 5, 5, 5, 5, 5, 5, 5, 5, 5, 5, 5, 5, 5, 5, 5, 5, 5, 5, 5, 5, 5, 5, 5], "b_turds_left": [5, 5, 5, 5, 5, 5, 5, 5, 5, 5, 5, 5, 5, 5, 5, 5, 5, 5, 5, 5, 5, 5, 5, 5, 5, 5, 5, 5, 5, 5, 5, 5, 5, 5, 5, 5, 5, 5, 5, 5, 5, 5, 5, 5, 5, 5, 5, 5, 5, 5, 5, 5, 5, 5, 5, 5, 5, 5, 5, 5, 5, 5, 5, 5, 5, 5, 5, 5, 5, 5, 5, 5, 5, 5, 5, 5, 5, 5, 5, 5], "a_time_left": [359.99603220802965, 359.99603220802965, 359.9946782490006, 359.9946782490006, 359.9911020830041, 359.9911020830041, 359.98972058296204, 359.98972058296204, 359.98833070800174, 359.98833070800174, 359.98738395801047, 359.98738395801047, 359.9846420829999, 359.9846420829999, 359.98411291697994, 359.98411291697994, 359.98293354193447, 359.98293354193447, 359.98264612589264, 359.98264612589264, 359.98173445888096, 359.98173445888096, 359.9812850418384, 359.9812850418384, 359.980137666862, 359.980137666862, 359.97970399982296, 359.97970399982296, 359.9788267078111, 359.9788267078111, 359.9787344998331, 359.9787344998331, 359.97862708277535, 359.97862708277535, 359.97850279079285, 359.97850279079285, 359.97831391578075, 359.97831391578075, 359.97803487378405, 359.97803487378405, 359.9768944157986, 359.9768944157986, 359.9766370407888, 359.9766370407888, 359.9764061658061, 359.9764061658061, 359.9761679578223, 359.9761679578223, 359.97543595783645, 359.97543595783645, 359.9753446658142, 359.9753446658142, 359.97514387383126, 359.97514387383126, 359.9750602488057, 359.9750602488057, 359.9749868318322, 359.9749868318322, 359.9749046228244, 359.9749046228244, 359.97484449780313, 359.97484449780313, 359.97458445682423, 359.97458445682423, 359.9745093738311, 359.9745093738311, 359.97442337387474, 359.97442337387474, 359.97436808183556, 359.97436808183556, 359.97411966585787, 359.97411966585787, 359.9740575828473, 359.9740575828473, 359.97389574884437, 359.97389574884437, 359.97380553983385, 359.97380553983385, 359.97372378985165, 359.97372378985165], "b_time_left": [360, 359.99652754096314, 359.99652754096314, 359.99485354096396, 359.99485354096396, 359.99173833295936, 359.99173833295936, 359.9900281249429, 359.9900281249429, 359.9869297919213, 359.9869297919213, 359.98513279197505, 359.98513279197505, 359.98264979192754, 359.98264979192754, 359.9821707919473, 359.9821707919473, 359.98131241695955, 359.98131241695955, 359.98103841691045, 359.98103841691045, 359.98022537492216, 359.98022537492216, 359.98010324995266, 359.98010324995266, 359.97994970798027, 359.97994970798027, 359.97985508298734, 359.97985508298734, 359.97958854201715, 359.97958854201715, 359.9791726670228, 359.9791726670228, 359.97905333398376, 359.97905333398376, 359.978946083982, 359.978946083982, 359.97882579197176, 359.97882579197176, 359.9787262509926, 359.9787262509926, 359.9786076259916, 359.9786076259916, 359.97850770899095, 359.97850770899095, 359.9784071680042, 359.9784071680042, 359.97831954300636, 359.97831954300636, 359.9782226679963, 359.9782226679963, 359.9781273350236, 359.9781273350236, 359.97802316903835, 359.97802316903835, 359.9779248770792, 359.9779248770792, 359.97782754409127, 359.97782754409127, 359.9777381690801, 359.9777381690801, 359.97765271004755, 359.97765271004755, 359.9775698350277, 359.9775698350277, 359.97749504301464, 359.97749504301464, 359.9774134589825, 359.9774134589825, 359.97733929299284, 359.97733929299284, 359.9772577510448, 359.9772577510448, 359.97718166705454, 359.97718166705454, 359.9770981250331, 359.9770981250331, 359.9770234170719, 359.9770234170719, 359.9769373340532], "a_moves_left": [39, 39, 38, 38, 37, 37, 36, 36, 35, 35, 34, 34, 33, 33, 32, 32, 31, 31, 30, 30, 29, 29, 28, 28, 27, 27, 26, 26, 25, 25, 24, 24, 23, 23, 22, 22, 21, 21, 20, 20, 19, 19, 18, 18, 17, 17, 16, 16, 15, 15, 14, 14, 13, 13, 12, 12, 11, 11, 10, 10, 9, 9, 8, 8, 7, 7, 6, 6, 5, 5, 4, 4, 3, 3, 2, 2, 1, 1, 0, 0], "b_moves_left": [40, 39, 39, 38, 38, 37, 37, 36, 36, 35, 35, 34, 34, 33, 33, 32, 32, 31, 31, 30, 30, 29, 29, 28, 28, 27, 27, 26, 26, 25, 25, 24, 24, 23, 23, 22, 22, 21, 21, 20, 20, 19, 19, 18, 18, 17, 17, 16, 16, 15, 15, 14, 14, 13, 13, 12, 12, 11, 11, 10, 10, 9, 9, 8, 8, 7, 7, 6, 6, 5, 5, 4, 4, 3, 3, 2, 2, 1, 1, 0], "trapdoor_triggered": [0, 0, 0, 0, 0, 0, 0, 0, 0, 0, 0, 0, 0, 0, 0, 0, 0, 0, 0, 0, 0, 0, 0, 0, 0, 0, 0, 0, 0, 0, 0, 0, 0, 0, 0, 0, 0, 0, 0, 0, 0, 0, 0, 0, 0, 0, 0, 0, 0, 0, 0, 0, 0, 0, 0, 0, 0, 0, 0, 0, 0, 0, 0, 0, 0, 0, 0, 0, 0, 0, 0, 0, 0, 0, 0, 0, 0, 0, 0, 0], "left_behind": ["egg", "egg", "plain", "plain", "egg", "egg", "plain", "plain", "egg", "egg", "plain", "plain", "egg", "egg", "plain", "plain", "egg", "egg", "plain", "plain", "egg", "egg", "plain", "plain", "egg", "egg", "plain", "plain", "egg", "plain", "plain", "plain", "plain", "egg", "plain", "plain", "plain", "egg", "plain", "plain", "egg", "egg", "plain", "plain", "plain", "egg", "plain", "plain", "egg", "egg", "plain", "plain", "plain", "egg", "plain", "plain", "egg", "egg", "plain", "plain", "egg", "egg", "plain", "plain", "egg", "plain", "plain", "plain", "egg", "plain", "plain", "plain", "egg", "plain", "plain", "plain", "egg", "plain", "plain", "plain"], "errlog_a": "", "errlog_b": "", "start_time": 360, "start_moves": 40, "turn_count": 80, "result": 1, "reason": "EGGS_LAID", "trapdoors": [[4, 4], [3, 4]], "spawn_a": [0, 2], "spawn_b": [7, 2]}