{"pos": [[0, 3], [6, 4], [1, 3], [6, 3], [1, 4], [6, 2], [1, 5], [6, 1], [0, 5], [5, 1], [0, 6], [4, 1], [1, 6], [3, 1], [1, 7], [2, 1], [0, 7], [1, 1], [0, 6], [1, 2], [1, 6], [0, 2], [2, 6], [0, 1], [2, 7], [0, 0], [3, 7], [1, 0], [3, 6], [2, 0], [4, 6], [3, 0], [4, 7], [4, 0], [5, 7], [5, 0], [6, 7], [6, 0], [6, 6], [7, 0], [7, 6], [7, 1], [7, 5], [7, 2], [6, 5], [7, 3], [6, 4], [6, 3], [6, 5], [5, 3], [5, 5], [5, 2], [5, 6], [4, 2], [5, 5], [3, 2], [5, 4], [2, 2], [5, 3], [3, 2], [4, 3], [2, 2], [4, 2], [2, 3], [4, 3], [3, 3], [4, 4], [4, 3], [5, 4], [3, 3], [5, 3], [4, 3], [5, 4], [3, 3], [4, 4], [2, 3], [4, 5], [2, 4], [4, 6], [2, 5]], "a_eggs_laid": [1, 1, 1, 1, 2, 2, 2, 2, 3, 3, 3, 3, 4, 4, 4, 4, 5, 5, 5, 5, 5, 5, 5, 5, 6, 6, 6, 6, 7, 7, 7, 7, 8, 8, 8, 8, 9, 9, 9, 9, 10, 10, 10, 10, 11, 11, 11, 11, 12, 12, 12, 12, 13, 13, 13, 13, 13, 13, 13, 13, 14, 14, 14, 14, 15, 15, 15, 15, 16, 16, 16, 16, 16, 16, 16, 16, 16, 16, 16, 16], "b_eggs_laid": [0, 1, 1, 1, 1, 2, 2, 2, 2, 3, 3, 3, 3, 4, 4, 4, 4, 5, 5, 5, 5, 6, 6, 6, 6, 7, 7, 7, 7, 8, 8, 8, 8, 9, 9, 9, 9, 10, 10, 10, 10, 13, 13, 13, 13, 14, 14, 14, 14, 14, 14, 14, 14, 15, 15, 15, 15, 16, 16, 16, 16, 16, 16, 16, 16, 17, 17, 17, 17, 18, 18, 18, 18, 18, 18, 18, 18, 18, 18, 18], "a_turds_left": [5, 5, 5, 5, 5, 5, 5, 5, 5, 5, 5, 5, 5, 5, 5, 5, 5, 5, 5, 5, 5, 5, 5, 5, 5, 5, 5, 5, 5, 5, 5, 5, 5, 5, 5, 5, 5, 5, 5, 5, 5, 5, 5, 5, 5, 5, 5, 5, 5, 5, 5, 5, 5, 5, 5, 5, 5, 5, 5, 5, 5, 5, 5, 5, 5, 5, 5, 5, 5, 5, 5, 5, 5, 5, 5, 5, 5, 5, 5, 5], "b_turds_left": [5, 5, 5, 5, 5, 5, 5, 5, 5, 5, 5, 5, 5, 5, 5, 5, 5, 5, 5, 5, 5, 5, 5, 5, 5, 5, 5, 5, 5, 5, 5, 5, 5, 5, 5, 5, 5, 5, 5, 5, 5, 5, 5, 5, 5, 5, 5, 5, 5, 5, 5, 5, 5, 5, 5, 5, 5, 5, 5, 5, 5, 5, 5, 5, 5, 5, 5, 5, 5, 5, 5, 5, 5, 5, 5, 5, 5, 5, 5, 5], "a_time_left": [359.9958823750494, 359.9958823750494, 359.9953106250614, 359.9953106250614, 359.99175350007135, 359.99175350007135, 359.99120600003516, 359.99120600003516, 359.989893583057, 359.989893583057, 359.98903058306314, 359.98903058306314, 359.98802866606275, 359.98802866606275, 359.9863986240234, 359.9863986240234, 359.98544695798773, 359.98544695798773, 359.98536325001623, 359.98536325001623, 359.9851800840115, 359.9851800840115, 359.9849013760104, 359.9849013760104, 359.9837746260455, 359.9837746260455, 359.98350696003763, 359.98350696003763, 359.98261362704216, 359.98261362704216, 359.9821701270412, 359.9821701270412, 359.98102862702217, 359.98102862702217, 359.98077362705953, 359.98077362705953, 359.9799080850207, 359.9799080850207, 359.97950937598944, 359.97950937598944, 359.9784943339764, 359.9784943339764, 359.9784171259962, 359.9784171259962, 359.9783373340033, 359.9783373340033, 359.978251292021, 359.978251292021, 359.97817687503994, 359.97817687503994, 359.9779787090374, 359.9779787090374, 359.97787654201966, 359.97787654201966, 359.9777949170093, 359.9777949170093, 359.9776371669723, 359.9776371669723, 359.97755366697675, 359.97755366697675, 359.977477376, 359.977477376, 359.9773967930232, 359.9773967930232, 359.9773362100241, 359.9773362100241, 359.9772480429965, 359.9772480429965, 359.97717125102645, 359.97717125102645, 359.9770864590537, 359.9770864590537, 359.9770289590815, 359.9770289590815, 359.9769307090901, 359.9769307090901, 359.97681566805113, 359.97681566805113, 359.9767374600633, 359.9767374600633], "b_time_left": [360, 359.9963720830274, 359.9963720830274, 359.99396708304994, 359.99396708304994, 359.98958000005223, 359.98958000005223, 359.9878544160747, 359.9878544160747, 359.98401724908035, 359.98401724908035, 359.9833527080482, 359.9833527080482, 359.9821576240356, 359.9821576240356, 359.98148179001873, 359.98148179001873, 359.97934779000934, 359.97934779000934, 359.97873224900104, 359.97873224900104, 359.9778835820034, 359.9778835820034, 359.9774460400222, 359.9774460400222, 359.9766018320224, 359.9766018320224, 359.97635620704386, 359.97635620704386, 359.97624641505536, 359.97624641505536, 359.97614512307337, 359.97614512307337, 359.9760251650587, 359.9760251650587, 359.9759255820536, 359.9759255820536, 359.9758128320682, 359.9758128320682, 359.9757202070905, 359.9757202070905, 359.97562891512644, 359.97562891512644, 359.97554237314034, 359.97554237314034, 359.9754429561435, 359.9754429561435, 359.97534770617494, 359.97534770617494, 359.97514333121944, 359.97514333121944, 359.97504520619987, 359.97504520619987, 359.9749345812015, 359.9749345812015, 359.97483649721835, 359.97483649721835, 359.97472328925505, 359.97472328925505, 359.9746268312447, 359.9746268312447, 359.9744677892304, 359.9744677892304, 359.97429791424656, 359.97429791424656, 359.9741981642437, 359.9741981642437, 359.97410212329123, 359.97410212329123, 359.9740319562843, 359.9740319562843, 359.9738949983148, 359.9738949983148, 359.9738127483288, 359.9738127483288, 359.97366708231857, 359.97366708231857, 359.9735525823198, 359.9735525823198, 359.9734690822661], "a_moves_left": [39, 39, 38, 38, 37, 37, 36, 36, 35, 35, 34, 34, 33, 33, 32, 32, 31, 31, 30, 30, 29, 29, 28, 28, 27, 27, 26, 26, 25, 25, 24, 24, 23, 23, 22, 22, 21, 21, 20, 20, 19, 19, 18, 18, 17, 17, 16, 16, 15, 15, 14, 14, 13, 13, 12, 12, 11, 11, 10, 10, 9, 9, 8, 8, 7, 7, 6, 6, 5, 5, 4, 4, 3, 3, 2, 2, 1, 1, 0, 0], "b_moves_left": [40, 39, 39, 38, 38, 37, 37, 36, 36, 35, 35, 34, 34, 33, 33, 32, 32, 31, 31, 30, 30, 29, 29, 28, 28, 27, 27, 26, 26, 25, 25, 24, 24, 23, 23, 22, 22, 21, 21, 20, 20, 19, 19, 18, 18, 17, 17, 16, 16, 15, 15, 14, 14, 13, 13, 12, 12, 11, 11, 10, 10, 9, 9, 8, 8, 7, 7, 6, 6, 5, 5, 4, 4, 3, 3, 2, 2, 1, 1, 0], "trapdoor_triggered": [0, 0, 0, 0, 0, 0, 0, 0, 0, 0, 0, 0, 0, 0, 0, 0, 0, 0, 0, 0, 0, 0, 0, 0, 0, 0, 0, 0, 0, 0, 0, 0, 0, 0, 0, 0, 0, 0, 0, 0, 0, 0, 0, 0, 0, 0, 0, 0, 0, 0, 0, 0, 0, 0, 0, 0, 0, 0, 0, 0, 0, 0, 0, 0, 0, 0, 0, 0, 0, 0, 0, 0, 0, 0, 0, 0, 0, 0, 0, 0], "left_behind": ["egg", "egg", "plain", "plain", "egg", "egg", "plain", "plain", "egg", "egg", "plain", "plain", "egg", "egg", "plain", "plain", "egg", "egg", "plain", "plain", "plain", "egg", "plain", "plain", "egg", "egg", "plain", "plain", "egg", "egg", "plain", "plain", "egg", "egg", "plain", "plain", "egg", "egg", "plain", "plain", "egg", "egg", "plain", "plain", "egg", "egg", "plain", "plain", "egg", "plain", "plain", "plain", "egg", "egg", "plain", "plain", "plain", "egg", "plain", "plain", "egg", "plain", "plain", "plain", "egg", "egg", "plain", "plain", "egg", "egg", "plain", "plain", "plain", "plain", "plain", "plain", "plain", "plain", "plain", "plain"], "errlog_a": "", "errlog_b": "", "start_time": 360, "start_moves": 40, "turn_count": 80, "result": 1, "reason": "EGGS_LAID", "trapdoors": [[3, 5], [3, 4]], "spawn_a": [0, 4], "spawn_b": [7, 4]}