{"pos": [[6, 1], [1, 1], [5, 1], [2, 1], [5, 0], [3, 1], [4, 0], [0, 1], [5, 0], [0, 2], [6, 0], [1, 2], [7, 0], [1, 3], [6, 0], [1, 4], [6, 1], [1, 5], [6, 2], [1, 6], [6, 3], [2, 6], [7, 3], [3, 6], [7, 2], [3, 7], [6, 2], [4, 7], [5, 2], [4, 6], [5, 3], [5, 6], [5, 4], [6, 6], [6, 4], [6, 7], [6, 5], [7, 7], [6, 6], [7, 6], [6, 5], [7, 5], [6, 4], [7, 6], [7, 4], [7, 7], [7, 5], [6, 7], [7, 4], [5, 7], [7, 5], [5, 6], [6, 5], [5, 7], [6, 6], [4, 7], [6, 5], [4, 6], [6, 6], [4, 5], [6, 5], [4, 4], [6, 4], [4, 5], [5, 4], [3, 5], [4, 4], [2, 5], [4, 3], [2, 4], [3, 3], [2, 5], [3, 4], [2, 6], [3, 5], [2, 7], [3, 4], [1, 7], [2, 4], [0, 7]], "a_eggs_laid": [1, 1, 1, 1, 2, 2, 2, 2, 7, 7, 7, 7, 8, 8, 8, 8, 8, 8, 8, 8, 9, 9, 9, 9, 10, 10, 10, 10, 10, 10, 10, 10, 11, 11, 11, 11, 12, 12, 12, 12, 13, 13, 13, 13, 13, 13, 13, 13, 14, 14, 14, 14, 14, 14, 14, 14, 14, 14, 14, 14, 14, 14, 14, 14, 14, 14, 14, 14, 15, 15, 15, 15, 16, 16, 16, 16, 17, 17, 17, 17], "b_eggs_laid": [0, 1, 1, 1, 1, 2, 2, 2, 2, 2, 2, 2, 2, 3, 3, 3, 3, 4, 4, 4, 4, 5, 5, 5, 5, 6, 6, 6, 6, 7, 7, 7, 7, 8, 8, 8, 8, 9, 9, 9, 9, 10, 10, 10, 10, 10, 10, 10, 10, 10, 10, 10, 10, 10, 10, 10, 10, 10, 10, 10, 10, 11, 11, 11, 11, 11, 11, 11, 11, 12, 12, 12, 12, 12, 12, 12, 12, 13, 13, 13], "a_turds_left": [5, 5, 5, 5, 5, 5, 5, 5, 5, 5, 5, 5, 5, 5, 5, 5, 5, 5, 5, 5, 5, 5, 5, 5, 5, 5, 5, 5, 5, 5, 5, 5, 5, 5, 5, 5, 5, 5, 5, 5, 5, 5, 5, 5, 5, 5, 5, 5, 5, 5, 5, 5, 5, 5, 5, 5, 5, 5, 5, 5, 5, 5, 5, 5, 5, 5, 5, 5, 5, 5, 5, 5, 5, 5, 5, 5, 5, 5, 5, 5], "b_turds_left": [5, 5, 5, 4, 4, 4, 4, 3, 3, 3, 3, 2, 2, 2, 2, 1, 1, 1, 1, 0, 0, 0, 0, 0, 0, 0, 0, 0, 0, 0, 0, 0, 0, 0, 0, 0, 0, 0, 0, 0, 0, 0, 0, 0, 0, 0, 0, 0, 0, 0, 0, 0, 0, 0, 0, 0, 0, 0, 0, 0, 0, 0, 0, 0, 0, 0, 0, 0, 0, 0, 0, 0, 0, 0, 0, 0, 0, 0, 0, 0], "a_time_left": [359.99642570799915, 359.99642570799915, 359.99463820800884, 359.99463820800884, 359.9914041250013, 359.9914041250013, 359.9901154160034, 359.9901154160034, 359.9890184579999, 359.9890184579999, 359.98820949997753, 359.98820949997753, 359.98723591602175, 359.98723591602175, 359.98697016597725, 359.98697016597725, 359.98644874896854, 359.98644874896854, 359.9856896659476, 359.9856896659476, 359.98533120693173, 359.98533120693173, 359.9852087069303, 359.9852087069303, 359.98507587390486, 359.98507587390486, 359.9849838739028, 359.9849838739028, 359.9848854159354, 359.9848854159354, 359.9847809159546, 359.9847809159546, 359.9846644579666, 359.9846644579666, 359.98455854097847, 359.98455854097847, 359.9844539159676, 359.9844539159676, 359.9843382909894, 359.9843382909894, 359.98427087499294, 359.98427087499294, 359.98420308402274, 359.98420308402274, 359.9841258340166, 359.9841258340166, 359.98404574999586, 359.98404574999586, 359.9839692079695, 359.9839692079695, 359.98389916698216, 359.98389916698216, 359.98383699997794, 359.98383699997794, 359.9837561249733, 359.9837561249733, 359.9837014169898, 359.9837014169898, 359.9836149169714, 359.9836149169714, 359.9835623759427, 359.9835623759427, 359.9834799179225, 359.9834799179225, 359.98340600094525, 359.98340600094525, 359.983324458939, 359.983324458939, 359.98323625093326, 359.98323625093326, 359.9831548759248, 359.9831548759248, 359.9830780008924, 359.9830780008924, 359.98300112586, 359.98300112586, 359.9829460848705, 359.9829460848705, 359.9828643348883, 359.9828643348883], "b_time_left": [360, 359.99694808298955, 359.99694808298955, 359.99521624902263, 359.99521624902263, 359.9929527079803, 359.9929527079803, 359.9913667080109, 359.9913667080109, 359.9907316240133, 359.9907316240133, 359.9902305409778, 359.9902305409778, 359.9884227910079, 359.9884227910079, 359.9869899160112, 359.9869899160112, 359.98495658300817, 359.98495658300817, 359.9835210410529, 359.9835210410529, 359.98293045710307, 359.98293045710307, 359.9826035821461, 359.9826035821461, 359.9821307071252, 359.9821307071252, 359.981900957122, 359.981900957122, 359.9815477071679, 359.9815477071679, 359.9814745821641, 359.9814745821641, 359.9813724151463, 359.9813724151463, 359.9812985401368, 359.9812985401368, 359.98120770714013, 359.98120770714013, 359.9811442491482, 359.9811442491482, 359.98105854017194, 359.98105854017194, 359.9809882901609, 359.9809882901609, 359.9809131231741, 359.9809131231741, 359.9808538321522, 359.9808538321522, 359.980788957153, 359.980788957153, 359.9807291661855, 359.9807291661855, 359.9806621661992, 359.9806621661992, 359.98060212424025, 359.98060212424025, 359.9805393331917, 359.9805393331917, 359.98047000018414, 359.98047000018414, 359.9803775831824, 359.9803775831824, 359.9803114581737, 359.9803114581737, 359.9802452081931, 359.9802452081931, 359.9801802081638, 359.9801802081638, 359.9801010831725, 359.9801010831725, 359.9800355421612, 359.9800355421612, 359.97997083415976, 359.97997083415976, 359.9799142931588, 359.9799142931588, 359.97983916813973, 359.97983916813973, 359.9797839181265], "a_moves_left": [39, 39, 38, 38, 37, 37, 36, 36, 35, 35, 34, 34, 33, 33, 32, 32, 31, 31, 30, 30, 29, 29, 28, 28, 27, 27, 26, 26, 25, 25, 24, 24, 23, 23, 22, 22, 21, 21, 20, 20, 19, 19, 18, 18, 17, 17, 16, 16, 15, 15, 14, 14, 13, 13, 12, 12, 11, 11, 10, 10, 9, 9, 8, 8, 7, 7, 6, 6, 5, 5, 4, 4, 3, 3, 2, 2, 1, 1, 0, 0], "b_moves_left": [40, 39, 39, 38, 38, 37, 37, 36, 36, 35, 35, 34, 34, 33, 33, 32, 32, 31, 31, 30, 30, 29, 29, 28, 28, 27, 27, 26, 26, 25, 25, 24, 24, 23, 23, 22, 22, 21, 21, 20, 20, 19, 19, 18, 18, 17, 17, 16, 16, 15, 15, 14, 14, 13, 13, 12, 12, 11, 11, 10, 10, 9, 9, 8, 8, 7, 7, 6, 6, 5, 5, 4, 4, 3, 3, 2, 2, 1, 1, 0], "trapdoor_triggered": [0, 0, 0, 0, 0, 0, 0, 1, 0, 0, 0, 0, 0, 0, 0, 0, 0, 0, 0, 0, 0, 0, 0, 0, 0, 0, 0, 0, 0, 0, 0, 0, 0, 0, 0, 0, 0, 0, 0, 0, 0, 0, 0, 0, 0, 0, 0, 0, 0, 0, 0, 0, 0, 0, 0, 0, 0, 0, 0, 0, 0, 0, 0, 0, 0, 0, 0, 0, 0, 0, 0, 0, 0, 0, 0, 0, 0, 0, 0, 0], "left_behind": ["egg", "egg", "plain", "turd", "egg", "egg", "plain", "turd", "egg", "plain", "plain", "turd", "egg", "egg", "plain", "turd", "plain", "egg", "plain", "turd", "egg", "egg", "plain", "plain", "egg", "egg", "plain", "plain", "plain", "egg", "plain", "plain", "egg", "egg", "plain", "plain", "egg", "egg", "plain", "plain", "egg", "egg", "plain", "plain", "plain", "plain", "plain", "plain", "egg", "plain", "plain", "plain", "plain", "plain", "plain", "plain", "plain", "plain", "plain", "plain", "plain", "egg", "plain", "plain", "plain", "plain", "plain", "plain", "egg", "egg", "plain", "plain", "egg", "plain", "plain", "plain", "egg", "egg", "plain", "plain"], "errlog_a": "", "errlog_b": "", "start_time": 360, "start_moves": 40, "turn_count": 80, "result": 0, "reason": "EGGS_LAID", "trapdoors": [[5, 5], [3, 2]], "spawn_a": [7, 1], "spawn_b": [0, 1]}