{"pos": [[6, 3], [1, 3], [6, 2], [1, 2], [7, 2], [1, 1], [7, 1], [2, 1], [6, 1], [3, 1], [5, 1], [2, 1], [5, 0], [2, 2], [6, 0], [1, 2], [7, 0], [0, 2], [7, 1], [0, 1], [6, 1], [0, 0], [6, 2], [1, 0], [5, 2], [2, 0], [5, 3], [3, 0], [6, 3], [4, 0], [6, 4], [5, 0], [7, 4], [4, 0], [7, 5], [4, 1], [6, 5], [4, 2], [6, 6], [5, 2], [7, 6], [4, 2], [7, 7], [4, 3], [6, 7], [4, 2], [5, 7], [4, 1], [5, 6], [3, 1], [6, 6], [3, 0], [6, 5], [2, 0], [6, 4], [1, 0], [5, 4], [1, 1], [5, 3], [0, 1], [5, 4], [0, 0], [5, 5], [1, 0], [4, 5], [1, 1], [4, 6], [2, 1], [4, 7], [2, 2], [3, 7], [2, 3], [3, 6], [2, 4], [3, 5], [3, 4], [3, 6], [2, 4], [2, 6], [2, 5]], "a_eggs_laid": [1, 1, 1, 1, 2, 2, 2, 2, 3, 3, 3, 3, 4, 4, 4, 4, 5, 5, 5, 5, 5, 5, 5, 5, 5, 5, 5, 5, 6, 6, 6, 6, 7, 7, 7, 7, 8, 8, 8, 8, 9, 9, 9, 9, 12, 12, 12, 12, 13, 13, 13, 13, 13, 13, 13, 13, 13, 13, 13, 13, 13, 13, 13, 13, 14, 14, 14, 14, 15, 15, 15, 15, 16, 16, 16, 16, 17, 17, 17, 17], "b_eggs_laid": [0, 1, 1, 1, 1, 2, 2, 2, 2, 3, 3, 3, 3, 3, 3, 3, 3, 3, 3, 3, 3, 4, 4, 4, 4, 5, 5, 5, 5, 6, 6, 6, 6, 7, 7, 7, 7, 8, 8, 8, 8, 9, 9, 9, 9, 10, 10, 10, 10, 10, 10, 10, 10, 10, 10, 10, 10, 10, 10, 10, 10, 10, 10, 10, 10, 10, 10, 10, 10, 10, 10, 10, 10, 11, 11, 11, 11, 12, 12, 12], "a_turds_left": [5, 5, 5, 5, 5, 5, 5, 5, 5, 5, 5, 5, 5, 5, 5, 5, 5, 5, 5, 5, 5, 5, 5, 5, 5, 5, 5, 5, 5, 5, 5, 5, 5, 5, 5, 5, 5, 5, 5, 5, 5, 5, 5, 5, 5, 5, 5, 5, 5, 5, 5, 5, 5, 5, 5, 5, 5, 5, 5, 5, 5, 5, 5, 5, 5, 5, 5, 5, 5, 5, 5, 5, 5, 5, 5, 5, 5, 5, 5, 5], "b_turds_left": [5, 5, 5, 5, 5, 5, 5, 5, 5, 5, 5, 5, 5, 5, 5, 5, 5, 5, 5, 5, 5, 5, 5, 5, 5, 5, 5, 5, 5, 5, 5, 5, 5, 5, 5, 5, 5, 5, 5, 5, 5, 5, 5, 5, 5, 5, 5, 5, 5, 5, 5, 5, 5, 5, 5, 5, 5, 5, 5, 5, 5, 5, 5, 5, 5, 5, 5, 5, 5, 5, 5, 5, 5, 5, 5, 5, 5, 5, 5, 5], "a_time_left": [359.99633962498046, 359.99633962498046, 359.9945239579538, 359.9945239579538, 359.9912595419446, 359.9912595419446, 359.99045487493277, 359.99045487493277, 359.98799724993296, 359.98799724993296, 359.98671616689535, 359.98671616689535, 359.98344920790987, 359.98344920790987, 359.9831341248937, 359.9831341248937, 359.97982749989023, 359.97982749989023, 359.97970879089553, 359.97970879089553, 359.97960079088807, 359.97960079088807, 359.97948195791105, 359.97948195791105, 359.979373290902, 359.979373290902, 359.97925949888304, 359.97925949888304, 359.97912841592915, 359.97912841592915, 359.9790133739589, 359.9790133739589, 359.97887545695994, 359.97887545695994, 359.97876428999007, 359.97876428999007, 359.97865078999894, 359.97865078999894, 359.97853208100423, 359.97853208100423, 359.97841049800627, 359.97841049800627, 359.9783109980053, 359.9783109980053, 359.97820678999415, 359.97820678999415, 359.97810162301175, 359.97810162301175, 359.9779907480115, 359.9779907480115, 359.9778789570555, 359.9778789570555, 359.97778841503896, 359.97778841503896, 359.9776854570373, 359.9776854570373, 359.9775934990612, 359.9775934990612, 359.97749162407126, 359.97749162407126, 359.97741954110097, 359.97741954110097, 359.97732712409925, 359.97732712409925, 359.9772183331079, 359.9772183331079, 359.97712387511274, 359.97712387511274, 359.97699112514965, 359.97699112514965, 359.97690791718196, 359.97690791718196, 359.97680854215287, 359.97680854215287, 359.9767172081629, 359.9767172081629, 359.976629458135, 359.976629458135, 359.9765380411409, 359.9765380411409], "b_time_left": [360, 359.99965820799116, 359.99965820799116, 359.99952112400206, 359.99952112400206, 359.99916716601, 359.99916716601, 359.99885554105276, 359.99885554105276, 359.99848962406395, 359.99848962406395, 359.99817766604247, 359.99817766604247, 359.9978572910186, 359.9978572910186, 359.99756799906027, 359.99756799906027, 359.9972933330573, 359.9972933330573, 359.9971960830735, 359.9971960830735, 359.99708208302036, 359.99708208302036, 359.9969943329925, 359.9969943329925, 359.99689191696234, 359.99689191696234, 359.99680270900717, 359.99680270900717, 359.9966943759937, 359.9966943759937, 359.9965885009733, 359.9965885009733, 359.9965084589785, 359.9965084589785, 359.9964195420034, 359.9964195420034, 359.9963125009672, 359.9963125009672, 359.9962215429987, 359.9962215429987, 359.9961509600398, 359.9961509600398, 359.9960600430495, 359.9960600430495, 359.99595637602033, 359.99595637602033, 359.99587241804693, 359.99587241804693, 359.9958038350451, 359.9958038350451, 359.99572450108826, 359.99572450108826, 359.99565508408705, 359.99565508408705, 359.9955588760786, 359.9955588760786, 359.99549079308053, 359.99549079308053, 359.9953963771113, 359.9953963771113, 359.9953304610681, 359.9953304610681, 359.99526271107607, 359.99526271107607, 359.9951967940433, 359.9951967940433, 359.99511283508036, 359.99511283508036, 359.9950400440721, 359.9950400440721, 359.9949547520955, 359.9949547520955, 359.9948546270607, 359.9948546270607, 359.9947722100769, 359.9947722100769, 359.99468904407695, 359.99468904407695, 359.99461087811505], "a_moves_left": [39, 39, 38, 38, 37, 37, 36, 36, 35, 35, 34, 34, 33, 33, 32, 32, 31, 31, 30, 30, 29, 29, 28, 28, 27, 27, 26, 26, 25, 25, 24, 24, 23, 23, 22, 22, 21, 21, 20, 20, 19, 19, 18, 18, 17, 17, 16, 16, 15, 15, 14, 14, 13, 13, 12, 12, 11, 11, 10, 10, 9, 9, 8, 8, 7, 7, 6, 6, 5, 5, 4, 4, 3, 3, 2, 2, 1, 1, 0, 0], "b_moves_left": [40, 39, 39, 38, 38, 37, 37, 36, 36, 35, 35, 34, 34, 33, 33, 32, 32, 31, 31, 30, 30, 29, 29, 28, 28, 27, 27, 26, 26, 25, 25, 24, 24, 23, 23, 22, 22, 21, 21, 20, 20, 19, 19, 18, 18, 17, 17, 16, 16, 15, 15, 14, 14, 13, 13, 12, 12, 11, 11, 10, 10, 9, 9, 8, 8, 7, 7, 6, 6, 5, 5, 4, 4, 3, 3, 2, 2, 1, 1, 0], "trapdoor_triggered": [0, 0, 0, 0, 0, 0, 0, 0, 0, 0, 0, 0, 0, 0, 0, 0, 0, 0, 0, 0, 0, 0, 0, 0, 0, 0, 0, 0, 0, 0, 0, 0, 0, 0, 0, 0, 0, 0, 0, 0, 0, 0, 0, 0, 0, 0, 0, 0, 0, 0, 0, 0, 0, 0, 0, 0, 0, 0, 0, 0, 0, 0, 0, 0, 0, 0, 0, 0, 0, 0, 0, 0, 0, 0, 0, 0, 0, 0, 0, 0], "left_behind": ["egg", "egg", "plain", "plain", "egg", "egg", "plain", "plain", "egg", "egg", "plain", "plain", "egg", "plain", "plain", "plain", "egg", "plain", "plain", "plain", "plain", "egg", "plain", "plain", "plain", "egg", "plain", "plain", "egg", "egg", "plain", "plain", "egg", "egg", "plain", "plain", "egg", "egg", "plain", "plain", "egg", "egg", "plain", "plain", "egg", "egg", "plain", "plain", "egg", "plain", "plain", "plain", "plain", "plain", "plain", "plain", "plain", "plain", "plain", "plain", "plain", "plain", "plain", "plain", "egg", "plain", "plain", "plain", "egg", "plain", "plain", "plain", "egg", "egg", "plain", "plain", "egg", "egg", "plain", "plain"], "errlog_a": "", "errlog_b": "", "start_time": 360, "start_moves": 40, "turn_count": 80, "result": 0, "reason": "EGGS_LAID", "trapdoors": [[4, 4], [3, 2]], "spawn_a": [7, 3], "spawn_b": [0, 3]}