{"pos": [[6, 3], [1, 3], [6, 2], [1, 4], [7, 2], [1, 5], [7, 1], [2, 5], [6, 1], [2, 4], [5, 1], [2, 3], [4, 1], [3, 3], [5, 1], [3, 4], [4, 1], [3, 5], [5, 1], [3, 6], [6, 1], [4, 6], [6, 0], [4, 5], [7, 0], [5, 5], [7, 1], [5, 6], [7, 0], [6, 6], [6, 0], [6, 5], [6, 1], [6, 4], [6, 2], [7, 4], [6, 3], [7, 5], [6, 4], [7, 6], [5, 4], [7, 7], [5, 5], [6, 7], [5, 4], [5, 7], [4, 4], [4, 7], [5, 4], [3, 7], [5, 3], [2, 7], [6, 3], [2, 6], [6, 4], [1, 6], [6, 3], [1, 7], [5, 3], [0, 7], [5, 4], [0, 6], [5, 5], [0, 5], [5, 4], [0, 4], [4, 4], [0, 3], [5, 4], [0, 2], [6, 4], [0, 1], [6, 3], [0, 0], [7, 3], [1, 0], [7, 2], [2, 0], [6, 2], [3, 0]], "a_eggs_laid": [1, 1, 1, 1, 2, 2, 2, 2, 3, 3, 3, 3, 4, 4, 4, 4, 4, 4, 4, 4, 4, 4, 4, 4, 5, 5, 5, 5, 5, 5, 5, 5, 5, 5, 5, 5, 5, 5, 5, 5, 6, 6, 6, 6, 7, 7, 7, 7, 8, 8, 8, 8, 9, 9, 9, 9, 9, 9, 9, 9, 9, 9, 9, 9, 9, 9, 9, 9, 9, 9, 9, 9, 9, 9, 9, 9, 9, 9, 9, 9], "b_eggs_laid": [0, 1, 1, 1, 1, 2, 2, 2, 2, 3, 3, 3, 3, 4, 4, 4, 4, 5, 5, 5, 5, 6, 6, 6, 6, 7, 7, 7, 7, 8, 8, 8, 8, 9, 9, 9, 9, 10, 10, 10, 10, 11, 11, 11, 11, 12, 12, 12, 12, 13, 13, 13, 13, 14, 14, 14, 14, 15, 15, 15, 15, 18, 18, 18, 18, 19, 19, 19, 19, 19, 19, 19, 19, 20, 20, 20, 20, 21, 21, 21], "a_turds_left": [5, 5, 5, 5, 5, 5, 5, 5, 5, 5, 5, 5, 5, 5, 5, 5, 5, 5, 5, 5, 5, 5, 5, 5, 5, 5, 5, 5, 5, 5, 5, 5, 5, 5, 5, 5, 5, 5, 5, 5, 5, 5, 5, 5, 5, 5, 5, 5, 5, 5, 5, 5, 5, 5, 5, 5, 5, 5, 5, 5, 5, 5, 5, 5, 5, 5, 5, 5, 5, 5, 5, 5, 5, 5, 5, 5, 5, 5, 5, 5], "b_turds_left": [5, 5, 5, 4, 4, 4, 4, 3, 3, 3, 3, 2, 2, 2, 2, 1, 1, 1, 1, 0, 0, 0, 0, 0, 0, 0, 0, 0, 0, 0, 0, 0, 0, 0, 0, 0, 0, 0, 0, 0, 0, 0, 0, 0, 0, 0, 0, 0, 0, 0, 0, 0, 0, 0, 0, 0, 0, 0, 0, 0, 0, 0, 0, 0, 0, 0, 0, 0, 0, 0, 0, 0, 0, 0, 0, 0, 0, 0, 0, 0], "a_time_left": [359.99626166699454, 359.99626166699454, 359.994446042052, 359.994446042052, 359.99086162500316, 359.99086162500316, 359.9900631670025, 359.9900631670025, 359.9874866249738, 359.9874866249738, 359.9861723330105, 359.9861723330105, 359.9829193750047, 359.9829193750047, 359.9826122500235, 359.9826122500235, 359.98233879206236, 359.98233879206236, 359.9820585010457, 359.9820585010457, 359.98194579203846, 359.98194579203846, 359.9818452920299, 359.9818452920299, 359.98172683402663, 359.98172683402663, 359.9816638760385, 359.9816638760385, 359.9815852930187, 359.9815852930187, 359.9815177510027, 359.9815177510027, 359.98144904203946, 359.98144904203946, 359.98135716700926, 359.98135716700926, 359.98127991706133, 359.98127991706133, 359.9811968750437, 359.9811968750437, 359.9811186660663, 359.9811186660663, 359.98103891609935, 359.98103891609935, 359.9809745820821, 359.9809745820821, 359.9808956650668, 359.9808956650668, 359.9808247900801, 359.9808247900801, 359.9807448730571, 359.9807448730571, 359.98064933205023, 359.98064933205023, 359.9805689570494, 359.9805689570494, 359.9805056650075, 359.9805056650075, 359.98042133200215, 359.98042133200215, 359.98035337304464, 359.98035337304464, 359.98027549806284, 359.98027549806284, 359.98022549808957, 359.98022549808957, 359.98014199809404, 359.98014199809404, 359.98008566506905, 359.98008566506905, 359.98000804008916, 359.98000804008916, 359.9799522071262, 359.9799522071262, 359.9798755821539, 359.9798755821539, 359.97981591516873, 359.97981591516873, 359.9797432901687, 359.9797432901687], "b_time_left": [360, 359.9987002919661, 359.9987002919661, 359.9968359169434, 359.9968359169434, 359.9944562499295, 359.9944562499295, 359.9928044999251, 359.9928044999251, 359.99016845889855, 359.99016845889855, 359.9885735429125, 359.9885735429125, 359.98654600192094, 359.98654600192094, 359.9850193769089, 359.9850193769089, 359.9828577109147, 359.9828577109147, 359.9813346279552, 359.9813346279552, 359.9807655439363, 359.9807655439363, 359.9804804188898, 359.9804804188898, 359.98002566886134, 359.98002566886134, 359.9797880858532, 359.9797880858532, 359.97970083582914, 359.97970083582914, 359.9796335028368, 359.9796335028368, 359.9795449197991, 359.9795449197991, 359.9794782117824, 359.9794782117824, 359.9794088368071, 359.9794088368071, 359.97935396182584, 359.97935396182584, 359.97928429581225, 359.97928429581225, 359.97923575382447, 359.97923575382447, 359.97915729577653, 359.97915729577653, 359.97909125481965, 359.97909125481965, 359.9790135048097, 359.9790135048097, 359.97895871283254, 359.97895871283254, 359.9788841288537, 359.9788841288537, 359.97882529487833, 359.97882529487833, 359.97874458588194, 359.97874458588194, 359.9786871699034, 359.9786871699034, 359.9786165449186, 359.9786165449186, 359.9785584199126, 359.9785584199126, 359.97848871187307, 359.97848871187307, 359.9784331708797, 359.9784331708797, 359.97837079589954, 359.97837079589954, 359.9783177128993, 359.9783177128993, 359.97824317088816, 359.97824317088816, 359.9781940878602, 359.9781940878602, 359.978119420819, 359.978119420819, 359.97805808781413], "a_moves_left": [39, 39, 38, 38, 37, 37, 36, 36, 35, 35, 34, 34, 33, 33, 32, 32, 31, 31, 30, 30, 29, 29, 28, 28, 27, 27, 26, 26, 25, 25, 24, 24, 23, 23, 22, 22, 21, 21, 20, 20, 19, 19, 18, 18, 17, 17, 16, 16, 15, 15, 14, 14, 13, 13, 12, 12, 11, 11, 10, 10, 9, 9, 8, 8, 7, 7, 6, 6, 5, 5, 4, 4, 3, 3, 2, 2, 1, 1, 0, 0], "b_moves_left": [40, 39, 39, 38, 38, 37, 37, 36, 36, 35, 35, 34, 34, 33, 33, 32, 32, 31, 31, 30, 30, 29, 29, 28, 28, 27, 27, 26, 26, 25, 25, 24, 24, 23, 23, 22, 22, 21, 21, 20, 20, 19, 19, 18, 18, 17, 17, 16, 16, 15, 15, 14, 14, 13, 13, 12, 12, 11, 11, 10, 10, 9, 9, 8, 8, 7, 7, 6, 6, 5, 5, 4, 4, 3, 3, 2, 2, 1, 1, 0], "trapdoor_triggered": [0, 0, 0, 0, 0, 0, 0, 0, 0, 0, 0, 0, 0, 0, 0, 0, 0, 0, 0, 0, 0, 0, 0, 0, 0, 0, 0, 0, 0, 0, 0, 0, 0, 0, 0, 0, 0, 0, 0, 0, 0, 0, 0, 0, 0, 0, 0, 0, 0, 0, 0, 0, 0, 0, 0, 0, 0, 0, 0, 0, 0, 0, 0, 0, 0, 0, 0, 0, 0, 0, 0, 0, 0, 0, 0, 0, 0, 0, 0, 0], "left_behind": ["egg", "egg", "plain", "turd", "egg", "egg", "plain", "turd", "egg", "egg", "plain", "turd", "egg", "egg", "plain", "turd", "plain", "egg", "plain", "turd", "plain", "egg", "plain", "plain", "egg", "egg", "plain", "plain", "plain", "egg", "plain", "plain", "plain", "egg", "plain", "plain", "plain", "egg", "plain", "plain", "egg", "egg", "plain", "plain", "egg", "egg", "plain", "plain", "egg", "egg", "plain", "plain", "egg", "egg", "plain", "plain", "plain", "egg", "plain", "plain", "plain", "egg", "plain", "plain", "plain", "egg", "plain", "plain", "plain", "plain", "plain", "plain", "plain", "egg", "plain", "plain", "plain", "egg", "plain", "plain"], "errlog_a": "", "errlog_b": "", "start_time": 360, "start_moves": 40, "turn_count": 80, "result": 1, "reason": "EGGS_LAID", "trapdoors": [[4, 2], [5, 2]], "spawn_a": [7, 3], "spawn_b": [0, 3]}