{"pos": [[6, 5], [1, 5], [6, 4], [1, 4], [7, 4], [2, 4], [7, 3], [2, 5], [7, 4], [3, 5], [6, 4], [3, 6], [6, 3], [4, 6], [6, 2], [4, 5], [6, 1], [5, 5], [5, 1], [5, 6], [4, 1], [5, 7], [4, 2], [4, 7], [4, 3], [3, 7], [3, 3], [2, 7], [3, 2], [2, 6], [2, 2], [1, 6], [2, 1], [1, 7], [3, 1], [0, 7], [3, 0], [0, 6], [4, 0], [0, 5], [5, 0], [0, 4], [6, 0], [0, 3], [7, 0], [0, 2], [7, 1], [1, 2], [7, 2], [1, 1], [6, 2], [0, 1], [6, 1], [0, 0], [5, 1], [1, 0], [4, 1], [2, 0], [3, 1], [1, 0], [2, 1], [0, 0], [1, 1], [0, 1], [2, 1], [0, 2], [2, 0], [1, 2], [3, 0], [1, 3], [2, 0], [2, 3], [3, 0], [2, 4], [4, 0], [3, 4], [5, 0], [3, 5], [6, 0], [3, 4]], "a_eggs_laid": [1, 1, 1, 1, 2, 2, 2, 2, 3, 3, 3, 3, 3, 3, 3, 3, 4, 4, 4, 4, 5, 5, 5, 5, 6, 6, 6, 6, 7, 7, 7, 7, 8, 8, 8, 8, 9, 9, 9, 9, 10, 10, 10, 10, 11, 11, 11, 11, 12, 12, 12, 12, 12, 12, 12, 12, 12, 12, 12, 12, 12, 12, 12, 12, 13, 13, 13, 13, 14, 14, 14, 14, 14, 14, 14, 14, 14, 14, 14, 14], "b_eggs_laid": [0, 1, 1, 1, 1, 2, 2, 2, 2, 3, 3, 3, 3, 4, 4, 4, 4, 5, 5, 5, 5, 6, 6, 6, 6, 7, 7, 7, 7, 8, 8, 8, 8, 9, 9, 9, 9, 12, 12, 12, 12, 12, 12, 12, 12, 13, 13, 13, 13, 14, 14, 14, 14, 15, 15, 15, 15, 16, 16, 16, 16, 16, 16, 16, 16, 16, 16, 16, 16, 16, 16, 16, 16, 17, 17, 17, 17, 18, 18, 18], "a_turds_left": [5, 5, 5, 5, 5, 5, 5, 5, 5, 5, 5, 5, 5, 5, 5, 5, 5, 5, 5, 5, 5, 5, 5, 5, 5, 5, 5, 5, 5, 5, 5, 5, 5, 5, 5, 5, 5, 5, 5, 5, 5, 5, 5, 5, 5, 5, 5, 5, 5, 5, 5, 5, 5, 5, 5, 5, 5, 5, 5, 5, 5, 5, 5, 5, 5, 5, 5, 5, 5, 5, 5, 5, 5, 5, 5, 5, 5, 5, 5, 5], "b_turds_left": [5, 5, 5, 4, 4, 4, 4, 3, 3, 3, 3, 2, 2, 2, 2, 1, 1, 1, 1, 0, 0, 0, 0, 0, 0, 0, 0, 0, 0, 0, 0, 0, 0, 0, 0, 0, 0, 0, 0, 0, 0, 0, 0, 0, 0, 0, 0, 0, 0, 0, 0, 0, 0, 0, 0, 0, 0, 0, 0, 0, 0, 0, 0, 0, 0, 0, 0, 0, 0, 0, 0, 0, 0, 0, 0, 0, 0, 0, 0, 0], "a_time_left": [359.9961661249981, 359.9961661249981, 359.9943952499889, 359.9943952499889, 359.9908875830006, 359.9908875830006, 359.9900240410352, 359.9900240410352, 359.9873890830204, 359.9873890830204, 359.9870785830426, 359.9870785830426, 359.98663129104534, 359.98663129104534, 359.9861299160402, 359.9861299160402, 359.9849327910342, 359.9849327910342, 359.98483695701, 359.98483695701, 359.98472754104296, 359.98472754104296, 359.98463654104853, 359.98463654104853, 359.98453216603957, 359.98453216603957, 359.9844475830323, 359.9844475830323, 359.98435970803257, 359.98435970803257, 359.9842775410507, 359.9842775410507, 359.9841883740155, 359.9841883740155, 359.98410629003774, 359.98410629003774, 359.98400645604124, 359.98400645604124, 359.98393345606746, 359.98393345606746, 359.98384749807883, 359.98384749807883, 359.98377133207396, 359.98377133207396, 359.98367091605905, 359.98367091605905, 359.9836062490358, 359.9836062490358, 359.9835235400242, 359.9835235400242, 359.9834495820105, 359.9834495820105, 359.98337208206067, 359.98337208206067, 359.98328974907054, 359.98328974907054, 359.98319670709316, 359.98319670709316, 359.98311449814355, 359.98311449814355, 359.9830394561868, 359.9830394561868, 359.9829576231423, 359.9829576231423, 359.9829049561522, 359.9829049561522, 359.982820331119, 359.982820331119, 359.9827446221607, 359.9827446221607, 359.98267120617675, 359.98267120617675, 359.98260908119846, 359.98260908119846, 359.98254062316846, 359.98254062316846, 359.98247579019517, 359.98247579019517, 359.98240124824224, 359.98240124824224], "b_time_left": [360, 359.99676020798506, 359.99676020798506, 359.99496308300877, 359.99496308300877, 359.99259245803114, 359.99259245803114, 359.9907381250523, 359.9907381250523, 359.9898960830178, 359.9898960830178, 359.9805580410175, 359.9805580410175, 359.979667831969, 359.979667831969, 359.97910691500874, 359.97910691500874, 359.9783520400524, 359.9783520400524, 359.9778274560231, 359.9778274560231, 359.97728041402297, 359.97728041402297, 359.97704262199113, 359.97704262199113, 359.97666124696843, 359.97666124696843, 359.9764576629386, 359.9764576629386, 359.976374620921, 359.976374620921, 359.9763071629568, 359.9763071629568, 359.97621003794484, 359.97621003794484, 359.97614520491334, 359.97614520491334, 359.97606641292805, 359.97606641292805, 359.97599770489614, 359.97599770489614, 359.9759214548976, 359.9759214548976, 359.97585720493225, 359.97585720493225, 359.9757801638916, 359.9757801638916, 359.97571833088296, 359.97571833088296, 359.9756365388748, 359.9756365388748, 359.9755714138737, 359.9755714138737, 359.9754892468918, 359.9754892468918, 359.9754271219135, 359.9754271219135, 359.9753459129133, 359.9753459129133, 359.97528157994384, 359.97528157994384, 359.97521557996515, 359.97521557996515, 359.97516045492375, 359.97516045492375, 359.9751027878956, 359.9751027878956, 359.97504432988353, 359.97504432988353, 359.97498028783593, 359.97498028783593, 359.9749105378287, 359.9749105378287, 359.97484224580694, 359.97484224580694, 359.97478157881415, 359.97478157881415, 359.9747062037932, 359.9747062037932, 359.9746414127876], "a_moves_left": [39, 39, 38, 38, 37, 37, 36, 36, 35, 35, 34, 34, 33, 33, 32, 32, 31, 31, 30, 30, 29, 29, 28, 28, 27, 27, 26, 26, 25, 25, 24, 24, 23, 23, 22, 22, 21, 21, 20, 20, 19, 19, 18, 18, 17, 17, 16, 16, 15, 15, 14, 14, 13, 13, 12, 12, 11, 11, 10, 10, 9, 9, 8, 8, 7, 7, 6, 6, 5, 5, 4, 4, 3, 3, 2, 2, 1, 1, 0, 0], "b_moves_left": [40, 39, 39, 38, 38, 37, 37, 36, 36, 35, 35, 34, 34, 33, 33, 32, 32, 31, 31, 30, 30, 29, 29, 28, 28, 27, 27, 26, 26, 25, 25, 24, 24, 23, 23, 22, 22, 21, 21, 20, 20, 19, 19, 18, 18, 17, 17, 16, 16, 15, 15, 14, 14, 13, 13, 12, 12, 11, 11, 10, 10, 9, 9, 8, 8, 7, 7, 6, 6, 5, 5, 4, 4, 3, 3, 2, 2, 1, 1, 0], "trapdoor_triggered": [0, 0, 0, 0, 0, 0, 0, 0, 0, 0, 0, 0, 0, 0, 0, 0, 0, 0, 0, 0, 0, 0, 0, 0, 0, 0, 0, 0, 0, 0, 0, 0, 0, 0, 0, 0, 0, 0, 0, 0, 0, 0, 0, 0, 0, 0, 0, 0, 0, 0, 0, 0, 0, 0, 0, 0, 0, 0, 0, 0, 0, 0, 0, 0, 0, 0, 0, 0, 0, 0, 0, 0, 0, 0, 0, 0, 0, 0, 0, 0], "left_behind": ["egg", "egg", "plain", "turd", "egg", "egg", "plain", "turd", "egg", "egg", "plain", "turd", "plain", "egg", "plain", "turd", "egg", "egg", "plain", "turd", "egg", "egg", "plain", "plain", "egg", "egg", "plain", "plain", "egg", "egg", "plain", "plain", "egg", "egg", "plain", "plain", "egg", "egg", "plain", "plain", "egg", "plain", "plain", "plain", "egg", "egg", "plain", "plain", "egg", "egg", "plain", "plain", "plain", "egg", "plain", "plain", "plain", "egg", "plain", "plain", "plain", "plain", "plain", "plain", "egg", "plain", "plain", "plain", "egg", "plain", "plain", "plain", "plain", "egg", "plain", "plain", "plain", "egg", "plain", "plain"], "errlog_a": "", "errlog_b": "", "start_time": 360, "start_moves": 40, "turn_count": 80, "result": 1, "reason": "EGGS_LAID", "trapdoors": [[4, 4], [5, 2]], "spawn_a": [7, 5], "spawn_b": [0, 5]}