{"pos": [[6, 5], [1, 5], [6, 4], [1, 4], [7, 4], [1, 3], [7, 3], [1, 2], [6, 3], [1, 3], [6, 2], [0, 3], [7, 2], [0, 4], [7, 1], [1, 4], [6, 1], [2, 4], [5, 1], [2, 3], [5, 0], [2, 4], [6, 0], [2, 5], [7, 0], [3, 5], [7, 1], [3, 6], [6, 1], [4, 6], [6, 2], [5, 6], [5, 2], [5, 5], [5, 3], [4, 5], [6, 3], [4, 4], [6, 4], [3, 4], [6, 5], [4, 4], [6, 6], [3, 4], [7, 6], [3, 5], [7, 7], [3, 6], [6, 7], [2, 6], [5, 7], [1, 6], [4, 7], [1, 7], [4, 6], [2, 7], [4, 7], [3, 7], [4, 6], [4, 7]], "a_eggs_laid": [1, 1, 1, 1, 2, 2, 2, 2, 3, 3, 3, 3, 4, 4, 4, 4, 5, 5, 5, 5, 6, 6, 6, 6, 7, 7, 7, 7, 7, 7, 7, 7, 7, 7, 7, 7, 8, 8, 8, 8, 8, 8, 8, 8, 9, 9, 9, 9, 12, 12, 12, 12, 13, 13, 13, 13, 14, 14, 14, 14], "b_eggs_laid": [0, 1, 1, 1, 1, 2, 2, 2, 2, 3, 3, 3, 3, 4, 4, 4, 4, 4, 4, 4, 4, 5, 5, 5, 5, 6, 6, 6, 6, 7, 7, 7, 7, 8, 8, 8, 8, 9, 9, 9, 9, 10, 10, 10, 10, 10, 10, 10, 10, 10, 10, 10, 10, 11, 11, 11, 11, 12, 12, 17], "a_turds_left": [5, 5, 5, 5, 5, 5, 5, 5, 5, 5, 5, 5, 5, 5, 5, 5, 5, 5, 5, 5, 5, 5, 5, 5, 5, 5, 5, 5, 5, 5, 5, 5, 5, 5, 5, 5, 5, 5, 5, 5, 5, 5, 5, 5, 5, 5, 5, 5, 5, 5, 5, 5, 5, 5, 5, 5, 5, 5, 5, 5], "b_turds_left": [5, 5, 5, 5, 5, 5, 5, 5, 5, 5, 5, 5, 5, 5, 5, 5, 5, 5, 5, 5, 5, 5, 5, 5, 5, 5, 5, 5, 5, 5, 5, 5, 5, 5, 5, 5, 5, 5, 5, 5, 5, 5, 5, 5, 5, 5, 5, 5, 5, 5, 5, 5, 5, 5, 5, 5, 5, 5, 5, 5], "a_time_left": [359.99630162498215, 359.99630162498215, 359.9945629580179, 359.9945629580179, 359.99134266603505, 359.99134266603505, 359.9905295820208, 359.9905295820208, 359.98891945701325, 359.98891945701325, 359.98756829003105, 359.98756829003105, 359.9844227490248, 359.9844227490248, 359.9843019990367, 359.9843019990367, 359.98342695704196, 359.98342695704196, 359.98328908206895, 359.98328908206895, 359.9831477070693, 359.9831477070693, 359.9828507070197, 359.9828507070197, 359.9827116650413, 359.9827116650413, 359.98260545701487, 359.98260545701487, 359.9824976650416, 359.9824976650416, 359.98238358204253, 359.98238358204253, 359.9822773320484, 359.9822773320484, 359.98216387303546, 359.98216387303546, 359.9820360400481, 359.9820360400481, 359.98193954007, 359.98193954007, 359.9818442070391, 359.9818442070391, 359.98175137408543, 359.98175137408543, 359.98165124910884, 359.98165124910884, 359.9815651240642, 359.9815651240642, 359.9814767490607, 359.9814767490607, 359.98139016504865, 359.98139016504865, 359.98130241502076, 359.98130241502076, 359.981216206972, 359.981216206972, 359.98114266595803, 359.98114266595803, 359.9810724569834, 359.9810724569834], "b_time_left": [360, 359.9998533339822, 359.9998533339822, 359.9995469180285, 359.9995469180285, 359.99917295901105, 359.99917295901105, 359.9988592090667, 359.9988592090667, 359.99849387601716, 359.99849387601716, 359.99820516700856, 359.99820516700856, 359.99792191700544, 359.99792191700544, 359.99781133403303, 359.99781133403303, 359.9977021259838, 359.9977021259838, 359.9975925849867, 359.9975925849867, 359.997463169042, 359.997463169042, 359.9973536269972, 359.9973536269972, 359.9972326689749, 359.9972326689749, 359.9971363779623, 359.9971363779623, 359.9970239199465, 359.9970239199465, 359.9969262119848, 359.9969262119848, 359.99678433698136, 359.99678433698136, 359.99668512900826, 359.99668512900826, 359.99656946299365, 359.99656946299365, 359.99646612996, 359.99646612996, 359.99636896298034, 359.99636896298034, 359.9962880049716, 359.9962880049716, 359.9961930049467, 359.9961930049467, 359.99610504694283, 359.99610504694283, 359.9960302559193, 359.9960302559193, 359.9959468388697, 359.9959468388697, 359.9958500058274, 359.9958500058274, 359.99577858886914, 359.99577858886914, 359.9956945468439, 359.9956945468439, 359.9956170048681], "a_moves_left": [39, 39, 38, 38, 37, 37, 36, 36, 35, 35, 34, 34, 33, 33, 32, 32, 31, 31, 30, 30, 29, 29, 28, 28, 27, 27, 26, 26, 25, 25, 24, 24, 23, 23, 22, 22, 21, 21, 20, 20, 19, 19, 18, 18, 17, 17, 16, 16, 15, 15, 14, 14, 13, 13, 12, 12, 11, 11, 10, 10], "b_moves_left": [40, 39, 39, 38, 38, 37, 37, 36, 36, 35, 35, 34, 34, 33, 33, 32, 32, 31, 31, 30, 30, 29, 29, 28, 28, 27, 27, 26, 26, 25, 25, 24, 24, 23, 23, 22, 22, 21, 21, 20, 20, 19, 19, 18, 18, 17, 17, 16, 16, 15, 15, 14, 14, 13, 13, 12, 12, 11, 11, 10], "trapdoor_triggered": [0, 0, 0, 0, 0, 0, 0, 0, 0, 0, 0, 0, 0, 0, 0, 0, 0, 0, 0, 0, 0, 0, 0, 0, 0, 0, 0, 0, 0, 0, 0, 0, 0, 0, 0, 0, 0, 0, 0, 0, 0, 0, 0, 0, 0, 0, 0, 0, 0, 0, 0, 0, 0, 0, 0, 0, 0, 0, 0, 0], "left_behind": ["egg", "egg", "plain", "plain", "egg", "egg", "plain", "plain", "egg", "egg", "plain", "plain", "egg", "egg", "plain", "plain", "egg", "plain", "plain", "plain", "egg", "egg", "plain", "plain", "egg", "egg", "plain", "plain", "plain", "egg", "plain", "plain", "plain", "egg", "plain", "plain", "egg", "egg", "plain", "plain", "plain", "egg", "plain", "plain", "egg", "plain", "plain", "plain", "egg", "plain", "plain", "plain", "egg", "egg", "plain", "plain", "egg", "egg", "plain", "plain"], "errlog_a": "", "errlog_b": "", "start_time": 360, "start_moves": 40, "turn_count": 60, "result": 1, "reason": "BLOCKING_END", "trapdoors": [[2, 2], [4, 3]], "spawn_a": [7, 5], "spawn_b": [0, 5]}