{"pos": [[6, 3], [1, 3], [6, 2], [1, 2], [7, 2], [1, 1], [7, 1], [2, 1], [6, 1], [3, 1], [5, 1], [4, 1], [5, 0], [4, 0], [6, 0], [5, 0], [7, 0], [4, 0], [6, 0], [3, 0], [6, 1], [2, 0], [5, 1], [1, 0], [5, 2], [0, 0], [5, 3], [0, 1], [6, 3], [0, 2], [6, 4], [0, 1], [7, 4], [1, 1], [7, 5], [2, 1], [6, 5], [2, 2], [6, 6], [3, 2], [7, 6], [4, 2], [7, 7], [5, 2], [6, 7], [4, 2], [5, 7], [4, 3], [5, 6], [4, 2], [4, 6], [4, 1], [4, 7], [3, 1], [3, 7], [3, 2], [3, 6], [2, 2], [2, 6], [2, 1], [2, 7], [2, 0], [1, 7], [3, 0], [1, 6], [3, 1], [1, 5], [4, 1], [0, 5], [4, 0], [0, 6], [5, 0], [0, 7], [4, 0], [1, 7], [5, 0], [1, 6], [4, 0], [2, 6], [3, 0]], "a_eggs_laid": [1, 1, 1, 1, 2, 2, 2, 2, 3, 3, 3, 3, 4, 4, 4, 4, 5, 5, 5, 5, 5, 5, 5, 5, 5, 5, 5, 5, 6, 6, 6, 6, 7, 7, 7, 7, 8, 8, 8, 8, 9, 9, 9, 9, 12, 12, 12, 12, 13, 13, 13, 13, 14, 14, 14, 14, 15, 15, 15, 15, 16, 16, 16, 16, 17, 17, 17, 17, 18, 18, 18, 18, 19, 19, 19, 19, 19, 19, 19, 19], "b_eggs_laid": [0, 1, 1, 1, 1, 2, 2, 2, 2, 3, 3, 3, 3, 4, 4, 4, 4, 5, 5, 5, 5, 6, 6, 6, 6, 7, 7, 7, 7, 8, 8, 8, 8, 8, 8, 8, 8, 8, 8, 8, 8, 9, 9, 9, 9, 10, 10, 10, 10, 11, 11, 11, 11, 11, 11, 11, 11, 11, 11, 11, 11, 11, 11, 11, 11, 11, 11, 11, 11, 11, 11, 11, 11, 11, 11, 11, 11, 11, 11, 11], "a_turds_left": [5, 5, 5, 5, 5, 5, 5, 5, 5, 5, 5, 5, 5, 5, 5, 5, 5, 5, 5, 5, 5, 5, 5, 5, 5, 5, 5, 5, 5, 5, 5, 5, 5, 5, 5, 5, 5, 5, 5, 5, 5, 5, 5, 5, 5, 5, 5, 5, 5, 5, 5, 5, 5, 5, 5, 5, 5, 5, 5, 5, 5, 5, 5, 5, 5, 5, 5, 5, 5, 5, 5, 5, 5, 5, 5, 5, 5, 5, 5, 5], "b_turds_left": [5, 5, 5, 5, 5, 5, 5, 5, 5, 5, 5, 5, 5, 5, 5, 5, 5, 5, 5, 5, 5, 5, 5, 5, 5, 5, 5, 5, 5, 5, 5, 5, 5, 5, 5, 5, 5, 5, 5, 5, 5, 5, 5, 5, 5, 5, 5, 5, 5, 5, 5, 5, 5, 5, 5, 5, 5, 5, 5, 5, 5, 5, 5, 5, 5, 5, 5, 5, 5, 5, 5, 5, 5, 5, 5, 5, 5, 5, 5, 5], "a_time_left": [359.99633791600354, 359.99633791600354, 359.99459474900505, 359.99459474900505, 359.9913566239993, 359.9913566239993, 359.9905565829831, 359.9905565829831, 359.98954958299873, 359.98954958299873, 359.9880532500101, 359.9880532500101, 359.98627087502973, 359.98627087502973, 359.9861600000295, 359.9861600000295, 359.9860550420126, 359.9860550420126, 359.9859545000363, 359.9859545000363, 359.9858604160254, 359.9858604160254, 359.9857274580281, 359.9857274580281, 359.9854357080185, 359.9854357080185, 359.98531374899903, 359.98531374899903, 359.98495249898406, 359.98495249898406, 359.98461749899434, 359.98461749899434, 359.9844734990038, 359.9844734990038, 359.9843721240177, 359.9843721240177, 359.9842560830293, 359.9842560830293, 359.98414275003597, 359.98414275003597, 359.98401483299676, 359.98401483299676, 359.9839172500069, 359.9839172500069, 359.98381762503413, 359.98381762503413, 359.9837193340063, 359.9837193340063, 359.9836094179773, 359.9836094179773, 359.983496210014, 359.983496210014, 359.9833700430463, 359.9833700430463, 359.9832681680564, 359.9832681680564, 359.98315466806525, 359.98315466806525, 359.9830488340813, 359.9830488340813, 359.9829230430769, 359.9829230430769, 359.9828222510405, 359.9828222510405, 359.9827062920667, 359.9827062920667, 359.98259170912206, 359.98259170912206, 359.9824696670985, 359.9824696670985, 359.9823713331134, 359.9823713331134, 359.98225895810174, 359.98225895810174, 359.9821715831058, 359.9821715831058, 359.9820578750805, 359.9820578750805, 359.9819510000525, 359.9819510000525], "b_time_left": [360, 359.99966424994636, 359.99966424994636, 359.99929691595025, 359.99929691595025, 359.9989422489307, 359.9989422489307, 359.99868224893, 359.99868224893, 359.99834216490854, 359.99834216490854, 359.998047456902, 359.998047456902, 359.9979199989466, 359.9979199989466, 359.9978235819726, 359.9978235819726, 359.99759741598973, 359.99759741598973, 359.99749174999306, 359.99749174999306, 359.9970072910073, 359.9970072910073, 359.99690895696403, 359.99690895696403, 359.99680012394674, 359.99680012394674, 359.9965403319802, 359.9965403319802, 359.99623741500545, 359.99623741500545, 359.996127580991, 359.996127580991, 359.9960444979952, 359.9960444979952, 359.99594653898384, 359.99594653898384, 359.9958569969749, 359.9958569969749, 359.99575070495484, 359.99575070495484, 359.99564020492835, 359.99564020492835, 359.99554487189744, 359.99554487189744, 359.99547187192366, 359.99547187192366, 359.99538216291694, 359.99538216291694, 359.99528399592964, 359.99528399592964, 359.99520037090406, 359.99520037090406, 359.99513095390284, 359.99513095390284, 359.99505241191946, 359.99505241191946, 359.99498078692704, 359.99498078692704, 359.99489832896506, 359.99489832896506, 359.9948224959662, 359.9948224959662, 359.9947513299412, 359.9947513299412, 359.9946859969059, 359.9946859969059, 359.99460366286803, 359.99460366286803, 359.99452970485436, 359.99452970485436, 359.994452621846, 359.994452621846, 359.99440141383093, 359.99440141383093, 359.99432791385334, 359.99432791385334, 359.9942711638869, 359.9942711638869, 359.99419987289], "a_moves_left": [39, 39, 38, 38, 37, 37, 36, 36, 35, 35, 34, 34, 33, 33, 32, 32, 31, 31, 30, 30, 29, 29, 28, 28, 27, 27, 26, 26, 25, 25, 24, 24, 23, 23, 22, 22, 21, 21, 20, 20, 19, 19, 18, 18, 17, 17, 16, 16, 15, 15, 14, 14, 13, 13, 12, 12, 11, 11, 10, 10, 9, 9, 8, 8, 7, 7, 6, 6, 5, 5, 4, 4, 3, 3, 2, 2, 1, 1, 0, 0], "b_moves_left": [40, 39, 39, 38, 38, 37, 37, 36, 36, 35, 35, 34, 34, 33, 33, 32, 32, 31, 31, 30, 30, 29, 29, 28, 28, 27, 27, 26, 26, 25, 25, 24, 24, 23, 23, 22, 22, 21, 21, 20, 20, 19, 19, 18, 18, 17, 17, 16, 16, 15, 15, 14, 14, 13, 13, 12, 12, 11, 11, 10, 10, 9, 9, 8, 8, 7, 7, 6, 6, 5, 5, 4, 4, 3, 3, 2, 2, 1, 1, 0], "trapdoor_triggered": [0, 0, 0, 0, 0, 0, 0, 0, 0, 0, 0, 0, 0, 0, 0, 0, 0, 0, 0, 0, 0, 0, 0, 0, 0, 0, 0, 0, 0, 0, 0, 0, 0, 0, 0, 0, 0, 0, 0, 0, 0, 0, 0, 0, 0, 0, 0, 0, 0, 0, 0, 0, 0, 0, 0, 0, 0, 0, 0, 0, 0, 0, 0, 0, 0, 0, 0, 0, 0, 0, 0, 0, 0, 0, 0, 0, 0, 0, 0, 0], "left_behind": ["egg", "egg", "plain", "plain", "egg", "egg", "plain", "plain", "egg", "egg", "plain", "plain", "egg", "egg", "plain", "plain", "egg", "egg", "plain", "plain", "plain", "egg", "plain", "plain", "plain", "egg", "plain", "plain", "egg", "egg", "plain", "plain", "egg", "plain", "plain", "plain", "egg", "plain", "plain", "plain", "egg", "egg", "plain", "plain", "egg", "egg", "plain", "plain", "egg", "egg", "plain", "plain", "egg", "plain", "plain", "plain", "egg", "plain", "plain", "plain", "egg", "plain", "plain", "plain", "egg", "plain", "plain", "plain", "egg", "plain", "plain", "plain", "egg", "plain", "plain", "plain", "plain", "plain", "plain", "plain"], "errlog_a": "", "errlog_b": "", "start_time": 360, "start_moves": 40, "turn_count": 80, "result": 0, "reason": "EGGS_LAID", "trapdoors": [[4, 4], [2, 3]], "spawn_a": [7, 3], "spawn_b": [0, 3]}