{"pos": [[1, 6], [6, 6], [2, 6], [5, 6], [2, 7], [4, 6], [3, 7], [7, 6], [2, 7], [7, 5], [1, 7], [6, 5], [0, 7], [6, 4], [1, 7], [6, 3], [1, 6], [6, 2], [1, 5], [6, 1], [0, 5], [5, 1], [0, 4], [4, 1], [1, 4], [3, 1], [1, 3], [2, 1], [0, 3], [1, 1], [0, 2], [1, 0], [1, 2], [0, 0], [1, 1], [0, 1], [1, 2], [0, 0], [2, 2], [1, 0], [2, 3], [2, 0], [2, 4], [3, 0], [2, 5], [4, 0], [3, 5], [5, 0], [2, 5], [6, 0], [3, 5], [7, 0], [2, 5], [7, 1], [2, 6], [7, 2], [1, 6], [7, 3], [1, 5], [7, 2], [1, 4], [7, 1], [1, 3], [7, 0], [2, 3], [6, 0], [2, 2], [6, 1], [3, 2], [6, 2], [2, 2], [5, 2], [3, 2], [5, 1], [2, 2], [5, 0], [3, 2], [4, 0], [2, 2], [4, 1]], "a_eggs_laid": [1, 1, 1, 1, 2, 2, 2, 2, 7, 7, 7, 7, 8, 8, 8, 8, 8, 8, 8, 8, 9, 9, 9, 9, 10, 10, 10, 10, 11, 11, 11, 11, 12, 12, 12, 12, 13, 13, 13, 13, 14, 14, 14, 14, 15, 15, 15, 15, 16, 16, 16, 16, 16, 16, 16, 16, 16, 16, 16, 16, 16, 16, 16, 16, 16, 16, 16, 16, 16, 16, 16, 16, 16, 16, 16, 16, 16, 16, 16, 16], "b_eggs_laid": [0, 1, 1, 1, 1, 2, 2, 2, 2, 2, 2, 2, 2, 3, 3, 3, 3, 4, 4, 4, 4, 5, 5, 5, 5, 6, 6, 6, 6, 7, 7, 7, 7, 8, 8, 8, 8, 9, 9, 9, 9, 9, 9, 9, 9, 10, 10, 10, 10, 11, 11, 11, 11, 14, 14, 14, 14, 15, 15, 15, 15, 15, 15, 15, 15, 15, 15, 15, 15, 15, 15, 15, 15, 16, 16, 16, 16, 16, 16, 16], "a_turds_left": [5, 5, 5, 5, 5, 5, 5, 5, 5, 5, 5, 5, 5, 5, 5, 5, 5, 5, 5, 5, 5, 5, 5, 5, 5, 5, 5, 5, 5, 5, 5, 5, 5, 5, 5, 5, 5, 5, 5, 5, 5, 5, 5, 5, 5, 5, 5, 5, 5, 5, 5, 5, 5, 5, 5, 5, 5, 5, 5, 5, 5, 5, 5, 5, 5, 5, 5, 5, 5, 5, 5, 5, 5, 5, 5, 5, 5, 5, 5, 5], "b_turds_left": [5, 5, 5, 4, 4, 4, 4, 3, 3, 3, 3, 2, 2, 2, 2, 1, 1, 1, 1, 0, 0, 0, 0, 0, 0, 0, 0, 0, 0, 0, 0, 0, 0, 0, 0, 0, 0, 0, 0, 0, 0, 0, 0, 0, 0, 0, 0, 0, 0, 0, 0, 0, 0, 0, 0, 0, 0, 0, 0, 0, 0, 0, 0, 0, 0, 0, 0, 0, 0, 0, 0, 0, 0, 0, 0, 0, 0, 0, 0, 0], "a_time_left": [359.99633349996293, 359.99633349996293, 359.9945735409274, 359.9945735409274, 359.99138012487674, 359.99138012487674, 359.99048316688277, 359.99048316688277, 359.98944416688755, 359.98944416688755, 359.98908166692127, 359.98908166692127, 359.9865617498872, 359.9865617498872, 359.9864389158902, 359.9864389158902, 359.98589874990284, 359.98589874990284, 359.985568541917, 359.985568541917, 359.98542879195884, 359.98542879195884, 359.98532208398683, 359.98532208398683, 359.98518425098155, 359.98518425098155, 359.98506895900937, 359.98506895900937, 359.98491587495664, 359.98491587495664, 359.98480949993245, 359.98480949993245, 359.9846896668896, 359.9846896668896, 359.9845774578862, 359.9845774578862, 359.98449087387417, 359.98449087387417, 359.9843749568681, 359.9843749568681, 359.9842541658436, 359.9842541658436, 359.98414766584756, 359.98414766584756, 359.98403204081114, 359.98403204081114, 359.98393941577524, 359.98393941577524, 359.98384391580475, 359.98384391580475, 359.9837301248335, 359.9837301248335, 359.98366049979813, 359.98366049979813, 359.9835791247897, 359.9835791247897, 359.9835101668141, 359.9835101668141, 359.9834252918372, 359.9834252918372, 359.9833421248477, 359.9833421248477, 359.9832589578, 359.9832589578, 359.9831779577653, 359.9831779577653, 359.9830843747477, 359.9830843747477, 359.983004082751, 359.983004082751, 359.98291404073825, 359.98291404073825, 359.9828482067096, 359.9828482067096, 359.98276924766833, 359.98276924766833, 359.98270349769155, 359.98270349769155, 359.98262345569674, 359.98262345569674], "b_time_left": [360, 359.9986477919738, 359.9986477919738, 359.9969926669728, 359.9969926669728, 359.9948740839609, 359.9948740839609, 359.9934447929263, 359.9934447929263, 359.9928436258924, 359.9928436258924, 359.9914181258646, 359.9914181258646, 359.99071666784585, 359.99071666784585, 359.9901211678516, 359.9901211678516, 359.9892492518993, 359.9892492518993, 359.9880942099262, 359.9880942099262, 359.9875162099488, 359.9875162099488, 359.9872207099106, 359.9872207099106, 359.9867287098896, 359.9867287098896, 359.9864658348379, 359.9864658348379, 359.9860458348412, 359.9860458348412, 359.9859722518595, 359.9859722518595, 359.9858907938469, 359.9858907938469, 359.9858188358485, 359.9858188358485, 359.98575112683466, 359.98575112683466, 359.9856858768617, 359.9856858768617, 359.9856186268735, 359.9856186268735, 359.9855415849015, 359.9855415849015, 359.98545587592525, 359.98545587592525, 359.98538695892785, 359.98538695892785, 359.98530933394795, 359.98530933394795, 359.9852376669296, 359.9852376669296, 359.9851674999227, 359.9851674999227, 359.98510166688357, 359.98510166688357, 359.98502158385236, 359.98502158385236, 359.98495504184393, 359.98495504184393, 359.9848821258056, 359.9848821258056, 359.9848118337686, 359.9848118337686, 359.98474683379754, 359.98474683379754, 359.98468633380253, 359.98468633380253, 359.98461279278854, 359.98461279278854, 359.9845467098057, 359.9845467098057, 359.98445562581765, 359.98445562581765, 359.98437462584116, 359.98437462584116, 359.9843062508153, 359.9843062508153, 359.9842377087916], "a_moves_left": [39, 39, 38, 38, 37, 37, 36, 36, 35, 35, 34, 34, 33, 33, 32, 32, 31, 31, 30, 30, 29, 29, 28, 28, 27, 27, 26, 26, 25, 25, 24, 24, 23, 23, 22, 22, 21, 21, 20, 20, 19, 19, 18, 18, 17, 17, 16, 16, 15, 15, 14, 14, 13, 13, 12, 12, 11, 11, 10, 10, 9, 9, 8, 8, 7, 7, 6, 6, 5, 5, 4, 4, 3, 3, 2, 2, 1, 1, 0, 0], "b_moves_left": [40, 39, 39, 38, 38, 37, 37, 36, 36, 35, 35, 34, 34, 33, 33, 32, 32, 31, 31, 30, 30, 29, 29, 28, 28, 27, 27, 26, 26, 25, 25, 24, 24, 23, 23, 22, 22, 21, 21, 20, 20, 19, 19, 18, 18, 17, 17, 16, 16, 15, 15, 14, 14, 13, 13, 12, 12, 11, 11, 10, 10, 9, 9, 8, 8, 7, 7, 6, 6, 5, 5, 4, 4, 3, 3, 2, 2, 1, 1, 0], "trapdoor_triggered": [0, 0, 0, 0, 0, 0, 0, 1, 0, 0, 0, 0, 0, 0, 0, 0, 0, 0, 0, 0, 0, 0, 0, 0, 0, 0, 0, 0, 0, 0, 0, 0, 0, 0, 0, 0, 0, 0, 0, 0, 0, 0, 0, 0, 0, 0, 0, 0, 0, 0, 0, 0, 0, 0, 0, 0, 0, 0, 0, 0, 0, 0, 0, 0, 0, 0, 0, 0, 0, 0, 0, 0, 0, 0, 0, 0, 0, 0, 0, 0], "left_behind": ["egg", "egg", "plain", "turd", "egg", "egg", "plain", "turd", "egg", "plain", "plain", "turd", "egg", "egg", "plain", "turd", "plain", "egg", "plain", "turd", "egg", "egg", "plain", "plain", "egg", "egg", "plain", "plain", "egg", "egg", "plain", "plain", "egg", "egg", "plain", "plain", "egg", "egg", "plain", "plain", "egg", "plain", "plain", "plain", "egg", "egg", "plain", "plain", "egg", "egg", "plain", "plain", "plain", "egg", "plain", "plain", "plain", "egg", "plain", "plain", "plain", "plain", "plain", "plain", "plain", "plain", "plain", "plain", "plain", "plain", "plain", "plain", "plain", "egg", "plain", "plain", "plain", "plain", "plain", "plain"], "errlog_a": "", "errlog_b": "", "start_time": 360, "start_moves": 40, "turn_count": 80, "result": 2, "reason": "EGGS_LAID", "trapdoors": [[4, 2], [4, 5]], "spawn_a": [0, 6], "spawn_b": [7, 6]}