{"pos": [[6, 1], [1, 1], [5, 1], [1, 2], [4, 1], [1, 3], [3, 1], [1, 4], [3, 2], [1, 5], [4, 2], [1, 6], [4, 3], [2, 6], [4, 2], [3, 6], [4, 3], [4, 6], [4, 2], [5, 6], [4, 1], [4, 6], [4, 0], [4, 7], [5, 0], [3, 7], [6, 0], [2, 7], [7, 0], [1, 7], [7, 1], [0, 7], [7, 2], [0, 6], [6, 2], [0, 5], [6, 3], [0, 4], [7, 3], [0, 3], [7, 4], [0, 2], [7, 5], [1, 2], [6, 5], [2, 2], [6, 6], [2, 1], [7, 6], [2, 0], [7, 7], [1, 0], [6, 7], [0, 0], [5, 7], [0, 1], [6, 7], [1, 1], [6, 6], [2, 1], [6, 5], [2, 2], [6, 4], [2, 3], [5, 4], [3, 3], [5, 5], [3, 2], [4, 5], [3, 3], [3, 5], [2, 3], [3, 4], [2, 4], [3, 3], [2, 5], [3, 4], [2, 4], [3, 3], [3, 4]], "a_eggs_laid": [1, 1, 1, 1, 2, 2, 2, 2, 3, 3, 3, 3, 4, 4, 4, 4, 4, 4, 4, 4, 4, 4, 4, 4, 5, 5, 5, 5, 6, 6, 6, 6, 6, 6, 6, 6, 7, 7, 7, 7, 8, 8, 8, 8, 9, 9, 9, 9, 10, 10, 10, 10, 13, 13, 13, 13, 14, 14, 14, 14, 14, 14, 14, 14, 15, 15, 15, 15, 16, 16, 16, 16, 17, 17, 17, 17, 18, 18, 18, 18], "b_eggs_laid": [0, 1, 1, 1, 1, 2, 2, 2, 2, 3, 3, 3, 3, 4, 4, 4, 4, 5, 5, 5, 5, 6, 6, 6, 6, 7, 7, 7, 7, 8, 8, 8, 8, 11, 11, 11, 11, 12, 12, 12, 12, 13, 13, 13, 13, 13, 13, 13, 13, 14, 14, 14, 14, 15, 15, 15, 15, 15, 15, 15, 15, 15, 15, 15, 15, 16, 16, 16, 16, 17, 17, 17, 17, 17, 17, 17, 17, 18, 18, 18], "a_turds_left": [5, 5, 5, 5, 5, 5, 5, 5, 5, 5, 5, 5, 5, 5, 5, 5, 5, 5, 5, 5, 5, 5, 5, 5, 5, 5, 5, 5, 5, 5, 5, 5, 5, 5, 5, 5, 5, 5, 5, 5, 5, 5, 5, 5, 5, 5, 5, 5, 5, 5, 5, 5, 5, 5, 5, 5, 5, 5, 5, 5, 5, 5, 5, 5, 5, 5, 5, 5, 5, 5, 5, 5, 5, 5, 5, 5, 5, 5, 5, 5], "b_turds_left": [5, 5, 5, 5, 5, 5, 5, 5, 5, 5, 5, 5, 5, 5, 5, 5, 5, 5, 5, 5, 5, 5, 5, 5, 5, 5, 5, 5, 5, 5, 5, 5, 5, 5, 5, 5, 5, 5, 5, 5, 5, 5, 5, 5, 5, 5, 5, 5, 5, 5, 5, 5, 5, 5, 5, 5, 5, 5, 5, 5, 5, 5, 5, 5, 5, 5, 5, 5, 5, 5, 5, 5, 5, 5, 5, 5, 5, 5, 5, 5], "a_time_left": [359.99655212496873, 359.99655212496873, 359.994758582965, 359.994758582965, 359.9916794159799, 359.9916794159799, 359.9898873329512, 359.9898873329512, 359.98663912393386, 359.98663912393386, 359.98477187397657, 359.98477187397657, 359.98311058199033, 359.98311058199033, 359.9828344149864, 359.9828344149864, 359.9825999570312, 359.9825999570312, 359.9824904570123, 359.9824904570123, 359.98240083199926, 359.98240083199926, 359.9823119160137, 359.9823119160137, 359.9822082070168, 359.9822082070168, 359.98211820703, 359.98211820703, 359.9820214569918, 359.9820214569918, 359.98195541498717, 359.98195541498717, 359.981878372957, 359.981878372957, 359.9818009149749, 359.9818009149749, 359.98170024796855, 359.98170024796855, 359.9816157890018, 359.9816157890018, 359.981530123041, 359.981530123041, 359.9814565400593, 359.9814565400593, 359.98135891504353, 359.98135891504353, 359.98127958201803, 359.98127958201803, 359.9811917480547, 359.9811917480547, 359.9811153730843, 359.9811153730843, 359.9810435810941, 359.9810435810941, 359.98097328911535, 359.98097328911535, 359.9809060810949, 359.9809060810949, 359.980830789078, 359.980830789078, 359.9807593720616, 359.9807593720616, 359.9806759970379, 359.9806759970379, 359.98057912202785, 359.98057912202785, 359.98049778904533, 359.98049778904533, 359.9804094140418, 359.9804094140418, 359.98032612202223, 359.98032612202223, 359.9802444560337, 359.9802444560337, 359.9801845810143, 359.9801845810143, 359.9801112890127, 359.9801112890127, 359.9800512060174, 359.9800512060174], "b_time_left": [360, 359.9996150419465, 359.9996150419465, 359.99931666691555, 359.99931666691555, 359.99893608293496, 359.99893608293496, 359.9985927499365, 359.9985927499365, 359.99817454093136, 359.99817454093136, 359.9978741239174, 359.9978741239174, 359.99747833190486, 359.99747833190486, 359.99714428995503, 359.99714428995503, 359.99672424892196, 359.99672424892196, 359.99657258193474, 359.99657258193474, 359.99642358196434, 359.99642358196434, 359.99631770694396, 359.99631770694396, 359.9962113739457, 359.9962113739457, 359.9961159149534, 359.9961159149534, 359.99601812299807, 359.99601812299807, 359.9959105809685, 359.9959105809685, 359.99582091497723, 359.99582091497723, 359.995725998946, 359.995725998946, 359.99562254094053, 359.99562254094053, 359.99553741596173, 359.99553741596173, 359.9954343739664, 359.9954343739664, 359.995345873991, 359.995345873991, 359.9952580400277, 359.9952580400277, 359.99512633203994, 359.99512633203994, 359.99502154107904, 359.99502154107904, 359.99493329104735, 359.99493329104735, 359.99482854106463, 359.99482854106463, 359.99474904104136, 359.99474904104136, 359.99465954105835, 359.99465954105835, 359.99455454107374, 359.99455454107374, 359.99447237409186, 359.99447237409186, 359.99437899910845, 359.99437899910845, 359.99426654109266, 359.99426654109266, 359.9941706240643, 359.9941706240643, 359.99408112402307, 359.99408112402307, 359.9939877910074, 359.9939877910074, 359.9939035830321, 359.9939035830321, 359.9938117080019, 359.9938117080019, 359.99371537502157, 359.99371537502157, 359.9936214160407], "a_moves_left": [39, 39, 38, 38, 37, 37, 36, 36, 35, 35, 34, 34, 33, 33, 32, 32, 31, 31, 30, 30, 29, 29, 28, 28, 27, 27, 26, 26, 25, 25, 24, 24, 23, 23, 22, 22, 21, 21, 20, 20, 19, 19, 18, 18, 17, 17, 16, 16, 15, 15, 14, 14, 13, 13, 12, 12, 11, 11, 10, 10, 9, 9, 8, 8, 7, 7, 6, 6, 5, 5, 4, 4, 3, 3, 2, 2, 1, 1, 0, 0], "b_moves_left": [40, 39, 39, 38, 38, 37, 37, 36, 36, 35, 35, 34, 34, 33, 33, 32, 32, 31, 31, 30, 30, 29, 29, 28, 28, 27, 27, 26, 26, 25, 25, 24, 24, 23, 23, 22, 22, 21, 21, 20, 20, 19, 19, 18, 18, 17, 17, 16, 16, 15, 15, 14, 14, 13, 13, 12, 12, 11, 11, 10, 10, 9, 9, 8, 8, 7, 7, 6, 6, 5, 5, 4, 4, 3, 3, 2, 2, 1, 1, 0], "trapdoor_triggered": [0, 0, 0, 0, 0, 0, 0, 0, 0, 0, 0, 0, 0, 0, 0, 0, 0, 0, 0, 0, 0, 0, 0, 0, 0, 0, 0, 0, 0, 0, 0, 0, 0, 0, 0, 0, 0, 0, 0, 0, 0, 0, 0, 0, 0, 0, 0, 0, 0, 0, 0, 0, 0, 0, 0, 0, 0, 0, 0, 0, 0, 0, 0, 0, 0, 0, 0, 0, 0, 0, 0, 0, 0, 0, 0, 0, 0, 0, 0, 0], "left_behind": ["egg", "egg", "plain", "plain", "egg", "egg", "plain", "plain", "egg", "egg", "plain", "plain", "egg", "egg", "plain", "plain", "plain", "egg", "plain", "plain", "plain", "egg", "plain", "plain", "egg", "egg", "plain", "plain", "egg", "egg", "plain", "plain", "plain", "egg", "plain", "plain", "egg", "egg", "plain", "plain", "egg", "egg", "plain", "plain", "egg", "plain", "plain", "plain", "egg", "egg", "plain", "plain", "egg", "egg", "plain", "plain", "egg", "plain", "plain", "plain", "plain", "plain", "plain", "plain", "egg", "egg", "plain", "plain", "egg", "egg", "plain", "plain", "egg", "plain", "plain", "plain", "egg", "egg", "plain", "plain"], "errlog_a": "", "errlog_b": "", "start_time": 360, "start_moves": 40, "turn_count": 80, "result": 2, "reason": "EGGS_LAID", "trapdoors": [[4, 4], [5, 2]], "spawn_a": [7, 1], "spawn_b": [0, 1]}