{"pos": [[1, 6], [6, 6], [2, 6], [6, 5], [2, 7], [6, 4], [1, 7], [6, 3], [0, 7], [6, 4], [1, 7], [7, 4], [1, 6], [7, 5], [1, 5], [6, 5], [0, 5], [5, 5], [0, 4], [5, 6], [1, 4], [4, 6], [1, 3], [3, 6], [0, 3], [3, 5], [0, 2], [4, 5], [1, 2], [4, 4], [1, 1], [5, 4], [0, 1], [5, 5], [0, 0], [5, 6], [1, 0], [5, 7], [2, 0], [6, 7], [2, 1], [7, 7], [3, 1], [7, 6], [3, 0], [6, 6], [4, 0], [6, 7], [4, 1], [7, 7], [5, 1], [7, 6], [5, 0], [7, 5], [6, 0], [7, 4], [6, 1], [7, 3], [5, 1], [7, 2], [5, 2], [6, 2], [5, 1], [6, 1], [4, 1], [7, 1], [3, 1], [7, 0], [3, 2], [7, 1], [3, 3], [6, 1], [2, 3], [6, 2], [2, 2], [5, 2], [2, 1], [4, 2], [2, 2], [4, 1]], "a_eggs_laid": [1, 1, 1, 1, 2, 2, 2, 2, 3, 3, 3, 3, 3, 3, 3, 3, 4, 4, 4, 4, 5, 5, 5, 5, 6, 6, 6, 6, 7, 7, 7, 7, 8, 8, 8, 8, 11, 11, 11, 11, 12, 12, 12, 12, 13, 13, 13, 13, 14, 14, 14, 14, 15, 15, 15, 15, 16, 16, 16, 16, 16, 16, 16, 16, 16, 16, 16, 16, 16, 16, 16, 16, 17, 17, 17, 17, 18, 18, 18, 18], "b_eggs_laid": [0, 1, 1, 1, 1, 2, 2, 2, 2, 3, 3, 3, 3, 4, 4, 4, 4, 4, 4, 4, 4, 5, 5, 5, 5, 6, 6, 6, 6, 7, 7, 7, 7, 8, 8, 8, 8, 8, 8, 8, 8, 9, 9, 9, 9, 9, 9, 9, 9, 9, 9, 9, 9, 9, 9, 9, 9, 9, 9, 9, 9, 10, 10, 10, 10, 11, 11, 11, 11, 14, 14, 14, 14, 14, 14, 14, 14, 15, 15, 15], "a_turds_left": [5, 5, 5, 5, 5, 5, 5, 5, 5, 5, 5, 5, 5, 5, 5, 5, 5, 5, 5, 5, 5, 5, 5, 5, 5, 5, 5, 5, 5, 5, 5, 5, 5, 5, 5, 5, 5, 5, 5, 5, 5, 5, 5, 5, 5, 5, 5, 5, 5, 5, 5, 5, 5, 5, 5, 5, 5, 5, 5, 5, 5, 5, 5, 5, 5, 5, 5, 5, 5, 5, 5, 5, 5, 5, 5, 5, 5, 5, 5, 5], "b_turds_left": [5, 5, 5, 5, 5, 5, 5, 5, 5, 5, 5, 5, 5, 5, 5, 5, 5, 5, 5, 5, 5, 5, 5, 5, 5, 5, 5, 5, 5, 5, 5, 5, 5, 5, 5, 5, 5, 5, 5, 5, 5, 5, 5, 5, 5, 5, 5, 5, 5, 5, 5, 5, 5, 5, 5, 5, 5, 5, 5, 5, 5, 5, 5, 5, 5, 5, 5, 5, 5, 5, 5, 5, 5, 5, 5, 5, 5, 5, 5, 5], "a_time_left": [359.99640466598794, 359.99640466598794, 359.99465766595677, 359.99465766595677, 359.99112245696597, 359.99112245696597, 359.98988149897195, 359.98988149897195, 359.9875534159946, 359.9875534159946, 359.9872580820229, 359.9872580820229, 359.98651862406405, 359.98651862406405, 359.98570408206433, 359.98570408206433, 359.98444804007886, 359.98444804007886, 359.9841434151167, 359.9841434151167, 359.9840040401323, 359.9840040401323, 359.98387437313795, 359.98387437313795, 359.98373404017184, 359.98373404017184, 359.98362724814797, 359.98362724814797, 359.9835063321516, 359.9835063321516, 359.9831677071634, 359.9831677071634, 359.9830151241622, 359.9830151241622, 359.98290466616163, 359.98290466616163, 359.98279399913736, 359.98279399913736, 359.9826887071249, 359.9826887071249, 359.9825747491559, 359.9825747491559, 359.98246195720276, 359.98246195720276, 359.9823387481738, 359.9823387481738, 359.9822357891826, 359.9822357891826, 359.9821248721564, 359.9821248721564, 359.98201849719044, 359.98201849719044, 359.9818930802285, 359.9818930802285, 359.9817956222687, 359.9817956222687, 359.98168574727606, 359.98168574727606, 359.98157928930596, 359.98157928930596, 359.98148349829717, 359.98148349829717, 359.981406248291, 359.981406248291, 359.9813253732864, 359.9813253732864, 359.9812272482668, 359.9812272482668, 359.98113912326517, 359.98113912326517, 359.98104603926186, 359.98104603926186, 359.98091353924247, 359.98091353924247, 359.9808287472697, 359.9808287472697, 359.98073233122705, 359.98073233122705, 359.9806497062091, 359.9806497062091], "b_time_left": [360, 359.9996667500236, 359.9996667500236, 359.99936050002, 359.99936050002, 359.99896574998274, 359.99896574998274, 359.9986567919841, 359.9986567919841, 359.9982562920195, 359.9982562920195, 359.9979915419826, 359.9979915419826, 359.99772949999897, 359.99772949999897, 359.997618042049, 359.997618042049, 359.9973691670457, 359.9973691670457, 359.9972494170652, 359.9972494170652, 359.99712525011273, 359.99712525011273, 359.9970105831162, 359.9970105831162, 359.99690350011224, 359.99690350011224, 359.9968012080644, 359.9968012080644, 359.9966732910834, 359.9966732910834, 359.99658212508075, 359.99658212508075, 359.9964804160991, 359.9964804160991, 359.99639912409475, 359.99639912409475, 359.99632166611264, 359.99632166611264, 359.9962439161609, 359.9962439161609, 359.99616158218123, 359.99616158218123, 359.99609849922126, 359.99609849922126, 359.9960340822581, 359.9960340822581, 359.99595337425126, 359.99595337425126, 359.9958901242935, 359.9958901242935, 359.99582899932284, 359.99582899932284, 359.99575841531623, 359.99575841531623, 359.9956899563549, 359.9956899563549, 359.99562408134807, 359.99562408134807, 359.9955472483416, 359.9955472483416, 359.9954683733522, 359.9954683733522, 359.99538849835517, 359.99538849835517, 359.9953124153544, 359.9953124153544, 359.99523729033535, 359.99523729033535, 359.99517483229283, 359.99517483229283, 359.99509662325727, 359.99509662325727, 359.9950333312154, 359.9950333312154, 359.9949532892206, 359.9949532892206, 359.9948715812643, 359.9948715812643, 359.99479428923223], "a_moves_left": [39, 39, 38, 38, 37, 37, 36, 36, 35, 35, 34, 34, 33, 33, 32, 32, 31, 31, 30, 30, 29, 29, 28, 28, 27, 27, 26, 26, 25, 25, 24, 24, 23, 23, 22, 22, 21, 21, 20, 20, 19, 19, 18, 18, 17, 17, 16, 16, 15, 15, 14, 14, 13, 13, 12, 12, 11, 11, 10, 10, 9, 9, 8, 8, 7, 7, 6, 6, 5, 5, 4, 4, 3, 3, 2, 2, 1, 1, 0, 0], "b_moves_left": [40, 39, 39, 38, 38, 37, 37, 36, 36, 35, 35, 34, 34, 33, 33, 32, 32, 31, 31, 30, 30, 29, 29, 28, 28, 27, 27, 26, 26, 25, 25, 24, 24, 23, 23, 22, 22, 21, 21, 20, 20, 19, 19, 18, 18, 17, 17, 16, 16, 15, 15, 14, 14, 13, 13, 12, 12, 11, 11, 10, 10, 9, 9, 8, 8, 7, 7, 6, 6, 5, 5, 4, 4, 3, 3, 2, 2, 1, 1, 0], "trapdoor_triggered": [0, 0, 0, 0, 0, 0, 0, 0, 0, 0, 0, 0, 0, 0, 0, 0, 0, 0, 0, 0, 0, 0, 0, 0, 0, 0, 0, 0, 0, 0, 0, 0, 0, 0, 0, 0, 0, 0, 0, 0, 0, 0, 0, 0, 0, 0, 0, 0, 0, 0, 0, 0, 0, 0, 0, 0, 0, 0, 0, 0, 0, 0, 0, 0, 0, 0, 0, 0, 0, 0, 0, 0, 0, 0, 0, 0, 0, 0, 0, 0], "left_behind": ["egg", "egg", "plain", "plain", "egg", "egg", "plain", "plain", "egg", "egg", "plain", "plain", "plain", "egg", "plain", "plain", "egg", "plain", "plain", "plain", "egg", "egg", "plain", "plain", "egg", "egg", "plain", "plain", "egg", "egg", "plain", "plain", "egg", "egg", "plain", "plain", "egg", "plain", "plain", "plain", "egg", "egg", "plain", "plain", "egg", "plain", "plain", "plain", "egg", "plain", "plain", "plain", "egg", "plain", "plain", "plain", "egg", "plain", "plain", "plain", "plain", "egg", "plain", "plain", "plain", "egg", "plain", "plain", "plain", "egg", "plain", "plain", "egg", "plain", "plain", "plain", "egg", "egg", "plain", "plain"], "errlog_a": "", "errlog_b": "", "start_time": 360, "start_moves": 40, "turn_count": 80, "result": 0, "reason": "EGGS_LAID", "trapdoors": [[5, 3], [3, 4]], "spawn_a": [0, 6], "spawn_b": [7, 6]}