{"pos": [[1, 2], [6, 2], [1, 1], [6, 1], [0, 1], [5, 1], [0, 0], [4, 1], [1, 0], [3, 1], [2, 0], [2, 1], [3, 0], [3, 1], [4, 0], [3, 0], [5, 0], [3, 1], [5, 1], [3, 2], [5, 0], [4, 2], [6, 0], [5, 2], [7, 0], [5, 3], [7, 1], [6, 3], [7, 0], [6, 4], [7, 1], [7, 4], [7, 0], [7, 3], [6, 0], [7, 4], [5, 0], [7, 5], [5, 1], [7, 6], [5, 0], [6, 6], [4, 0], [5, 6], [5, 0], [5, 5], [5, 1], [4, 5], [5, 0], [4, 4], [4, 0], [4, 3], [5, 0], [3, 3], [6, 0], [3, 4], [7, 0], [3, 5], [7, 1], [3, 6], [7, 0], [4, 6], [7, 1], [4, 7], [7, 0], [5, 7], [6, 0], [6, 7], [7, 0], [7, 7], [7, 1], [7, 6], [7, 0], [6, 6], [6, 0], [6, 5], [5, 0], [6, 4], [5, 1], [6, 5]], "a_eggs_laid": [1, 1, 1, 1, 2, 2, 2, 2, 5, 5, 5, 5, 6, 6, 6, 6, 7, 7, 7, 7, 8, 8, 8, 8, 9, 9, 9, 9, 10, 10, 10, 10, 10, 10, 10, 10, 10, 10, 10, 10, 10, 10, 10, 10, 10, 10, 10, 10, 10, 10, 10, 10, 10, 10, 10, 10, 10, 10, 10, 10, 10, 10, 10, 10, 10, 10, 10, 10, 10, 10, 10, 10, 10, 10, 10, 10, 10, 10, 10, 10], "b_eggs_laid": [0, 1, 1, 1, 1, 2, 2, 2, 2, 3, 3, 3, 3, 4, 4, 4, 4, 5, 5, 5, 5, 6, 6, 6, 6, 7, 7, 7, 7, 8, 8, 8, 8, 9, 9, 9, 9, 9, 9, 9, 9, 10, 10, 10, 10, 11, 11, 11, 11, 12, 12, 12, 12, 13, 13, 13, 13, 14, 14, 14, 14, 15, 15, 15, 15, 16, 16, 16, 16, 17, 17, 17, 17, 17, 17, 17, 17, 18, 18, 18], "a_turds_left": [5, 5, 5, 5, 5, 5, 5, 5, 5, 5, 5, 5, 5, 5, 5, 5, 5, 5, 5, 5, 5, 5, 5, 5, 5, 5, 5, 5, 5, 5, 5, 5, 5, 5, 5, 5, 5, 5, 5, 5, 5, 5, 5, 5, 5, 5, 5, 5, 5, 5, 5, 5, 5, 5, 5, 5, 5, 5, 5, 5, 5, 5, 5, 5, 5, 5, 5, 5, 5, 5, 5, 5, 5, 5, 5, 5, 5, 5, 5, 5], "b_turds_left": [5, 5, 5, 5, 5, 5, 5, 5, 5, 5, 5, 5, 5, 5, 5, 5, 5, 5, 5, 5, 5, 5, 5, 5, 5, 5, 5, 5, 5, 5, 5, 5, 5, 5, 5, 5, 5, 5, 5, 5, 5, 5, 5, 5, 5, 5, 5, 5, 5, 5, 5, 5, 5, 5, 5, 5, 5, 5, 5, 5, 5, 5, 5, 5, 5, 5, 5, 5, 5, 5, 5, 5, 5, 5, 5, 5, 5, 5, 5, 5], "a_time_left": [359.9962316660094, 359.9962316660094, 359.99438816600014, 359.99438816600014, 359.9911924159969, 359.9911924159969, 359.9903757490101, 359.9903757490101, 359.98872374900384, 359.98872374900384, 359.9879979570396, 359.9879979570396, 359.986744207039, 359.986744207039, 359.98649112402927, 359.98649112402927, 359.98615033202805, 359.98615033202805, 359.98590204003267, 359.98590204003267, 359.985642373038, 359.985642373038, 359.9855236230651, 359.9855236230651, 359.9854259560816, 359.9854259560816, 359.9853386650793, 359.9853386650793, 359.98526154010324, 359.98526154010324, 359.985174915113, 359.985174915113, 359.9851059981156, 359.9851059981156, 359.98502653907053, 359.98502653907053, 359.9849466220476, 359.9849466220476, 359.9848588720779, 359.9848588720779, 359.9847897050786, 359.9847897050786, 359.9846980390721, 359.9846980390721, 359.984631080064, 359.984631080064, 359.98453341407003, 359.98453341407003, 359.98445612203795, 359.98445612203795, 359.98436837201007, 359.98436837201007, 359.98430112202186, 359.98430112202186, 359.98421183001483, 359.98421183001483, 359.98413391399663, 359.98413391399663, 359.98405828897376, 359.98405828897376, 359.98399228899507, 359.98399228899507, 359.98391795600764, 359.98391795600764, 359.9838537889882, 359.9838537889882, 359.98377528897254, 359.98377528897254, 359.9836987479939, 359.9836987479939, 359.9836193730007, 359.9836193730007, 359.98354812298203, 359.98354812298203, 359.98347033100436, 359.98347033100436, 359.9833975399961, 359.9833975399961, 359.98331504000816, 359.98331504000816], "b_time_left": [360, 359.9996677080053, 359.9996677080053, 359.99933799996506, 359.99933799996506, 359.9989789999672, 359.9989789999672, 359.99866733298404, 359.99866733298404, 359.99831866601016, 359.99831866601016, 359.9979546240065, 359.9979546240065, 359.9976611660095, 359.9976611660095, 359.99752954102587, 359.99752954102587, 359.9973098320188, 359.9973098320188, 359.99703983205836, 359.99703983205836, 359.9968442070531, 359.9968442070531, 359.9967342490563, 359.9967342490563, 359.99662929109763, 359.99662929109763, 359.9965309990803, 359.9965309990803, 359.99642816605046, 359.99642816605046, 359.99633895704756, 359.99633895704756, 359.99624708201736, 359.99624708201736, 359.99616770702414, 359.99616770702414, 359.99609537399374, 359.99609537399374, 359.9960235829931, 359.9960235829931, 359.99592579196906, 359.99592579196906, 359.9958491259604, 359.9958491259604, 359.99575112597086, 359.99575112597086, 359.9956645849743, 359.9956645849743, 359.9955625849543, 359.9955625849543, 359.99548450199654, 359.99548450199654, 359.99538679403486, 359.99538679403486, 359.9953066690359, 359.9953066690359, 359.99521141906735, 359.99521141906735, 359.9951340860571, 359.9951340860571, 359.9950389190344, 359.9950389190344, 359.9949612530181, 359.9949612530181, 359.9948725030408, 359.9948725030408, 359.9947992110392, 359.9947992110392, 359.9947130440851, 359.9947130440851, 359.99465591908665, 359.99465591908665, 359.9945880441228, 359.9945880441228, 359.9945085021318, 359.9945085021318, 359.9944143771427, 359.9944143771427, 359.9943380851182], "a_moves_left": [39, 39, 38, 38, 37, 37, 36, 36, 35, 35, 34, 34, 33, 33, 32, 32, 31, 31, 30, 30, 29, 29, 28, 28, 27, 27, 26, 26, 25, 25, 24, 24, 23, 23, 22, 22, 21, 21, 20, 20, 19, 19, 18, 18, 17, 17, 16, 16, 15, 15, 14, 14, 13, 13, 12, 12, 11, 11, 10, 10, 9, 9, 8, 8, 7, 7, 6, 6, 5, 5, 4, 4, 3, 3, 2, 2, 1, 1, 0, 0], "b_moves_left": [40, 39, 39, 38, 38, 37, 37, 36, 36, 35, 35, 34, 34, 33, 33, 32, 32, 31, 31, 30, 30, 29, 29, 28, 28, 27, 27, 26, 26, 25, 25, 24, 24, 23, 23, 22, 22, 21, 21, 20, 20, 19, 19, 18, 18, 17, 17, 16, 16, 15, 15, 14, 14, 13, 13, 12, 12, 11, 11, 10, 10, 9, 9, 8, 8, 7, 7, 6, 6, 5, 5, 4, 4, 3, 3, 2, 2, 1, 1, 0], "trapdoor_triggered": [0, 0, 0, 0, 0, 0, 0, 0, 0, 0, 0, 0, 0, 0, 0, 0, 0, 0, 0, 0, 0, 0, 0, 0, 0, 0, 0, 0, 0, 0, 0, 0, 0, 0, 0, 0, 0, 0, 0, 0, 0, 0, 0, 0, 0, 0, 0, 0, 0, 0, 0, 0, 0, 0, 0, 0, 0, 0, 0, 0, 0, 0, 0, 0, 0, 0, 0, 0, 0, 0, 0, 0, 0, 0, 0, 0, 0, 0, 0, 0], "left_behind": ["egg", "egg", "plain", "plain", "egg", "egg", "plain", "plain", "egg", "egg", "plain", "plain", "egg", "egg", "plain", "plain", "egg", "egg", "plain", "plain", "egg", "egg", "plain", "plain", "egg", "egg", "plain", "plain", "egg", "egg", "plain", "plain", "plain", "egg", "plain", "plain", "plain", "plain", "plain", "plain", "plain", "egg", "plain", "plain", "plain", "egg", "plain", "plain", "plain", "egg", "plain", "plain", "plain", "egg", "plain", "plain", "plain", "egg", "plain", "plain", "plain", "egg", "plain", "plain", "plain", "egg", "plain", "plain", "plain", "egg", "plain", "plain", "plain", "plain", "plain", "plain", "plain", "egg", "plain", "plain"], "errlog_a": "", "errlog_b": "", "start_time": 360, "start_moves": 40, "turn_count": 80, "result": 1, "reason": "EGGS_LAID", "trapdoors": [[2, 2], [5, 4]], "spawn_a": [0, 2], "spawn_b": [7, 2]}