{"pos": [[1, 6], [6, 6], [2, 6], [5, 6], [2, 7], [4, 6], [3, 7], [4, 5], [2, 7], [4, 6], [1, 7], [3, 6], [0, 7], [4, 6], [1, 7], [4, 5], [1, 6], [5, 5], [1, 5], [5, 4], [0, 5], [5, 3], [0, 4], [4, 3], [1, 4], [3, 3], [1, 3], [3, 2], [0, 3], [2, 2], [0, 2], [2, 1], [1, 2], [3, 1], [1, 1], [3, 0], [0, 1], [4, 0], [0, 0], [5, 0], [1, 0], [6, 0], [2, 0], [7, 0], [1, 0], [7, 1], [1, 1], [7, 2], [1, 2], [7, 3], [2, 2], [7, 4], [1, 2], [7, 5], [1, 3], [6, 5], [1, 4], [6, 4], [2, 4], [6, 3], [0, 6], [6, 2], [0, 7], [6, 1], [1, 7], [5, 1], [1, 6], [5, 2], [1, 5], [4, 2], [0, 5], [4, 1], [0, 4], [4, 0], [0, 3], [5, 0], [0, 2], [6, 0], [0, 1], [7, 0]], "a_eggs_laid": [1, 1, 1, 1, 2, 2, 2, 2, 3, 3, 3, 3, 4, 4, 4, 4, 4, 4, 4, 4, 5, 5, 5, 5, 6, 6, 6, 6, 7, 7, 7, 7, 8, 8, 8, 8, 9, 9, 9, 9, 12, 12, 12, 12, 13, 13, 13, 13, 13, 13, 13, 13, 14, 14, 14, 14, 14, 14, 14, 14, 15, 15, 15, 15, 15, 15, 15, 15, 15, 15, 15, 15, 15, 15, 15, 15, 15, 15, 15, 15], "b_eggs_laid": [0, 1, 1, 1, 1, 2, 2, 2, 2, 3, 3, 3, 3, 4, 4, 4, 4, 4, 4, 4, 4, 5, 5, 5, 5, 6, 6, 6, 6, 7, 7, 7, 7, 8, 8, 8, 8, 9, 9, 9, 9, 10, 10, 10, 10, 13, 13, 13, 13, 14, 14, 14, 14, 15, 15, 15, 15, 16, 16, 16, 16, 21, 21, 21, 21, 22, 22, 22, 22, 23, 23, 23, 23, 24, 24, 24, 24, 24, 24, 24], "a_turds_left": [5, 5, 5, 5, 5, 5, 5, 5, 5, 5, 5, 5, 5, 5, 5, 5, 5, 5, 5, 5, 5, 5, 5, 5, 5, 5, 5, 5, 5, 5, 5, 5, 5, 5, 5, 5, 5, 5, 5, 5, 5, 5, 5, 5, 5, 5, 5, 5, 5, 5, 5, 5, 5, 5, 5, 5, 5, 5, 5, 5, 5, 5, 5, 5, 5, 5, 5, 5, 5, 5, 5, 5, 5, 5, 5, 5, 5, 5, 5, 5], "b_turds_left": [5, 5, 5, 4, 4, 4, 4, 3, 3, 3, 3, 3, 3, 3, 3, 3, 3, 3, 3, 2, 2, 2, 2, 1, 1, 1, 1, 0, 0, 0, 0, 0, 0, 0, 0, 0, 0, 0, 0, 0, 0, 0, 0, 0, 0, 0, 0, 0, 0, 0, 0, 0, 0, 0, 0, 0, 0, 0, 0, 0, 0, 0, 0, 0, 0, 0, 0, 0, 0, 0, 0, 0, 0, 0, 0, 0, 0, 0, 0, 0], "a_time_left": [359.9963931669481, 359.9963931669481, 359.99459204194136, 359.99459204194136, 359.99139529193053, 359.99139529193053, 359.9899651668966, 359.9899651668966, 359.9890491669066, 359.9890491669066, 359.98823929193895, 359.98823929193895, 359.98576420889003, 359.98576420889003, 359.9854975839262, 359.9854975839262, 359.9849517089315, 359.9849517089315, 359.9843648339156, 359.9843648339156, 359.98421837593196, 359.98421837593196, 359.9841044169734, 359.9841044169734, 359.98397970793303, 359.98397970793303, 359.983863082889, 359.983863082889, 359.98374254087685, 359.98374254087685, 359.9836280828458, 359.9836280828458, 359.9835066658561, 359.9835066658561, 359.9834018328693, 359.9834018328693, 359.9832857918227, 359.9832857918227, 359.9831842088024, 359.9831842088024, 359.9830823747907, 359.9830823747907, 359.9829813328106, 359.9829813328106, 359.9828935827827, 359.9828935827827, 359.98277370783035, 359.98277370783035, 359.98268162383465, 359.98268162383465, 359.98257245688, 359.98257245688, 359.9824764568475, 359.9824764568475, 359.9823705398594, 359.9823705398594, 359.98227587289875, 359.98227587289875, 359.9821692898986, 359.9821692898986, 359.9820672899368, 359.9820672899368, 359.98198341490934, 359.98198341490934, 359.98190174793126, 359.98190174793126, 359.9818209979567, 359.9818209979567, 359.9817257479881, 359.9817257479881, 359.98163633199874, 359.98163633199874, 359.9815495410003, 359.9815495410003, 359.9814688739716, 359.9814688739716, 359.9813847899204, 359.9813847899204, 359.98130191490054, 359.98130191490054], "b_time_left": [360, 359.9969592500129, 359.9969592500129, 359.99531587504316, 359.99531587504316, 359.9931522500119, 359.9931522500119, 359.9916917079827, 359.9916917079827, 359.98958900000434, 359.98958900000434, 359.9888482079841, 359.9888482079841, 359.9879236249835, 359.9879236249835, 359.98715487500886, 359.98715487500886, 359.98642308299895, 359.98642308299895, 359.9858118330012, 359.9858118330012, 359.98495670798, 359.98495670798, 359.98444604099495, 359.98444604099495, 359.98376833298244, 359.98376833298244, 359.98331058298936, 359.98331058298936, 359.9828570410027, 359.9828570410027, 359.98263266601134, 359.98263266601134, 359.9822682910017, 359.9822682910017, 359.98221049900167, 359.98221049900167, 359.9821371239959, 359.9821371239959, 359.9820799570298, 359.9820799570298, 359.982008957013, 359.982008957013, 359.9819537900039, 359.9819537900039, 359.98189324798295, 359.98189324798295, 359.9818415399641, 359.9818415399641, 359.9817728729686, 359.9817728729686, 359.98172103991965, 359.98172103991965, 359.9816539569292, 359.9816539569292, 359.98160349793034, 359.98160349793034, 359.98149249795824, 359.98149249795824, 359.9814343729522, 359.9814343729522, 359.98135883093346, 359.98135883093346, 359.9813006639597, 359.9813006639597, 359.9812213719706, 359.9812213719706, 359.98116195498733, 359.98116195498733, 359.98108370497357, 359.98108370497357, 359.98102516296785, 359.98102516296785, 359.9809493289795, 359.9809493289795, 359.9808980789967, 359.9808980789967, 359.9808373710257, 359.9808373710257, 359.98078503704164], "a_moves_left": [39, 39, 38, 38, 37, 37, 36, 36, 35, 35, 34, 34, 33, 33, 32, 32, 31, 31, 30, 30, 29, 29, 28, 28, 27, 27, 26, 26, 25, 25, 24, 24, 23, 23, 22, 22, 21, 21, 20, 20, 19, 19, 18, 18, 17, 17, 16, 16, 15, 15, 14, 14, 13, 13, 12, 12, 11, 11, 10, 10, 9, 9, 8, 8, 7, 7, 6, 6, 5, 5, 4, 4, 3, 3, 2, 2, 1, 1, 0, 0], "b_moves_left": [40, 39, 39, 38, 38, 37, 37, 36, 36, 35, 35, 34, 34, 33, 33, 32, 32, 31, 31, 30, 30, 29, 29, 28, 28, 27, 27, 26, 26, 25, 25, 24, 24, 23, 23, 22, 22, 21, 21, 20, 20, 19, 19, 18, 18, 17, 17, 16, 16, 15, 15, 14, 14, 13, 13, 12, 12, 11, 11, 10, 10, 9, 9, 8, 8, 7, 7, 6, 6, 5, 5, 4, 4, 3, 3, 2, 2, 1, 1, 0], "trapdoor_triggered": [0, 0, 0, 0, 0, 0, 0, 0, 0, 0, 0, 0, 0, 0, 0, 0, 0, 0, 0, 0, 0, 0, 0, 0, 0, 0, 0, 0, 0, 0, 0, 0, 0, 0, 0, 0, 0, 0, 0, 0, 0, 0, 0, 0, 0, 0, 0, 0, 0, 0, 0, 0, 0, 0, 0, 0, 0, 0, 0, 0, 1, 0, 0, 0, 0, 0, 0, 0, 0, 0, 0, 0, 0, 0, 0, 0, 0, 0, 0, 0], "left_behind": ["egg", "egg", "plain", "turd", "egg", "egg", "plain", "turd", "egg", "egg", "plain", "plain", "egg", "egg", "plain", "plain", "plain", "plain", "plain", "turd", "egg", "egg", "plain", "turd", "egg", "egg", "plain", "turd", "egg", "egg", "plain", "plain", "egg", "egg", "plain", "plain", "egg", "egg", "plain", "plain", "egg", "egg", "plain", "plain", "egg", "egg", "plain", "plain", "plain", "egg", "plain", "plain", "egg", "egg", "plain", "plain", "plain", "egg", "plain", "plain", "egg", "egg", "plain", "plain", "plain", "egg", "plain", "plain", "plain", "egg", "plain", "plain", "plain", "egg", "plain", "plain", "plain", "plain", "plain", "plain"], "errlog_a": "", "errlog_b": "", "start_time": 360, "start_moves": 40, "turn_count": 80, "result": 1, "reason": "EGGS_LAID", "trapdoors": [[4, 4], [2, 5]], "spawn_a": [0, 6], "spawn_b": [7, 6]}