{"pos": [[1, 6], [6, 6], [2, 6], [6, 5], [2, 7], [6, 4], [1, 7], [6, 3], [0, 7], [6, 2], [1, 7], [6, 1], [1, 6], [5, 1], [1, 5], [4, 1], [0, 5], [3, 1], [0, 4], [2, 1], [1, 4], [1, 1], [1, 3], [1, 2], [0, 3], [0, 2], [1, 3], [0, 1], [2, 3], [0, 0], [2, 4], [1, 0], [2, 5], [2, 0], [2, 4], [3, 0], [1, 4], [4, 0], [1, 5], [5, 0], [2, 5], [6, 0], [2, 6], [7, 0], [3, 6], [7, 1], [4, 6], [7, 2], [5, 6], [7, 3], [5, 5], [7, 4], [5, 4], [7, 5], [6, 4], [6, 5], [5, 4], [6, 6], [5, 3], [5, 6], [5, 2], [5, 7], [5, 1], [6, 7], [5, 2], [7, 7], [6, 2], [7, 6], [5, 2], [7, 5], [4, 2], [7, 4], [3, 2], [7, 3], [3, 1], [6, 3], [3, 2], [7, 3], [2, 2], [7, 2]], "a_eggs_laid": [1, 1, 1, 1, 2, 2, 2, 2, 3, 3, 3, 3, 3, 3, 3, 3, 4, 4, 4, 4, 5, 5, 5, 5, 6, 6, 6, 6, 6, 6, 6, 6, 7, 7, 7, 7, 7, 7, 7, 7, 7, 7, 7, 7, 7, 7, 7, 7, 8, 8, 8, 8, 9, 9, 9, 9, 10, 10, 10, 10, 11, 11, 11, 11, 12, 12, 12, 12, 13, 13, 13, 13, 14, 14, 14, 14, 15, 15, 15, 15], "b_eggs_laid": [0, 1, 1, 1, 1, 2, 2, 2, 2, 3, 3, 3, 3, 4, 4, 4, 4, 5, 5, 5, 5, 6, 6, 6, 6, 7, 7, 7, 7, 8, 8, 8, 8, 9, 9, 9, 9, 10, 10, 10, 10, 11, 11, 11, 11, 14, 14, 14, 14, 15, 15, 15, 15, 16, 16, 16, 16, 16, 16, 16, 16, 17, 17, 17, 17, 18, 18, 18, 18, 18, 18, 18, 18, 18, 18, 18, 18, 18, 18, 18], "a_turds_left": [5, 5, 5, 5, 5, 5, 5, 5, 5, 5, 5, 5, 5, 5, 5, 5, 5, 5, 5, 5, 5, 5, 5, 5, 5, 5, 5, 5, 5, 5, 5, 5, 5, 5, 5, 5, 5, 5, 5, 5, 5, 5, 5, 5, 5, 5, 5, 5, 5, 5, 5, 5, 5, 5, 5, 5, 5, 5, 5, 5, 5, 5, 5, 5, 5, 5, 5, 5, 5, 5, 5, 5, 5, 5, 5, 5, 5, 5, 5, 5], "b_turds_left": [5, 5, 5, 5, 5, 5, 5, 5, 5, 5, 5, 5, 5, 5, 5, 5, 5, 5, 5, 5, 5, 5, 5, 5, 5, 5, 5, 5, 5, 5, 5, 5, 5, 5, 5, 5, 5, 5, 5, 5, 5, 5, 5, 5, 5, 5, 5, 5, 5, 5, 5, 5, 5, 5, 5, 5, 5, 5, 5, 5, 5, 5, 5, 5, 5, 5, 5, 5, 5, 5, 5, 5, 5, 5, 5, 5, 5, 5, 5, 5], "a_time_left": [359.99624725000467, 359.99624725000467, 359.99445924995234, 359.99445924995234, 359.99115016596625, 359.99115016596625, 359.98992674896726, 359.98992674896726, 359.98749374895124, 359.98749374895124, 359.9872213739436, 359.9872213739436, 359.98647395696025, 359.98647395696025, 359.98564641497796, 359.98564641497796, 359.98246566497255, 359.98246566497255, 359.98210891499184, 359.98210891499184, 359.981952831964, 359.981952831964, 359.9816283319378, 359.9816283319378, 359.98127003991976, 359.98127003991976, 359.98115178989246, 359.98115178989246, 359.9810429569334, 359.9810429569334, 359.98092583194375, 359.98092583194375, 359.98078987392364, 359.98078987392364, 359.98069412395125, 359.98069412395125, 359.9806032489869, 359.9806032489869, 359.980506582011, 359.980506582011, 359.98041670705425, 359.98041670705425, 359.98032991506625, 359.98032991506625, 359.98024962306954, 359.98024962306954, 359.98016474803444, 359.98016474803444, 359.9800608319929, 359.9800608319929, 359.9799689159845, 359.9799689159845, 359.97988004097715, 359.97988004097715, 359.97979583294364, 359.97979583294364, 359.9797340409714, 359.9797340409714, 359.97965199896134, 359.97965199896134, 359.97956566594075, 359.97956566594075, 359.9794861659175, 359.9794861659175, 359.97942341590533, 359.97942341590533, 359.9793437488843, 359.9793437488843, 359.9792897068546, 359.9792897068546, 359.97921237384435, 359.97921237384435, 359.9791303318343, 359.9791303318343, 359.97905399883166, 359.97905399883166, 359.978995081794, 359.978995081794, 359.9789164987742, 359.9789164987742], "b_time_left": [360, 359.99966979102464, 359.99966979102464, 359.99933483300265, 359.99933483300265, 359.99898374901386, 359.99898374901386, 359.9986517910147, 359.9986517910147, 359.9982827490312, 359.9982827490312, 359.99798583303345, 359.99798583303345, 359.9975915410323, 359.9975915410323, 359.99728591600433, 359.99728591600433, 359.9969203749788, 359.9969203749788, 359.9967759169522, 359.9967759169522, 359.99638720892835, 359.99638720892835, 359.99607112491503, 359.99607112491503, 359.9959280829062, 359.9959280829062, 359.995805373881, 359.995805373881, 359.99568716587964, 359.99568716587964, 359.9955847908859, 359.9955847908859, 359.99546837387607, 359.99546837387607, 359.99536308291135, 359.99536308291135, 359.99525254091714, 359.99525254091714, 359.99513608188136, 359.99513608188136, 359.995020581875, 359.995020581875, 359.99491387285525, 359.99491387285525, 359.99481541482965, 359.99481541482965, 359.99471812386764, 359.99471812386764, 359.99460812390316, 359.99460812390316, 359.994511498895, 359.994511498895, 359.9943985819118, 359.9943985819118, 359.99429908191087, 359.99429908191087, 359.9942130819545, 359.9942130819545, 359.9941042069695, 359.9941042069695, 359.99400378996506, 359.99400378996506, 359.99390803993447, 359.99390803993447, 359.9937719149748, 359.9937719149748, 359.9936860399321, 359.9936860399321, 359.9935927069746, 359.9935927069746, 359.99350124801276, 359.99350124801276, 359.99341999803437, 359.99341999803437, 359.9933235810022, 359.9933235810022, 359.99324420600897, 359.99324420600897, 359.993144706008], "a_moves_left": [39, 39, 38, 38, 37, 37, 36, 36, 35, 35, 34, 34, 33, 33, 32, 32, 31, 31, 30, 30, 29, 29, 28, 28, 27, 27, 26, 26, 25, 25, 24, 24, 23, 23, 22, 22, 21, 21, 20, 20, 19, 19, 18, 18, 17, 17, 16, 16, 15, 15, 14, 14, 13, 13, 12, 12, 11, 11, 10, 10, 9, 9, 8, 8, 7, 7, 6, 6, 5, 5, 4, 4, 3, 3, 2, 2, 1, 1, 0, 0], "b_moves_left": [40, 39, 39, 38, 38, 37, 37, 36, 36, 35, 35, 34, 34, 33, 33, 32, 32, 31, 31, 30, 30, 29, 29, 28, 28, 27, 27, 26, 26, 25, 25, 24, 24, 23, 23, 22, 22, 21, 21, 20, 20, 19, 19, 18, 18, 17, 17, 16, 16, 15, 15, 14, 14, 13, 13, 12, 12, 11, 11, 10, 10, 9, 9, 8, 8, 7, 7, 6, 6, 5, 5, 4, 4, 3, 3, 2, 2, 1, 1, 0], "trapdoor_triggered": [0, 0, 0, 0, 0, 0, 0, 0, 0, 0, 0, 0, 0, 0, 0, 0, 0, 0, 0, 0, 0, 0, 0, 0, 0, 0, 0, 0, 0, 0, 0, 0, 0, 0, 0, 0, 0, 0, 0, 0, 0, 0, 0, 0, 0, 0, 0, 0, 0, 0, 0, 0, 0, 0, 0, 0, 0, 0, 0, 0, 0, 0, 0, 0, 0, 0, 0, 0, 0, 0, 0, 0, 0, 0, 0, 0, 0, 0, 0, 0], "left_behind": ["egg", "egg", "plain", "plain", "egg", "egg", "plain", "plain", "egg", "egg", "plain", "plain", "plain", "egg", "plain", "plain", "egg", "egg", "plain", "plain", "egg", "egg", "plain", "plain", "egg", "egg", "plain", "plain", "plain", "egg", "plain", "plain", "egg", "egg", "plain", "plain", "plain", "egg", "plain", "plain", "plain", "egg", "plain", "plain", "plain", "egg", "plain", "plain", "egg", "egg", "plain", "plain", "egg", "egg", "plain", "plain", "egg", "plain", "plain", "plain", "egg", "egg", "plain", "plain", "egg", "egg", "plain", "plain", "egg", "plain", "plain", "plain", "egg", "plain", "plain", "plain", "egg", "plain", "plain", "plain"], "errlog_a": "", "errlog_b": "", "start_time": 360, "start_moves": 40, "turn_count": 80, "result": 1, "reason": "EGGS_LAID", "trapdoors": [[3, 3], [4, 3]], "spawn_a": [0, 6], "spawn_b": [7, 6]}