{"pos": [[6, 3], [1, 3], [6, 2], [1, 4], [7, 2], [1, 5], [7, 1], [1, 6], [6, 1], [2, 6], [5, 1], [2, 5], [5, 0], [2, 4], [6, 0], [2, 5], [7, 0], [3, 5], [7, 1], [3, 6], [6, 1], [4, 6], [6, 2], [4, 5], [5, 2], [3, 5], [5, 3], [3, 4], [6, 3], [3, 3], [6, 4], [4, 3], [7, 4], [4, 2], [7, 5], [4, 1], [6, 5], [4, 0], [6, 4], [5, 0], [5, 4], [4, 0], [4, 4], [3, 0], [5, 4], [3, 1], [5, 3], [2, 1], [5, 2], [2, 0], [4, 2], [1, 0], [5, 2], [1, 1], [5, 1], [1, 2], [6, 1], [2, 2], [6, 0], [2, 3], [7, 0], [2, 2], [7, 1], [2, 1], [7, 2], [2, 0], [7, 3], [3, 0], [7, 4], [3, 1], [7, 5], [4, 1], [7, 6], [4, 0], [6, 6], [5, 0], [5, 6], [4, 0], [4, 6], [5, 0]], "a_eggs_laid": [1, 1, 1, 1, 2, 2, 2, 2, 3, 3, 3, 3, 4, 4, 4, 4, 5, 5, 5, 5, 5, 5, 5, 5, 5, 5, 5, 5, 6, 6, 6, 6, 7, 7, 7, 7, 8, 8, 8, 8, 8, 8, 8, 8, 9, 9, 9, 9, 9, 9, 9, 9, 10, 10, 10, 10, 10, 10, 10, 10, 10, 10, 10, 10, 10, 10, 10, 10, 10, 10, 10, 10, 10, 10, 10, 10, 11, 11, 11, 11], "b_eggs_laid": [0, 1, 1, 1, 1, 2, 2, 2, 2, 3, 3, 3, 3, 4, 4, 4, 4, 4, 4, 4, 4, 5, 5, 5, 5, 6, 6, 6, 6, 7, 7, 7, 7, 8, 8, 8, 8, 9, 9, 9, 9, 10, 10, 10, 10, 11, 11, 11, 11, 12, 12, 12, 12, 13, 13, 13, 13, 14, 14, 14, 14, 15, 15, 15, 15, 15, 15, 15, 15, 15, 15, 15, 15, 15, 15, 15, 15, 15, 15, 15], "a_turds_left": [5, 5, 5, 5, 5, 5, 5, 5, 5, 5, 5, 5, 5, 5, 5, 5, 5, 5, 5, 5, 5, 5, 5, 5, 5, 5, 5, 5, 5, 5, 5, 5, 5, 5, 5, 5, 5, 5, 5, 5, 5, 5, 5, 5, 5, 5, 5, 5, 5, 5, 5, 5, 5, 5, 5, 5, 5, 5, 5, 5, 5, 5, 5, 5, 5, 5, 5, 5, 5, 5, 5, 5, 5, 5, 5, 5, 5, 5, 5, 5], "b_turds_left": [5, 5, 5, 4, 4, 4, 4, 3, 3, 3, 3, 2, 2, 2, 2, 1, 1, 1, 1, 0, 0, 0, 0, 0, 0, 0, 0, 0, 0, 0, 0, 0, 0, 0, 0, 0, 0, 0, 0, 0, 0, 0, 0, 0, 0, 0, 0, 0, 0, 0, 0, 0, 0, 0, 0, 0, 0, 0, 0, 0, 0, 0, 0, 0, 0, 0, 0, 0, 0, 0, 0, 0, 0, 0, 0, 0, 0, 0, 0, 0], "a_time_left": [359.99839158396935, 359.99839158396935, 359.9966192089487, 359.9966192089487, 359.99338979192544, 359.99338979192544, 359.9925469169393, 359.9925469169393, 359.98998979193857, 359.98998979193857, 359.9886239589541, 359.9886239589541, 359.98533641791437, 359.98533641791437, 359.985047000926, 359.985047000926, 359.9847246259451, 359.9847246259451, 359.98448075097986, 359.98448075097986, 359.9842088339501, 359.9842088339501, 359.984026667953, 359.984026667953, 359.9837227099342, 359.9837227099342, 359.9835922939237, 359.9835922939237, 359.98345541895833, 359.98345541895833, 359.98333358595846, 359.98333358595846, 359.9832033359562, 359.9832033359562, 359.9830975859077, 359.9830975859077, 359.9829882529448, 359.9829882529448, 359.98287229496054, 359.98287229496054, 359.98278450395446, 359.98278450395446, 359.9826857949374, 359.9826857949374, 359.98260533594294, 359.98260533594294, 359.9825082949246, 359.9825082949246, 359.982427211944, 359.982427211944, 359.98233150393935, 359.98233150393935, 359.98224687896436, 359.98224687896436, 359.9821634629625, 359.9821634629625, 359.9821007549763, 359.9821007549763, 359.98200737993466, 359.98200737993466, 359.9819363799179, 359.9819363799179, 359.98187258891994, 359.98187258891994, 359.9817987969727, 359.9817987969727, 359.98172358900774, 359.98172358900774, 359.9816504640039, 359.9816504640039, 359.9815766719985, 359.9815766719985, 359.98151013004826, 359.98151013004826, 359.98143871309003, 359.98143871309003, 359.98133763007354, 359.98133763007354, 359.98125183803495, 359.98125183803495], "b_time_left": [360, 359.99666504201014, 359.99666504201014, 359.994723626005, 359.994723626005, 359.99214083503466, 359.99214083503466, 359.9905495440471, 359.9905495440471, 359.9842383780633, 359.9842383780633, 359.98257625306724, 359.98257625306724, 359.980347045057, 359.980347045057, 359.9789086280507, 359.9789086280507, 359.9782098780852, 359.9782098780852, 359.9768225030857, 359.9768225030857, 359.9755410030484, 359.9755410030484, 359.9747223370359, 359.9747223370359, 359.97416658705333, 359.97416658705333, 359.973893962102, 359.973893962102, 359.97344425308984, 359.97344425308984, 359.9731795861153, 359.9731795861153, 359.9731010440737, 359.9731010440737, 359.97304241906386, 359.97304241906386, 359.97296137805097, 359.97296137805097, 359.9729007120477, 359.9729007120477, 359.9728387540672, 359.9728387540672, 359.97277333703823, 359.97277333703823, 359.9726963780704, 359.9726963780704, 359.97263266908703, 359.97263266908703, 359.9725536691258, 359.9725536691258, 359.9724978351733, 359.9724978351733, 359.9724239601637, 359.9724239601637, 359.97236433514627, 359.97236433514627, 359.97228962613735, 359.97228962613735, 359.97223279316677, 359.97223279316677, 359.97215266816784, 359.97215266816784, 359.9720966682071, 359.9720966682071, 359.9720300011686, 359.9720300011686, 359.9719748342177, 359.9719748342177, 359.9719172932673, 359.9719172932673, 359.97185833530966, 359.97185833530966, 359.9718028352945, 359.9718028352945, 359.9717494182987, 359.9717494182987, 359.97170283528976, 359.97170283528976, 359.97165079327533], "a_moves_left": [39, 39, 38, 38, 37, 37, 36, 36, 35, 35, 34, 34, 33, 33, 32, 32, 31, 31, 30, 30, 29, 29, 28, 28, 27, 27, 26, 26, 25, 25, 24, 24, 23, 23, 22, 22, 21, 21, 20, 20, 19, 19, 18, 18, 17, 17, 16, 16, 15, 15, 14, 14, 13, 13, 12, 12, 11, 11, 10, 10, 9, 9, 8, 8, 7, 7, 6, 6, 5, 5, 4, 4, 3, 3, 2, 2, 1, 1, 0, 0], "b_moves_left": [40, 39, 39, 38, 38, 37, 37, 36, 36, 35, 35, 34, 34, 33, 33, 32, 32, 31, 31, 30, 30, 29, 29, 28, 28, 27, 27, 26, 26, 25, 25, 24, 24, 23, 23, 22, 22, 21, 21, 20, 20, 19, 19, 18, 18, 17, 17, 16, 16, 15, 15, 14, 14, 13, 13, 12, 12, 11, 11, 10, 10, 9, 9, 8, 8, 7, 7, 6, 6, 5, 5, 4, 4, 3, 3, 2, 2, 1, 1, 0], "trapdoor_triggered": [0, 0, 0, 0, 0, 0, 0, 0, 0, 0, 0, 0, 0, 0, 0, 0, 0, 0, 0, 0, 0, 0, 0, 0, 0, 0, 0, 0, 0, 0, 0, 0, 0, 0, 0, 0, 0, 0, 0, 0, 0, 0, 0, 0, 0, 0, 0, 0, 0, 0, 0, 0, 0, 0, 0, 0, 0, 0, 0, 0, 0, 0, 0, 0, 0, 0, 0, 0, 0, 0, 0, 0, 0, 0, 0, 0, 0, 0, 0, 0], "left_behind": ["egg", "egg", "plain", "turd", "egg", "egg", "plain", "turd", "egg", "egg", "plain", "turd", "egg", "egg", "plain", "turd", "egg", "plain", "plain", "turd", "plain", "egg", "plain", "plain", "plain", "egg", "plain", "plain", "egg", "egg", "plain", "plain", "egg", "egg", "plain", "plain", "egg", "egg", "plain", "plain", "plain", "egg", "plain", "plain", "egg", "egg", "plain", "plain", "plain", "egg", "plain", "plain", "egg", "egg", "plain", "plain", "plain", "egg", "plain", "plain", "plain", "egg", "plain", "plain", "plain", "plain", "plain", "plain", "plain", "plain", "plain", "plain", "plain", "plain", "plain", "plain", "egg", "plain", "plain", "plain"], "errlog_a": "", "errlog_b": "", "start_time": 360, "start_moves": 40, "turn_count": 80, "result": 1, "reason": "EGGS_LAID", "trapdoors": [[5, 5], [3, 2]], "spawn_a": [7, 3], "spawn_b": [0, 3]}