{"pos": [[1, 2], [6, 2], [1, 1], [6, 3], [0, 1], [6, 4], [0, 0], [5, 4], [1, 0], [5, 3], [2, 0], [4, 3], [2, 1], [4, 4], [3, 1], [4, 3], [3, 0], [4, 4], [4, 0], [4, 3], [4, 1], [4, 2], [5, 1], [3, 2], [5, 0], [3, 3], [6, 0], [3, 2], [7, 0], [3, 3], [7, 1], [2, 3], [7, 0], [1, 3], [6, 0], [1, 4], [5, 0], [1, 5], [5, 1], [2, 5], [5, 0], [3, 5], [4, 0], [3, 6], [3, 0], [4, 6], [3, 1], [5, 6], [2, 1], [5, 5], [2, 2], [6, 5], [1, 2], [7, 5], [1, 3], [7, 4], [0, 3], [7, 3], [0, 4], [7, 2], [0, 5], [7, 3], [1, 5], [7, 4], [1, 6], [7, 5], [0, 6], [7, 6], [0, 7], [7, 7], [1, 7], [6, 7], [2, 7], [6, 6], [2, 6], [5, 6], [1, 6], [5, 7], [2, 6], [4, 7]], "a_eggs_laid": [1, 1, 1, 1, 2, 2, 2, 2, 5, 5, 5, 5, 6, 6, 6, 6, 7, 7, 7, 7, 8, 8, 8, 8, 9, 9, 9, 9, 10, 10, 10, 10, 11, 11, 11, 11, 11, 11, 11, 11, 11, 11, 11, 11, 11, 11, 11, 11, 11, 11, 11, 11, 12, 12, 12, 12, 13, 13, 13, 13, 14, 14, 14, 14, 15, 15, 15, 15, 16, 16, 16, 16, 17, 17, 17, 17, 18, 18, 18, 18], "b_eggs_laid": [0, 1, 1, 1, 1, 2, 2, 2, 2, 3, 3, 3, 3, 4, 4, 4, 4, 4, 4, 4, 4, 4, 4, 4, 4, 5, 5, 5, 5, 5, 5, 5, 5, 6, 6, 6, 6, 7, 7, 7, 7, 8, 8, 8, 8, 9, 9, 9, 9, 10, 10, 10, 10, 11, 11, 11, 11, 12, 12, 12, 12, 12, 12, 12, 12, 12, 12, 12, 12, 13, 13, 13, 13, 14, 14, 14, 14, 14, 14, 14], "a_turds_left": [5, 5, 5, 5, 5, 5, 5, 5, 5, 5, 5, 5, 5, 5, 5, 5, 5, 5, 5, 5, 5, 5, 5, 5, 5, 5, 5, 5, 5, 5, 5, 5, 5, 5, 5, 5, 5, 5, 5, 5, 5, 5, 5, 5, 5, 5, 5, 5, 5, 5, 5, 5, 5, 5, 5, 5, 5, 5, 5, 5, 5, 5, 5, 5, 5, 5, 5, 5, 5, 5, 5, 5, 5, 5, 5, 5, 5, 5, 5, 5], "b_turds_left": [5, 5, 5, 4, 4, 4, 4, 3, 3, 3, 3, 2, 2, 2, 2, 1, 1, 1, 1, 1, 1, 1, 1, 0, 0, 0, 0, 0, 0, 0, 0, 0, 0, 0, 0, 0, 0, 0, 0, 0, 0, 0, 0, 0, 0, 0, 0, 0, 0, 0, 0, 0, 0, 0, 0, 0, 0, 0, 0, 0, 0, 0, 0, 0, 0, 0, 0, 0, 0, 0, 0, 0, 0, 0, 0, 0, 0, 0, 0, 0], "a_time_left": [359.9962039589882, 359.9962039589882, 359.994384834019, 359.994384834019, 359.9911199590424, 359.9911199590424, 359.9902930420358, 359.9902930420358, 359.98852341703605, 359.98852341703605, 359.9877070010407, 359.9877070010407, 359.9867040840909, 359.9867040840909, 359.986386251112, 359.986386251112, 359.986197126098, 359.986197126098, 359.98607183410786, 359.98607183410786, 359.98593520908616, 359.98593520908616, 359.9858370011207, 359.9858370011207, 359.9857357921428, 359.9857357921428, 359.9856322501437, 359.9856322501437, 359.9855246251682, 359.9855246251682, 359.9854240421555, 359.9854240421555, 359.9853290421888, 359.9853290421888, 359.98523825017037, 359.98523825017037, 359.98513733316213, 359.98513733316213, 359.98502683313563, 359.98502683313563, 359.9849337080959, 359.9849337080959, 359.9848356251023, 359.9848356251023, 359.98474783310667, 359.98474783310667, 359.9846393331536, 359.9846393331536, 359.98453712515766, 359.98453712515766, 359.98442562518176, 359.98442562518176, 359.98431966715725, 359.98431966715725, 359.98420766711934, 359.98420766711934, 359.9841104171355, 359.9841104171355, 359.98400695913006, 359.98400695913006, 359.9839098760858, 359.9839098760858, 359.9838140430511, 359.9838140430511, 359.9837122100871, 359.9837122100871, 359.9836089601158, 359.9836089601158, 359.98349604412215, 359.98349604412215, 359.9833910440793, 359.9833910440793, 359.98328200209653, 359.98328200209653, 359.9831852521165, 359.9831852521165, 359.98308758606436, 359.98308758606436, 359.98298012802843, 359.98298012802843], "b_time_left": [360, 359.99675483303145, 359.99675483303145, 359.9949634160148, 359.9949634160148, 359.9927256660303, 359.9927256660303, 359.9910121660214, 359.9910121660214, 359.9887253739871, 359.9887253739871, 359.98715291603, 359.98715291603, 359.98505641601514, 359.98505641601514, 359.98356133297784, 359.98356133297784, 359.98285033297725, 359.98285033297725, 359.9825182079803, 359.9825182079803, 359.9822367079323, 359.9822367079323, 359.98183804092696, 359.98183804092696, 359.98151641589357, 359.98151641589357, 359.9812644579215, 359.9812644579215, 359.98111029091524, 359.98111029091524, 359.9808811249095, 359.9808811249095, 359.9805079589132, 359.9805079589132, 359.9802870839485, 359.9802870839485, 359.97992612590315, 359.97992612590315, 359.9798589179409, 359.9798589179409, 359.9797731679282, 359.9797731679282, 359.9797116679256, 359.9797116679256, 359.97962450195337, 359.97962450195337, 359.97955937695224, 359.97955937695224, 359.97948058496695, 359.97948058496695, 359.9794221270131, 359.9794221270131, 359.9793440020294, 359.9793440020294, 359.97929000202566, 359.97929000202566, 359.9792137100594, 359.9792137100594, 359.9791595850256, 359.9791595850256, 359.9791021270794, 359.9791021270794, 359.97904921113513, 359.97904921113513, 359.9789927941165, 359.9789927941165, 359.97893896116875, 359.97893896116875, 359.9788592531695, 359.9788592531695, 359.9788113781833, 359.9788113781833, 359.97874308616156, 359.97874308616156, 359.97868525318336, 359.97868525318336, 359.97862400318263, 359.97862400318263, 359.9785733362078], "a_moves_left": [39, 39, 38, 38, 37, 37, 36, 36, 35, 35, 34, 34, 33, 33, 32, 32, 31, 31, 30, 30, 29, 29, 28, 28, 27, 27, 26, 26, 25, 25, 24, 24, 23, 23, 22, 22, 21, 21, 20, 20, 19, 19, 18, 18, 17, 17, 16, 16, 15, 15, 14, 14, 13, 13, 12, 12, 11, 11, 10, 10, 9, 9, 8, 8, 7, 7, 6, 6, 5, 5, 4, 4, 3, 3, 2, 2, 1, 1, 0, 0], "b_moves_left": [40, 39, 39, 38, 38, 37, 37, 36, 36, 35, 35, 34, 34, 33, 33, 32, 32, 31, 31, 30, 30, 29, 29, 28, 28, 27, 27, 26, 26, 25, 25, 24, 24, 23, 23, 22, 22, 21, 21, 20, 20, 19, 19, 18, 18, 17, 17, 16, 16, 15, 15, 14, 14, 13, 13, 12, 12, 11, 11, 10, 10, 9, 9, 8, 8, 7, 7, 6, 6, 5, 5, 4, 4, 3, 3, 2, 2, 1, 1, 0], "trapdoor_triggered": [0, 0, 0, 0, 0, 0, 0, 0, 0, 0, 0, 0, 0, 0, 0, 0, 0, 0, 0, 0, 0, 0, 0, 0, 0, 0, 0, 0, 0, 0, 0, 0, 0, 0, 0, 0, 0, 0, 0, 0, 0, 0, 0, 0, 0, 0, 0, 0, 0, 0, 0, 0, 0, 0, 0, 0, 0, 0, 0, 0, 0, 0, 0, 0, 0, 0, 0, 0, 0, 0, 0, 0, 0, 0, 0, 0, 0, 0, 0, 0], "left_behind": ["egg", "egg", "plain", "turd", "egg", "egg", "plain", "turd", "egg", "egg", "plain", "turd", "egg", "egg", "plain", "turd", "egg", "plain", "plain", "plain", "egg", "plain", "plain", "turd", "egg", "egg", "plain", "plain", "egg", "plain", "plain", "plain", "egg", "egg", "plain", "plain", "plain", "egg", "plain", "plain", "plain", "egg", "plain", "plain", "plain", "egg", "plain", "plain", "plain", "egg", "plain", "plain", "egg", "egg", "plain", "plain", "egg", "egg", "plain", "plain", "egg", "plain", "plain", "plain", "egg", "plain", "plain", "plain", "egg", "egg", "plain", "plain", "egg", "egg", "plain", "plain", "egg", "plain", "plain", "plain"], "errlog_a": "", "errlog_b": "", "start_time": 360, "start_moves": 40, "turn_count": 80, "result": 0, "reason": "EGGS_LAID", "trapdoors": [[2, 4], [4, 5]], "spawn_a": [0, 2], "spawn_b": [7, 2]}