{"pos": [[6, 1], [1, 1], [5, 1], [2, 1], [5, 0], [3, 1], [4, 0], [3, 2], [5, 0], [3, 3], [6, 0], [3, 2], [7, 0], [4, 2], [6, 0], [5, 2], [6, 1], [5, 3], [6, 2], [5, 4], [7, 2], [5, 5], [7, 3], [6, 5], [7, 4], [6, 6], [6, 4], [5, 6], [7, 4], [4, 6], [7, 5], [4, 7], [7, 6], [5, 7], [6, 6], [4, 7], [6, 7], [3, 7], [5, 7], [3, 6], [6, 7], [3, 5], [7, 7], [2, 5], [7, 6], [2, 4], [6, 6], [2, 3], [7, 6], [1, 3], [7, 5], [1, 2], [7, 4], [0, 2], [6, 4], [0, 3], [7, 4], [0, 4], [7, 3], [1, 4], [7, 2], [1, 5], [6, 2], [1, 6], [6, 1], [2, 6], [5, 1], [2, 7], [5, 0], [1, 7], [4, 0], [0, 7], [5, 0], [0, 6], [5, 1], [0, 5], [6, 1], [0, 4], [7, 1], [0, 3]], "a_eggs_laid": [1, 1, 1, 1, 2, 2, 2, 2, 3, 3, 3, 3, 4, 4, 4, 4, 4, 4, 4, 4, 5, 5, 5, 5, 6, 6, 6, 6, 7, 7, 7, 7, 8, 8, 8, 8, 9, 9, 9, 9, 10, 10, 10, 10, 13, 13, 13, 13, 13, 13, 13, 13, 13, 13, 13, 13, 13, 13, 13, 13, 13, 13, 13, 13, 13, 13, 13, 13, 13, 13, 13, 13, 13, 13, 13, 13, 13, 13, 13, 13], "b_eggs_laid": [0, 1, 1, 1, 1, 2, 2, 2, 2, 3, 3, 3, 3, 3, 3, 3, 3, 4, 4, 4, 4, 5, 5, 5, 5, 6, 6, 6, 6, 7, 7, 7, 7, 8, 8, 8, 8, 8, 8, 8, 8, 9, 9, 9, 9, 10, 10, 10, 10, 11, 11, 11, 11, 12, 12, 12, 12, 13, 13, 13, 13, 14, 14, 14, 14, 15, 15, 15, 15, 16, 16, 16, 16, 19, 19, 19, 19, 20, 20, 20], "a_turds_left": [5, 5, 5, 5, 5, 5, 5, 5, 5, 5, 5, 5, 5, 5, 5, 5, 5, 5, 5, 5, 5, 5, 5, 5, 5, 5, 5, 5, 5, 5, 5, 5, 5, 5, 5, 5, 5, 5, 5, 5, 5, 5, 5, 5, 5, 5, 5, 5, 5, 5, 5, 5, 5, 5, 5, 5, 5, 5, 5, 5, 5, 5, 5, 5, 5, 5, 5, 5, 5, 5, 5, 5, 5, 5, 5, 5, 5, 5, 5, 5], "b_turds_left": [5, 5, 5, 4, 4, 4, 4, 3, 3, 3, 3, 2, 2, 2, 2, 1, 1, 1, 1, 0, 0, 0, 0, 0, 0, 0, 0, 0, 0, 0, 0, 0, 0, 0, 0, 0, 0, 0, 0, 0, 0, 0, 0, 0, 0, 0, 0, 0, 0, 0, 0, 0, 0, 0, 0, 0, 0, 0, 0, 0, 0, 0, 0, 0, 0, 0, 0, 0, 0, 0, 0, 0, 0, 0, 0, 0, 0, 0, 0, 0], "a_time_left": [359.99631733301794, 359.99631733301794, 359.99444941600086, 359.99444941600086, 359.99118574900785, 359.99118574900785, 359.98990066500846, 359.98990066500846, 359.9888632900547, 359.9888632900547, 359.9885278310394, 359.9885278310394, 359.9875505400705, 359.9875505400705, 359.98742604005383, 359.98742604005383, 359.9872172900941, 359.9872172900941, 359.98639320605434, 359.98639320605434, 359.9860820810427, 359.9860820810427, 359.985778040078, 359.985778040078, 359.9856536650914, 359.9856536650914, 359.985548498109, 359.985548498109, 359.98545679007657, 359.98545679007657, 359.9853506651125, 359.9853506651125, 359.985252290091, 359.985252290091, 359.9851344570634, 359.9851344570634, 359.98503420705674, 359.98503420705674, 359.98493004002376, 359.98493004002376, 359.98484270699555, 359.98484270699555, 359.98473966598976, 359.98473966598976, 359.9846368320286, 359.9846368320286, 359.9845347899827, 359.9845347899827, 359.98444870696403, 359.98444870696403, 359.98434958193684, 359.98434958193684, 359.9842624569428, 359.9842624569428, 359.9841651659808, 359.9841651659808, 359.9840778320213, 359.9840778320213, 359.9839779570466, 359.9839779570466, 359.98388908203924, 359.98388908203924, 359.98378804005915, 359.98378804005915, 359.98369370703585, 359.98369370703585, 359.9835811240482, 359.9835811240482, 359.9834925830364, 359.9834925830364, 359.98339154204587, 359.98339154204587, 359.9833072500187, 359.9833072500187, 359.9831967910286, 359.9831967910286, 359.9831075410475, 359.9831075410475, 359.98299716605106, 359.98299716605106], "b_time_left": [360, 359.9964040420018, 359.9964040420018, 359.99474529200234, 359.99474529200234, 359.99260608298937, 359.99260608298937, 359.991075332975, 359.991075332975, 359.9889531239751, 359.9889531239751, 359.98832254100125, 359.98832254100125, 359.98803200002294, 359.98803200002294, 359.98750358400866, 359.98750358400866, 359.9862680839724, 359.9862680839724, 359.9850629589637, 359.9850629589637, 359.9835511679412, 359.9835511679412, 359.98328458389733, 359.98328458389733, 359.9829167498974, 359.9829167498974, 359.9827082909178, 359.9827082909178, 359.98232049890794, 359.98232049890794, 359.9822620408959, 359.9822620408959, 359.9821832488524, 359.9821832488524, 359.98212008184055, 359.98212008184055, 359.98205795680406, 359.98205795680406, 359.9819981238106, 359.9819981238106, 359.98188958282117, 359.98188958282117, 359.9818306248053, 359.9818306248053, 359.98174441681476, 359.98174441681476, 359.9816758327652, 359.9816758327652, 359.9815946247545, 359.9815946247545, 359.9815406667767, 359.9815406667767, 359.9814652088098, 359.9814652088098, 359.9814109997824, 359.9814109997824, 359.9813357088133, 359.9813357088133, 359.9812804167741, 359.9812804167741, 359.98120291676605, 359.98120291676605, 359.9811504587997, 359.9811504587997, 359.98107175080804, 359.98107175080804, 359.98101558478083, 359.98101558478083, 359.9809499597759, 359.9809499597759, 359.98089679377154, 359.98089679377154, 359.98083975276677, 359.98083975276677, 359.9807864187751, 359.9807864187751, 359.980714376783, 359.980714376783, 359.9806631268002], "a_moves_left": [39, 39, 38, 38, 37, 37, 36, 36, 35, 35, 34, 34, 33, 33, 32, 32, 31, 31, 30, 30, 29, 29, 28, 28, 27, 27, 26, 26, 25, 25, 24, 24, 23, 23, 22, 22, 21, 21, 20, 20, 19, 19, 18, 18, 17, 17, 16, 16, 15, 15, 14, 14, 13, 13, 12, 12, 11, 11, 10, 10, 9, 9, 8, 8, 7, 7, 6, 6, 5, 5, 4, 4, 3, 3, 2, 2, 1, 1, 0, 0], "b_moves_left": [40, 39, 39, 38, 38, 37, 37, 36, 36, 35, 35, 34, 34, 33, 33, 32, 32, 31, 31, 30, 30, 29, 29, 28, 28, 27, 27, 26, 26, 25, 25, 24, 24, 23, 23, 22, 22, 21, 21, 20, 20, 19, 19, 18, 18, 17, 17, 16, 16, 15, 15, 14, 14, 13, 13, 12, 12, 11, 11, 10, 10, 9, 9, 8, 8, 7, 7, 6, 6, 5, 5, 4, 4, 3, 3, 2, 2, 1, 1, 0], "trapdoor_triggered": [0, 0, 0, 0, 0, 0, 0, 0, 0, 0, 0, 0, 0, 0, 0, 0, 0, 0, 0, 0, 0, 0, 0, 0, 0, 0, 0, 0, 0, 0, 0, 0, 0, 0, 0, 0, 0, 0, 0, 0, 0, 0, 0, 0, 0, 0, 0, 0, 0, 0, 0, 0, 0, 0, 0, 0, 0, 0, 0, 0, 0, 0, 0, 0, 0, 0, 0, 0, 0, 0, 0, 0, 0, 0, 0, 0, 0, 0, 0, 0], "left_behind": ["egg", "egg", "plain", "turd", "egg", "egg", "plain", "turd", "egg", "egg", "plain", "turd", "egg", "plain", "plain", "turd", "plain", "egg", "plain", "turd", "egg", "egg", "plain", "plain", "egg", "egg", "plain", "plain", "egg", "egg", "plain", "plain", "egg", "egg", "plain", "plain", "egg", "plain", "plain", "plain", "egg", "egg", "plain", "plain", "egg", "egg", "plain", "plain", "plain", "egg", "plain", "plain", "plain", "egg", "plain", "plain", "plain", "egg", "plain", "plain", "plain", "egg", "plain", "plain", "plain", "egg", "plain", "plain", "plain", "egg", "plain", "plain", "plain", "egg", "plain", "plain", "plain", "egg", "plain", "plain"], "errlog_a": "", "errlog_b": "", "start_time": 360, "start_moves": 40, "turn_count": 80, "result": 1, "reason": "EGGS_LAID", "trapdoors": [[2, 2], [3, 4]], "spawn_a": [7, 1], "spawn_b": [0, 1]}