{"pos": [[1, 4], [6, 4], [1, 3], [6, 3], [0, 3], [6, 2], [1, 3], [6, 1], [1, 2], [5, 1], [1, 1], [4, 1], [2, 1], [3, 1], [2, 0], [2, 1], [1, 0], [3, 1], [0, 0], [3, 0], [0, 1], [4, 0], [0, 2], [5, 0], [1, 2], [6, 0], [0, 2], [7, 0], [0, 3], [7, 1], [0, 4], [7, 2], [0, 5], [7, 3], [1, 5], [6, 3], [1, 4], [5, 3], [2, 4], [5, 2], [2, 3], [4, 2], [3, 3], [3, 2], [4, 3], [4, 2], [5, 3], [4, 3], [5, 4], [4, 4], [6, 4], [5, 4], [6, 5], [5, 5], [6, 6], [5, 4], [5, 6], [5, 5], [4, 6], [6, 5], [4, 5], [7, 5], [5, 5], [7, 6], [5, 6], [7, 7], [5, 7], [6, 7], [4, 7], [7, 7], [3, 7], [7, 6], [3, 6], [7, 5], [3, 5], [6, 5], [2, 5], [7, 5], [2, 6], [7, 4]], "a_eggs_laid": [1, 1, 1, 1, 2, 2, 2, 2, 2, 2, 2, 2, 3, 3, 3, 3, 4, 4, 4, 4, 7, 7, 7, 7, 8, 8, 8, 8, 8, 8, 8, 8, 8, 8, 8, 8, 9, 9, 9, 9, 10, 10, 10, 10, 11, 11, 11, 11, 12, 12, 12, 12, 13, 13, 13, 13, 14, 14, 14, 14, 15, 15, 15, 15, 16, 16, 16, 16, 17, 17, 17, 17, 18, 18, 18, 18, 19, 19, 19, 19], "b_eggs_laid": [0, 1, 1, 1, 1, 2, 2, 2, 2, 3, 3, 3, 3, 4, 4, 4, 4, 5, 5, 5, 5, 6, 6, 6, 6, 7, 7, 7, 7, 10, 10, 10, 10, 11, 11, 11, 11, 11, 11, 11, 11, 12, 12, 12, 12, 13, 13, 13, 13, 14, 14, 14, 14, 15, 15, 15, 15, 15, 15, 15, 15, 16, 16, 16, 16, 17, 17, 17, 17, 18, 18, 18, 18, 18, 18, 18, 18, 18, 18, 18], "a_turds_left": [5, 5, 5, 5, 5, 5, 5, 5, 5, 5, 5, 5, 5, 5, 5, 5, 5, 5, 5, 5, 5, 5, 5, 5, 5, 5, 5, 5, 5, 5, 5, 5, 5, 5, 5, 5, 5, 5, 5, 5, 5, 5, 5, 5, 5, 5, 5, 5, 5, 5, 5, 5, 5, 5, 5, 5, 5, 5, 5, 5, 5, 5, 5, 5, 5, 5, 5, 5, 5, 5, 5, 5, 5, 5, 5, 5, 5, 5, 5, 5], "b_turds_left": [5, 5, 5, 5, 5, 5, 5, 5, 5, 5, 5, 5, 5, 5, 5, 5, 5, 5, 5, 5, 5, 5, 5, 5, 5, 5, 5, 5, 5, 5, 5, 5, 5, 5, 5, 5, 5, 5, 5, 5, 5, 5, 5, 5, 5, 5, 5, 5, 5, 5, 5, 5, 5, 5, 5, 5, 5, 5, 5, 5, 5, 5, 5, 5, 5, 5, 5, 5, 5, 5, 5, 5, 5, 5, 5, 5, 5, 5, 5, 5], "a_time_left": [359.99617470800877, 359.99617470800877, 359.9944338329951, 359.9944338329951, 359.99110462499084, 359.99110462499084, 359.9903734580148, 359.9903734580148, 359.9891458330094, 359.9891458330094, 359.98732945800293, 359.98732945800293, 359.98396537505323, 359.98396537505323, 359.9832136250916, 359.9832136250916, 359.9829968751292, 359.9829968751292, 359.9827467921423, 359.9827467921423, 359.9825127921067, 359.9825127921067, 359.9822830011253, 359.9822830011253, 359.982012043125, 359.982012043125, 359.9818429601146, 359.9818429601146, 359.98160879313946, 359.98160879313946, 359.98149704310345, 359.98149704310345, 359.98140570911346, 359.98140570911346, 359.9813103341148, 359.9813103341148, 359.9811959171202, 359.9811959171202, 359.9810824590968, 359.9810824590968, 359.9809456250514, 359.9809456250514, 359.9808335410198, 359.9808335410198, 359.98073154099984, 359.98073154099984, 359.98065845802194, 359.98065845802194, 359.9806010000175, 359.9806010000175, 359.98053950001486, 359.98053950001486, 359.98048429202754, 359.98048429202754, 359.98042645904934, 359.98042645904934, 359.98033304204, 359.98033304204, 359.9802662500297, 359.9802662500297, 359.9801695830538, 359.9801695830538, 359.9800907080644, 359.9800907080644, 359.9800099171116, 359.9800099171116, 359.9799226670875, 359.9799226670875, 359.97986112505896, 359.97986112505896, 359.97978716605576, 359.97978716605576, 359.97970587405143, 359.97970587405143, 359.97962349903537, 359.97962349903537, 359.9795298320241, 359.9795298320241, 359.97945049899863, 359.97945049899863], "b_time_left": [360, 359.9996691669803, 359.9996691669803, 359.9993665009388, 359.9993665009388, 359.9989858349436, 359.9989858349436, 359.99869850097457, 359.99869850097457, 359.9983384590014, 359.9983384590014, 359.99797904200386, 359.99797904200386, 359.9978020419949, 359.9978020419949, 359.99743387498893, 359.99743387498893, 359.99718850001227, 359.99718850001227, 359.9970055830199, 359.9970055830199, 359.99676162505057, 359.99676162505057, 359.9966569170356, 359.9966569170356, 359.9963828760083, 359.9963828760083, 359.99610275099985, 359.99610275099985, 359.9960029179929, 359.9960029179929, 359.99591458501527, 359.99591458501527, 359.99579483497655, 359.99579483497655, 359.99570604303153, 359.99570604303153, 359.99560616805684, 359.99560616805684, 359.99546929303324, 359.99546929303324, 359.99528646003455, 359.99528646003455, 359.99494929402135, 359.99494929402135, 359.9948243360268, 359.9948243360268, 359.9947252109996, 359.9947252109996, 359.9946376280277, 359.9946376280277, 359.9945459200535, 359.9945459200535, 359.9944597950089, 359.9944597950089, 359.9943694199901, 359.9943694199901, 359.99430958594894, 359.99430958594894, 359.9942214609473, 359.9942214609473, 359.99414475198137, 359.99414475198137, 359.9940727520152, 359.9940727520152, 359.9940025850083, 359.9940025850083, 359.9939343769802, 359.9939343769802, 359.9938746269909, 359.9938746269909, 359.99381421, 359.99381421, 359.9937487100251, 359.9937487100251, 359.9936771260109, 359.9936771260109, 359.9936212930479, 359.9936212930479, 359.99354471004335], "a_moves_left": [39, 39, 38, 38, 37, 37, 36, 36, 35, 35, 34, 34, 33, 33, 32, 32, 31, 31, 30, 30, 29, 29, 28, 28, 27, 27, 26, 26, 25, 25, 24, 24, 23, 23, 22, 22, 21, 21, 20, 20, 19, 19, 18, 18, 17, 17, 16, 16, 15, 15, 14, 14, 13, 13, 12, 12, 11, 11, 10, 10, 9, 9, 8, 8, 7, 7, 6, 6, 5, 5, 4, 4, 3, 3, 2, 2, 1, 1, 0, 0], "b_moves_left": [40, 39, 39, 38, 38, 37, 37, 36, 36, 35, 35, 34, 34, 33, 33, 32, 32, 31, 31, 30, 30, 29, 29, 28, 28, 27, 27, 26, 26, 25, 25, 24, 24, 23, 23, 22, 22, 21, 21, 20, 20, 19, 19, 18, 18, 17, 17, 16, 16, 15, 15, 14, 14, 13, 13, 12, 12, 11, 11, 10, 10, 9, 9, 8, 8, 7, 7, 6, 6, 5, 5, 4, 4, 3, 3, 2, 2, 1, 1, 0], "trapdoor_triggered": [0, 0, 0, 0, 0, 0, 0, 0, 0, 0, 0, 0, 0, 0, 0, 0, 0, 0, 0, 0, 0, 0, 0, 0, 0, 0, 0, 0, 0, 0, 0, 0, 0, 0, 0, 0, 0, 0, 0, 0, 0, 0, 0, 0, 0, 0, 0, 0, 0, 0, 0, 0, 0, 0, 0, 0, 0, 0, 0, 0, 0, 0, 0, 0, 0, 0, 0, 0, 0, 0, 0, 0, 0, 0, 0, 0, 0, 0, 0, 0], "left_behind": ["egg", "egg", "plain", "plain", "egg", "egg", "plain", "plain", "plain", "egg", "plain", "plain", "egg", "egg", "plain", "plain", "egg", "egg", "plain", "plain", "egg", "egg", "plain", "plain", "egg", "egg", "plain", "plain", "plain", "egg", "plain", "plain", "plain", "egg", "plain", "plain", "egg", "plain", "plain", "plain", "egg", "egg", "plain", "plain", "egg", "egg", "plain", "plain", "egg", "egg", "plain", "plain", "egg", "egg", "plain", "plain", "egg", "plain", "plain", "plain", "egg", "egg", "plain", "plain", "egg", "egg", "plain", "plain", "egg", "egg", "plain", "plain", "egg", "plain", "plain", "plain", "egg", "plain", "plain", "plain"], "errlog_a": "", "errlog_b": "", "start_time": 360, "start_moves": 40, "turn_count": 80, "result": 0, "reason": "EGGS_LAID", "trapdoors": [[2, 2], [3, 4]], "spawn_a": [0, 4], "spawn_b": [7, 4]}