{"pos": [[1, 6], [6, 6], [2, 6], [6, 5], [2, 7], [6, 4], [1, 7], [6, 3], [0, 7], [6, 2], [1, 7], [6, 1], [1, 6], [5, 1], [1, 5], [4, 1], [0, 5], [3, 1], [0, 4], [2, 1], [1, 4], [1, 1], [1, 3], [1, 2], [0, 3], [0, 2], [1, 3], [0, 1], [2, 3], [0, 0], [2, 4], [1, 0], [2, 5], [1, 1], [3, 5], [2, 1], [2, 5], [3, 1], [2, 4], [3, 0], [2, 3], [2, 0], [2, 2], [1, 0], [3, 2], [0, 0], [3, 3], [0, 1], [4, 3], [0, 2], [3, 3], [0, 3], [3, 2], [0, 2], [3, 1], [1, 2], [3, 2], [1, 1], [3, 1], [2, 1], [3, 2], [2, 0], [2, 2], [3, 0], [2, 3], [4, 0], [2, 2], [5, 0], [2, 3], [6, 0], [3, 3], [7, 0], [4, 3], [7, 1], [5, 3], [7, 2], [5, 2], [7, 3], [6, 2], [7, 4]], "a_eggs_laid": [1, 1, 1, 1, 2, 2, 2, 2, 3, 3, 3, 3, 3, 3, 3, 3, 4, 4, 4, 4, 5, 5, 5, 5, 6, 6, 6, 6, 6, 6, 6, 6, 7, 7, 7, 7, 8, 8, 8, 8, 8, 8, 8, 8, 9, 9, 9, 9, 10, 10, 10, 10, 10, 10, 10, 10, 11, 11, 11, 11, 11, 11, 11, 11, 11, 11, 11, 11, 11, 11, 11, 11, 11, 11, 11, 11, 12, 12, 12, 12], "b_eggs_laid": [0, 1, 1, 1, 1, 2, 2, 2, 2, 3, 3, 3, 3, 4, 4, 4, 4, 5, 5, 5, 5, 6, 6, 6, 6, 7, 7, 7, 7, 8, 8, 8, 8, 9, 9, 9, 9, 9, 9, 9, 9, 10, 10, 10, 10, 10, 10, 10, 10, 10, 10, 10, 10, 11, 11, 11, 11, 11, 11, 11, 11, 11, 11, 11, 11, 11, 11, 11, 11, 12, 12, 12, 12, 15, 15, 15, 15, 16, 16, 16], "a_turds_left": [5, 5, 5, 5, 5, 5, 5, 5, 5, 5, 5, 5, 5, 5, 5, 5, 5, 5, 5, 5, 5, 5, 5, 5, 5, 5, 5, 5, 5, 5, 5, 5, 5, 5, 5, 5, 5, 5, 5, 5, 5, 5, 5, 5, 5, 5, 5, 5, 5, 5, 5, 5, 5, 5, 5, 5, 5, 5, 5, 5, 5, 5, 5, 5, 5, 5, 5, 5, 5, 5, 5, 5, 5, 5, 5, 5, 5, 5, 5, 5], "b_turds_left": [5, 5, 5, 5, 5, 5, 5, 5, 5, 5, 5, 5, 5, 5, 5, 5, 5, 5, 5, 5, 5, 5, 5, 5, 5, 5, 5, 5, 5, 5, 5, 5, 5, 5, 5, 5, 5, 5, 5, 5, 5, 5, 5, 5, 5, 5, 5, 5, 5, 5, 5, 5, 5, 5, 5, 5, 5, 5, 5, 5, 5, 5, 5, 5, 5, 5, 5, 5, 5, 5, 5, 5, 5, 5, 5, 5, 5, 5, 5, 5], "a_time_left": [359.9962622500025, 359.9962622500025, 359.99447524995776, 359.99447524995776, 359.9911915829871, 359.9911915829871, 359.98996924899984, 359.98996924899984, 359.9875625820132, 359.9875625820132, 359.98727108200546, 359.98727108200546, 359.986494081968, 359.986494081968, 359.98566158191534, 359.98566158191534, 359.98252824891824, 359.98252824891824, 359.98221654089866, 359.98221654089866, 359.9818623329047, 359.9818623329047, 359.9815437908983, 359.9815437908983, 359.9814071659348, 359.9814071659348, 359.9811662079301, 359.9811662079301, 359.98089579091175, 359.98089579091175, 359.98075645789504, 359.98075645789504, 359.9806248329114, 359.9806248329114, 359.9805052918964, 359.9805052918964, 359.9803891669144, 359.9803891669144, 359.9802846259554, 359.9802846259554, 359.98018058395246, 359.98018058395246, 359.9800883339485, 359.9800883339485, 359.98000037600286, 359.98000037600286, 359.9799053760362, 359.9799053760362, 359.9797912930371, 359.9797912930371, 359.9796997930389, 359.9796997930389, 359.97962571005337, 359.97962571005337, 359.9795469600358, 359.9795469600358, 359.9794876270462, 359.9794876270462, 359.9794104610337, 359.9794104610337, 359.9793594610528, 359.9793594610528, 359.979280127096, 359.979280127096, 359.97922025207663, 359.97922025207663, 359.97913983510807, 359.97913983510807, 359.97908246010775, 359.97908246010775, 359.9790054601035, 359.9790054601035, 359.9789343351149, 359.9789343351149, 359.9788552101236, 359.9788552101236, 359.97876875213115, 359.97876875213115, 359.9786848361837, 359.9786848361837], "b_time_left": [360, 359.99967816699063, 359.99967816699063, 359.99937375000445, 359.99937375000445, 359.99899929203093, 359.99899929203093, 359.99870670901146, 359.99870670901146, 359.99832554202294, 359.99832554202294, 359.998029667011, 359.998029667011, 359.99767916696146, 359.99767916696146, 359.997383082984, 359.997383082984, 359.9969436249812, 359.9969436249812, 359.99662766599795, 359.99662766599795, 359.99628808302805, 359.99628808302805, 359.99599762499565, 359.99599762499565, 359.9957157919998, 359.9957157919998, 359.99545470799785, 359.99545470799785, 359.9953247910016, 359.9953247910016, 359.9952383739874, 359.9952383739874, 359.9951297910302, 359.9951297910302, 359.9950197500293, 359.9950197500293, 359.9949201249983, 359.9949201249983, 359.9948175000027, 359.9948175000027, 359.9947118330165, 359.9947118330165, 359.99462520802626, 359.99462520802626, 359.9945417920244, 359.9945417920244, 359.994462709059, 359.994462709059, 359.994371042063, 359.994371042063, 359.9942852091044, 359.9942852091044, 359.99421083409106, 359.99421083409106, 359.99411916703684, 359.99411916703684, 359.99404308304656, 359.99404308304656, 359.99395045806887, 359.99395045806887, 359.9938709170674, 359.9938709170674, 359.9937787500676, 359.9937787500676, 359.99370495806215, 359.99370495806215, 359.9936160000507, 359.9936160000507, 359.9935127920471, 359.9935127920471, 359.9934212920489, 359.9934212920489, 359.99333225004375, 359.99333225004375, 359.9932470000349, 359.9932470000349, 359.9931519580423, 359.9931519580423, 359.9930681240512], "a_moves_left": [39, 39, 38, 38, 37, 37, 36, 36, 35, 35, 34, 34, 33, 33, 32, 32, 31, 31, 30, 30, 29, 29, 28, 28, 27, 27, 26, 26, 25, 25, 24, 24, 23, 23, 22, 22, 21, 21, 20, 20, 19, 19, 18, 18, 17, 17, 16, 16, 15, 15, 14, 14, 13, 13, 12, 12, 11, 11, 10, 10, 9, 9, 8, 8, 7, 7, 6, 6, 5, 5, 4, 4, 3, 3, 2, 2, 1, 1, 0, 0], "b_moves_left": [40, 39, 39, 38, 38, 37, 37, 36, 36, 35, 35, 34, 34, 33, 33, 32, 32, 31, 31, 30, 30, 29, 29, 28, 28, 27, 27, 26, 26, 25, 25, 24, 24, 23, 23, 22, 22, 21, 21, 20, 20, 19, 19, 18, 18, 17, 17, 16, 16, 15, 15, 14, 14, 13, 13, 12, 12, 11, 11, 10, 10, 9, 9, 8, 8, 7, 7, 6, 6, 5, 5, 4, 4, 3, 3, 2, 2, 1, 1, 0], "trapdoor_triggered": [0, 0, 0, 0, 0, 0, 0, 0, 0, 0, 0, 0, 0, 0, 0, 0, 0, 0, 0, 0, 0, 0, 0, 0, 0, 0, 0, 0, 0, 0, 0, 0, 0, 0, 0, 0, 0, 0, 0, 0, 0, 0, 0, 0, 0, 0, 0, 0, 0, 0, 0, 0, 0, 0, 0, 0, 0, 0, 0, 0, 0, 0, 0, 0, 0, 0, 0, 0, 0, 0, 0, 0, 0, 0, 0, 0, 0, 0, 0, 0], "left_behind": ["egg", "egg", "plain", "plain", "egg", "egg", "plain", "plain", "egg", "egg", "plain", "plain", "plain", "egg", "plain", "plain", "egg", "egg", "plain", "plain", "egg", "egg", "plain", "plain", "egg", "egg", "plain", "plain", "plain", "egg", "plain", "plain", "egg", "egg", "plain", "plain", "egg", "plain", "plain", "plain", "plain", "egg", "plain", "plain", "egg", "plain", "plain", "plain", "egg", "plain", "plain", "plain", "plain", "egg", "plain", "plain", "egg", "plain", "plain", "plain", "plain", "plain", "plain", "plain", "plain", "plain", "plain", "plain", "plain", "egg", "plain", "plain", "plain", "egg", "plain", "plain", "egg", "egg", "plain", "plain"], "errlog_a": "", "errlog_b": "", "start_time": 360, "start_moves": 40, "turn_count": 80, "result": 1, "reason": "EGGS_LAID", "trapdoors": [[4, 2], [3, 4]], "spawn_a": [0, 6], "spawn_b": [7, 6]}