{"pos": [[6, 5], [1, 5], [6, 4], [1, 4], [7, 4], [2, 4], [7, 3], [1, 4], [6, 3], [1, 3], [6, 2], [1, 2], [7, 2], [2, 2], [7, 1], [3, 2], [6, 1], [3, 1], [5, 1], [3, 0], [5, 0], [4, 0], [6, 0], [4, 1], [7, 0], [3, 1], [7, 1], [2, 1], [6, 1], [2, 0], [6, 2], [1, 0], [5, 2], [1, 1], [5, 3], [0, 1], [5, 4], [0, 0], [5, 5], [1, 0], [5, 6], [2, 0], [6, 6], [3, 0], [7, 6], [4, 0], [7, 7], [5, 0], [6, 7], [4, 0], [5, 7], [5, 0], [4, 7], [4, 0], [4, 6], [4, 1], [3, 6], [3, 1], [3, 5], [3, 2], [4, 5], [3, 3], [4, 4], [4, 3], [5, 4], [3, 3], [5, 3], [3, 4], [5, 2], [2, 4], [5, 1], [3, 4], [5, 2], [3, 3], [5, 3], [4, 3], [6, 3], [3, 3], [6, 4], [4, 3]], "a_eggs_laid": [1, 1, 1, 1, 2, 2, 2, 2, 3, 3, 3, 3, 4, 4, 4, 4, 5, 5, 5, 5, 6, 6, 6, 6, 7, 7, 7, 7, 7, 7, 7, 7, 7, 7, 7, 7, 8, 8, 8, 8, 9, 9, 9, 9, 10, 10, 10, 10, 13, 13, 13, 13, 14, 14, 14, 14, 15, 15, 15, 15, 16, 16, 16, 16, 17, 17, 17, 17, 17, 17, 17, 17, 17, 17, 17, 17, 17, 17, 17, 17], "b_eggs_laid": [0, 1, 1, 1, 1, 2, 2, 2, 2, 2, 2, 2, 2, 3, 3, 3, 3, 4, 4, 4, 4, 5, 5, 5, 5, 6, 6, 6, 6, 7, 7, 7, 7, 8, 8, 8, 8, 9, 9, 9, 9, 9, 9, 9, 9, 9, 9, 9, 9, 10, 10, 10, 10, 10, 10, 10, 10, 10, 10, 10, 10, 10, 10, 10, 10, 11, 11, 11, 11, 12, 12, 12, 12, 12, 12, 12, 12, 12, 12, 12], "a_turds_left": [5, 5, 5, 5, 5, 5, 5, 5, 5, 5, 5, 5, 5, 5, 5, 5, 5, 5, 5, 5, 5, 5, 5, 5, 5, 5, 5, 5, 5, 5, 5, 5, 5, 5, 5, 5, 5, 5, 5, 5, 5, 5, 5, 5, 5, 5, 5, 5, 5, 5, 5, 5, 5, 5, 5, 5, 5, 5, 5, 5, 5, 5, 5, 5, 5, 5, 5, 5, 5, 5, 5, 5, 5, 5, 5, 5, 5, 5, 5, 5], "b_turds_left": [5, 5, 5, 4, 4, 4, 4, 3, 3, 3, 3, 2, 2, 2, 2, 1, 1, 1, 1, 0, 0, 0, 0, 0, 0, 0, 0, 0, 0, 0, 0, 0, 0, 0, 0, 0, 0, 0, 0, 0, 0, 0, 0, 0, 0, 0, 0, 0, 0, 0, 0, 0, 0, 0, 0, 0, 0, 0, 0, 0, 0, 0, 0, 0, 0, 0, 0, 0, 0, 0, 0, 0, 0, 0, 0, 0, 0, 0, 0, 0], "a_time_left": [359.9963403749862, 359.9963403749862, 359.9945443329634, 359.9945443329634, 359.99112041597255, 359.99112041597255, 359.9902481249883, 359.9902481249883, 359.9872463750071, 359.9872463750071, 359.98618525004713, 359.98618525004713, 359.98286254209233, 359.98286254209233, 359.9827255010605, 359.9827255010605, 359.98250150110107, 359.98250150110107, 359.98237804311793, 359.98237804311793, 359.9822546271607, 359.9822546271607, 359.98216587718343, 359.98216587718343, 359.9820545851835, 359.9820545851835, 359.9819744601846, 359.9819744601846, 359.98189516813727, 359.98189516813727, 359.9817955431063, 359.9817955431063, 359.9816875010729, 359.9816875010729, 359.9815868760925, 359.9815868760925, 359.98147404310293, 359.98147404310293, 359.98138241807465, 359.98138241807465, 359.98127191810636, 359.98127191810636, 359.98117129312595, 359.98117129312595, 359.98106046015164, 359.98106046015164, 359.98096154414816, 359.98096154414816, 359.9808743771282, 359.9808743771282, 359.98078621109016, 359.98078621109016, 359.9806859610835, 359.9806859610835, 359.9806015860522, 359.9806015860522, 359.98049600305967, 359.98049600305967, 359.9804032110842, 359.9804032110842, 359.9803198770969, 359.9803198770969, 359.9802345021162, 359.9802345021162, 359.98014754412, 359.98014754412, 359.9800657101441, 359.9800657101441, 359.9799923771643, 359.9799923771643, 359.9799117941875, 359.9799117941875, 359.9798484191997, 359.9798484191997, 359.97976508620195, 359.97976508620195, 359.9797004192369, 359.9797004192369, 359.979617919249, 359.979617919249], "b_time_left": [360, 359.997017665999, 359.997017665999, 359.99516674899496, 359.99516674899496, 359.99283274897607, 359.99283274897607, 359.99100479093613, 359.99100479093613, 359.9900767489453, 359.9900767489453, 359.98859829094727, 359.98859829094727, 359.9865395829547, 359.9865395829547, 359.9852204579511, 359.9852204579511, 359.98449949896894, 359.98449949896894, 359.9840369159938, 359.9840369159938, 359.983736041002, 359.983736041002, 359.9835602490348, 359.9835602490348, 359.9832992070005, 359.9832992070005, 359.98312970699044, 359.98312970699044, 359.9828997910372, 359.9828997910372, 359.98271108203335, 359.98271108203335, 359.98262112401426, 359.98262112401426, 359.98256062401924, 359.98256062401924, 359.9824889570009, 359.9824889570009, 359.98243779002223, 359.98243779002223, 359.98237928998424, 359.98237928998424, 359.98231666494394, 359.98231666494394, 359.9822529569501, 359.9822529569501, 359.98219095694367, 359.98219095694367, 359.98212749895174, 359.98212749895174, 359.982066789933, 359.982066789933, 359.9820157479262, 359.9820157479262, 359.98195870692143, 359.98195870692143, 359.9818954158691, 359.9818954158691, 359.981837498839, 359.981837498839, 359.9817670818302, 359.9817670818302, 359.98171108186943, 359.98171108186943, 359.98164820688544, 359.98164820688544, 359.9815885819262, 359.9815885819262, 359.9815233319532, 359.9815233319532, 359.98146558197914, 359.98146558197914, 359.98141270695487, 359.98141270695487, 359.98134991596453, 359.98134991596453, 359.981297790946, 359.981297790946, 359.98124108294724], "a_moves_left": [39, 39, 38, 38, 37, 37, 36, 36, 35, 35, 34, 34, 33, 33, 32, 32, 31, 31, 30, 30, 29, 29, 28, 28, 27, 27, 26, 26, 25, 25, 24, 24, 23, 23, 22, 22, 21, 21, 20, 20, 19, 19, 18, 18, 17, 17, 16, 16, 15, 15, 14, 14, 13, 13, 12, 12, 11, 11, 10, 10, 9, 9, 8, 8, 7, 7, 6, 6, 5, 5, 4, 4, 3, 3, 2, 2, 1, 1, 0, 0], "b_moves_left": [40, 39, 39, 38, 38, 37, 37, 36, 36, 35, 35, 34, 34, 33, 33, 32, 32, 31, 31, 30, 30, 29, 29, 28, 28, 27, 27, 26, 26, 25, 25, 24, 24, 23, 23, 22, 22, 21, 21, 20, 20, 19, 19, 18, 18, 17, 17, 16, 16, 15, 15, 14, 14, 13, 13, 12, 12, 11, 11, 10, 10, 9, 9, 8, 8, 7, 7, 6, 6, 5, 5, 4, 4, 3, 3, 2, 2, 1, 1, 0], "trapdoor_triggered": [0, 0, 0, 0, 0, 0, 0, 0, 0, 0, 0, 0, 0, 0, 0, 0, 0, 0, 0, 0, 0, 0, 0, 0, 0, 0, 0, 0, 0, 0, 0, 0, 0, 0, 0, 0, 0, 0, 0, 0, 0, 0, 0, 0, 0, 0, 0, 0, 0, 0, 0, 0, 0, 0, 0, 0, 0, 0, 0, 0, 0, 0, 0, 0, 0, 0, 0, 0, 0, 0, 0, 0, 0, 0, 0, 0, 0, 0, 0, 0], "left_behind": ["egg", "egg", "plain", "turd", "egg", "egg", "plain", "turd", "egg", "plain", "plain", "turd", "egg", "egg", "plain", "turd", "egg", "egg", "plain", "turd", "egg", "egg", "plain", "plain", "egg", "egg", "plain", "plain", "plain", "egg", "plain", "plain", "plain", "egg", "plain", "plain", "egg", "egg", "plain", "plain", "egg", "plain", "plain", "plain", "egg", "plain", "plain", "plain", "egg", "egg", "plain", "plain", "egg", "plain", "plain", "plain", "egg", "plain", "plain", "plain", "egg", "plain", "plain", "plain", "egg", "egg", "plain", "plain", "plain", "egg", "plain", "plain", "plain", "plain", "plain", "plain", "plain", "plain", "plain", "plain"], "errlog_a": "", "errlog_b": "", "start_time": 360, "start_moves": 40, "turn_count": 80, "result": 0, "reason": "EGGS_LAID", "trapdoors": [[4, 2], [2, 5]], "spawn_a": [7, 5], "spawn_b": [0, 5]}