{"pos": [[1, 2], [6, 2], [1, 1], [6, 3], [0, 1], [6, 4], [0, 0], [5, 4], [1, 0], [5, 3], [2, 0], [4, 3], [2, 1], [4, 4], [3, 1], [4, 5], [3, 0], [4, 6], [4, 0], [3, 6], [4, 1], [2, 6], [3, 1], [2, 7], [3, 2], [3, 7], [2, 2], [4, 7], [2, 3], [5, 7], [2, 4], [6, 7], [2, 5], [6, 6], [3, 5], [6, 5], [2, 5], [7, 5], [2, 6], [7, 4], [1, 6], [7, 3], [1, 5], [7, 2], [0, 5], [7, 1], [0, 4], [7, 0], [0, 3], [6, 0], [1, 3], [6, 1], [1, 4], [5, 1], [1, 3], [5, 0], [1, 2], [6, 0], [1, 1], [7, 0], [2, 1], [7, 1], [2, 2], [6, 1], [3, 2], [6, 2], [2, 2], [5, 2], [2, 3], [5, 1], [2, 4], [4, 1], [1, 4], [5, 1], [1, 5], [5, 0], [1, 6], [6, 0], [1, 7], [7, 0]], "a_eggs_laid": [1, 1, 1, 1, 2, 2, 2, 2, 5, 5, 5, 5, 6, 6, 6, 6, 7, 7, 7, 7, 8, 8, 8, 8, 8, 8, 8, 8, 9, 9, 9, 9, 10, 10, 10, 10, 11, 11, 11, 11, 12, 12, 12, 12, 13, 13, 13, 13, 14, 14, 14, 14, 15, 15, 15, 15, 15, 15, 15, 15, 15, 15, 15, 15, 15, 15, 15, 15, 15, 15, 15, 15, 15, 15, 15, 15, 15, 15, 15, 15], "b_eggs_laid": [0, 1, 1, 1, 1, 2, 2, 2, 2, 3, 3, 3, 3, 4, 4, 4, 4, 5, 5, 5, 5, 6, 6, 6, 6, 7, 7, 7, 7, 8, 8, 8, 8, 9, 9, 9, 9, 10, 10, 10, 10, 11, 11, 11, 11, 11, 11, 11, 11, 14, 14, 14, 14, 15, 15, 15, 15, 16, 16, 16, 16, 16, 16, 16, 16, 16, 16, 16, 16, 17, 17, 17, 17, 18, 18, 18, 18, 18, 18, 18], "a_turds_left": [5, 5, 5, 5, 5, 5, 5, 5, 5, 5, 5, 5, 5, 5, 5, 5, 5, 5, 5, 5, 5, 5, 5, 5, 5, 5, 5, 5, 5, 5, 5, 5, 5, 5, 5, 5, 5, 5, 5, 5, 5, 5, 5, 5, 5, 5, 5, 5, 5, 5, 5, 5, 5, 5, 5, 5, 5, 5, 5, 5, 5, 5, 5, 5, 5, 5, 5, 5, 5, 5, 5, 5, 5, 5, 5, 5, 5, 5, 5, 5], "b_turds_left": [5, 5, 5, 4, 4, 4, 4, 3, 3, 3, 3, 2, 2, 2, 2, 1, 1, 1, 1, 0, 0, 0, 0, 0, 0, 0, 0, 0, 0, 0, 0, 0, 0, 0, 0, 0, 0, 0, 0, 0, 0, 0, 0, 0, 0, 0, 0, 0, 0, 0, 0, 0, 0, 0, 0, 0, 0, 0, 0, 0, 0, 0, 0, 0, 0, 0, 0, 0, 0, 0, 0, 0, 0, 0, 0, 0, 0, 0, 0, 0], "a_time_left": [359.9961719160201, 359.9961719160201, 359.99441629101057, 359.99441629101057, 359.9910628750222, 359.9910628750222, 359.99015924998093, 359.99015924998093, 359.98835225001676, 359.98835225001676, 359.9880176670267, 359.9880176670267, 359.98702837503515, 359.98702837503515, 359.98690016701585, 359.98690016701585, 359.98674687504536, 359.98674687504536, 359.9864309580298, 359.9864309580298, 359.9862913740217, 359.9862913740217, 359.98615537403384, 359.98615537403384, 359.9860595820355, 359.9860595820355, 359.98595395701705, 359.98595395701705, 359.9858319150517, 359.9858319150517, 359.98573287407635, 359.98573287407635, 359.98562591610244, 359.98562591610244, 359.9855463320855, 359.9855463320855, 359.98547070706263, 359.98547070706263, 359.98538008210016, 359.98538008210016, 359.9853051661048, 359.9853051661048, 359.98522158310516, 359.98522158310516, 359.9851217501564, 359.9851217501564, 359.98503841715865, 359.98503841715865, 359.9849540841533, 359.9849540841533, 359.98487875115825, 359.98487875115825, 359.9847760431585, 359.9847760431585, 359.98469350114465, 359.98469350114465, 359.9846091681975, 359.9846091681975, 359.98452029319014, 359.98452029319014, 359.9844442931935, 359.9844442931935, 359.9843617932056, 359.9843617932056, 359.98428341822, 359.98428341822, 359.98420271021314, 359.98420271021314, 359.98412991920486, 359.98412991920486, 359.98404279421084, 359.98404279421084, 359.9839730861713, 359.9839730861713, 359.9838941692142, 359.9838941692142, 359.9838092942373, 359.9838092942373, 359.98372629424557, 359.98372629424557], "b_time_left": [360, 359.99695216701366, 359.99695216701366, 359.99525970901595, 359.99525970901595, 359.99305845901836, 359.99305845901836, 359.991496542003, 359.991496542003, 359.9892222090275, 359.9892222090275, 359.9885815010639, 359.9885815010639, 359.98770008503925, 359.98770008503925, 359.98617750103585, 359.98617750103585, 359.98402821004856, 359.98402821004856, 359.9833246690687, 359.9833246690687, 359.9828032940277, 359.9828032940277, 359.98252550303005, 359.98252550303005, 359.9821294200374, 359.9821294200374, 359.9819137120503, 359.9819137120503, 359.9818210450467, 359.9818210450467, 359.9817480450147, 359.9817480450147, 359.9816636700416, 359.9816636700416, 359.98158979503205, 359.98158979503205, 359.98147950303974, 359.98147950303974, 359.98141662799753, 359.98141662799753, 359.9813280029921, 359.9813280029921, 359.9812458779779, 359.9812458779779, 359.98116829496576, 359.98116829496576, 359.98110083595384, 359.98110083595384, 359.98102325195214, 359.98102325195214, 359.98096050194, 359.98096050194, 359.98085325193824, 359.98085325193824, 359.9807897519204, 359.9807897519204, 359.9807243348914, 359.9807243348914, 359.98064754292136, 359.98064754292136, 359.9805893759476, 359.9805893759476, 359.9805319169536, 359.9805319169536, 359.98046470899135, 359.98046470899135, 359.98040450096596, 359.98040450096596, 359.980317501002, 359.980317501002, 359.98025770898676, 359.98025770898676, 359.9801917509758, 359.9801917509758, 359.98013437597547, 359.98013437597547, 359.98008108494105, 359.98008108494105, 359.9800280019408], "a_moves_left": [39, 39, 38, 38, 37, 37, 36, 36, 35, 35, 34, 34, 33, 33, 32, 32, 31, 31, 30, 30, 29, 29, 28, 28, 27, 27, 26, 26, 25, 25, 24, 24, 23, 23, 22, 22, 21, 21, 20, 20, 19, 19, 18, 18, 17, 17, 16, 16, 15, 15, 14, 14, 13, 13, 12, 12, 11, 11, 10, 10, 9, 9, 8, 8, 7, 7, 6, 6, 5, 5, 4, 4, 3, 3, 2, 2, 1, 1, 0, 0], "b_moves_left": [40, 39, 39, 38, 38, 37, 37, 36, 36, 35, 35, 34, 34, 33, 33, 32, 32, 31, 31, 30, 30, 29, 29, 28, 28, 27, 27, 26, 26, 25, 25, 24, 24, 23, 23, 22, 22, 21, 21, 20, 20, 19, 19, 18, 18, 17, 17, 16, 16, 15, 15, 14, 14, 13, 13, 12, 12, 11, 11, 10, 10, 9, 9, 8, 8, 7, 7, 6, 6, 5, 5, 4, 4, 3, 3, 2, 2, 1, 1, 0], "trapdoor_triggered": [0, 0, 0, 0, 0, 0, 0, 0, 0, 0, 0, 0, 0, 0, 0, 0, 0, 0, 0, 0, 0, 0, 0, 0, 0, 0, 0, 0, 0, 0, 0, 0, 0, 0, 0, 0, 0, 0, 0, 0, 0, 0, 0, 0, 0, 0, 0, 0, 0, 0, 0, 0, 0, 0, 0, 0, 0, 0, 0, 0, 0, 0, 0, 0, 0, 0, 0, 0, 0, 0, 0, 0, 0, 0, 0, 0, 0, 0, 0, 0], "left_behind": ["egg", "egg", "plain", "turd", "egg", "egg", "plain", "turd", "egg", "egg", "plain", "turd", "egg", "egg", "plain", "turd", "egg", "egg", "plain", "turd", "egg", "egg", "plain", "plain", "plain", "egg", "plain", "plain", "egg", "egg", "plain", "plain", "egg", "egg", "plain", "plain", "egg", "egg", "plain", "plain", "egg", "egg", "plain", "plain", "egg", "plain", "plain", "plain", "egg", "egg", "plain", "plain", "egg", "egg", "plain", "plain", "plain", "egg", "plain", "plain", "plain", "plain", "plain", "plain", "plain", "plain", "plain", "plain", "plain", "egg", "plain", "plain", "plain", "egg", "plain", "plain", "plain", "plain", "plain", "plain"], "errlog_a": "", "errlog_b": "", "start_time": 360, "start_moves": 40, "turn_count": 80, "result": 1, "reason": "EGGS_LAID", "trapdoors": [[4, 2], [3, 4]], "spawn_a": [0, 2], "spawn_b": [7, 2]}