{"pos": [[6, 5], [1, 5], [6, 4], [1, 4], [7, 4], [1, 3], [7, 3], [1, 2], [6, 3], [1, 1], [6, 2], [2, 1], [7, 2], [3, 1], [7, 1], [4, 1], [6, 1], [5, 1], [6, 0], [6, 1], [7, 0], [5, 1], [7, 1], [5, 0], [7, 0], [4, 0], [6, 0], [3, 0], [7, 0], [2, 0], [6, 0], [1, 0], [7, 0], [0, 0], [7, 1], [0, 1], [7, 2], [0, 2], [6, 2], [0, 3], [5, 2], [0, 4], [5, 1], [1, 4], [5, 2], [2, 4], [5, 3], [2, 3], [5, 4], [1, 3], [5, 5], [1, 2], [5, 6], [2, 2], [6, 6], [2, 3], [7, 6], [2, 2], [7, 7], [2, 1], [6, 7], [3, 1], [5, 7], [4, 1], [4, 7], [4, 2], [4, 6], [5, 2], [4, 5], [4, 2], [4, 4], [5, 2], [3, 4], [4, 2], [4, 4], [3, 2], [3, 4], [3, 1], [4, 4], [3, 0]], "a_eggs_laid": [1, 1, 1, 1, 2, 2, 2, 2, 3, 3, 3, 3, 4, 4, 4, 4, 5, 5, 5, 5, 6, 6, 6, 6, 6, 6, 6, 6, 6, 6, 6, 6, 6, 6, 6, 6, 6, 6, 6, 6, 6, 6, 6, 6, 7, 7, 7, 7, 8, 8, 8, 8, 9, 9, 9, 9, 10, 10, 10, 10, 13, 13, 13, 13, 14, 14, 14, 14, 15, 15, 15, 15, 16, 16, 16, 16, 16, 16, 16, 16], "b_eggs_laid": [0, 1, 1, 1, 1, 2, 2, 2, 2, 3, 3, 3, 3, 4, 4, 4, 4, 5, 5, 5, 5, 6, 6, 6, 6, 7, 7, 7, 7, 8, 8, 8, 8, 9, 9, 9, 9, 10, 10, 10, 10, 11, 11, 11, 11, 11, 11, 11, 11, 12, 12, 12, 12, 12, 12, 12, 12, 12, 12, 12, 12, 12, 12, 12, 12, 12, 12, 12, 12, 13, 13, 13, 13, 13, 13, 13, 13, 14, 14, 14], "a_turds_left": [5, 5, 5, 5, 5, 5, 5, 5, 5, 5, 5, 5, 5, 5, 5, 5, 5, 5, 5, 5, 5, 5, 5, 5, 5, 5, 5, 5, 5, 5, 5, 5, 5, 5, 5, 5, 5, 5, 5, 5, 5, 5, 5, 5, 5, 5, 5, 5, 5, 5, 5, 5, 5, 5, 5, 5, 5, 5, 5, 5, 5, 5, 5, 5, 5, 5, 5, 5, 5, 5, 5, 5, 5, 5, 5, 5, 5, 5, 5, 5], "b_turds_left": [5, 5, 5, 5, 5, 5, 5, 5, 5, 5, 5, 5, 5, 5, 5, 5, 5, 5, 5, 5, 5, 5, 5, 5, 5, 5, 5, 5, 5, 5, 5, 5, 5, 5, 5, 5, 5, 5, 5, 5, 5, 5, 5, 5, 5, 5, 5, 5, 5, 5, 5, 5, 5, 5, 5, 5, 5, 5, 5, 5, 5, 5, 5, 5, 5, 5, 5, 5, 5, 5, 5, 5, 5, 5, 5, 5, 5, 5, 5, 5], "a_time_left": [359.9962279170286, 359.9962279170286, 359.9944987920462, 359.9944987920462, 359.9912798340083, 359.9912798340083, 359.9904485839652, 359.9904485839652, 359.9877627089736, 359.9877627089736, 359.9864737929893, 359.9864737929893, 359.9833205009927, 359.9833205009927, 359.9831838340033, 359.9831838340033, 359.983059042017, 359.983059042017, 359.98295645898907, 359.98295645898907, 359.9828607509844, 359.9828607509844, 359.9827671259991, 359.9827671259991, 359.98267358500743, 359.98267358500743, 359.98258104297565, 359.98258104297565, 359.98249883495737, 359.98249883495737, 359.98240275197895, 359.98240275197895, 359.9823254599469, 359.9823254599469, 359.9822292099707, 359.9822292099707, 359.98214041796746, 359.98214041796746, 359.98203245998593, 359.98203245998593, 359.9819380849949, 359.9819380849949, 359.98182958498364, 359.98182958498364, 359.98174396000104, 359.98174396000104, 359.9816387940082, 359.9816387940082, 359.9815241689794, 359.9815241689794, 359.9814042109647, 359.9814042109647, 359.98126721096924, 359.98126721096924, 359.98117704392644, 359.98117704392644, 359.9810659609502, 359.9810659609502, 359.9809650029056, 359.9809650029056, 359.98087571089854, 359.98087571089854, 359.9807737529045, 359.9807737529045, 359.9806642529438, 359.9806642529438, 359.9805711279041, 359.9805711279041, 359.98046146088745, 359.98046146088745, 359.98036829388, 359.98036829388, 359.98025996092474, 359.98025996092474, 359.9801733359345, 359.9801733359345, 359.98010133591015, 359.98010133591015, 359.98002225288656, 359.98002225288656], "b_time_left": [360, 359.9995997500373, 359.9995997500373, 359.99927020899486, 359.99927020899486, 359.99887604202377, 359.99887604202377, 359.99857445800444, 359.99857445800444, 359.9976834160043, 359.9976834160043, 359.9973670000327, 359.9973670000327, 359.997204250074, 359.997204250074, 359.99707400007173, 359.99707400007173, 359.99694608402206, 359.99694608402206, 359.99684212502325, 359.99684212502325, 359.9967615000205, 359.9967615000205, 359.9966630419949, 359.9966630419949, 359.9965664999909, 359.9965664999909, 359.99646950000897, 359.99646950000897, 359.99635795899667, 359.99635795899667, 359.99626529199304, 359.99626529199304, 359.9961662089918, 359.9961662089918, 359.99608429300133, 359.99608429300133, 359.9959810010041, 359.9959810010041, 359.99588875100017, 359.99588875100017, 359.99578495899914, 359.99578495899914, 359.9956995419925, 359.9956995419925, 359.99561254202854, 359.99561254202854, 359.99551779200556, 359.99551779200556, 359.99540033296216, 359.99540033296216, 359.99530962499557, 359.99530962499557, 359.9952062080265, 359.9952062080265, 359.9951218330534, 359.9951218330534, 359.9950440831017, 359.9950440831017, 359.99496033310425, 359.99496033310425, 359.99487491708715, 359.99487491708715, 359.9947840421228, 359.9947840421228, 359.99470975011354, 359.99470975011354, 359.994604708103, 359.994604708103, 359.99454466608586, 359.99454466608586, 359.9944644580828, 359.9944644580828, 359.9944140420994, 359.9944140420994, 359.9943364171195, 359.9943364171195, 359.99424129212275, 359.99424129212275, 359.9941651671543], "a_moves_left": [39, 39, 38, 38, 37, 37, 36, 36, 35, 35, 34, 34, 33, 33, 32, 32, 31, 31, 30, 30, 29, 29, 28, 28, 27, 27, 26, 26, 25, 25, 24, 24, 23, 23, 22, 22, 21, 21, 20, 20, 19, 19, 18, 18, 17, 17, 16, 16, 15, 15, 14, 14, 13, 13, 12, 12, 11, 11, 10, 10, 9, 9, 8, 8, 7, 7, 6, 6, 5, 5, 4, 4, 3, 3, 2, 2, 1, 1, 0, 0], "b_moves_left": [40, 39, 39, 38, 38, 37, 37, 36, 36, 35, 35, 34, 34, 33, 33, 32, 32, 31, 31, 30, 30, 29, 29, 28, 28, 27, 27, 26, 26, 25, 25, 24, 24, 23, 23, 22, 22, 21, 21, 20, 20, 19, 19, 18, 18, 17, 17, 16, 16, 15, 15, 14, 14, 13, 13, 12, 12, 11, 11, 10, 10, 9, 9, 8, 8, 7, 7, 6, 6, 5, 5, 4, 4, 3, 3, 2, 2, 1, 1, 0], "trapdoor_triggered": [0, 0, 0, 0, 0, 0, 0, 0, 0, 0, 0, 0, 0, 0, 0, 0, 0, 0, 0, 0, 0, 0, 0, 0, 0, 0, 0, 0, 0, 0, 0, 0, 0, 0, 0, 0, 0, 0, 0, 0, 0, 0, 0, 0, 0, 0, 0, 0, 0, 0, 0, 0, 0, 0, 0, 0, 0, 0, 0, 0, 0, 0, 0, 0, 0, 0, 0, 0, 0, 0, 0, 0, 0, 0, 0, 0, 0, 0, 0, 0], "left_behind": ["egg", "egg", "plain", "plain", "egg", "egg", "plain", "plain", "egg", "egg", "plain", "plain", "egg", "egg", "plain", "plain", "egg", "egg", "plain", "plain", "egg", "egg", "plain", "plain", "plain", "egg", "plain", "plain", "plain", "egg", "plain", "plain", "plain", "egg", "plain", "plain", "plain", "egg", "plain", "plain", "plain", "egg", "plain", "plain", "egg", "plain", "plain", "plain", "egg", "egg", "plain", "plain", "egg", "plain", "plain", "plain", "egg", "plain", "plain", "plain", "egg", "plain", "plain", "plain", "egg", "plain", "plain", "plain", "egg", "egg", "plain", "plain", "egg", "plain", "plain", "plain", "plain", "egg", "plain", "plain"], "errlog_a": "", "errlog_b": "", "start_time": 360, "start_moves": 40, "turn_count": 80, "result": 0, "reason": "EGGS_LAID", "trapdoors": [[3, 3], [4, 3]], "spawn_a": [7, 5], "spawn_b": [0, 5]}