{"pos": [[1, 6], [6, 6], [2, 6], [5, 6], [2, 7], [4, 6], [3, 7], [4, 5], [2, 7], [4, 4], [1, 7], [5, 4], [0, 7], [5, 3], [1, 7], [4, 3], [1, 6], [3, 3], [1, 5], [3, 4], [0, 5], [2, 4], [0, 4], [2, 3], [1, 4], [2, 2], [1, 3], [2, 1], [0, 3], [2, 0], [0, 2], [3, 0], [0, 1], [4, 0], [1, 1], [5, 0], [1, 0], [6, 0], [0, 0], [7, 0], [1, 0], [7, 1], [2, 0], [7, 2], [1, 0], [7, 3], [1, 1], [7, 4], [1, 2], [7, 5], [2, 2], [6, 5], [1, 2], [6, 4], [1, 3], [6, 3], [1, 4], [6, 2], [2, 4], [6, 1], [2, 5], [5, 1], [3, 5], [5, 2], [2, 5], [4, 2], [2, 4], [4, 1], [2, 5], [3, 1], [3, 5], [3, 0], [2, 5], [4, 0], [1, 5], [5, 0], [0, 5], [6, 0], [0, 4], [7, 0]], "a_eggs_laid": [1, 1, 1, 1, 2, 2, 2, 2, 3, 3, 3, 3, 4, 4, 4, 4, 4, 4, 4, 4, 5, 5, 5, 5, 6, 6, 6, 6, 7, 7, 7, 7, 8, 8, 8, 8, 9, 9, 9, 9, 12, 12, 12, 12, 13, 13, 13, 13, 13, 13, 13, 13, 14, 14, 14, 14, 14, 14, 14, 14, 15, 15, 15, 15, 16, 16, 16, 16, 16, 16, 16, 16, 16, 16, 16, 16, 16, 16, 16, 16], "b_eggs_laid": [0, 1, 1, 1, 1, 2, 2, 2, 2, 3, 3, 3, 3, 4, 4, 4, 4, 5, 5, 5, 5, 6, 6, 6, 6, 7, 7, 7, 7, 8, 8, 8, 8, 9, 9, 9, 9, 10, 10, 10, 10, 13, 13, 13, 13, 14, 14, 14, 14, 15, 15, 15, 15, 16, 16, 16, 16, 17, 17, 17, 17, 18, 18, 18, 18, 19, 19, 19, 19, 20, 20, 20, 20, 20, 20, 20, 20, 20, 20, 20], "a_turds_left": [5, 5, 5, 5, 5, 5, 5, 5, 5, 5, 5, 5, 5, 5, 5, 5, 5, 5, 5, 5, 5, 5, 5, 5, 5, 5, 5, 5, 5, 5, 5, 5, 5, 5, 5, 5, 5, 5, 5, 5, 5, 5, 5, 5, 5, 5, 5, 5, 5, 5, 5, 5, 5, 5, 5, 5, 5, 5, 5, 5, 5, 5, 5, 5, 5, 5, 5, 5, 5, 5, 5, 5, 5, 5, 5, 5, 5, 5, 5, 5], "b_turds_left": [5, 5, 5, 4, 4, 4, 4, 3, 3, 3, 3, 2, 2, 2, 2, 1, 1, 1, 1, 0, 0, 0, 0, 0, 0, 0, 0, 0, 0, 0, 0, 0, 0, 0, 0, 0, 0, 0, 0, 0, 0, 0, 0, 0, 0, 0, 0, 0, 0, 0, 0, 0, 0, 0, 0, 0, 0, 0, 0, 0, 0, 0, 0, 0, 0, 0, 0, 0, 0, 0, 0, 0, 0, 0, 0, 0, 0, 0, 0, 0], "a_time_left": [359.99635525001213, 359.99635525001213, 359.9945730000036, 359.9945730000036, 359.9912501669605, 359.9912501669605, 359.9899522920023, 359.9899522920023, 359.9887054170249, 359.9887054170249, 359.9879617090337, 359.9879617090337, 359.9839802090428, 359.9839802090428, 359.9836682919995, 359.9836682919995, 359.9831071670051, 359.9831071670051, 359.98229066701606, 359.98229066701606, 359.9819042920135, 359.9819042920135, 359.9816165830125, 359.9816165830125, 359.98125779104885, 359.98125779104885, 359.9809181240271, 359.9809181240271, 359.9807899160078, 359.9807899160078, 359.9806948750047, 359.9806948750047, 359.9805753750261, 359.9805753750261, 359.9804759580293, 359.9804759580293, 359.98036462505115, 359.98036462505115, 359.98026495904196, 359.98026495904196, 359.98017395904753, 359.98017395904753, 359.98008329205913, 359.98008329205913, 359.98000445909565, 359.98000445909565, 359.9799162921263, 359.9799162921263, 359.9798300001421, 359.9798300001421, 359.9797286671819, 359.9797286671819, 359.97964900021907, 359.97964900021907, 359.97955612523947, 359.97955612523947, 359.97947554220445, 359.97947554220445, 359.9793784171925, 359.9793784171925, 359.9792899171589, 359.9792899171589, 359.9791987511562, 359.9791987511562, 359.9791247511748, 359.9791247511748, 359.9790245841723, 359.9790245841723, 359.9789487092057, 359.9789487092057, 359.9788500002469, 359.9788500002469, 359.9787811662536, 359.9787811662536, 359.97868883324554, 359.97868883324554, 359.9785968752112, 359.9785968752112, 359.9785110412049, 359.9785110412049], "b_time_left": [360, 359.9972632499994, 359.9972632499994, 359.9953121659928, 359.9953121659928, 359.99322762398515, 359.99322762398515, 359.9918206659495, 359.9918206659495, 359.9909604159184, 359.9909604159184, 359.9894649159396, 359.9894649159396, 359.9876152079087, 359.9876152079087, 359.9861636669375, 359.9861636669375, 359.9842390419799, 359.9842390419799, 359.98293416696833, 359.98293416696833, 359.9819324579439, 359.9819324579439, 359.98133129195776, 359.98133129195776, 359.9802768759546, 359.9802768759546, 359.98002383392304, 359.98002383392304, 359.9799374589347, 359.9799374589347, 359.97987079195445, 359.97987079195445, 359.97979095892515, 359.97979095892515, 359.97973195894156, 359.97973195894156, 359.9796587509336, 359.9796587509336, 359.9795965839294, 359.9795965839294, 359.9795330009074, 359.9795330009074, 359.97947670990834, 359.97947670990834, 359.97941041889135, 359.97941041889135, 359.97935412690276, 359.97935412690276, 359.97928225190844, 359.97928225190844, 359.9792274599313, 359.9792274599313, 359.9791537929559, 359.9791537929559, 359.97909416793846, 359.97909416793846, 359.97902012593113, 359.97902012593113, 359.97896291688085, 359.97896291688085, 359.9788859168766, 359.9788859168766, 359.97882724989904, 359.97882724989904, 359.97875229094643, 359.97875229094643, 359.9786915819277, 359.9786915819277, 359.9786086239619, 359.9786086239619, 359.9785512489616, 359.9785512489616, 359.97849862399744, 359.97849862399744, 359.9784479570226, 359.9784479570226, 359.97838712402154, 359.97838712402154, 359.9783367070486], "a_moves_left": [39, 39, 38, 38, 37, 37, 36, 36, 35, 35, 34, 34, 33, 33, 32, 32, 31, 31, 30, 30, 29, 29, 28, 28, 27, 27, 26, 26, 25, 25, 24, 24, 23, 23, 22, 22, 21, 21, 20, 20, 19, 19, 18, 18, 17, 17, 16, 16, 15, 15, 14, 14, 13, 13, 12, 12, 11, 11, 10, 10, 9, 9, 8, 8, 7, 7, 6, 6, 5, 5, 4, 4, 3, 3, 2, 2, 1, 1, 0, 0], "b_moves_left": [40, 39, 39, 38, 38, 37, 37, 36, 36, 35, 35, 34, 34, 33, 33, 32, 32, 31, 31, 30, 30, 29, 29, 28, 28, 27, 27, 26, 26, 25, 25, 24, 24, 23, 23, 22, 22, 21, 21, 20, 20, 19, 19, 18, 18, 17, 17, 16, 16, 15, 15, 14, 14, 13, 13, 12, 12, 11, 11, 10, 10, 9, 9, 8, 8, 7, 7, 6, 6, 5, 5, 4, 4, 3, 3, 2, 2, 1, 1, 0], "trapdoor_triggered": [0, 0, 0, 0, 0, 0, 0, 0, 0, 0, 0, 0, 0, 0, 0, 0, 0, 0, 0, 0, 0, 0, 0, 0, 0, 0, 0, 0, 0, 0, 0, 0, 0, 0, 0, 0, 0, 0, 0, 0, 0, 0, 0, 0, 0, 0, 0, 0, 0, 0, 0, 0, 0, 0, 0, 0, 0, 0, 0, 0, 0, 0, 0, 0, 0, 0, 0, 0, 0, 0, 0, 0, 0, 0, 0, 0, 0, 0, 0, 0], "left_behind": ["egg", "egg", "plain", "turd", "egg", "egg", "plain", "turd", "egg", "egg", "plain", "turd", "egg", "egg", "plain", "turd", "plain", "egg", "plain", "turd", "egg", "egg", "plain", "plain", "egg", "egg", "plain", "plain", "egg", "egg", "plain", "plain", "egg", "egg", "plain", "plain", "egg", "egg", "plain", "plain", "egg", "egg", "plain", "plain", "egg", "egg", "plain", "plain", "plain", "egg", "plain", "plain", "egg", "egg", "plain", "plain", "plain", "egg", "plain", "plain", "egg", "egg", "plain", "plain", "egg", "egg", "plain", "plain", "plain", "egg", "plain", "plain", "plain", "plain", "plain", "plain", "plain", "plain", "plain", "plain"], "errlog_a": "", "errlog_b": "", "start_time": 360, "start_moves": 40, "turn_count": 80, "result": 1, "reason": "EGGS_LAID", "trapdoors": [[5, 5], [3, 2]], "spawn_a": [0, 6], "spawn_b": [7, 6]}