{"pos": [[6, 3], [1, 3], [6, 2], [1, 4], [7, 2], [1, 5], [7, 1], [1, 6], [6, 1], [2, 6], [5, 1], [3, 6], [5, 0], [4, 6], [6, 0], [4, 5], [7, 0], [3, 5], [7, 1], [3, 4], [6, 1], [2, 4], [6, 2], [2, 3], [5, 2], [2, 2], [5, 3], [3, 2], [6, 3], [3, 1], [6, 4], [3, 0], [7, 4], [4, 0], [7, 5], [5, 0], [6, 5], [4, 0], [6, 6], [4, 1], [7, 6], [4, 2], [7, 7], [5, 2], [6, 7], [4, 2], [5, 7], [4, 3], [6, 7], [4, 4], [6, 6], [5, 4], [6, 5], [5, 5], [6, 4], [5, 6], [7, 4], [5, 5], [7, 5], [5, 4], [7, 6], [4, 4], [7, 7], [4, 3], [7, 6], [4, 2], [6, 6], [4, 1], [6, 5], [3, 1], [5, 5], [2, 1], [6, 5], [2, 0], [5, 5], [1, 0], [6, 5], [1, 1], [6, 4], [1, 2]], "a_eggs_laid": [1, 1, 1, 1, 2, 2, 2, 2, 3, 3, 3, 3, 4, 4, 4, 4, 5, 5, 5, 5, 5, 5, 5, 5, 5, 5, 5, 5, 6, 6, 6, 6, 7, 7, 7, 7, 8, 8, 8, 8, 9, 9, 9, 9, 12, 12, 12, 12, 13, 13, 13, 13, 13, 13, 13, 13, 13, 13, 13, 13, 13, 13, 13, 13, 13, 13, 13, 13, 13, 13, 13, 13, 14, 14, 14, 14, 14, 14, 14, 14], "b_eggs_laid": [0, 1, 1, 1, 1, 2, 2, 2, 2, 3, 3, 3, 3, 4, 4, 4, 4, 5, 5, 5, 5, 6, 6, 6, 6, 7, 7, 7, 7, 8, 8, 8, 8, 9, 9, 9, 9, 10, 10, 10, 10, 11, 11, 11, 11, 12, 12, 12, 12, 13, 13, 13, 13, 14, 14, 14, 14, 15, 15, 15, 15, 15, 15, 15, 15, 15, 15, 15, 15, 15, 15, 15, 15, 16, 16, 16, 16, 17, 17, 17], "a_turds_left": [5, 5, 5, 5, 5, 5, 5, 5, 5, 5, 5, 5, 5, 5, 5, 5, 5, 5, 5, 5, 5, 5, 5, 5, 5, 5, 5, 5, 5, 5, 5, 5, 5, 5, 5, 5, 5, 5, 5, 5, 5, 5, 5, 5, 5, 5, 5, 5, 5, 5, 5, 5, 5, 5, 5, 5, 5, 5, 5, 5, 5, 5, 5, 5, 5, 5, 5, 5, 5, 5, 5, 5, 5, 5, 5, 5, 5, 5, 5, 5], "b_turds_left": [5, 5, 5, 4, 4, 4, 4, 3, 3, 3, 3, 2, 2, 2, 2, 1, 1, 1, 1, 0, 0, 0, 0, 0, 0, 0, 0, 0, 0, 0, 0, 0, 0, 0, 0, 0, 0, 0, 0, 0, 0, 0, 0, 0, 0, 0, 0, 0, 0, 0, 0, 0, 0, 0, 0, 0, 0, 0, 0, 0, 0, 0, 0, 0, 0, 0, 0, 0, 0, 0, 0, 0, 0, 0, 0, 0, 0, 0, 0, 0], "a_time_left": [359.9961116249906, 359.9961116249906, 359.9941950830398, 359.9941950830398, 359.9907454580534, 359.9907454580534, 359.9899270410533, 359.9899270410533, 359.9874252490117, 359.9874252490117, 359.98610708204797, 359.98610708204797, 359.9826585400733, 359.9826585400733, 359.98253066506004, 359.98253066506004, 359.9821592900553, 359.9821592900553, 359.98204941506265, 359.98204941506265, 359.98195054009557, 359.98195054009557, 359.98183483211324, 359.98183483211324, 359.9817282491131, 359.9817282491131, 359.9816097490839, 359.9816097490839, 359.9814815411228, 359.9814815411228, 359.9813517081202, 359.9813517081202, 359.98121883312706, 359.98121883312706, 359.9811129991431, 359.9811129991431, 359.98099858214846, 359.98099858214846, 359.98087524913717, 359.98087524913717, 359.9807530831313, 359.9807530831313, 359.9806430831086, 359.9806430831086, 359.9805364580825, 359.9805364580825, 359.98043904209044, 359.98043904209044, 359.9803471250925, 359.9803471250925, 359.9802307500504, 359.9802307500504, 359.9801347920438, 359.9801347920438, 359.9800231260597, 359.9800231260597, 359.9799283350585, 359.9799283350585, 359.9798298350652, 359.9798298350652, 359.97973808506504, 359.97973808506504, 359.97963896009605, 359.97963896009605, 359.9795532100834, 359.9795532100834, 359.9794562521274, 359.9794562521274, 359.97936246113386, 359.97936246113386, 359.9792578781489, 359.9792578781489, 359.97917054517893, 359.97917054517893, 359.97906275320565, 359.97906275320565, 359.9789814192336, 359.9789814192336, 359.97887225222075, 359.97887225222075], "b_time_left": [360, 359.99682587501593, 359.99682587501593, 359.9949788330123, 359.9949788330123, 359.9927017079899, 359.9927017079899, 359.9910619999864, 359.9910619999864, 359.9887462499901, 359.9887462499901, 359.9871206249809, 359.9871206249809, 359.9861951249768, 359.9861951249768, 359.98454537498765, 359.98454537498765, 359.98288170894375, 359.98288170894375, 359.9823945009266, 359.9823945009266, 359.98195279290667, 359.98195279290667, 359.9816866258625, 359.9816866258625, 359.9812327508698, 359.9812327508698, 359.980987875897, 359.980987875897, 359.98090479290113, 359.98090479290113, 359.98083995992783, 359.98083995992783, 359.9807663349202, 359.9807663349202, 359.98070991790155, 359.98070991790155, 359.9806553759263, 359.9806553759263, 359.980600167939, 359.980600167939, 359.98052737588296, 359.98052737588296, 359.9804699178785, 359.9804699178785, 359.98042016790714, 359.98042016790714, 359.9803661258775, 359.9803661258775, 359.9802947929129, 359.9802947929129, 359.98024100088514, 359.98024100088514, 359.98018012585817, 359.98018012585817, 359.980124625843, 359.980124625843, 359.98006695887307, 359.98006695887307, 359.98000462487107, 359.98000462487107, 359.9799537078943, 359.9799537078943, 359.9798980409396, 359.9798980409396, 359.97983099892735, 359.97983099892735, 359.97977220790926, 359.97977220790926, 359.9797097488772, 359.9797097488772, 359.9796553318738, 359.9796553318738, 359.9795762488502, 359.9795762488502, 359.9795247078291, 359.9795247078291, 359.97945345781045, 359.97945345781045, 359.97938741685357], "a_moves_left": [39, 39, 38, 38, 37, 37, 36, 36, 35, 35, 34, 34, 33, 33, 32, 32, 31, 31, 30, 30, 29, 29, 28, 28, 27, 27, 26, 26, 25, 25, 24, 24, 23, 23, 22, 22, 21, 21, 20, 20, 19, 19, 18, 18, 17, 17, 16, 16, 15, 15, 14, 14, 13, 13, 12, 12, 11, 11, 10, 10, 9, 9, 8, 8, 7, 7, 6, 6, 5, 5, 4, 4, 3, 3, 2, 2, 1, 1, 0, 0], "b_moves_left": [40, 39, 39, 38, 38, 37, 37, 36, 36, 35, 35, 34, 34, 33, 33, 32, 32, 31, 31, 30, 30, 29, 29, 28, 28, 27, 27, 26, 26, 25, 25, 24, 24, 23, 23, 22, 22, 21, 21, 20, 20, 19, 19, 18, 18, 17, 17, 16, 16, 15, 15, 14, 14, 13, 13, 12, 12, 11, 11, 10, 10, 9, 9, 8, 8, 7, 7, 6, 6, 5, 5, 4, 4, 3, 3, 2, 2, 1, 1, 0], "trapdoor_triggered": [0, 0, 0, 0, 0, 0, 0, 0, 0, 0, 0, 0, 0, 0, 0, 0, 0, 0, 0, 0, 0, 0, 0, 0, 0, 0, 0, 0, 0, 0, 0, 0, 0, 0, 0, 0, 0, 0, 0, 0, 0, 0, 0, 0, 0, 0, 0, 0, 0, 0, 0, 0, 0, 0, 0, 0, 0, 0, 0, 0, 0, 0, 0, 0, 0, 0, 0, 0, 0, 0, 0, 0, 0, 0, 0, 0, 0, 0, 0, 0], "left_behind": ["egg", "egg", "plain", "turd", "egg", "egg", "plain", "turd", "egg", "egg", "plain", "turd", "egg", "egg", "plain", "turd", "egg", "egg", "plain", "turd", "plain", "egg", "plain", "plain", "plain", "egg", "plain", "plain", "egg", "egg", "plain", "plain", "egg", "egg", "plain", "plain", "egg", "egg", "plain", "plain", "egg", "egg", "plain", "plain", "egg", "egg", "plain", "plain", "egg", "egg", "plain", "plain", "plain", "egg", "plain", "plain", "plain", "egg", "plain", "plain", "plain", "plain", "plain", "plain", "plain", "plain", "plain", "plain", "plain", "plain", "plain", "plain", "egg", "egg", "plain", "plain", "plain", "egg", "plain", "plain"], "errlog_a": "", "errlog_b": "", "start_time": 360, "start_moves": 40, "turn_count": 80, "result": 1, "reason": "EGGS_LAID", "trapdoors": [[3, 3], [2, 5]], "spawn_a": [7, 3], "spawn_b": [0, 3]}