{"pos": [[1, 2], [6, 2], [1, 1], [6, 1], [0, 1], [5, 1], [0, 0], [4, 1], [1, 0], [5, 1], [2, 0], [5, 2], [2, 1], [5, 1], [3, 1], [5, 0], [3, 0], [6, 0], [4, 0], [7, 0], [3, 0], [7, 1], [3, 1], [6, 1], [3, 2], [7, 1], [3, 3], [7, 0], [3, 4], [6, 0], [4, 4], [5, 0], [5, 4], [6, 0], [5, 3], [6, 1], [6, 3], [6, 2], [6, 4], [6, 3], [6, 5], [7, 3], [7, 5], [7, 4], [7, 6], [7, 3], [6, 6], [6, 3], [5, 6], [6, 2], [5, 5], [5, 2], [4, 5], [5, 1], [4, 6], [4, 1], [3, 6], [5, 1], [3, 5], [5, 2], [2, 5], [6, 2], [2, 4], [7, 2], [1, 4], [7, 1], [1, 3], [7, 2], [0, 3], [7, 3], [0, 4], [7, 4], [0, 5], [7, 3], [1, 5], [6, 3], [1, 6], [6, 2], [2, 6], [6, 3]], "a_eggs_laid": [1, 1, 1, 1, 2, 2, 2, 2, 5, 5, 5, 5, 6, 6, 6, 6, 7, 7, 7, 7, 8, 8, 8, 8, 8, 8, 8, 8, 9, 9, 9, 9, 10, 10, 10, 10, 11, 11, 11, 11, 12, 12, 12, 12, 13, 13, 13, 13, 14, 14, 14, 14, 15, 15, 15, 15, 16, 16, 16, 16, 17, 17, 17, 17, 18, 18, 18, 18, 19, 19, 19, 19, 20, 20, 20, 20, 21, 21, 21, 21], "b_eggs_laid": [0, 1, 1, 1, 1, 2, 2, 2, 2, 3, 3, 3, 3, 4, 4, 4, 4, 5, 5, 5, 5, 8, 8, 8, 8, 8, 8, 8, 8, 8, 8, 8, 8, 8, 8, 8, 8, 8, 8, 8, 8, 9, 9, 9, 9, 10, 10, 10, 10, 10, 10, 10, 10, 10, 10, 10, 10, 10, 10, 10, 10, 10, 10, 10, 10, 10, 10, 10, 10, 10, 10, 10, 10, 10, 10, 10, 10, 10, 10, 10], "a_turds_left": [5, 5, 5, 5, 5, 5, 5, 5, 5, 5, 5, 5, 5, 5, 5, 5, 5, 5, 5, 5, 5, 5, 5, 5, 5, 5, 5, 5, 5, 5, 5, 5, 5, 5, 5, 5, 5, 5, 5, 5, 5, 5, 5, 5, 5, 5, 5, 5, 5, 5, 5, 5, 5, 5, 5, 5, 5, 5, 5, 5, 5, 5, 5, 5, 5, 5, 5, 5, 5, 5, 5, 5, 5, 5, 5, 5, 5, 5, 5, 5], "b_turds_left": [5, 5, 5, 5, 5, 5, 5, 5, 5, 5, 5, 5, 5, 5, 5, 5, 5, 5, 5, 5, 5, 5, 5, 5, 5, 5, 5, 5, 5, 5, 5, 5, 5, 5, 5, 5, 5, 5, 5, 5, 5, 5, 5, 5, 5, 5, 5, 5, 5, 5, 5, 5, 5, 5, 5, 5, 5, 5, 5, 5, 5, 5, 5, 5, 5, 5, 5, 5, 5, 5, 5, 5, 5, 5, 5, 5, 5, 5, 5, 5], "a_time_left": [359.99627262499416, 359.99627262499416, 359.9944889579783, 359.9944889579783, 359.99124370794743, 359.99124370794743, 359.9904049169854, 359.9904049169854, 359.988700124959, 359.988700124959, 359.98834862496005, 359.98834862496005, 359.98585804196773, 359.98585804196773, 359.98572316695936, 359.98572316695936, 359.98559233295964, 359.98559233295964, 359.985312374949, 359.985312374949, 359.98520291695604, 359.98520291695604, 359.98509579192614, 359.98509579192614, 359.98480799992103, 359.98480799992103, 359.98449645889923, 359.98449645889923, 359.9843793339096, 359.9843793339096, 359.9842792509007, 359.9842792509007, 359.9841686668806, 359.9841686668806, 359.9840859588585, 359.9840859588585, 359.9839913758333, 359.9839913758333, 359.9839280428132, 359.9839280428132, 359.98384570883354, 359.98384570883354, 359.9837367508444, 359.9837367508444, 359.9836573758512, 359.9836573758512, 359.9835808338248, 359.9835808338248, 359.9834787498694, 359.9834787498694, 359.9833919588709, 359.9833919588709, 359.9832954588928, 359.9832954588928, 359.9832187499269, 359.9832187499269, 359.983090582944, 359.983090582944, 359.98301070794696, 359.98301070794696, 359.98291808291106, 359.98291808291106, 359.9828347908915, 359.9828347908915, 359.982737331884, 359.982737331884, 359.9826546648983, 359.9826546648983, 359.9825587479281, 359.9825587479281, 359.98248170589795, 359.98248170589795, 359.9823986229021, 359.9823986229021, 359.98232658189954, 359.98232658189954, 359.9822271238663, 359.9822271238663, 359.98215170786716, 359.98215170786716], "b_time_left": [360, 359.99966508400394, 359.99966508400394, 359.99935587495565, 359.99935587495565, 359.9989692919771, 359.9989692919771, 359.99865162500646, 359.99865162500646, 359.9983238329878, 359.9983238329878, 359.9980219579884, 359.9980219579884, 359.9978773330222, 359.9978773330222, 359.9977610409842, 359.9977610409842, 359.9974679989973, 359.9974679989973, 359.997362041031, 359.997362041031, 359.99711133301025, 359.99711133301025, 359.99687458301196, 359.99687458301196, 359.99661262496375, 359.99661262496375, 359.99650987493806, 359.99650987493806, 359.9964260829147, 359.9964260829147, 359.9963087919168, 359.9963087919168, 359.99622320890194, 359.99622320890194, 359.996128958941, 359.996128958941, 359.99603237595875, 359.99603237595875, 359.9959333339357, 359.9959333339357, 359.9957824589219, 359.9957824589219, 359.99566775088897, 359.99566775088897, 359.99558966688346, 359.99558966688346, 359.9954932918772, 359.9954932918772, 359.99540274991887, 359.99540274991887, 359.9953014589264, 359.9953014589264, 359.99521883390844, 359.99521883390844, 359.9951256259228, 359.9951256259228, 359.9950422089314, 359.9950422089314, 359.9949479169445, 359.9949479169445, 359.99486475094454, 359.99486475094454, 359.9947692089481, 359.9947692089481, 359.9947000419488, 359.9947000419488, 359.9946247509215, 359.9946247509215, 359.9945578338811, 359.9945578338811, 359.9944833338377, 359.9944833338377, 359.99442387587624, 359.99442387587624, 359.99434570991434, 359.99434570991434, 359.9942813349189, 359.9942813349189, 359.9941991259111], "a_moves_left": [39, 39, 38, 38, 37, 37, 36, 36, 35, 35, 34, 34, 33, 33, 32, 32, 31, 31, 30, 30, 29, 29, 28, 28, 27, 27, 26, 26, 25, 25, 24, 24, 23, 23, 22, 22, 21, 21, 20, 20, 19, 19, 18, 18, 17, 17, 16, 16, 15, 15, 14, 14, 13, 13, 12, 12, 11, 11, 10, 10, 9, 9, 8, 8, 7, 7, 6, 6, 5, 5, 4, 4, 3, 3, 2, 2, 1, 1, 0, 0], "b_moves_left": [40, 39, 39, 38, 38, 37, 37, 36, 36, 35, 35, 34, 34, 33, 33, 32, 32, 31, 31, 30, 30, 29, 29, 28, 28, 27, 27, 26, 26, 25, 25, 24, 24, 23, 23, 22, 22, 21, 21, 20, 20, 19, 19, 18, 18, 17, 17, 16, 16, 15, 15, 14, 14, 13, 13, 12, 12, 11, 11, 10, 10, 9, 9, 8, 8, 7, 7, 6, 6, 5, 5, 4, 4, 3, 3, 2, 2, 1, 1, 0], "trapdoor_triggered": [0, 0, 0, 0, 0, 0, 0, 0, 0, 0, 0, 0, 0, 0, 0, 0, 0, 0, 0, 0, 0, 0, 0, 0, 0, 0, 0, 0, 0, 0, 0, 0, 0, 0, 0, 0, 0, 0, 0, 0, 0, 0, 0, 0, 0, 0, 0, 0, 0, 0, 0, 0, 0, 0, 0, 0, 0, 0, 0, 0, 0, 0, 0, 0, 0, 0, 0, 0, 0, 0, 0, 0, 0, 0, 0, 0, 0, 0, 0, 0], "left_behind": ["egg", "egg", "plain", "plain", "egg", "egg", "plain", "plain", "egg", "egg", "plain", "plain", "egg", "egg", "plain", "plain", "egg", "egg", "plain", "plain", "egg", "egg", "plain", "plain", "plain", "plain", "plain", "plain", "egg", "plain", "plain", "plain", "egg", "plain", "plain", "plain", "egg", "plain", "plain", "plain", "egg", "egg", "plain", "plain", "egg", "egg", "plain", "plain", "egg", "plain", "plain", "plain", "egg", "plain", "plain", "plain", "egg", "plain", "plain", "plain", "egg", "plain", "plain", "plain", "egg", "plain", "plain", "plain", "egg", "plain", "plain", "plain", "egg", "plain", "plain", "plain", "egg", "plain", "plain", "plain"], "errlog_a": "", "errlog_b": "", "start_time": 360, "start_moves": 40, "turn_count": 80, "result": 0, "reason": "EGGS_LAID", "trapdoors": [[4, 2], [4, 3]], "spawn_a": [0, 2], "spawn_b": [7, 2]}