{"pos": [[1, 4], [6, 4], [1, 3], [6, 3], [0, 3], [6, 2], [0, 2], [6, 1], [1, 2], [5, 1], [1, 1], [4, 1], [0, 1], [3, 1], [0, 0], [2, 1], [1, 0], [2, 0], [1, 1], [3, 0], [1, 0], [4, 0], [2, 0], [5, 0], [1, 0], [6, 0], [2, 0], [7, 0], [1, 0], [7, 1], [0, 0], [7, 2], [0, 1], [7, 3], [0, 2], [6, 3], [1, 2], [5, 3], [2, 2], [5, 2], [2, 3], [4, 2], [2, 4], [3, 2], [1, 4], [3, 1], [1, 5], [2, 1], [0, 5], [3, 1], [0, 6], [4, 1], [1, 6], [5, 1], [2, 6], [6, 1], [2, 5], [6, 2], [3, 5], [5, 2], [3, 6], [4, 2], [4, 6], [3, 2], [3, 6], [3, 3], [3, 7], [2, 3], [2, 7], [3, 3], [1, 7], [4, 3], [0, 7], [5, 3], [0, 6], [4, 3], [1, 6], [3, 3], [1, 5], [2, 3]], "a_eggs_laid": [1, 1, 1, 1, 2, 2, 2, 2, 3, 3, 3, 3, 4, 4, 4, 4, 7, 7, 7, 7, 7, 7, 7, 7, 8, 8, 8, 8, 8, 8, 8, 8, 8, 8, 8, 8, 8, 8, 8, 8, 9, 9, 9, 9, 10, 10, 10, 10, 11, 11, 11, 11, 12, 12, 12, 12, 13, 13, 13, 13, 14, 14, 14, 14, 15, 15, 15, 15, 16, 16, 16, 16, 17, 17, 17, 17, 17, 17, 17, 17], "b_eggs_laid": [0, 1, 1, 1, 1, 2, 2, 2, 2, 3, 3, 3, 3, 4, 4, 4, 4, 5, 5, 5, 5, 6, 6, 6, 6, 7, 7, 7, 7, 10, 10, 10, 10, 11, 11, 11, 11, 11, 11, 11, 11, 12, 12, 12, 12, 13, 13, 13, 13, 13, 13, 13, 13, 13, 13, 13, 13, 13, 13, 13, 13, 13, 13, 13, 13, 13, 13, 13, 13, 14, 14, 14, 14, 15, 15, 15, 15, 15, 15, 15], "a_turds_left": [5, 5, 5, 5, 5, 5, 5, 5, 5, 5, 5, 5, 5, 5, 5, 5, 5, 5, 5, 5, 5, 5, 5, 5, 5, 5, 5, 5, 5, 5, 5, 5, 5, 5, 5, 5, 5, 5, 5, 5, 5, 5, 5, 5, 5, 5, 5, 5, 5, 5, 5, 5, 5, 5, 5, 5, 5, 5, 5, 5, 5, 5, 5, 5, 5, 5, 5, 5, 5, 5, 5, 5, 5, 5, 5, 5, 5, 5, 5, 5], "b_turds_left": [5, 5, 5, 5, 5, 5, 5, 5, 5, 5, 5, 5, 5, 5, 5, 5, 5, 5, 5, 5, 5, 5, 5, 5, 5, 5, 5, 5, 5, 5, 5, 5, 5, 5, 5, 5, 5, 5, 5, 5, 5, 5, 5, 5, 5, 5, 5, 5, 5, 5, 5, 5, 5, 5, 5, 5, 5, 5, 5, 5, 5, 5, 5, 5, 5, 5, 5, 5, 5, 5, 5, 5, 5, 5, 5, 5, 5, 5, 5, 5], "a_time_left": [359.9984554160037, 359.9984554160037, 359.99647845700383, 359.99647845700383, 359.99521291500423, 359.99521291500423, 359.9949108309811, 359.9949108309811, 359.9939691220061, 359.9939691220061, 359.99259383097524, 359.99259383097524, 359.99135612300597, 359.99135612300597, 359.99105862301076, 359.99105862301076, 359.9907576650148, 359.9907576650148, 359.99050599802285, 359.99050599802285, 359.9902257480426, 359.9902257480426, 359.99010283104144, 359.99010283104144, 359.9900039980421, 359.9900039980421, 359.9898927890463, 359.9898927890463, 359.98980999703053, 359.98980999703053, 359.9897047050181, 359.9897047050181, 359.98961849696934, 359.98961849696934, 359.9895129139186, 359.9895129139186, 359.98941608093446, 359.98941608093446, 359.9892795399646, 359.9892795399646, 359.98916449793614, 359.98916449793614, 359.989056080929, 359.989056080929, 359.98893095593667, 359.98893095593667, 359.98882720590336, 359.98882720590336, 359.9887032888946, 359.9887032888946, 359.9885970799369, 359.9885970799369, 359.9884839549195, 359.9884839549195, 359.9883690379211, 359.9883690379211, 359.98823691293364, 359.98823691293364, 359.9881316209794, 359.9881316209794, 359.988001996011, 359.988001996011, 359.98788799601607, 359.98788799601607, 359.98776678799186, 359.98776678799186, 359.9876706630457, 359.9876706630457, 359.98757037107134, 359.98757037107134, 359.9874851211207, 359.9874851211207, 359.9873868711293, 359.9873868711293, 359.98730749613605, 359.98730749613605, 359.9872273711371, 359.9872273711371, 359.98710849613417, 359.98710849613417], "b_time_left": [360, 359.9998558749794, 359.9998558749794, 359.99954133300344, 359.99954133300344, 359.9993918330292, 359.9993918330292, 359.999028958031, 359.999028958031, 359.9986809170223, 359.9986809170223, 359.9983488750295, 359.9983488750295, 359.99817854200955, 359.99817854200955, 359.9978441260173, 359.9978441260173, 359.9975088760257, 359.9975088760257, 359.9972032510559, 359.9972032510559, 359.9970695010852, 359.9970695010852, 359.99677616806, 359.99677616806, 359.9966484600445, 359.9966484600445, 359.99654521007324, 359.99654521007324, 359.9964430850232, 359.9964430850232, 359.9963454180397, 359.9963454180397, 359.99624029302504, 359.99624029302504, 359.9961417519953, 359.9961417519953, 359.99603883497184, 359.99603883497184, 359.99592958495487, 359.99592958495487, 359.995812834939, 359.995812834939, 359.9957100849715, 359.9957100849715, 359.9955993349431, 359.9955993349431, 359.9954996689921, 359.9954996689921, 359.9954306689906, 359.9954306689906, 359.9953343360103, 359.9953343360103, 359.9952410029946, 359.9952410029946, 359.9951408369816, 359.9951408369816, 359.99505400296766, 359.99505400296766, 359.9949555439525, 359.9949555439525, 359.9948638359201, 359.9948638359201, 359.9947598769213, 359.9947598769213, 359.99467146093957, 359.99467146093957, 359.99456750194076, 359.99456750194076, 359.9944912099163, 359.9944912099163, 359.99439604388317, 359.99439604388317, 359.9942926688818, 359.9942926688818, 359.99420737690525, 359.99420737690525, 359.9941315429169, 359.9941315429169, 359.994044833933], "a_moves_left": [39, 39, 38, 38, 37, 37, 36, 36, 35, 35, 34, 34, 33, 33, 32, 32, 31, 31, 30, 30, 29, 29, 28, 28, 27, 27, 26, 26, 25, 25, 24, 24, 23, 23, 22, 22, 21, 21, 20, 20, 19, 19, 18, 18, 17, 17, 16, 16, 15, 15, 14, 14, 13, 13, 12, 12, 11, 11, 10, 10, 9, 9, 8, 8, 7, 7, 6, 6, 5, 5, 4, 4, 3, 3, 2, 2, 1, 1, 0, 0], "b_moves_left": [40, 39, 39, 38, 38, 37, 37, 36, 36, 35, 35, 34, 34, 33, 33, 32, 32, 31, 31, 30, 30, 29, 29, 28, 28, 27, 27, 26, 26, 25, 25, 24, 24, 23, 23, 22, 22, 21, 21, 20, 20, 19, 19, 18, 18, 17, 17, 16, 16, 15, 15, 14, 14, 13, 13, 12, 12, 11, 11, 10, 10, 9, 9, 8, 8, 7, 7, 6, 6, 5, 5, 4, 4, 3, 3, 2, 2, 1, 1, 0], "trapdoor_triggered": [0, 0, 0, 0, 0, 0, 0, 0, 0, 0, 0, 0, 0, 0, 0, 0, 0, 0, 0, 0, 0, 0, 0, 0, 0, 0, 0, 0, 0, 0, 0, 0, 0, 0, 0, 0, 0, 0, 0, 0, 0, 0, 0, 0, 0, 0, 0, 0, 0, 0, 0, 0, 0, 0, 0, 0, 0, 0, 0, 0, 0, 0, 0, 0, 0, 0, 0, 0, 0, 0, 0, 0, 0, 0, 0, 0, 0, 0, 0, 0], "left_behind": ["egg", "egg", "plain", "plain", "egg", "egg", "plain", "plain", "egg", "egg", "plain", "plain", "egg", "egg", "plain", "plain", "egg", "egg", "plain", "plain", "plain", "egg", "plain", "plain", "egg", "egg", "plain", "plain", "plain", "egg", "plain", "plain", "plain", "egg", "plain", "plain", "plain", "plain", "plain", "plain", "egg", "egg", "plain", "plain", "egg", "egg", "plain", "plain", "egg", "plain", "plain", "plain", "egg", "plain", "plain", "plain", "egg", "plain", "plain", "plain", "egg", "plain", "plain", "plain", "egg", "plain", "plain", "plain", "egg", "egg", "plain", "plain", "egg", "egg", "plain", "plain", "plain", "plain", "plain", "plain"], "errlog_a": "", "errlog_b": "", "start_time": 360, "start_moves": 40, "turn_count": 80, "result": 0, "reason": "EGGS_LAID", "trapdoors": [[4, 4], [4, 5]], "spawn_a": [0, 4], "spawn_b": [7, 4]}