{"pos": [[1, 2], [6, 2], [1, 1], [6, 3], [0, 1], [6, 4], [0, 0], [5, 4], [1, 0], [4, 4], [2, 0], [4, 5], [2, 1], [3, 5], [3, 1], [3, 6], [3, 0], [2, 6], [4, 0], [2, 7], [4, 1], [1, 7], [3, 1], [1, 6], [3, 2], [1, 5], [2, 2], [1, 4], [2, 3], [1, 3], [2, 4], [1, 2], [2, 3], [1, 3], [3, 3], [0, 3], [3, 2], [0, 4], [2, 2], [0, 5], [2, 1], [0, 6], [1, 1], [0, 7], [1, 0], [0, 6], [0, 0], [0, 5], [0, 1], [0, 4], [0, 2], [1, 4], [0, 1], [1, 5], [1, 1], [1, 6], [2, 1], [2, 6], [2, 0], [3, 6], [3, 0], [4, 6], [4, 0], [5, 6], [5, 0], [5, 5], [5, 1], [6, 5], [4, 1], [7, 5], [4, 2], [7, 4], [4, 1], [7, 3], [5, 1], [7, 2], [5, 0], [7, 1], [6, 0], [7, 0]], "a_eggs_laid": [1, 1, 1, 1, 2, 2, 2, 2, 5, 5, 5, 5, 6, 6, 6, 6, 7, 7, 7, 7, 8, 8, 8, 8, 8, 8, 8, 8, 9, 9, 9, 9, 10, 10, 10, 10, 11, 11, 11, 11, 11, 11, 11, 11, 11, 11, 11, 11, 11, 11, 11, 11, 11, 11, 11, 11, 11, 11, 11, 11, 11, 11, 11, 11, 11, 11, 11, 11, 12, 12, 12, 12, 13, 13, 13, 13, 13, 13, 13, 13], "b_eggs_laid": [0, 1, 1, 1, 1, 2, 2, 2, 2, 3, 3, 3, 3, 4, 4, 4, 4, 5, 5, 5, 5, 6, 6, 6, 6, 7, 7, 7, 7, 8, 8, 8, 8, 9, 9, 9, 9, 10, 10, 10, 10, 11, 11, 11, 11, 14, 14, 14, 14, 14, 14, 14, 14, 14, 14, 14, 14, 14, 14, 14, 14, 14, 14, 14, 14, 15, 15, 15, 15, 16, 16, 16, 16, 17, 17, 17, 17, 17, 17, 17], "a_turds_left": [5, 5, 5, 5, 5, 5, 5, 5, 5, 5, 5, 5, 5, 5, 5, 5, 5, 5, 5, 5, 5, 5, 5, 5, 5, 5, 5, 5, 5, 5, 5, 5, 5, 5, 5, 5, 5, 5, 5, 5, 5, 5, 5, 5, 5, 5, 5, 5, 5, 5, 5, 5, 5, 5, 5, 5, 5, 5, 5, 5, 5, 5, 5, 5, 5, 5, 5, 5, 5, 5, 5, 5, 5, 5, 5, 5, 5, 5, 5, 5], "b_turds_left": [5, 5, 5, 4, 4, 4, 4, 3, 3, 3, 3, 2, 2, 2, 2, 1, 1, 1, 1, 0, 0, 0, 0, 0, 0, 0, 0, 0, 0, 0, 0, 0, 0, 0, 0, 0, 0, 0, 0, 0, 0, 0, 0, 0, 0, 0, 0, 0, 0, 0, 0, 0, 0, 0, 0, 0, 0, 0, 0, 0, 0, 0, 0, 0, 0, 0, 0, 0, 0, 0, 0, 0, 0, 0, 0, 0, 0, 0, 0, 0], "a_time_left": [359.996191040962, 359.996191040962, 359.9943888739799, 359.9943888739799, 359.991117706988, 359.991117706988, 359.99025570694357, 359.99025570694357, 359.9885178739787, 359.9885178739787, 359.98770637396956, 359.98770637396956, 359.9866589989397, 359.9866589989397, 359.98633387393784, 359.98633387393784, 359.98617649893276, 359.98617649893276, 359.98605916497763, 359.98605916497763, 359.98592253995594, 359.98592253995594, 359.98580378992483, 359.98580378992483, 359.98571045690915, 359.98571045690915, 359.98561158188386, 359.98561158188386, 359.985494623892, 359.985494623892, 359.98541691486025, 359.98541691486025, 359.9853214568575, 359.9853214568575, 359.98525241488824, 359.98525241488824, 359.985161455872, 359.985161455872, 359.9850690388703, 359.9850690388703, 359.9849923308939, 359.9849923308939, 359.984901872871, 359.984901872871, 359.9848240808351, 359.9848240808351, 359.98473645583726, 359.98473645583726, 359.9846714558662, 359.9846714558662, 359.98459320585243, 359.98459320585243, 359.98453233088367, 359.98453233088367, 359.98444353888044, 359.98444353888044, 359.98436370585114, 359.98436370585114, 359.984273414826, 359.984273414826, 359.98419849784113, 359.98419849784113, 359.9841183728422, 359.9841183728422, 359.98404591483995, 359.98404591483995, 359.9839644978638, 359.9839644978638, 359.9838798728306, 359.9838798728306, 359.98378808185225, 359.98378808185225, 359.98370099882595, 359.98370099882595, 359.9836125828442, 359.9836125828442, 359.9835414577974, 359.9835414577974, 359.9834635418374, 359.9834635418374], "b_time_left": [360, 359.9969856669777, 359.9969856669777, 359.9952436669846, 359.9952436669846, 359.99283858394483, 359.99283858394483, 359.9912071248982, 359.9912071248982, 359.98887387488503, 359.98887387488503, 359.9872026248486, 359.9872026248486, 359.9849432078772, 359.9849432078772, 359.9843022908317, 359.9843022908317, 359.9821512498311, 359.9821512498311, 359.98155720881186, 359.98155720881186, 359.9811557508074, 359.9811557508074, 359.9809347508126, 359.9809347508126, 359.9805323338369, 359.9805323338369, 359.9803207088262, 359.9803207088262, 359.98023958381964, 359.98023958381964, 359.9801797088585, 359.9801797088585, 359.9801266678842, 359.9801266678842, 359.9800699179177, 359.9800699179177, 359.9800045019365, 359.9800045019365, 359.9799519178923, 359.9799519178923, 359.9798835008987, 359.9798835008987, 359.9798244598787, 359.9798244598787, 359.9797569189104, 359.9797569189104, 359.9797045439482, 359.9797045439482, 359.97964745992795, 359.97964745992795, 359.9795936689479, 359.9795936689479, 359.97953154396964, 359.97953154396964, 359.9794757529744, 359.9794757529744, 359.97940921096597, 359.97940921096597, 359.9793536699726, 359.9793536699726, 359.9792900030152, 359.9792900030152, 359.9792302529677, 359.9792302529677, 359.9791543359752, 359.9791543359752, 359.97909987694584, 359.97909987694584, 359.9790235859109, 359.9790235859109, 359.9789725858718, 359.9789725858718, 359.9789085018565, 359.9789085018565, 359.9788598768064, 359.9788598768064, 359.9788050018251, 359.9788050018251, 359.97875462681986], "a_moves_left": [39, 39, 38, 38, 37, 37, 36, 36, 35, 35, 34, 34, 33, 33, 32, 32, 31, 31, 30, 30, 29, 29, 28, 28, 27, 27, 26, 26, 25, 25, 24, 24, 23, 23, 22, 22, 21, 21, 20, 20, 19, 19, 18, 18, 17, 17, 16, 16, 15, 15, 14, 14, 13, 13, 12, 12, 11, 11, 10, 10, 9, 9, 8, 8, 7, 7, 6, 6, 5, 5, 4, 4, 3, 3, 2, 2, 1, 1, 0, 0], "b_moves_left": [40, 39, 39, 38, 38, 37, 37, 36, 36, 35, 35, 34, 34, 33, 33, 32, 32, 31, 31, 30, 30, 29, 29, 28, 28, 27, 27, 26, 26, 25, 25, 24, 24, 23, 23, 22, 22, 21, 21, 20, 20, 19, 19, 18, 18, 17, 17, 16, 16, 15, 15, 14, 14, 13, 13, 12, 12, 11, 11, 10, 10, 9, 9, 8, 8, 7, 7, 6, 6, 5, 5, 4, 4, 3, 3, 2, 2, 1, 1, 0], "trapdoor_triggered": [0, 0, 0, 0, 0, 0, 0, 0, 0, 0, 0, 0, 0, 0, 0, 0, 0, 0, 0, 0, 0, 0, 0, 0, 0, 0, 0, 0, 0, 0, 0, 0, 0, 0, 0, 0, 0, 0, 0, 0, 0, 0, 0, 0, 0, 0, 0, 0, 0, 0, 0, 0, 0, 0, 0, 0, 0, 0, 0, 0, 0, 0, 0, 0, 0, 0, 0, 0, 0, 0, 0, 0, 0, 0, 0, 0, 0, 0, 0, 0], "left_behind": ["egg", "egg", "plain", "turd", "egg", "egg", "plain", "turd", "egg", "egg", "plain", "turd", "egg", "egg", "plain", "turd", "egg", "egg", "plain", "turd", "egg", "egg", "plain", "plain", "plain", "egg", "plain", "plain", "egg", "egg", "plain", "plain", "egg", "egg", "plain", "plain", "egg", "egg", "plain", "plain", "plain", "egg", "plain", "plain", "plain", "egg", "plain", "plain", "plain", "plain", "plain", "plain", "plain", "plain", "plain", "plain", "plain", "plain", "plain", "plain", "plain", "plain", "plain", "plain", "plain", "egg", "plain", "plain", "egg", "egg", "plain", "plain", "egg", "egg", "plain", "plain", "plain", "plain", "plain", "plain"], "errlog_a": "", "errlog_b": "", "start_time": 360, "start_moves": 40, "turn_count": 80, "result": 1, "reason": "EGGS_LAID", "trapdoors": [[5, 3], [2, 5]], "spawn_a": [0, 2], "spawn_b": [7, 2]}