{"pos": [[6, 1], [1, 1], [5, 1], [2, 1], [5, 0], [3, 1], [4, 0], [2, 1], [5, 0], [2, 2], [6, 0], [1, 2], [7, 0], [1, 3], [6, 0], [1, 4], [6, 1], [1, 5], [6, 2], [2, 5], [6, 3], [2, 6], [7, 3], [3, 6], [7, 2], [3, 7], [6, 2], [4, 7], [5, 2], [4, 6], [5, 3], [4, 5], [5, 4], [3, 5], [6, 4], [3, 4], [6, 5], [2, 4], [7, 5], [2, 3], [7, 4], [2, 2], [6, 4], [2, 3], [6, 3], [2, 4], [5, 3], [3, 4], [4, 3], [3, 5], [4, 2], [4, 5], [4, 3], [5, 5], [4, 2], [5, 4], [5, 2], [4, 4], [5, 1], [4, 3], [5, 2], [4, 4], [5, 3], [4, 3], [6, 3], [4, 4], [7, 3], [5, 4], [7, 4], [5, 5], [7, 5], [5, 6], [7, 6], [6, 6], [7, 7], [6, 5], [6, 7], [6, 6], [5, 7], [7, 6]], "a_eggs_laid": [1, 1, 1, 1, 2, 2, 2, 2, 3, 3, 3, 3, 4, 4, 4, 4, 4, 4, 4, 4, 5, 5, 5, 5, 6, 6, 6, 6, 6, 6, 6, 6, 7, 7, 7, 7, 8, 8, 8, 8, 9, 9, 9, 9, 9, 9, 9, 9, 9, 9, 9, 9, 10, 10, 10, 10, 10, 10, 10, 10, 10, 10, 10, 10, 10, 10, 10, 10, 10, 10, 10, 10, 10, 10, 10, 10, 13, 13, 13, 13], "b_eggs_laid": [0, 1, 1, 1, 1, 2, 2, 2, 2, 2, 2, 2, 2, 3, 3, 3, 3, 4, 4, 4, 4, 5, 5, 5, 5, 6, 6, 6, 6, 7, 7, 7, 7, 8, 8, 8, 8, 9, 9, 9, 9, 10, 10, 10, 10, 10, 10, 10, 10, 10, 10, 10, 10, 10, 10, 10, 10, 11, 11, 11, 11, 12, 12, 12, 12, 12, 12, 12, 12, 12, 12, 12, 12, 13, 13, 13, 13, 14, 14, 14], "a_turds_left": [5, 5, 5, 5, 5, 5, 5, 5, 5, 5, 5, 5, 5, 5, 5, 5, 5, 5, 5, 5, 5, 5, 5, 5, 5, 5, 5, 5, 5, 5, 5, 5, 5, 5, 5, 5, 5, 5, 5, 5, 5, 5, 5, 5, 5, 5, 5, 5, 5, 5, 5, 5, 5, 5, 5, 5, 5, 5, 5, 5, 5, 5, 5, 5, 5, 5, 5, 5, 5, 5, 5, 5, 5, 5, 5, 5, 5, 5, 5, 5], "b_turds_left": [5, 5, 5, 4, 4, 4, 4, 3, 3, 3, 3, 2, 2, 2, 2, 1, 1, 1, 1, 0, 0, 0, 0, 0, 0, 0, 0, 0, 0, 0, 0, 0, 0, 0, 0, 0, 0, 0, 0, 0, 0, 0, 0, 0, 0, 0, 0, 0, 0, 0, 0, 0, 0, 0, 0, 0, 0, 0, 0, 0, 0, 0, 0, 0, 0, 0, 0, 0, 0, 0, 0, 0, 0, 0, 0, 0, 0, 0, 0, 0], "a_time_left": [359.9962532920181, 359.9962532920181, 359.99442704202374, 359.99442704202374, 359.991215749993, 359.991215749993, 359.9906929169665, 359.9906929169665, 359.98963333299616, 359.98963333299616, 359.9888769580284, 359.9888769580284, 359.98643520800397, 359.98643520800397, 359.98619500000495, 359.98619500000495, 359.98570987500716, 359.98570987500716, 359.98539595800685, 359.98539595800685, 359.98505233298056, 359.98505233298056, 359.98475612397306, 359.98475612397306, 359.9846171239624, 359.9846171239624, 359.9845160819241, 359.9845160819241, 359.9844202489476, 359.9844202489476, 359.9843169579399, 359.9843169579399, 359.98419137491146, 359.98419137491146, 359.9840935828979, 359.9840935828979, 359.9839811249403, 359.9839811249403, 359.9838814579416, 359.9838814579416, 359.9837779169902, 359.9837779169902, 359.98368912603473, 359.98368912603473, 359.9835964180529, 359.9835964180529, 359.98349304305157, 359.98349304305157, 359.98339696007315, 359.98339696007315, 359.9832973770681, 359.9832973770681, 359.9832012100378, 359.9832012100378, 359.98310600203695, 359.98310600203695, 359.9830348350224, 359.9830348350224, 359.9829457520391, 359.9829457520391, 359.98286771104904, 359.98286771104904, 359.9827761690831, 359.9827761690831, 359.9827094611246, 359.9827094611246, 359.98261742008617, 359.98261742008617, 359.9825459201238, 359.9825459201238, 359.9824685031781, 359.9824685031781, 359.98239629517775, 359.98239629517775, 359.9823326281621, 359.9823326281621, 359.9822561701876, 359.9822561701876, 359.9821876701899, 359.9821876701899], "b_time_left": [360, 359.99707720801234, 359.99707720801234, 359.99541458301246, 359.99541458301246, 359.9932378329686, 359.9932378329686, 359.99178283300716, 359.99178283300716, 359.9910341250361, 359.9910341250361, 359.98958991706604, 359.98958991706604, 359.9879940840183, 359.9879940840183, 359.9865694590262, 359.9865694590262, 359.98456391703803, 359.98456391703803, 359.9831137500587, 359.9831137500587, 359.98176945809973, 359.98176945809973, 359.981064166117, 359.981064166117, 359.9805287080817, 359.9805287080817, 359.98029254208086, 359.98029254208086, 359.9799356671283, 359.9799356671283, 359.9798588761478, 359.9798588761478, 359.97977000119863, 359.97977000119863, 359.97970137617085, 359.97970137617085, 359.9796096261707, 359.9796096261707, 359.979549084208, 359.979549084208, 359.97946054220665, 359.97946054220665, 359.97939766716445, 359.97939766716445, 359.97933312517125, 359.97933312517125, 359.97927466616966, 359.97927466616966, 359.9792051661643, 359.9792051661643, 359.9791464571608, 359.9791464571608, 359.979085665138, 359.979085665138, 359.97902345715556, 359.97902345715556, 359.97896224912256, 359.97896224912256, 359.9789021661272, 359.9789021661272, 359.9788363331463, 359.9788363331463, 359.97877470817184, 359.97877470817184, 359.97872108320007, 359.97872108320007, 359.9786657492514, 359.9786657492514, 359.9786118742777, 359.9786118742777, 359.97855224926025, 359.97855224926025, 359.97847416525474, 359.97847416525474, 359.97841570625314, 359.97841570625314, 359.97835483122617, 359.97835483122617, 359.97830016422085], "a_moves_left": [39, 39, 38, 38, 37, 37, 36, 36, 35, 35, 34, 34, 33, 33, 32, 32, 31, 31, 30, 30, 29, 29, 28, 28, 27, 27, 26, 26, 25, 25, 24, 24, 23, 23, 22, 22, 21, 21, 20, 20, 19, 19, 18, 18, 17, 17, 16, 16, 15, 15, 14, 14, 13, 13, 12, 12, 11, 11, 10, 10, 9, 9, 8, 8, 7, 7, 6, 6, 5, 5, 4, 4, 3, 3, 2, 2, 1, 1, 0, 0], "b_moves_left": [40, 39, 39, 38, 38, 37, 37, 36, 36, 35, 35, 34, 34, 33, 33, 32, 32, 31, 31, 30, 30, 29, 29, 28, 28, 27, 27, 26, 26, 25, 25, 24, 24, 23, 23, 22, 22, 21, 21, 20, 20, 19, 19, 18, 18, 17, 17, 16, 16, 15, 15, 14, 14, 13, 13, 12, 12, 11, 11, 10, 10, 9, 9, 8, 8, 7, 7, 6, 6, 5, 5, 4, 4, 3, 3, 2, 2, 1, 1, 0], "trapdoor_triggered": [0, 0, 0, 0, 0, 0, 0, 0, 0, 0, 0, 0, 0, 0, 0, 0, 0, 0, 0, 0, 0, 0, 0, 0, 0, 0, 0, 0, 0, 0, 0, 0, 0, 0, 0, 0, 0, 0, 0, 0, 0, 0, 0, 0, 0, 0, 0, 0, 0, 0, 0, 0, 0, 0, 0, 0, 0, 0, 0, 0, 0, 0, 0, 0, 0, 0, 0, 0, 0, 0, 0, 0, 0, 0, 0, 0, 0, 0, 0, 0], "left_behind": ["egg", "egg", "plain", "turd", "egg", "egg", "plain", "turd", "egg", "plain", "plain", "turd", "egg", "egg", "plain", "turd", "plain", "egg", "plain", "turd", "egg", "egg", "plain", "plain", "egg", "egg", "plain", "plain", "plain", "egg", "plain", "plain", "egg", "egg", "plain", "plain", "egg", "egg", "plain", "plain", "egg", "egg", "plain", "plain", "plain", "plain", "plain", "plain", "plain", "plain", "plain", "plain", "egg", "plain", "plain", "plain", "plain", "egg", "plain", "plain", "plain", "egg", "plain", "plain", "plain", "plain", "plain", "plain", "plain", "plain", "plain", "plain", "plain", "egg", "plain", "plain", "egg", "egg", "plain", "plain"], "errlog_a": "", "errlog_b": "", "start_time": 360, "start_moves": 40, "turn_count": 80, "result": 1, "reason": "EGGS_LAID", "trapdoors": [[3, 3], [3, 2]], "spawn_a": [7, 1], "spawn_b": [0, 1]}