{"pos": [[1, 4], [6, 4], [1, 3], [6, 3], [1, 4], [6, 2], [1, 5], [6, 1], [2, 5], [5, 1], [2, 4], [4, 1], [3, 4], [5, 1], [4, 4], [5, 2], [4, 3], [5, 3], [4, 2], [5, 4], [3, 2], [5, 5], [3, 1], [6, 5], [2, 1], [6, 6], [2, 2], [5, 6], [1, 2], [4, 6], [1, 1], [3, 6], [1, 0], [3, 5], [2, 0], [4, 5], [3, 0], [5, 5], [4, 0], [6, 5], [5, 0], [7, 5], [5, 1], [7, 6], [5, 0], [7, 7], [6, 0], [6, 7], [7, 0], [5, 7], [7, 1], [4, 7], [7, 2], [3, 7], [6, 2], [2, 7], [7, 2], [2, 6], [7, 3], [1, 6], [7, 2], [1, 7], [6, 2], [0, 7], [7, 2], [0, 6], [7, 1], [0, 5], [7, 0], [0, 6], [6, 0], [1, 6], [7, 0], [2, 6], [7, 1], [3, 6], [7, 0], [3, 5], [6, 0], [2, 5]], "a_eggs_laid": [1, 1, 1, 1, 2, 2, 2, 2, 3, 3, 3, 3, 4, 4, 4, 4, 5, 5, 5, 5, 6, 6, 6, 6, 7, 7, 7, 7, 8, 8, 8, 8, 9, 9, 9, 9, 10, 10, 10, 10, 11, 11, 11, 11, 12, 12, 12, 12, 13, 13, 13, 13, 14, 14, 14, 14, 15, 15, 15, 15, 16, 16, 16, 16, 16, 16, 16, 16, 16, 16, 16, 16, 16, 16, 16, 16, 16, 16, 16, 16], "b_eggs_laid": [0, 1, 1, 1, 1, 2, 2, 2, 2, 3, 3, 3, 3, 4, 4, 4, 4, 5, 5, 5, 5, 6, 6, 6, 6, 7, 7, 7, 7, 8, 8, 8, 8, 9, 9, 9, 9, 10, 10, 10, 10, 10, 10, 10, 10, 11, 11, 11, 11, 12, 12, 12, 12, 13, 13, 13, 13, 14, 14, 14, 14, 15, 15, 15, 15, 18, 18, 18, 18, 19, 19, 19, 19, 19, 19, 19, 19, 19, 19, 19], "a_turds_left": [5, 5, 5, 5, 5, 5, 5, 5, 5, 5, 5, 5, 5, 5, 5, 5, 5, 5, 5, 5, 5, 5, 5, 5, 5, 5, 5, 5, 5, 5, 5, 5, 5, 5, 5, 5, 5, 5, 5, 5, 5, 5, 5, 5, 5, 5, 5, 5, 5, 5, 5, 5, 5, 5, 5, 5, 5, 5, 5, 5, 5, 5, 5, 5, 5, 5, 5, 5, 5, 5, 5, 5, 5, 5, 5, 5, 5, 5, 5, 5], "b_turds_left": [5, 5, 5, 5, 5, 5, 5, 5, 5, 5, 5, 5, 5, 5, 5, 5, 5, 5, 5, 5, 5, 5, 5, 5, 5, 5, 5, 5, 5, 5, 5, 5, 5, 5, 5, 5, 5, 5, 5, 5, 5, 5, 5, 5, 5, 5, 5, 5, 5, 5, 5, 5, 5, 5, 5, 5, 5, 5, 5, 5, 5, 5, 5, 5, 5, 5, 5, 5, 5, 5, 5, 5, 5, 5, 5, 5, 5, 5, 5, 5], "a_time_left": [359.99633329198696, 359.99633329198696, 359.99447549995966, 359.99447549995966, 359.99162045901176, 359.99162045901176, 359.99034325103275, 359.99034325103275, 359.9871204600786, 359.9871204600786, 359.98528650111984, 359.98528650111984, 359.98201408510795, 359.98201408510795, 359.9813342100824, 359.9813342100824, 359.9812177520944, 359.9812177520944, 359.9811539190705, 359.9811539190705, 359.98088854405796, 359.98088854405796, 359.98079221107764, 359.98079221107764, 359.9806973360828, 359.9806973360828, 359.9804556280724, 359.9804556280724, 359.98034837807063, 359.98034837807063, 359.98026521108113, 359.98026521108113, 359.98016487807035, 359.98016487807035, 359.9800939611159, 359.9800939611159, 359.98000600311207, 359.98000600311207, 359.97993092011893, 359.97993092011893, 359.9798605031101, 359.9798605031101, 359.979787920136, 359.979787920136, 359.97973008611007, 359.97973008611007, 359.9796594201471, 359.9796594201471, 359.97958442015806, 359.97958442015806, 359.97951400314923, 359.97951400314923, 359.97944058617577, 359.97944058617577, 359.979366878164, 359.979366878164, 359.97930671216454, 359.97930671216454, 359.97923229512526, 359.97923229512526, 359.9791760451044, 359.9791760451044, 359.9791102531017, 359.9791102531017, 359.9790559611283, 359.9790559611283, 359.97898437810363, 359.97898437810363, 359.9789265030995, 359.9789265030995, 359.9788682531216, 359.9788682531216, 359.97880975314183, 359.97880975314183, 359.97874296212103, 359.97874296212103, 359.9786874621059, 359.9786874621059, 359.9786100460915, 359.9786100460915], "b_time_left": [360, 359.9996471659979, 359.9996471659979, 359.99935170804383, 359.99935170804383, 359.99896191607695, 359.99896191607695, 359.99865608208347, 359.99865608208347, 359.99822941608727, 359.99822941608727, 359.9979081241181, 359.9979081241181, 359.99756483209785, 359.99756483209785, 359.9974396241014, 359.9974396241014, 359.997303290118, 359.997303290118, 359.99718854011735, 359.99718854011735, 359.99707633210346, 359.99707633210346, 359.9969700821093, 359.9969700821093, 359.99684554111445, 359.99684554111445, 359.99674462509574, 359.99674462509574, 359.9966185420635, 359.9966185420635, 359.9965193750686, 359.9965193750686, 359.9964060000493, 359.9964060000493, 359.99630762502784, 359.99630762502784, 359.9961990410229, 359.9961990410229, 359.99611329101026, 359.99611329101026, 359.99603362497874, 359.99603362497874, 359.99595970794326, 359.99595970794326, 359.9958693739609, 359.9958693739609, 359.995801706973, 359.995801706973, 359.9957092899713, 359.9957092899713, 359.995630122954, 359.995630122954, 359.99554483091924, 359.99554483091924, 359.9954685809207, 359.9954685809207, 359.9953782898956, 359.9953782898956, 359.99529816489667, 359.99529816489667, 359.9952097898931, 359.9952097898931, 359.995132872893, 359.995132872893, 359.9950619568699, 359.9950619568699, 359.9949869989068, 359.9949869989068, 359.99492708191974, 359.99492708191974, 359.99485453992384, 359.99485453992384, 359.9947869149619, 359.9947869149619, 359.9947049979237, 359.9947049979237, 359.99462941492675, 359.99462941492675, 359.9945451649255], "a_moves_left": [39, 39, 38, 38, 37, 37, 36, 36, 35, 35, 34, 34, 33, 33, 32, 32, 31, 31, 30, 30, 29, 29, 28, 28, 27, 27, 26, 26, 25, 25, 24, 24, 23, 23, 22, 22, 21, 21, 20, 20, 19, 19, 18, 18, 17, 17, 16, 16, 15, 15, 14, 14, 13, 13, 12, 12, 11, 11, 10, 10, 9, 9, 8, 8, 7, 7, 6, 6, 5, 5, 4, 4, 3, 3, 2, 2, 1, 1, 0, 0], "b_moves_left": [40, 39, 39, 38, 38, 37, 37, 36, 36, 35, 35, 34, 34, 33, 33, 32, 32, 31, 31, 30, 30, 29, 29, 28, 28, 27, 27, 26, 26, 25, 25, 24, 24, 23, 23, 22, 22, 21, 21, 20, 20, 19, 19, 18, 18, 17, 17, 16, 16, 15, 15, 14, 14, 13, 13, 12, 12, 11, 11, 10, 10, 9, 9, 8, 8, 7, 7, 6, 6, 5, 5, 4, 4, 3, 3, 2, 2, 1, 1, 0], "trapdoor_triggered": [0, 0, 0, 0, 0, 0, 0, 0, 0, 0, 0, 0, 0, 0, 0, 0, 0, 0, 0, 0, 0, 0, 0, 0, 0, 0, 0, 0, 0, 0, 0, 0, 0, 0, 0, 0, 0, 0, 0, 0, 0, 0, 0, 0, 0, 0, 0, 0, 0, 0, 0, 0, 0, 0, 0, 0, 0, 0, 0, 0, 0, 0, 0, 0, 0, 0, 0, 0, 0, 0, 0, 0, 0, 0, 0, 0, 0, 0, 0, 0], "left_behind": ["egg", "egg", "plain", "plain", "egg", "egg", "plain", "plain", "egg", "egg", "plain", "plain", "egg", "egg", "plain", "plain", "egg", "egg", "plain", "plain", "egg", "egg", "plain", "plain", "egg", "egg", "plain", "plain", "egg", "egg", "plain", "plain", "egg", "egg", "plain", "plain", "egg", "egg", "plain", "plain", "egg", "plain", "plain", "plain", "egg", "egg", "plain", "plain", "egg", "egg", "plain", "plain", "egg", "egg", "plain", "plain", "egg", "egg", "plain", "plain", "egg", "egg", "plain", "plain", "plain", "egg", "plain", "plain", "plain", "egg", "plain", "plain", "plain", "plain", "plain", "plain", "plain", "plain", "plain", "plain"], "errlog_a": "", "errlog_b": "", "start_time": 360, "start_moves": 40, "turn_count": 80, "result": 1, "reason": "EGGS_LAID", "trapdoors": [[3, 3], [2, 3]], "spawn_a": [0, 4], "spawn_b": [7, 4]}