{"pos": [[1, 4], [6, 4], [1, 3], [6, 3], [0, 3], [6, 2], [0, 2], [6, 1], [0, 1], [5, 1], [1, 1], [4, 1], [2, 1], [3, 1], [2, 0], [2, 1], [3, 0], [3, 1], [4, 0], [3, 0], [5, 0], [3, 1], [5, 1], [3, 2], [5, 2], [4, 2], [6, 2], [5, 2], [7, 2], [5, 3], [7, 3], [4, 3], [7, 2], [4, 2], [7, 1], [4, 1], [7, 0], [4, 2], [6, 0], [5, 2], [7, 0], [5, 3], [7, 1], [5, 4], [7, 2], [4, 4], [6, 2], [4, 3], [7, 2], [3, 3], [7, 3], [3, 2], [7, 2], [2, 2], [6, 2], [1, 2], [7, 2], [2, 2], [7, 1], [2, 3], [7, 0], [3, 3], [6, 0], [3, 4], [5, 0], [4, 4], [5, 1], [5, 4], [5, 0], [6, 4], [4, 0], [6, 5], [5, 0], [6, 6], [5, 1], [5, 6], [5, 0], [4, 6], [6, 0], [3, 6]], "a_eggs_laid": [1, 1, 1, 1, 2, 2, 2, 2, 3, 3, 3, 3, 4, 4, 4, 4, 5, 5, 5, 5, 6, 6, 6, 6, 7, 7, 7, 7, 8, 8, 8, 8, 9, 9, 9, 9, 10, 10, 10, 10, 11, 11, 11, 11, 11, 11, 11, 11, 11, 11, 11, 11, 11, 11, 11, 11, 11, 11, 11, 11, 11, 11, 11, 11, 11, 11, 11, 11, 11, 11, 11, 11, 11, 11, 11, 11, 11, 11, 11, 11], "b_eggs_laid": [0, 1, 1, 1, 1, 2, 2, 2, 2, 3, 3, 3, 3, 4, 4, 4, 4, 5, 5, 5, 5, 6, 6, 6, 6, 7, 7, 7, 7, 8, 8, 8, 8, 9, 9, 9, 9, 9, 9, 9, 9, 9, 9, 9, 9, 10, 10, 10, 10, 10, 10, 10, 10, 10, 10, 10, 10, 11, 11, 11, 11, 12, 12, 12, 12, 13, 13, 13, 13, 13, 13, 13, 13, 14, 14, 14, 14, 15, 15, 15], "a_turds_left": [5, 5, 5, 5, 5, 5, 5, 5, 5, 5, 5, 5, 5, 5, 5, 5, 5, 5, 5, 5, 5, 5, 5, 5, 5, 5, 5, 5, 5, 5, 5, 5, 5, 5, 5, 5, 5, 5, 5, 5, 5, 5, 5, 5, 5, 5, 5, 5, 5, 5, 5, 5, 5, 5, 5, 5, 5, 5, 5, 5, 5, 5, 5, 5, 5, 5, 5, 5, 5, 5, 5, 5, 5, 5, 5, 5, 5, 5, 5, 5], "b_turds_left": [5, 5, 5, 5, 5, 5, 5, 5, 5, 5, 5, 5, 5, 5, 5, 5, 5, 5, 5, 5, 5, 5, 5, 5, 5, 5, 5, 5, 5, 5, 5, 5, 5, 5, 5, 5, 5, 5, 5, 5, 5, 5, 5, 5, 5, 5, 5, 5, 5, 5, 5, 5, 5, 5, 5, 5, 5, 5, 5, 5, 5, 5, 5, 5, 5, 5, 5, 5, 5, 5, 5, 5, 5, 5, 5, 5, 5, 5, 5, 5], "a_time_left": [359.9961661249981, 359.9961661249981, 359.9942796250107, 359.9942796250107, 359.99098037497606, 359.99098037497606, 359.9902315000072, 359.9902315000072, 359.9878152500023, 359.9878152500023, 359.9864843329997, 359.9864843329997, 359.9832855410059, 359.9832855410059, 359.9830646660412, 359.9830646660412, 359.9829592080787, 359.9829592080787, 359.9828678750782, 359.9828678750782, 359.9827592500369, 359.9827592500369, 359.98265441705007, 359.98265441705007, 359.9825584170176, 359.9825584170176, 359.98247666703537, 359.98247666703537, 359.9823998750071, 359.9823998750071, 359.9823093750165, 359.9823093750165, 359.9822215830209, 359.9822215830209, 359.98213416704675, 359.98213416704675, 359.98203858407214, 359.98203858407214, 359.9819590841071, 359.9819590841071, 359.98186291812453, 359.98186291812453, 359.9817794591072, 359.9817794591072, 359.98170241713524, 359.98170241713524, 359.9816100001335, 359.9816100001335, 359.9815425411216, 359.9815425411216, 359.98145562410355, 359.98145562410355, 359.9813856240944, 359.9813856240944, 359.9812917911331, 359.9812917911331, 359.98122412513476, 359.98122412513476, 359.9811338331201, 359.9811338331201, 359.9810553750722, 359.9810553750722, 359.9809740000637, 359.9809740000637, 359.98089554108446, 359.98089554108446, 359.98080283304444, 359.98080283304444, 359.98073612502776, 359.98073612502776, 359.9806329580606, 359.9806329580606, 359.9805664580781, 359.9805664580781, 359.9804793330841, 359.9804793330841, 359.980413625075, 359.980413625075, 359.9803282080684, 359.9803282080684], "b_time_left": [360, 359.9996449999744, 359.9996449999744, 359.9993441249826, 359.9993441249826, 359.99895804096013, 359.99895804096013, 359.9986614569789, 359.9986614569789, 359.9982987069525, 359.9982987069525, 359.99795958196046, 359.99795958196046, 359.9976005819626, 359.9976005819626, 359.9974675819394, 359.9974675819394, 359.9973469149554, 359.9973469149554, 359.9972266649129, 359.9972266649129, 359.99697528994875, 359.99697528994875, 359.99684195593, 359.99684195593, 359.9967142059468, 359.9967142059468, 359.9966027059709, 359.9966027059709, 359.99649216397665, 359.99649216397665, 359.9963745389832, 359.9963745389832, 359.99625449697487, 359.99625449697487, 359.9961481629289, 359.9961481629289, 359.996060204925, 359.996060204925, 359.99595132994, 359.99595132994, 359.99584916298045, 359.99584916298045, 359.99574324593414, 359.99574324593414, 359.99562091298867, 359.99562091298867, 359.99550945399096, 359.99550945399096, 359.99541216203943, 359.99541216203943, 359.99530549603514, 359.99530549603514, 359.99520249606576, 359.99520249606576, 359.99509528803173, 359.99509528803173, 359.9950094540254, 359.9950094540254, 359.9949023699737, 359.9949023699737, 359.99479128600797, 359.99479128600797, 359.99468074401375, 359.99468074401375, 359.9945574940066, 359.9945574940066, 359.99446807801723, 359.99446807801723, 359.9943947860156, 359.9943947860156, 359.99431511899456, 359.99431511899456, 359.99422199401306, 359.99422199401306, 359.99414461897686, 359.99414461897686, 359.99404940992827, 359.99404940992827, 359.9939667849685], "a_moves_left": [39, 39, 38, 38, 37, 37, 36, 36, 35, 35, 34, 34, 33, 33, 32, 32, 31, 31, 30, 30, 29, 29, 28, 28, 27, 27, 26, 26, 25, 25, 24, 24, 23, 23, 22, 22, 21, 21, 20, 20, 19, 19, 18, 18, 17, 17, 16, 16, 15, 15, 14, 14, 13, 13, 12, 12, 11, 11, 10, 10, 9, 9, 8, 8, 7, 7, 6, 6, 5, 5, 4, 4, 3, 3, 2, 2, 1, 1, 0, 0], "b_moves_left": [40, 39, 39, 38, 38, 37, 37, 36, 36, 35, 35, 34, 34, 33, 33, 32, 32, 31, 31, 30, 30, 29, 29, 28, 28, 27, 27, 26, 26, 25, 25, 24, 24, 23, 23, 22, 22, 21, 21, 20, 20, 19, 19, 18, 18, 17, 17, 16, 16, 15, 15, 14, 14, 13, 13, 12, 12, 11, 11, 10, 10, 9, 9, 8, 8, 7, 7, 6, 6, 5, 5, 4, 4, 3, 3, 2, 2, 1, 1, 0], "trapdoor_triggered": [0, 0, 0, 0, 0, 0, 0, 0, 0, 0, 0, 0, 0, 0, 0, 0, 0, 0, 0, 0, 0, 0, 0, 0, 0, 0, 0, 0, 0, 0, 0, 0, 0, 0, 0, 0, 0, 0, 0, 0, 0, 0, 0, 0, 0, 0, 0, 0, 0, 0, 0, 0, 0, 0, 0, 0, 0, 0, 0, 0, 0, 0, 0, 0, 0, 0, 0, 0, 0, 0, 0, 0, 0, 0, 0, 0, 0, 0, 0, 0], "left_behind": ["egg", "egg", "plain", "plain", "egg", "egg", "plain", "plain", "egg", "egg", "plain", "plain", "egg", "egg", "plain", "plain", "egg", "egg", "plain", "plain", "egg", "egg", "plain", "plain", "egg", "egg", "plain", "plain", "egg", "egg", "plain", "plain", "egg", "egg", "plain", "plain", "egg", "plain", "plain", "plain", "egg", "plain", "plain", "plain", "plain", "egg", "plain", "plain", "plain", "plain", "plain", "plain", "plain", "plain", "plain", "plain", "plain", "egg", "plain", "plain", "plain", "egg", "plain", "plain", "plain", "egg", "plain", "plain", "plain", "plain", "plain", "plain", "plain", "egg", "plain", "plain", "plain", "egg", "plain", "plain"], "errlog_a": "", "errlog_b": "", "start_time": 360, "start_moves": 40, "turn_count": 80, "result": 1, "reason": "EGGS_LAID", "trapdoors": [[5, 5], [2, 5]], "spawn_a": [0, 4], "spawn_b": [7, 4]}