{"pos": [[1, 6], [7, 5], [1, 5], [7, 4], [0, 5], [7, 3], [0, 4], [7, 4], [1, 4], [6, 4], [1, 3], [6, 3], [0, 3], [7, 3], [1, 3], [7, 2], [1, 2], [7, 3], [1, 1], [7, 2], [2, 1], [6, 2], [3, 1], [7, 2], [3, 0], [7, 3], [4, 0], [7, 4], [4, 1], [7, 3], [5, 1], [7, 4], [5, 0], [6, 4], [6, 0], [6, 3], [7, 0], [6, 4], [6, 0], [5, 4], [5, 0], [5, 5], [5, 1], [5, 4], [4, 1], [5, 5], [4, 2], [4, 5], [4, 3], [4, 6], [4, 4], [4, 7], [4, 5]], "a_eggs_laid": [1, 1, 1, 1, 2, 2, 2, 2, 3, 3, 3, 3, 4, 4, 4, 4, 4, 4, 4, 4, 5, 5, 5, 5, 6, 6, 6, 6, 7, 7, 7, 7, 8, 8, 8, 8, 9, 9, 9, 9, 9, 9, 9, 9, 9, 9, 9, 9, 10, 10, 10, 10, 11], "b_eggs_laid": [0, 0, 0, 0, 0, 0, 0, 0, 0, 0, 0, 0, 0, 0, 0, 0, 0, 0, 0, 0, 0, 0, 0, 0, 0, 0, 0, 0, 0, 1, 1, 1, 1, 1, 1, 1, 1, 1, 1, 1, 1, 1, 1, 1, 1, 1, 1, 1, 1, 1, 1, 1, 1], "a_turds_left": [5, 5, 5, 5, 5, 5, 5, 5, 5, 5, 5, 5, 5, 5, 5, 5, 5, 5, 5, 5, 5, 5, 5, 5, 5, 5, 5, 5, 5, 5, 5, 5, 5, 5, 5, 5, 5, 5, 5, 5, 5, 5, 5, 5, 5, 5, 5, 5, 5, 5, 5, 5, 5], "b_turds_left": [5, 5, 5, 5, 5, 5, 5, 4, 4, 4, 4, 4, 4, 3, 3, 3, 3, 2, 2, 2, 2, 2, 2, 1, 1, 1, 1, 1, 1, 1, 1, 1, 1, 1, 1, 0, 0, 0, 0, 0, 0, 0, 0, 0, 0, 0, 0, 0, 0, 0, 0, 0, 0], "a_time_left": [359.9967791250092, 359.9967791250092, 359.9957582500065, 359.9957582500065, 359.992870667018, 359.992870667018, 359.991979708022, 359.991979708022, 359.9900769580272, 359.9900769580272, 359.989069458039, 359.989069458039, 359.98623295803554, 359.98623295803554, 359.98576350003714, 359.98576350003714, 359.98539312504, 359.98539312504, 359.9850265830173, 359.9850265830173, 359.9846380420495, 359.9846380420495, 359.98435954208253, 359.98435954208253, 359.9840460420819, 359.9840460420819, 359.98353908304125, 359.98353908304125, 359.98314345808467, 359.98314345808467, 359.98283337510657, 359.98283337510657, 359.98213225009385, 359.98213225009385, 359.9818550410564, 359.9818550410564, 359.98159295803634, 359.98159295803634, 359.9811761250603, 359.9811761250603, 359.9807130420231, 359.9807130420231, 359.98022100003436, 359.98022100003436, 359.97996004106244, 359.97996004106244, 359.97943745803786, 359.97943745803786, 359.97888170805527, 359.97888170805527, 359.97855612501735, 359.97855612501735, 359.9782969999942], "b_time_left": [360, 358.4580565840006, 358.4580565840006, 356.95227666699793, 356.95227666699793, 355.4466600419837, 355.4466600419837, 353.9409489170066, 353.9409489170066, 352.43527154199546, 352.43527154199546, 350.929529334011, 350.929529334011, 349.4238070840365, 349.4238070840365, 347.91815400100313, 347.91815400100313, 346.41246154200053, 346.41246154200053, 344.9069304589648, 344.9069304589648, 343.40136174997315, 343.40136174997315, 341.8956804169575, 341.8956804169575, 340.38999858294846, 340.38999858294846, 338.88434254197637, 338.88434254197637, 337.37863258400466, 337.37863258400466, 335.8723616669886, 335.8723616669886, 334.3666483749985, 334.3666483749985, 332.8610567909782, 332.8610567909782, 331.3553510819911, 331.3553510819911, 329.84984716499457, 329.84984716499457, 328.3441197479842, 328.3441197479842, 326.83852895599557, 326.83852895599557, 325.33280445600394, 325.33280445600394, 323.8274698309833, 323.8274698309833, 322.3218103729887, 322.3218103729887, 320.81625683099264, 320.81625683099264], "a_moves_left": [39, 39, 38, 38, 37, 37, 36, 36, 35, 35, 34, 34, 33, 33, 32, 32, 31, 31, 30, 30, 29, 29, 28, 28, 27, 27, 26, 26, 25, 25, 24, 24, 23, 23, 22, 22, 21, 21, 20, 20, 19, 19, 18, 18, 17, 17, 16, 16, 15, 15, 14, 14, 13], "b_moves_left": [40, 39, 39, 38, 38, 37, 37, 36, 36, 35, 35, 34, 34, 33, 33, 32, 32, 31, 31, 30, 30, 29, 29, 28, 28, 27, 27, 26, 26, 25, 25, 24, 24, 23, 23, 22, 22, 21, 21, 20, 20, 19, 19, 18, 18, 17, 17, 16, 16, 15, 15, 14, 14], "trapdoor_triggered": [0, 0, 0, 0, 0, 0, 0, 0, 0, 0, 0, 0, 0, 0, 0, 0, 0, 0, 0, 0, 0, 0, 0, 0, 0, 0, 0, 0, 0, 0, 0, 0, 0, 0, 0, 0, 0, 0, 0, 0, 0, 0, 0, 0, 0, 0, 0, 0, 0, 0, 0, 0, 0], "left_behind": ["egg", "plain", "plain", "plain", "egg", "plain", "plain", "turd", "egg", "plain", "plain", "plain", "egg", "turd", "plain", "plain", "plain", "turd", "plain", "plain", "egg", "plain", "plain", "turd", "egg", "plain", "plain", "plain", "egg", "egg", "plain", "plain", "egg", "plain", "plain", "turd", "egg", "plain", "plain", "plain", "plain", "plain", "plain", "plain", "plain", "plain", "plain", "plain", "egg", "plain", "plain", "plain", "egg"], "errlog_a": "", "errlog_b": "Timeout", "start_time": 360, "start_moves": 40, "turn_count": 53, "result": 0, "reason": "CODE_CRASH", "trapdoors": [[2, 2], [5, 2]], "spawn_a": [0, 6], "spawn_b": [7, 6]}