{"pos": [[0, 1], [7, 1], [0, 0], [7, 0], [0, 1], [7, 1], [0, 0], [7, 0], [0, 1], [7, 1], [0, 0], [7, 0], [0, 1], [7, 1], [0, 0], [7, 0], [0, 1], [7, 1], [0, 0], [7, 0], [0, 1], [7, 1], [0, 0], [7, 0], [0, 1], [7, 1], [0, 0], [7, 0], [0, 1], [7, 1], [0, 0], [7, 0], [0, 1], [7, 1], [0, 0], [7, 0], [0, 1], [7, 1], [0, 0], [7, 0], [0, 1], [7, 1], [0, 0], [7, 0], [0, 1], [7, 1], [0, 0], [7, 0], [0, 1], [7, 1], [0, 0], [7, 0], [0, 1], [7, 1], [0, 0], [7, 0], [0, 1], [7, 1], [0, 0], [7, 0], [0, 1], [7, 1], [0, 0], [7, 0], [0, 1], [7, 1], [0, 0], [7, 0], [0, 1], [7, 1], [0, 0], [7, 0], [0, 1], [7, 1], [0, 0], [7, 0], [0, 1], [7, 1], [0, 0], [6, 1]], "a_eggs_laid": [1, 1, 1, 1, 4, 4, 4, 4, 4, 4, 4, 4, 4, 4, 4, 4, 4, 4, 4, 4, 4, 4, 4, 4, 4, 4, 4, 4, 4, 4, 4, 4, 4, 4, 4, 4, 4, 4, 4, 4, 4, 4, 4, 4, 4, 4, 4, 4, 4, 4, 4, 4, 4, 4, 4, 4, 4, 4, 4, 4, 4, 4, 4, 4, 4, 4, 4, 4, 4, 4, 4, 4, 4, 4, 4, 4, 4, 4, 4, 4], "b_eggs_laid": [0, 1, 1, 1, 1, 4, 4, 4, 4, 4, 4, 4, 4, 4, 4, 4, 4, 4, 4, 4, 4, 4, 4, 4, 4, 4, 4, 4, 4, 4, 4, 4, 4, 4, 4, 4, 4, 4, 4, 4, 4, 4, 4, 4, 4, 4, 4, 4, 4, 4, 4, 4, 4, 4, 4, 4, 4, 4, 4, 4, 4, 4, 4, 4, 4, 4, 4, 4, 4, 4, 4, 4, 4, 4, 4, 4, 4, 4, 4, 4], "a_turds_left": [5, 5, 5, 5, 5, 5, 5, 5, 5, 5, 5, 5, 5, 5, 5, 5, 5, 5, 5, 5, 5, 5, 5, 5, 5, 5, 5, 5, 5, 5, 5, 5, 5, 5, 5, 5, 5, 5, 5, 5, 5, 5, 5, 5, 5, 5, 5, 5, 5, 5, 5, 5, 5, 5, 5, 5, 5, 5, 5, 5, 5, 5, 5, 5, 5, 5, 5, 5, 5, 5, 5, 5, 5, 5, 5, 5, 5, 5, 5, 5], "b_turds_left": [5, 5, 5, 5, 5, 5, 5, 5, 5, 5, 5, 4, 4, 4, 4, 4, 4, 4, 4, 4, 4, 4, 4, 4, 4, 4, 4, 4, 4, 4, 4, 4, 4, 4, 4, 4, 4, 4, 4, 4, 4, 4, 4, 4, 4, 4, 4, 4, 4, 4, 4, 4, 4, 4, 4, 4, 4, 4, 4, 4, 4, 4, 4, 4, 4, 4, 4, 4, 4, 4, 4, 4, 4, 4, 4, 4, 4, 4, 4, 4], "a_time_left": [359.89049479103414, 359.89049479103414, 359.8773517080117, 359.8773517080117, 359.8500322079635, 359.8500322079635, 359.8375789169222, 359.8375789169222, 359.82925874996, 359.82925874996, 359.8167390829185, 359.8167390829185, 359.80850470793666, 359.80850470793666, 359.7970535829663, 359.7970535829663, 359.7887863749638, 359.7887863749638, 359.7772510839859, 359.7772510839859, 359.76889041799586, 359.76889041799586, 359.75755329296226, 359.75755329296226, 359.7492869179696, 359.7492869179696, 359.7379385009408, 359.7379385009408, 359.7296173759387, 359.7296173759387, 359.71820983395446, 359.71820983395446, 359.70996870897943, 359.70996870897943, 359.696997875988, 359.696997875988, 359.68834408401744, 359.68834408401744, 359.67645675101085, 359.67645675101085, 359.6681824600091, 359.6681824600091, 359.6566641680547, 359.6566641680547, 359.6483072930714, 359.6483072930714, 359.6367575840559, 359.6367575840559, 359.62845425104024, 359.62845425104024, 359.61699616804253, 359.61699616804253, 359.60841829306446, 359.60841829306446, 359.59589533507824, 359.59589533507824, 359.5874112100573, 359.5874112100573, 359.5756462930585, 359.5756462930585, 359.56735591805773, 359.56735591805773, 359.55588246003026, 359.55588246003026, 359.54759612702765, 359.54759612702765, 359.5362680860562, 359.5362680860562, 359.52803729404695, 359.52803729404695, 359.5166128780693, 359.5166128780693, 359.50836854503723, 359.50836854503723, 359.4968162950245, 359.4968162950245, 359.49298542004544, 359.49298542004544, 359.4912320030271, 359.4912320030271], "b_time_left": [360, 359.9149571660091, 359.9149571660091, 359.886467791046, 359.886467791046, 359.8774099580478, 359.8774099580478, 359.86645387503086, 359.86645387503086, 359.8628845420317, 359.8628845420317, 359.86278483405476, 359.86278483405476, 359.8604595840443, 359.8604595840443, 359.8559752510628, 359.8559752510628, 359.8536642930703, 359.8536642930703, 359.84913604310714, 359.84913604310714, 359.84681175113656, 359.84681175113656, 359.84238095913315, 359.84238095913315, 359.84006820915965, 359.84006820915965, 359.83558654313674, 359.83558654313674, 359.8332669601077, 359.8332669601077, 359.82878833514405, 359.82878833514405, 359.82650650211144, 359.82650650211144, 359.8212875431054, 359.8212875431054, 359.8188301681075, 359.8188301681075, 359.81439150107326, 359.81439150107326, 359.81206429208396, 359.81206429208396, 359.80756550008664, 359.80756550008664, 359.80522383307107, 359.80522383307107, 359.80072258308064, 359.80072258308064, 359.79839145805454, 359.79839145805454, 359.79389683302725, 359.79389683302725, 359.7915093739866, 359.7915093739866, 359.78659958200296, 359.78659958200296, 359.7842430820456, 359.7842430820456, 359.7797211650177, 359.7797211650177, 359.77740449801786, 359.77740449801786, 359.7729130400112, 359.7729130400112, 359.7706017899909, 359.7706017899909, 359.7661335399607, 359.7661335399607, 359.763821164961, 359.763821164961, 359.7593317479477, 359.7593317479477, 359.7570128729567, 359.7570128729567, 359.7524577479344, 359.7524577479344, 359.7511399979703, 359.7511399979703, 359.75071320700226], "a_moves_left": [39, 39, 38, 38, 37, 37, 36, 36, 35, 35, 34, 34, 33, 33, 32, 32, 31, 31, 30, 30, 29, 29, 28, 28, 27, 27, 26, 26, 25, 25, 24, 24, 23, 23, 22, 22, 21, 21, 20, 20, 19, 19, 18, 18, 17, 17, 16, 16, 15, 15, 14, 14, 13, 13, 12, 12, 11, 11, 10, 10, 9, 9, 8, 8, 7, 7, 6, 6, 5, 5, 4, 4, 3, 3, 2, 2, 1, 1, 0, 0], "b_moves_left": [40, 39, 39, 38, 38, 37, 37, 36, 36, 35, 35, 34, 34, 33, 33, 32, 32, 31, 31, 30, 30, 29, 29, 28, 28, 27, 27, 26, 26, 25, 25, 24, 24, 23, 23, 22, 22, 21, 21, 20, 20, 19, 19, 18, 18, 17, 17, 16, 16, 15, 15, 14, 14, 13, 13, 12, 12, 11, 11, 10, 10, 9, 9, 8, 8, 7, 7, 6, 6, 5, 5, 4, 4, 3, 3, 2, 2, 1, 1, 0], "trapdoor_triggered": [0, 0, 0, 0, 0, 0, 0, 0, 0, 0, 0, 0, 0, 0, 0, 0, 0, 0, 0, 0, 0, 0, 0, 0, 0, 0, 0, 0, 0, 0, 0, 0, 0, 0, 0, 0, 0, 0, 0, 0, 0, 0, 0, 0, 0, 0, 0, 0, 0, 0, 0, 0, 0, 0, 0, 0, 0, 0, 0, 0, 0, 0, 0, 0, 0, 0, 0, 0, 0, 0, 0, 0, 0, 0, 0, 0, 0, 0, 0, 0], "left_behind": ["egg", "egg", "plain", "plain", "egg", "egg", "plain", "plain", "plain", "plain", "plain", "turd", "plain", "plain", "plain", "plain", "plain", "plain", "plain", "plain", "plain", "plain", "plain", "plain", "plain", "plain", "plain", "plain", "plain", "plain", "plain", "plain", "plain", "plain", "plain", "plain", "plain", "plain", "plain", "plain", "plain", "plain", "plain", "plain", "plain", "plain", "plain", "plain", "plain", "plain", "plain", "plain", "plain", "plain", "plain", "plain", "plain", "plain", "plain", "plain", "plain", "plain", "plain", "plain", "plain", "plain", "plain", "plain", "plain", "plain", "plain", "plain", "plain", "plain", "plain", "plain", "plain", "plain", "plain", "plain"], "errlog_a": "", "errlog_b": "", "start_time": 360, "start_moves": 40, "turn_count": 80, "result": 2, "reason": "EGGS_LAID", "trapdoors": [[2, 2], [4, 3]], "spawn_a": [0, 2], "spawn_b": [7, 2]}