{"pos": [[7, 4], [1, 5], [6, 4], [1, 6], [6, 3], [2, 6], [5, 3], [2, 7], [5, 2], [3, 7], [4, 2], [4, 7], [4, 1], [5, 7], [3, 1], [4, 7], [3, 0], [5, 7], [4, 0], [5, 6], [5, 0], [5, 5], [5, 1], [4, 5], [5, 0], [4, 6], [6, 0], [4, 5], [7, 0], [4, 4], [7, 1], [0, 5], [7, 0], [0, 6], [7, 1], [0, 5], [7, 0], [0, 4], [7, 1], [1, 4], [7, 0], [1, 5], [7, 1], [0, 5], [7, 0], [0, 6], [7, 1], [0, 5], [7, 0], [1, 5], [7, 1], [2, 5], [7, 0], [1, 5], [7, 1], [1, 4], [7, 0], [1, 3], [7, 1]], "a_eggs_laid": [1, 1, 1, 1, 2, 2, 2, 2, 3, 3, 3, 3, 4, 4, 4, 4, 5, 5, 5, 5, 6, 6, 6, 6, 7, 7, 7, 7, 8, 8, 8, 8, 13, 13, 13, 13, 13, 13, 13, 13, 13, 13, 13, 13, 13, 13, 13, 13, 13, 13, 13, 13, 13, 13, 13, 13, 13, 13, 13], "b_eggs_laid": [0, 1, 1, 1, 1, 1, 1, 1, 1, 2, 2, 2, 2, 2, 2, 2, 2, 2, 2, 2, 2, 2, 2, 2, 2, 3, 3, 3, 3, 3, 3, 3, 3, 3, 3, 3, 3, 3, 3, 3, 3, 3, 3, 3, 3, 3, 3, 3, 3, 3, 3, 3, 3, 4, 4, 4, 4, 4, 4], "a_turds_left": [5, 5, 5, 5, 5, 5, 5, 5, 5, 5, 5, 5, 5, 5, 5, 5, 5, 5, 5, 5, 5, 5, 5, 5, 5, 5, 5, 5, 5, 5, 5, 5, 5, 5, 5, 5, 5, 5, 5, 5, 5, 5, 5, 5, 5, 5, 5, 5, 5, 5, 5, 5, 5, 5, 5, 5, 5, 5, 5], "b_turds_left": [5, 5, 5, 5, 5, 4, 4, 3, 3, 3, 3, 3, 3, 3, 3, 3, 3, 2, 2, 2, 2, 2, 2, 1, 1, 1, 1, 1, 1, 1, 1, 0, 0, 0, 0, 0, 0, 0, 0, 0, 0, 0, 0, 0, 0, 0, 0, 0, 0, 0, 0, 0, 0, 0, 0, 0, 0, 0, 0], "a_time_left": [359.8782520830282, 359.8782520830282, 359.82302241702564, 359.82302241702564, 359.6684402510291, 359.6684402510291, 359.5754784170422, 359.5754784170422, 359.4688844170305, 359.4688844170305, 359.3862887499854, 359.3862887499854, 359.2777497919742, 359.2777497919742, 359.218264666968, 359.218264666968, 359.1444898750051, 359.1444898750051, 359.1138169580372, 359.1138169580372, 359.0431436250801, 359.0431436250801, 358.9911562500638, 358.9911562500638, 358.89391275006346, 358.89391275006346, 358.86389770905953, 358.86389770905953, 358.81580679205945, 358.81580679205945, 358.78841733402805, 358.78841733402805, 358.7578010430443, 358.7578010430443, 358.74726354301674, 358.74726354301674, 358.7401754600578, 358.7401754600578, 358.73312533507124, 358.73312533507124, 358.72298979305197, 358.72298979305197, 358.7122000850504, 358.7122000850504, 358.702417919063, 358.702417919063, 358.69286071002716, 358.69286071002716, 358.68256520997966, 358.68256520997966, 358.67037387698656, 358.67037387698656, 358.6612504599616, 358.6612504599616, 358.6494927519234, 358.6494927519234, 358.6395132099278, 358.6395132099278, 358.6271383349085], "b_time_left": [360, 358.4669891669764, 358.4669891669764, 356.9614040000015, 356.9614040000015, 355.45567879098235, 355.45567879098235, 353.9498572489829, 353.9498572489829, 352.4443946649553, 352.4443946649553, 350.93889953999314, 350.93889953999314, 349.43314320698846, 349.43314320698846, 347.92771183198784, 347.92771183198784, 346.42177804000676, 346.42177804000676, 344.9163528319914, 344.9163528319914, 343.4104769989499, 343.4104769989499, 341.904740540951, 341.904740540951, 340.39890037395526, 340.39890037395526, 338.89318004099187, 338.89318004099187, 337.3876580829965, 337.3876580829965, 335.88194033299806, 335.88194033299806, 334.3763139999937, 334.3763139999937, 332.87072270800127, 332.87072270800127, 331.36503183300374, 331.36503183300374, 329.8594924999634, 329.8594924999634, 328.35393033298897, 328.35393033298897, 326.84816854196833, 326.84816854196833, 325.3424416669877, 325.3424416669877, 323.836838624964, 323.836838624964, 322.3312942079501, 322.3312942079501, 320.82550287496997, 320.82550287496997, 319.3197291669785, 319.3197291669785, 317.8141711250064, 317.8141711250064, 316.3088873749948, 316.3088873749948], "a_moves_left": [39, 39, 38, 38, 37, 37, 36, 36, 35, 35, 34, 34, 33, 33, 32, 32, 31, 31, 30, 30, 29, 29, 28, 28, 27, 27, 26, 26, 25, 25, 24, 24, 23, 23, 22, 22, 21, 21, 20, 20, 19, 19, 18, 18, 17, 17, 16, 16, 15, 15, 14, 14, 13, 13, 12, 12, 11, 11, 10], "b_moves_left": [40, 39, 39, 38, 38, 37, 37, 36, 36, 35, 35, 34, 34, 33, 33, 32, 32, 31, 31, 30, 30, 29, 29, 28, 28, 27, 27, 26, 26, 25, 25, 24, 24, 23, 23, 22, 22, 21, 21, 20, 20, 19, 19, 18, 18, 17, 17, 16, 16, 15, 15, 14, 14, 13, 13, 12, 12, 11, 11], "trapdoor_triggered": [0, 0, 0, 0, 0, 0, 0, 0, 0, 0, 0, 0, 0, 0, 0, 0, 0, 0, 0, 0, 0, 0, 0, 0, 0, 0, 0, 0, 0, 0, 0, 1, 0, 0, 0, 0, 0, 0, 0, 0, 0, 0, 0, 0, 0, 0, 0, 0, 0, 0, 0, 0, 0, 0, 0, 0, 0, 0, 0], "left_behind": ["egg", "egg", "plain", "plain", "egg", "turd", "plain", "turd", "egg", "egg", "plain", "plain", "egg", "plain", "plain", "plain", "egg", "turd", "plain", "plain", "egg", "plain", "plain", "turd", "egg", "egg", "plain", "plain", "egg", "plain", "plain", "turd", "egg", "plain", "plain", "plain", "plain", "plain", "plain", "plain", "plain", "plain", "plain", "plain", "plain", "plain", "plain", "plain", "plain", "plain", "plain", "plain", "plain", "egg", "plain", "plain", "plain", "plain", "plain"], "errlog_a": "", "errlog_b": "Timeout", "start_time": 360, "start_moves": 40, "turn_count": 59, "result": 0, "reason": "CODE_CRASH", "trapdoors": [[3, 3], [4, 3]], "spawn_a": [7, 5], "spawn_b": [0, 5]}