{"pos": [[7, 0], [0, 2], [7, 1], [1, 2], [7, 0], [1, 3], [7, 1], [1, 4], [7, 0], [1, 5], [7, 1], [1, 4], [7, 0], [1, 5], [7, 1], [1, 4], [7, 0], [1, 5], [7, 1], [1, 4], [7, 0], [1, 5], [7, 1], [1, 4], [7, 0], [1, 5], [7, 1], [1, 4], [7, 0], [1, 5], [7, 1], [1, 4], [7, 0], [1, 5], [7, 1], [1, 4], [7, 0], [1, 5], [7, 1], [1, 4], [7, 0], [1, 5], [7, 1], [1, 4], [7, 0], [1, 5], [7, 1], [1, 4], [7, 0], [1, 5], [7, 1], [1, 4], [7, 0], [1, 5], [7, 1], [1, 4], [7, 0], [1, 5], [7, 1], [1, 4], [7, 0], [1, 5], [7, 1], [1, 4], [7, 0], [1, 5], [7, 1], [1, 4], [7, 0], [1, 5], [7, 1], [1, 4], [7, 0], [1, 5], [7, 1], [1, 4], [7, 0], [1, 5], [7, 1], [1, 4]], "a_eggs_laid": [0, 0, 0, 0, 0, 0, 0, 0, 0, 0, 0, 0, 0, 0, 0, 0, 0, 0, 0, 0, 0, 0, 0, 0, 0, 0, 0, 0, 0, 0, 0, 0, 0, 0, 0, 0, 0, 0, 0, 0, 0, 0, 0, 0, 0, 0, 0, 0, 0, 0, 0, 0, 0, 0, 0, 0, 0, 0, 0, 0, 0, 0, 0, 0, 0, 0, 0, 0, 0, 0, 0, 0, 0, 0, 0, 0, 0, 0, 0, 0], "b_eggs_laid": [0, 1, 1, 1, 1, 2, 2, 2, 2, 3, 3, 3, 3, 3, 3, 3, 3, 3, 3, 3, 3, 3, 3, 3, 3, 3, 3, 3, 3, 3, 3, 3, 3, 3, 3, 3, 3, 3, 3, 3, 3, 3, 3, 3, 3, 3, 3, 3, 3, 3, 3, 3, 3, 3, 3, 3, 3, 3, 3, 3, 3, 3, 3, 3, 3, 3, 3, 3, 3, 3, 3, 3, 3, 3, 3, 3, 3, 3, 3, 3], "a_turds_left": [5, 5, 5, 5, 5, 5, 5, 5, 5, 5, 5, 5, 5, 5, 5, 5, 5, 5, 5, 5, 5, 5, 5, 5, 5, 5, 5, 5, 5, 5, 5, 5, 5, 5, 5, 5, 5, 5, 5, 5, 5, 5, 5, 5, 5, 5, 5, 5, 5, 5, 5, 5, 5, 5, 5, 5, 5, 5, 5, 5, 5, 5, 5, 5, 5, 5, 5, 5, 5, 5, 5, 5, 5, 5, 5, 5, 5, 5, 5, 5], "b_turds_left": [5, 5, 5, 5, 5, 5, 5, 5, 5, 5, 5, 5, 5, 5, 5, 5, 5, 5, 5, 5, 5, 5, 5, 5, 5, 5, 5, 5, 5, 5, 5, 5, 5, 5, 5, 5, 5, 5, 5, 5, 5, 5, 5, 5, 5, 5, 5, 5, 5, 5, 5, 5, 5, 5, 5, 5, 5, 5, 5, 5, 5, 5, 5, 5, 5, 5, 5, 5, 5, 5, 5, 5, 5, 5, 5, 5, 5, 5, 5, 5], "a_time_left": [359.81085680000024, 359.81085680000024, 359.78597160000027, 359.78597160000027, 359.5818859000001, 359.5818859000001, 359.53769920000013, 359.53769920000013, 359.33675600000015, 359.33675600000015, 359.29246230000035, 359.29246230000035, 359.13529080000035, 359.13529080000035, 359.0904891, 359.0904891, 358.93326830000024, 358.93326830000024, 358.8897334000003, 358.8897334000003, 358.727985, 358.727985, 358.6838928000002, 358.6838928000002, 358.5255698000001, 358.5255698000001, 358.4814357, 358.4814357, 358.3235371999999, 358.3235371999999, 358.2788817999999, 358.2788817999999, 358.1196001000003, 358.1196001000003, 358.07370560000027, 358.07370560000027, 357.91765970000006, 357.91765970000006, 357.8730369, 357.8730369, 357.71699390000003, 357.71699390000003, 357.67219590000013, 357.67219590000013, 357.51506340000014, 357.51506340000014, 357.4694945000001, 357.4694945000001, 357.3123892000003, 357.3123892000003, 357.26849180000045, 357.26849180000045, 357.11125810000067, 357.11125810000067, 357.06651410000086, 357.06651410000086, 356.9096594000007, 356.9096594000007, 356.8651741000008, 356.8651741000008, 356.700591100001, 356.700591100001, 356.65735620000123, 356.65735620000123, 356.49670740000147, 356.49670740000147, 356.45284990000164, 356.45284990000164, 356.2913806000015, 356.2913806000015, 356.24810800000114, 356.24810800000114, 356.09137360000113, 356.09137360000113, 356.0465936000014, 356.0465936000014, 355.9891096000015, 355.9891096000015, 355.98366310000165, 355.98366310000165], "b_time_left": [360, 359.72366520000014, 359.72366520000014, 359.5151740000001, 359.5151740000001, 359.0596227000001, 359.0596227000001, 358.7910485000002, 358.7910485000002, 358.35378089999995, 358.35378089999995, 357.9784817, 357.9784817, 357.7963110999999, 357.7963110999999, 357.4179624999997, 357.4179624999997, 357.2382951999998, 357.2382951999998, 356.85842079999975, 356.85842079999975, 356.68040149999933, 356.68040149999933, 356.3052142999991, 356.3052142999991, 356.11953459999904, 356.11953459999904, 355.7420982999988, 355.7420982999988, 355.56095059999916, 355.56095059999916, 355.1771767999994, 355.1771767999994, 354.99488219999967, 354.99488219999967, 354.61180469999954, 354.61180469999954, 354.43168409999953, 354.43168409999953, 354.0499374999995, 354.0499374999995, 353.86893289999944, 353.86893289999944, 353.4649042999995, 353.4649042999995, 353.28565759999947, 353.28565759999947, 352.8894322999995, 352.8894322999995, 352.70942569999943, 352.70942569999943, 352.31314029999976, 352.31314029999976, 352.1327116999996, 352.1327116999996, 351.7378855999996, 351.7378855999996, 351.5531483999998, 351.5531483999998, 351.15818269999954, 351.15818269999954, 350.9784238999996, 350.9784238999996, 350.58400939999956, 350.58400939999956, 350.4043044999994, 350.4043044999994, 350.0092518999991, 350.0092518999991, 349.8290120999991, 349.8290120999991, 349.43276379999907, 349.43276379999907, 349.25298199999907, 349.25298199999907, 349.00597399999924, 349.00597399999924, 348.98876399999926, 348.98876399999926, 348.9857415999991], "a_moves_left": [39, 39, 38, 38, 37, 37, 36, 36, 35, 35, 34, 34, 33, 33, 32, 32, 31, 31, 30, 30, 29, 29, 28, 28, 27, 27, 26, 26, 25, 25, 24, 24, 23, 23, 22, 22, 21, 21, 20, 20, 19, 19, 18, 18, 17, 17, 16, 16, 15, 15, 14, 14, 13, 13, 12, 12, 11, 11, 10, 10, 9, 9, 8, 8, 7, 7, 6, 6, 5, 5, 4, 4, 3, 3, 2, 2, 1, 1, 0, 0], "b_moves_left": [40, 39, 39, 38, 38, 37, 37, 36, 36, 35, 35, 34, 34, 33, 33, 32, 32, 31, 31, 30, 30, 29, 29, 28, 28, 27, 27, 26, 26, 25, 25, 24, 24, 23, 23, 22, 22, 21, 21, 20, 20, 19, 19, 18, 18, 17, 17, 16, 16, 15, 15, 14, 14, 13, 13, 12, 12, 11, 11, 10, 10, 9, 9, 8, 8, 7, 7, 6, 6, 5, 5, 4, 4, 3, 3, 2, 2, 1, 1, 0], "trapdoor_triggered": [0, 0, 0, 0, 0, 0, 0, 0, 0, 0, 0, 0, 0, 0, 0, 0, 0, 0, 0, 0, 0, 0, 0, 0, 0, 0, 0, 0, 0, 0, 0, 0, 0, 0, 0, 0, 0, 0, 0, 0, 0, 0, 0, 0, 0, 0, 0, 0, 0, 0, 0, 0, 0, 0, 0, 0, 0, 0, 0, 0, 0, 0, 0, 0, 0, 0, 0, 0, 0, 0, 0, 0, 0, 0, 0, 0, 0, 0, 0, 0], "left_behind": ["plain", "egg", "plain", "plain", "plain", "egg", "plain", "plain", "plain", "egg", "plain", "plain", "plain", "plain", "plain", "plain", "plain", "plain", "plain", "plain", "plain", "plain", "plain", "plain", "plain", "plain", "plain", "plain", "plain", "plain", "plain", "plain", "plain", "plain", "plain", "plain", "plain", "plain", "plain", "plain", "plain", "plain", "plain", "plain", "plain", "plain", "plain", "plain", "plain", "plain", "plain", "plain", "plain", "plain", "plain", "plain", "plain", "plain", "plain", "plain", "plain", "plain", "plain", "plain", "plain", "plain", "plain", "plain", "plain", "plain", "plain", "plain", "plain", "plain", "plain", "plain", "plain", "plain", "plain", "plain"], "errlog_a": "", "errlog_b": "", "start_time": 360, "start_moves": 40, "turn_count": 80, "result": 1, "reason": "EGGS_LAID", "trapdoors": [[4, 2], [4, 3]], "spawn_a": [7, 1], "spawn_b": [0, 1]}