{"pos": [[7, 0], [0, 2], [7, 1], [1, 2], [7, 0], [1, 3], [7, 1], [2, 3], [7, 0], [2, 4], [7, 1], [2, 5], [7, 0], [2, 6], [7, 1], [2, 5], [7, 0], [2, 6], [7, 1], [2, 5], [7, 0], [2, 6], [7, 1], [2, 5], [7, 0], [2, 6], [7, 1], [2, 5], [7, 0], [2, 6], [7, 1], [2, 5], [7, 0], [2, 6], [7, 1], [2, 5], [7, 0], [2, 6], [7, 1], [2, 5], [7, 0], [2, 6], [7, 1], [2, 5], [7, 0], [2, 6], [7, 1], [2, 5], [7, 0], [2, 6], [7, 1], [2, 5], [7, 0], [2, 6], [7, 1], [2, 5], [7, 0], [2, 6], [7, 1], [2, 5], [7, 0], [2, 6], [7, 1], [2, 5], [7, 0], [2, 6], [7, 1], [2, 5], [7, 0], [2, 6], [7, 1], [2, 5], [7, 0], [2, 6], [7, 1], [2, 5], [7, 0], [2, 6], [7, 1], [3, 6]], "a_eggs_laid": [1, 1, 1, 1, 1, 1, 1, 1, 1, 1, 1, 1, 1, 1, 1, 1, 1, 1, 1, 1, 1, 1, 1, 1, 1, 1, 1, 1, 1, 1, 1, 1, 1, 1, 1, 1, 1, 1, 1, 1, 1, 1, 1, 1, 1, 1, 1, 1, 1, 1, 1, 1, 1, 1, 1, 1, 1, 1, 1, 1, 1, 1, 1, 1, 1, 1, 1, 1, 1, 1, 1, 1, 1, 1, 1, 1, 1, 1, 1, 1], "b_eggs_laid": [0, 1, 1, 1, 1, 2, 2, 2, 2, 3, 3, 3, 3, 4, 4, 4, 4, 4, 4, 4, 4, 4, 4, 4, 4, 4, 4, 4, 4, 4, 4, 4, 4, 4, 4, 4, 4, 4, 4, 4, 4, 4, 4, 4, 4, 4, 4, 4, 4, 4, 4, 4, 4, 4, 4, 4, 4, 4, 4, 4, 4, 4, 4, 4, 4, 4, 4, 4, 4, 4, 4, 4, 4, 4, 4, 4, 4, 4, 4, 4], "a_turds_left": [5, 5, 5, 5, 5, 5, 5, 5, 5, 5, 5, 5, 5, 5, 5, 5, 5, 5, 5, 5, 5, 5, 5, 5, 5, 5, 5, 5, 5, 5, 5, 5, 5, 5, 5, 5, 5, 5, 5, 5, 5, 5, 5, 5, 5, 5, 5, 5, 5, 5, 5, 5, 5, 5, 5, 5, 5, 5, 5, 5, 5, 5, 5, 5, 5, 5, 5, 5, 5, 5, 5, 5, 5, 5, 5, 5, 5, 5, 5, 5], "b_turds_left": [5, 5, 5, 5, 5, 5, 5, 5, 5, 5, 5, 5, 5, 5, 5, 5, 5, 5, 5, 5, 5, 5, 5, 5, 5, 5, 5, 5, 5, 5, 5, 5, 5, 5, 5, 5, 5, 5, 5, 5, 5, 5, 5, 5, 5, 5, 5, 5, 5, 5, 5, 5, 5, 5, 5, 5, 5, 5, 5, 5, 5, 5, 5, 5, 5, 5, 5, 5, 5, 5, 5, 5, 5, 5, 5, 5, 5, 5, 5, 5], "a_time_left": [359.9192468000001, 359.9192468000001, 359.9077190000007, 359.9077190000007, 359.873960500001, 359.873960500001, 359.8582580000011, 359.8582580000011, 359.82500790000086, 359.82500790000086, 359.80948400000034, 359.80948400000034, 359.7769453000001, 359.7769453000001, 359.7616499000005, 359.7616499000005, 359.73949230000017, 359.73949230000017, 359.7242259000004, 359.7242259000004, 359.7018035000001, 359.7018035000001, 359.68603579999944, 359.68603579999944, 359.6635827, 359.6635827, 359.64805239999987, 359.64805239999987, 359.62531750000016, 359.62531750000016, 359.60116199999993, 359.60116199999993, 359.5762297000001, 359.5762297000001, 359.559158, 359.559158, 359.53603120000025, 359.53603120000025, 359.5191900000009, 359.5191900000009, 359.49674890000097, 359.49674890000097, 359.4752210000006, 359.4752210000006, 359.4531270000007, 359.4531270000007, 359.4378035000009, 359.4378035000009, 359.4155855000008, 359.4155855000008, 359.4000466000007, 359.4000466000007, 359.37821540000004, 359.37821540000004, 359.3624562999994, 359.3624562999994, 359.34038339999915, 359.34038339999915, 359.3251324999992, 359.3251324999992, 359.30235099999845, 359.30235099999845, 359.28712989999894, 359.28712989999894, 359.2649616999988, 359.2649616999988, 359.24950829999943, 359.24950829999943, 359.2275875999994, 359.2275875999994, 359.21240379999927, 359.21240379999927, 359.190163199999, 359.190163199999, 359.17404219999935, 359.17404219999935, 359.15991399999893, 359.15991399999893, 359.1557875999988, 359.1557875999988], "b_time_left": [360, 359.91285309999967, 359.91285309999967, 359.87079839999933, 359.87079839999933, 359.7367273999989, 359.7367273999989, 359.66720219999934, 359.66720219999934, 359.5141888999997, 359.5141888999997, 359.43684959999973, 359.43684959999973, 359.3220014999997, 359.3220014999997, 359.2237703999999, 359.2237703999999, 359.17275079999945, 359.17275079999945, 359.09287940000013, 359.09287940000013, 359.04124590000083, 359.04124590000083, 358.9626350000008, 358.9626350000008, 358.91011420000086, 358.91011420000086, 358.8297639000011, 358.8297639000011, 358.72172630000114, 358.72172630000114, 358.6304020000016, 358.6304020000016, 358.5749738000022, 358.5749738000022, 358.4941979000014, 358.4941979000014, 358.4397497000009, 358.4397497000009, 358.3607195000013, 358.3607195000013, 358.30932530000155, 358.30932530000155, 358.22765940000227, 358.22765940000227, 358.17667090000214, 358.17667090000214, 358.078944400002, 358.078944400002, 358.0267831000019, 358.0267831000019, 357.92935280000165, 357.92935280000165, 357.8778874000018, 357.8778874000018, 357.78124330000173, 357.78124330000173, 357.725586200002, 357.725586200002, 357.62551130000156, 357.62551130000156, 357.57394660000136, 357.57394660000136, 357.47702050000134, 357.47702050000134, 357.4256002000011, 357.4256002000011, 357.3283214000012, 357.3283214000012, 357.2766863000006, 357.2766863000006, 357.17976499999986, 357.17976499999986, 357.12809950000064, 357.12809950000064, 357.03040880000026, 357.03040880000026, 357.0172604999998, 357.0172604999998, 357.01455410000017], "a_moves_left": [39, 39, 38, 38, 37, 37, 36, 36, 35, 35, 34, 34, 33, 33, 32, 32, 31, 31, 30, 30, 29, 29, 28, 28, 27, 27, 26, 26, 25, 25, 24, 24, 23, 23, 22, 22, 21, 21, 20, 20, 19, 19, 18, 18, 17, 17, 16, 16, 15, 15, 14, 14, 13, 13, 12, 12, 11, 11, 10, 10, 9, 9, 8, 8, 7, 7, 6, 6, 5, 5, 4, 4, 3, 3, 2, 2, 1, 1, 0, 0], "b_moves_left": [40, 39, 39, 38, 38, 37, 37, 36, 36, 35, 35, 34, 34, 33, 33, 32, 32, 31, 31, 30, 30, 29, 29, 28, 28, 27, 27, 26, 26, 25, 25, 24, 24, 23, 23, 22, 22, 21, 21, 20, 20, 19, 19, 18, 18, 17, 17, 16, 16, 15, 15, 14, 14, 13, 13, 12, 12, 11, 11, 10, 10, 9, 9, 8, 8, 7, 7, 6, 6, 5, 5, 4, 4, 3, 3, 2, 2, 1, 1, 0], "trapdoor_triggered": [0, 0, 0, 0, 0, 0, 0, 0, 0, 0, 0, 0, 0, 0, 0, 0, 0, 0, 0, 0, 0, 0, 0, 0, 0, 0, 0, 0, 0, 0, 0, 0, 0, 0, 0, 0, 0, 0, 0, 0, 0, 0, 0, 0, 0, 0, 0, 0, 0, 0, 0, 0, 0, 0, 0, 0, 0, 0, 0, 0, 0, 0, 0, 0, 0, 0, 0, 0, 0, 0, 0, 0, 0, 0, 0, 0, 0, 0, 0, 0], "left_behind": ["egg", "egg", "plain", "plain", "plain", "egg", "plain", "plain", "plain", "egg", "plain", "plain", "plain", "egg", "plain", "plain", "plain", "plain", "plain", "plain", "plain", "plain", "plain", "plain", "plain", "plain", "plain", "plain", "plain", "plain", "plain", "plain", "plain", "plain", "plain", "plain", "plain", "plain", "plain", "plain", "plain", "plain", "plain", "plain", "plain", "plain", "plain", "plain", "plain", "plain", "plain", "plain", "plain", "plain", "plain", "plain", "plain", "plain", "plain", "plain", "plain", "plain", "plain", "plain", "plain", "plain", "plain", "plain", "plain", "plain", "plain", "plain", "plain", "plain", "plain", "plain", "plain", "plain", "plain", "plain"], "errlog_a": "", "errlog_b": "", "start_time": 360, "start_moves": 40, "turn_count": 80, "result": 1, "reason": "EGGS_LAID", "trapdoors": [[3, 3], [4, 5]], "spawn_a": [7, 1], "spawn_b": [0, 1]}