{"pos": [[0, 3], [6, 4], [1, 3], [6, 3], [2, 3], [5, 3], [1, 3], [5, 2], [1, 2], [5, 1], [1, 1], [5, 0], [1, 2], [5, 1], [1, 3], [5, 2], [0, 3], [5, 3], [0, 4], [5, 2], [0, 5], [4, 2], [1, 5], [4, 3], [1, 4], [5, 3], [0, 4], [4, 3], [1, 4], [4, 4], [0, 4], [4, 3], [0, 5], [4, 4], [0, 6], [4, 3], [0, 7], [5, 3], [0, 6], [6, 3], [0, 7], [6, 4], [0, 6], [5, 4], [0, 5], [4, 4], [0, 4], [5, 4], [1, 4], [5, 3], [1, 5], [6, 3], [1, 4], [6, 4], [1, 3], [6, 5], [0, 3], [6, 6], [0, 4], [5, 6], [1, 4], [6, 6], [0, 4], [5, 6], [0, 5], [4, 6], [0, 4], [4, 7], [0, 3], [5, 7], [0, 2], [5, 6], [0, 3], [6, 6], [0, 4], [7, 6], [0, 5], [7, 7], [0, 6], [7, 6]], "a_eggs_laid": [0, 0, 0, 0, 0, 0, 0, 0, 0, 0, 0, 0, 1, 1, 1, 1, 1, 1, 1, 1, 1, 1, 1, 1, 1, 1, 1, 1, 1, 1, 1, 1, 1, 1, 1, 1, 1, 1, 1, 1, 2, 2, 2, 2, 2, 2, 2, 2, 2, 2, 2, 2, 2, 2, 2, 2, 2, 2, 2, 2, 2, 2, 2, 2, 2, 2, 2, 2, 2, 2, 2, 2, 2, 2, 2, 2, 2, 2, 2, 2], "b_eggs_laid": [0, 0, 0, 0, 0, 0, 0, 0, 0, 0, 0, 0, 0, 0, 0, 0, 0, 0, 0, 0, 0, 0, 0, 0, 0, 0, 0, 0, 0, 0, 0, 4, 4, 4, 4, 4, 4, 5, 5, 5, 5, 5, 5, 5, 5, 6, 6, 6, 6, 6, 6, 6, 6, 6, 6, 6, 6, 7, 7, 7, 7, 8, 8, 12, 12, 12, 12, 12, 12, 13, 13, 13, 13, 13, 13, 13, 13, 13, 13, 13], "a_turds_left": [4, 4, 3, 3, 2, 2, 1, 1, 1, 1, 0, 0, 0, 0, 0, 0, 0, 0, 0, 0, 0, 0, 0, 0, 0, 0, 0, 0, 0, 0, 0, 0, 0, 0, 0, 0, 0, 0, 0, 0, 0, 0, 0, 0, 0, 0, 0, 0, 0, 0, 0, 0, 0, 0, 0, 0, 0, 0, 0, 0, 0, 0, 0, 0, 0, 0, 0, 0, 0, 0, 0, 0, 0, 0, 0, 0, 0, 0, 0, 0], "b_turds_left": [5, 5, 5, 5, 5, 4, 4, 4, 4, 3, 3, 2, 2, 1, 1, 1, 1, 1, 1, 0, 0, 0, 0, 0, 0, 0, 0, 0, 0, 0, 0, 0, 0, 0, 0, 0, 0, 0, 0, 0, 0, 0, 0, 0, 0, 0, 0, 0, 0, 0, 0, 0, 0, 0, 0, 0, 0, 0, 0, 0, 0, 0, 0, 0, 0, 0, 0, 0, 0, 0, 0, 0, 0, 0, 0, 0, 0, 0, 0, 0], "a_time_left": [358.48728930000016, 358.48728930000016, 356.97181930000033, 356.97181930000033, 355.4710574000005, 355.4710574000005, 353.9701402000005, 353.9701402000005, 352.4688442000006, 352.4688442000006, 350.9555850000006, 350.9555850000006, 349.4557948000006, 349.4557948000006, 347.9467250000007, 347.9467250000007, 346.43151140000055, 346.43151140000055, 344.92033460000084, 344.92033460000084, 343.4051028000008, 343.4051028000008, 341.90398500000083, 341.90398500000083, 340.40201530000104, 340.40201530000104, 338.88734680000107, 338.88734680000107, 337.38013500000125, 337.38013500000125, 335.8758037000016, 335.8758037000016, 334.3637521000014, 334.3637521000014, 332.8529584000016, 332.8529584000016, 331.35268430000133, 331.35268430000133, 329.85141460000114, 329.85141460000114, 328.3513492000011, 328.3513492000011, 326.8447756000014, 326.8447756000014, 325.34489360000134, 325.34489360000134, 323.84120850000136, 323.84120850000136, 322.3401977000012, 322.3401977000012, 320.8293981000015, 320.8293981000015, 319.3199842000013, 319.3199842000013, 317.81405720000157, 317.81405720000157, 316.3015589000015, 316.3015589000015, 314.7998661000015, 314.7998661000015, 313.2915858000015, 313.2915858000015, 311.7753400000015, 311.7753400000015, 310.2721734000015, 310.2721734000015, 308.7643165000013, 308.7643165000013, 307.25139350000154, 307.25139350000154, 305.74344150000115, 305.74344150000115, 304.2382121000014, 304.2382121000014, 302.73587790000147, 302.73587790000147, 301.2207215000017, 301.2207215000017, 299.71944610000173, 299.71944610000173], "b_time_left": [360, 358.4912618999997, 358.4912618999997, 356.98845789999996, 356.98845789999996, 355.47392839999975, 355.47392839999975, 353.96376759999976, 353.96376759999976, 352.4528310999999, 352.4528310999999, 350.9521558000001, 350.9521558000001, 349.4503218, 349.4503218, 347.9369621999999, 347.9369621999999, 346.4362351, 346.4362351, 344.9212422999999, 344.9212422999999, 343.41814999999997, 343.41814999999997, 341.9073113999998, 341.9073113999998, 340.39019169999983, 340.39019169999983, 338.8768680999997, 338.8768680999997, 337.36371489999965, 337.36371489999965, 335.85840519999965, 335.85840519999965, 334.3563617999994, 334.3563617999994, 332.8513964999993, 332.8513964999993, 331.3416779999993, 331.3416779999993, 329.8399378999993, 329.8399378999993, 328.33982629999946, 328.33982629999946, 326.8268986999997, 326.8268986999997, 325.31241529999943, 325.31241529999943, 323.79976729999953, 323.79976729999953, 322.2887333999997, 322.2887333999997, 320.7867540999996, 320.7867540999996, 319.2746040999996, 319.2746040999996, 317.7631597999998, 317.7631597999998, 316.26259119999986, 316.26259119999986, 314.75199269999985, 314.75199269999985, 313.23824430000013, 313.23824430000013, 311.73001060000024, 311.73001060000024, 310.2290750000002, 310.2290750000002, 308.7157097000004, 308.7157097000004, 307.21414540000023, 307.21414540000023, 305.7143388000004, 305.7143388000004, 304.21176840000044, 304.21176840000044, 302.69813530000056, 302.69813530000056, 301.1977501000006, 301.1977501000006, 299.69347350000044], "a_moves_left": [39, 39, 38, 38, 37, 37, 36, 36, 35, 35, 34, 34, 33, 33, 32, 32, 31, 31, 30, 30, 29, 29, 28, 28, 27, 27, 26, 26, 25, 25, 24, 24, 23, 23, 22, 22, 21, 21, 20, 20, 19, 19, 18, 18, 17, 17, 16, 16, 15, 15, 14, 14, 13, 13, 12, 12, 11, 11, 10, 10, 9, 9, 8, 8, 7, 7, 6, 6, 5, 5, 4, 4, 3, 3, 2, 2, 1, 1, 0, 0], "b_moves_left": [40, 39, 39, 38, 38, 37, 37, 36, 36, 35, 35, 34, 34, 33, 33, 32, 32, 31, 31, 30, 30, 29, 29, 28, 28, 27, 27, 26, 26, 25, 25, 24, 24, 23, 23, 22, 22, 21, 21, 20, 20, 19, 19, 18, 18, 17, 17, 16, 16, 15, 15, 14, 14, 13, 13, 12, 12, 11, 11, 10, 10, 9, 9, 8, 8, 7, 7, 6, 6, 5, 5, 4, 4, 3, 3, 2, 2, 1, 1, 0], "trapdoor_triggered": [0, 0, 0, 0, 0, 0, 0, 0, 0, 0, 0, 0, 0, 0, 0, 0, 0, 0, 0, 0, 0, 0, 0, 0, 0, 0, 0, 0, 0, 0, 1, 0, 0, 0, 0, 0, 0, 0, 0, 0, 0, 0, 0, 0, 0, 0, 0, 0, 0, 0, 0, 0, 0, 0, 0, 0, 0, 0, 0, 0, 0, 0, 1, 0, 0, 0, 0, 0, 0, 0, 0, 0, 0, 0, 0, 0, 0, 0, 0, 0], "left_behind": ["turd", "plain", "turd", "plain", "turd", "turd", "turd", "plain", "plain", "turd", "turd", "turd", "egg", "turd", "plain", "plain", "plain", "plain", "plain", "turd", "plain", "plain", "plain", "plain", "plain", "plain", "plain", "plain", "plain", "plain", "plain", "plain", "plain", "plain", "plain", "plain", "plain", "egg", "plain", "plain", "egg", "plain", "plain", "plain", "plain", "egg", "plain", "plain", "plain", "plain", "plain", "plain", "plain", "plain", "plain", "plain", "plain", "egg", "plain", "plain", "plain", "egg", "plain", "plain", "plain", "plain", "plain", "plain", "plain", "egg", "plain", "plain", "plain", "plain", "plain", "plain", "plain", "plain", "plain", "plain"], "errlog_a": "", "errlog_b": "", "start_time": 360, "start_moves": 40, "turn_count": 80, "result": 1, "reason": "EGGS_LAID", "trapdoors": [[2, 4], [4, 5]], "spawn_a": [0, 4], "spawn_b": [7, 4]}