{"pos": [[0, 5], [7, 5], [0, 4], [7, 6], [0, 3], [6, 6], [1, 3], [7, 6], [1, 2], [7, 7], [1, 1], [7, 6], [1, 0], [7, 5], [2, 0], [7, 4], [1, 0], [6, 4], [2, 0], [7, 4], [1, 0], [7, 3], [2, 0], [7, 2], [1, 0], [6, 2], [2, 0], [7, 2], [1, 0], [6, 2], [2, 0], [6, 1], [3, 0], [5, 1], [3, 1], [6, 1], [4, 1], [5, 1], [4, 2], [6, 1], [4, 1], [6, 0], [4, 2], [6, 1], [4, 3], [6, 2], [4, 2], [6, 3], [4, 3], [7, 6], [0, 6], [7, 5], [0, 5], [7, 6], [1, 5], [7, 7], [1, 4], [7, 6], [2, 4], [7, 7], [2, 3], [6, 7], [2, 2], [7, 7], [2, 1], [6, 7], [2, 0], [5, 7], [3, 0], [4, 7], [4, 0], [3, 7], [5, 0], [4, 7], [5, 1], [4, 6], [5, 0], [5, 6], [5, 1], [5, 5]], "a_eggs_laid": [1, 1, 1, 1, 2, 2, 2, 2, 3, 3, 3, 3, 4, 4, 4, 4, 5, 5, 5, 5, 5, 5, 5, 5, 5, 5, 5, 5, 5, 5, 5, 5, 5, 5, 5, 5, 6, 6, 6, 6, 7, 7, 7, 7, 7, 7, 7, 7, 7, 7, 11, 11, 11, 11, 11, 11, 12, 12, 12, 12, 13, 13, 13, 13, 14, 14, 14, 14, 14, 14, 14, 14, 15, 15, 15, 15, 16, 16, 16, 16], "b_eggs_laid": [0, 1, 1, 1, 1, 1, 1, 1, 1, 1, 1, 1, 1, 1, 1, 1, 1, 1, 1, 1, 1, 2, 2, 2, 2, 2, 2, 2, 2, 2, 2, 2, 2, 3, 3, 3, 3, 3, 3, 3, 3, 3, 3, 3, 3, 3, 3, 3, 3, 4, 4, 8, 8, 8, 8, 8, 8, 8, 8, 8, 8, 8, 8, 8, 8, 8, 8, 8, 8, 8, 8, 8, 8, 8, 8, 8, 8, 8, 8, 9], "a_turds_left": [5, 5, 5, 5, 5, 5, 5, 5, 5, 5, 5, 5, 5, 5, 5, 5, 5, 5, 5, 5, 5, 5, 5, 5, 5, 5, 5, 5, 5, 5, 5, 5, 5, 5, 5, 5, 5, 5, 5, 5, 5, 5, 5, 5, 5, 5, 5, 5, 5, 5, 5, 5, 5, 5, 5, 5, 5, 5, 5, 5, 5, 5, 5, 5, 5, 5, 5, 5, 5, 5, 5, 5, 5, 5, 5, 5, 5, 5, 5, 5], "b_turds_left": [5, 5, 5, 5, 5, 5, 5, 4, 4, 4, 4, 4, 4, 4, 4, 3, 3, 3, 3, 3, 3, 3, 3, 2, 2, 1, 1, 0, 0, 0, 0, 0, 0, 0, 0, 0, 0, 0, 0, 0, 0, 0, 0, 0, 0, 0, 0, 0, 0, 0, 0, 0, 0, 0, 0, 0, 0, 0, 0, 0, 0, 0, 0, 0, 0, 0, 0, 0, 0, 0, 0, 0, 0, 0, 0, 0, 0, 0, 0, 0], "a_time_left": [359.84380649996456, 359.84380649996456, 359.79660645796685, 359.79660645796685, 359.7151197079802, 359.7151197079802, 359.65270720794797, 359.65270720794797, 359.53384341596393, 359.53384341596393, 359.51762537495233, 359.51762537495233, 359.4311344579328, 359.4311344579328, 359.3878417489468, 359.3878417489468, 359.32115504099056, 359.32115504099056, 359.2685095409979, 359.2685095409979, 359.229788290977, 359.229788290977, 359.2050767909386, 359.2050767909386, 359.16848799894797, 359.16848799894797, 359.11854737397516, 359.11854737397516, 359.09997241495876, 359.09997241495876, 359.0632945399848, 359.0632945399848, 359.0416649149847, 359.0416649149847, 359.0167508730083, 359.0167508730083, 358.9452422890463, 358.9452422890463, 358.9328134970274, 358.9328134970274, 358.8925830380758, 358.8925830380758, 358.8630453291116, 358.8630453291116, 358.8392941200873, 358.8392941200873, 358.76806957810186, 358.76806957810186, 358.7321597870905, 358.7321597870905, 358.67192670312943, 358.67192670312943, 358.64726620313013, 358.64726620313013, 358.6018465781235, 358.6018465781235, 358.5550332861021, 358.5550332861021, 358.5014129530755, 358.5014129530755, 358.4478369530989, 358.4478369530989, 358.34123845311115, 358.34123845311115, 358.31308411911596, 358.31308411911596, 358.259214160149, 358.259214160149, 358.24336257611867, 358.24336257611867, 358.2030739511247, 358.2030739511247, 358.17835178412497, 358.17835178412497, 358.1374322011252, 358.1374322011252, 358.12346157612046, 358.12346157612046, 358.11764153512195, 358.11764153512195], "b_time_left": [360, 358.45939395797905, 358.45939395797905, 356.95366712502437, 356.95366712502437, 355.4481220000307, 355.4481220000307, 353.9425487080589, 353.9425487080589, 352.4368716670433, 352.4368716670433, 350.9314909170498, 350.9314909170498, 349.42573875107337, 349.42573875107337, 347.92540166707477, 347.92540166707477, 346.41960829205345, 346.41960829205345, 344.91396608407376, 344.91396608407376, 343.40877366706263, 343.40877366706263, 341.9032399170683, 341.9032399170683, 340.3974986671237, 340.3974986671237, 338.89181950112106, 338.89181950112106, 337.3862011260935, 337.3862011260935, 335.88064654311165, 335.88064654311165, 334.37503412610386, 334.37503412610386, 332.86949637607904, 332.86949637607904, 331.36393737606704, 331.36393737606704, 329.8584779180237, 329.8584779180237, 328.35292320902226, 328.35292320902226, 326.84747354197316, 326.84747354197316, 325.3396870419965, 325.3396870419965, 323.8341047919821, 323.8341047919821, 322.32876595895505, 322.32876595895505, 320.82319466694025, 320.82319466694025, 319.31759983394295, 319.31759983394295, 317.81195308396127, 317.81195308396127, 316.3063484169543, 316.3063484169543, 314.8007819169434, 314.8007819169434, 313.2951745419414, 313.2951745419414, 311.7895577089512, 311.7895577089512, 310.2839799999492, 310.2839799999492, 308.7785092089325, 308.7785092089325, 307.27287970890757, 307.27287970890757, 305.7671877089306, 305.7671877089306, 304.26152974989964, 304.26152974989964, 302.7559849168756, 302.7559849168756, 301.25050787488, 301.25050787488, 299.7446352498373], "a_moves_left": [39, 39, 38, 38, 37, 37, 36, 36, 35, 35, 34, 34, 33, 33, 32, 32, 31, 31, 30, 30, 29, 29, 28, 28, 27, 27, 26, 26, 25, 25, 24, 24, 23, 23, 22, 22, 21, 21, 20, 20, 19, 19, 18, 18, 17, 17, 16, 16, 15, 15, 14, 14, 13, 13, 12, 12, 11, 11, 10, 10, 9, 9, 8, 8, 7, 7, 6, 6, 5, 5, 4, 4, 3, 3, 2, 2, 1, 1, 0, 0], "b_moves_left": [40, 39, 39, 38, 38, 37, 37, 36, 36, 35, 35, 34, 34, 33, 33, 32, 32, 31, 31, 30, 30, 29, 29, 28, 28, 27, 27, 26, 26, 25, 25, 24, 24, 23, 23, 22, 22, 21, 21, 20, 20, 19, 19, 18, 18, 17, 17, 16, 16, 15, 15, 14, 14, 13, 13, 12, 12, 11, 11, 10, 10, 9, 9, 8, 8, 7, 7, 6, 6, 5, 5, 4, 4, 3, 3, 2, 2, 1, 1, 0], "trapdoor_triggered": [0, 0, 0, 0, 0, 0, 0, 0, 0, 0, 0, 0, 0, 0, 0, 0, 0, 0, 0, 0, 0, 0, 0, 0, 0, 0, 0, 0, 0, 0, 0, 0, 0, 0, 0, 0, 0, 0, 0, 0, 0, 0, 0, 0, 0, 0, 0, 0, 0, 1, 1, 0, 0, 0, 0, 0, 0, 0, 0, 0, 0, 0, 0, 0, 0, 0, 0, 0, 0, 0, 0, 0, 0, 0, 0, 0, 0, 0, 0, 0], "left_behind": ["egg", "egg", "plain", "plain", "egg", "plain", "plain", "turd", "egg", "plain", "plain", "plain", "egg", "plain", "plain", "turd", "egg", "plain", "plain", "plain", "plain", "egg", "plain", "turd", "plain", "turd", "plain", "turd", "plain", "plain", "plain", "plain", "plain", "egg", "plain", "plain", "egg", "plain", "plain", "plain", "egg", "plain", "plain", "plain", "plain", "plain", "plain", "plain", "plain", "egg", "plain", "plain", "plain", "plain", "plain", "plain", "egg", "plain", "plain", "plain", "egg", "plain", "plain", "plain", "egg", "plain", "plain", "plain", "plain", "plain", "plain", "plain", "egg", "plain", "plain", "plain", "egg", "plain", "plain", "egg"], "errlog_a": "", "errlog_b": "", "start_time": 360, "start_moves": 40, "turn_count": 80, "result": 0, "reason": "EGGS_LAID", "trapdoors": [[5, 3], [3, 4]], "spawn_a": [0, 6], "spawn_b": [7, 6]}