{"pos": [[7, 4], [0, 4], [6, 4], [1, 4], [6, 3], [1, 3], [5, 3], [2, 3], [5, 2], [2, 2], [5, 3], [3, 2], [5, 2], [4, 2], [5, 3], [5, 2], [6, 3], [6, 2], [6, 4], [6, 3], [7, 4], [6, 2], [7, 5], [6, 1], [7, 4], [7, 1], [7, 5], [6, 1], [7, 4], [7, 1], [7, 5], [6, 1], [7, 4], [7, 1], [7, 5], [6, 1], [7, 4], [7, 1], [7, 5], [6, 1], [7, 4], [7, 1], [7, 5], [6, 1], [7, 4], [7, 1], [7, 5], [6, 1], [7, 4], [7, 1], [7, 5], [6, 1], [7, 4], [7, 1], [7, 5], [6, 1], [7, 4], [7, 1], [7, 5], [6, 1], [7, 4], [7, 1], [7, 5], [6, 1], [7, 4], [7, 1], [7, 5], [6, 1], [7, 4], [7, 1], [7, 5], [6, 1], [7, 4], [7, 1], [7, 5], [6, 1], [7, 4], [7, 1], [7, 5], [7, 2]], "a_eggs_laid": [1, 1, 1, 1, 2, 2, 2, 2, 3, 3, 3, 3, 3, 3, 3, 3, 3, 3, 3, 3, 3, 3, 3, 3, 3, 3, 3, 3, 3, 3, 3, 3, 3, 3, 3, 3, 3, 3, 3, 3, 3, 3, 3, 3, 3, 3, 3, 3, 3, 3, 3, 3, 3, 3, 3, 3, 3, 3, 3, 3, 3, 3, 3, 3, 3, 3, 3, 3, 3, 3, 3, 3, 3, 3, 3, 3, 3, 3, 3, 3], "b_eggs_laid": [0, 1, 1, 1, 1, 2, 2, 2, 2, 3, 3, 3, 3, 4, 4, 4, 4, 4, 4, 4, 4, 4, 4, 4, 4, 5, 5, 5, 5, 5, 5, 5, 5, 5, 5, 5, 5, 5, 5, 5, 5, 5, 5, 5, 5, 5, 5, 5, 5, 5, 5, 5, 5, 5, 5, 5, 5, 5, 5, 5, 5, 5, 5, 5, 5, 5, 5, 5, 5, 5, 5, 5, 5, 5, 5, 5, 5, 5, 5, 5], "a_turds_left": [5, 5, 5, 5, 5, 5, 5, 5, 5, 5, 5, 5, 5, 5, 5, 5, 5, 5, 5, 5, 5, 5, 5, 5, 5, 5, 5, 5, 5, 5, 5, 5, 5, 5, 5, 5, 5, 5, 5, 5, 5, 5, 5, 5, 5, 5, 5, 5, 5, 5, 5, 5, 5, 5, 5, 5, 5, 5, 5, 5, 5, 5, 5, 5, 5, 5, 5, 5, 5, 5, 5, 5, 5, 5, 5, 5, 5, 5, 5, 5], "b_turds_left": [5, 5, 5, 5, 5, 5, 5, 5, 5, 5, 5, 5, 5, 5, 5, 4, 4, 3, 3, 3, 3, 2, 2, 2, 2, 2, 2, 2, 2, 2, 2, 2, 2, 2, 2, 2, 2, 2, 2, 2, 2, 2, 2, 2, 2, 2, 2, 2, 2, 2, 2, 2, 2, 2, 2, 2, 2, 2, 2, 2, 2, 2, 2, 2, 2, 2, 2, 2, 2, 2, 2, 2, 2, 2, 2, 2, 2, 2, 2, 2], "a_time_left": [359.8144653999998, 359.8144653999998, 359.7356722000004, 359.7356722000004, 359.4707365000004, 359.4707365000004, 359.3143925000004, 359.3143925000004, 359.03000520000023, 359.03000520000023, 358.9329994999998, 358.9329994999998, 358.8119375999995, 358.8119375999995, 358.76131539999915, 358.76131539999915, 358.73624839999866, 358.73624839999866, 358.71440039999925, 358.71440039999925, 358.70373219999874, 358.70373219999874, 358.69680869999866, 358.69680869999866, 358.6837474999993, 358.6837474999993, 358.6771900999993, 358.6771900999993, 358.6661160999993, 358.6661160999993, 358.65927679999913, 358.65927679999913, 358.6489189999993, 358.6489189999993, 358.64243839999926, 358.64243839999926, 358.6320472999996, 358.6320472999996, 358.62568909999936, 358.62568909999936, 358.61452389999977, 358.61452389999977, 358.60802049999984, 358.60802049999984, 358.5977985999998, 358.5977985999998, 358.59125459999996, 358.59125459999996, 358.5807742999996, 358.5807742999996, 358.5741930999993, 358.5741930999993, 358.5634516, 358.5634516, 358.5566093999996, 358.5566093999996, 358.5462957999998, 358.5462957999998, 358.539985899999, 358.539985899999, 358.5296327999995, 358.5296327999995, 358.5230822000003, 358.5230822000003, 358.5124551000008, 358.5124551000008, 358.50592080000115, 358.50592080000115, 358.4955161000016, 358.4955161000016, 358.48922310000216, 358.48922310000216, 358.4785972000018, 358.4785972000018, 358.472102300002, 358.472102300002, 358.46398560000216, 358.46398560000216, 358.4616231000018, 358.4616231000018], "b_time_left": [360, 359.82404080000015, 359.82404080000015, 359.4848758999997, 359.4848758999997, 359.2560588999995, 359.2560588999995, 358.74191099999916, 358.74191099999916, 358.4909068999996, 358.4909068999996, 358.39977539999927, 358.39977539999927, 358.24906529999953, 358.24906529999953, 358.19182329999967, 358.19182329999967, 358.08276639999985, 358.08276639999985, 358.0348379999996, 358.0348379999996, 357.9913083000001, 357.9913083000001, 357.9362903000001, 357.9362903000001, 357.91436819999944, 357.91436819999944, 357.87862119999954, 357.87862119999954, 357.86704969999937, 357.86704969999937, 357.83078569999907, 357.83078569999907, 357.819709299999, 357.819709299999, 357.7840940999986, 357.7840940999986, 357.7735914999985, 357.7735914999985, 357.7369813999985, 357.7369813999985, 357.72618599999896, 357.72618599999896, 357.69030609999936, 357.69030609999936, 357.6796895999996, 357.6796895999996, 357.64386829999967, 357.64386829999967, 357.6331580999995, 357.6331580999995, 357.59628189999967, 357.59628189999967, 357.5851481999998, 357.5851481999998, 357.5494546, 357.5494546, 357.53769530000045, 357.53769530000045, 357.5013004000002, 357.5013004000002, 357.490080900001, 357.490080900001, 357.4540308000014, 357.4540308000014, 357.4432904000014, 357.4432904000014, 357.4080444000019, 357.4080444000019, 357.39716370000224, 357.39716370000224, 357.3611310000024, 357.3611310000024, 357.3504088000027, 357.3504088000027, 357.3140039000027, 357.3140039000027, 357.30672850000246, 357.30672850000246, 357.30446360000224], "a_moves_left": [39, 39, 38, 38, 37, 37, 36, 36, 35, 35, 34, 34, 33, 33, 32, 32, 31, 31, 30, 30, 29, 29, 28, 28, 27, 27, 26, 26, 25, 25, 24, 24, 23, 23, 22, 22, 21, 21, 20, 20, 19, 19, 18, 18, 17, 17, 16, 16, 15, 15, 14, 14, 13, 13, 12, 12, 11, 11, 10, 10, 9, 9, 8, 8, 7, 7, 6, 6, 5, 5, 4, 4, 3, 3, 2, 2, 1, 1, 0, 0], "b_moves_left": [40, 39, 39, 38, 38, 37, 37, 36, 36, 35, 35, 34, 34, 33, 33, 32, 32, 31, 31, 30, 30, 29, 29, 28, 28, 27, 27, 26, 26, 25, 25, 24, 24, 23, 23, 22, 22, 21, 21, 20, 20, 19, 19, 18, 18, 17, 17, 16, 16, 15, 15, 14, 14, 13, 13, 12, 12, 11, 11, 10, 10, 9, 9, 8, 8, 7, 7, 6, 6, 5, 5, 4, 4, 3, 3, 2, 2, 1, 1, 0], "trapdoor_triggered": [0, 0, 0, 0, 0, 0, 0, 0, 0, 0, 0, 0, 0, 0, 0, 0, 0, 0, 0, 0, 0, 0, 0, 0, 0, 0, 0, 0, 0, 0, 0, 0, 0, 0, 0, 0, 0, 0, 0, 0, 0, 0, 0, 0, 0, 0, 0, 0, 0, 0, 0, 0, 0, 0, 0, 0, 0, 0, 0, 0, 0, 0, 0, 0, 0, 0, 0, 0, 0, 0, 0, 0, 0, 0, 0, 0, 0, 0, 0, 0], "left_behind": ["egg", "egg", "plain", "plain", "egg", "egg", "plain", "plain", "egg", "egg", "plain", "plain", "plain", "egg", "plain", "turd", "plain", "turd", "plain", "plain", "plain", "turd", "plain", "plain", "plain", "egg", "plain", "plain", "plain", "plain", "plain", "plain", "plain", "plain", "plain", "plain", "plain", "plain", "plain", "plain", "plain", "plain", "plain", "plain", "plain", "plain", "plain", "plain", "plain", "plain", "plain", "plain", "plain", "plain", "plain", "plain", "plain", "plain", "plain", "plain", "plain", "plain", "plain", "plain", "plain", "plain", "plain", "plain", "plain", "plain", "plain", "plain", "plain", "plain", "plain", "plain", "plain", "plain", "plain", "plain"], "errlog_a": "", "errlog_b": "", "start_time": 360, "start_moves": 40, "turn_count": 80, "result": 1, "reason": "EGGS_LAID", "trapdoors": [[3, 3], [4, 3]], "spawn_a": [7, 5], "spawn_b": [0, 5]}