{"pos": [[7, 4], [0, 4], [6, 4], [0, 3], [6, 3], [1, 3], [5, 3], [1, 4], [5, 2], [1, 5], [4, 2], [2, 5], [4, 1], [0, 5], [3, 1], [0, 6], [3, 0], [0, 5], [4, 0], [1, 5], [5, 0], [2, 5], [5, 1], [2, 6], [5, 0], [1, 6], [6, 0], [0, 6], [7, 0], [0, 5], [7, 1], [0, 4], [7, 0], [0, 3], [7, 1], [0, 4], [7, 0], [0, 5], [7, 1], [0, 4], [7, 0], [0, 5], [7, 1], [1, 5], [7, 0], [1, 4], [7, 1], [1, 5], [7, 0], [1, 6], [7, 1], [1, 5], [7, 0], [1, 4], [7, 1], [0, 4], [7, 0], [0, 3], [7, 1], [1, 3], [7, 0], [2, 3], [7, 1], [3, 3], [7, 0], [4, 3], [7, 1], [3, 3], [7, 0], [4, 3], [7, 1], [4, 4], [7, 0], [4, 3], [7, 1], [4, 4], [7, 0], [4, 5], [7, 1], [4, 4]], "a_eggs_laid": [1, 1, 1, 1, 2, 2, 2, 2, 3, 3, 3, 3, 4, 4, 8, 8, 9, 9, 9, 9, 10, 10, 10, 10, 11, 11, 11, 11, 12, 12, 12, 12, 13, 13, 13, 13, 13, 13, 13, 13, 13, 13, 13, 13, 13, 13, 13, 13, 13, 13, 13, 13, 13, 13, 13, 13, 13, 13, 13, 13, 13, 13, 13, 13, 13, 13, 13, 13, 13, 13, 13, 13, 13, 13, 13, 13, 13, 13, 13, 13], "b_eggs_laid": [0, 0, 0, 0, 0, 0, 0, 0, 0, 0, 0, 0, 0, 0, 0, 0, 0, 0, 0, 0, 0, 0, 0, 1, 1, 1, 1, 1, 1, 1, 1, 1, 1, 1, 1, 2, 2, 2, 2, 2, 2, 2, 2, 3, 3, 3, 3, 3, 3, 3, 3, 4, 4, 4, 4, 4, 4, 4, 4, 4, 4, 4, 4, 5, 5, 5, 5, 5, 5, 5, 5, 5, 5, 5, 5, 6, 6, 6, 6, 7], "a_turds_left": [5, 5, 5, 5, 5, 5, 5, 5, 5, 5, 5, 5, 5, 5, 5, 5, 5, 5, 5, 5, 5, 5, 5, 5, 5, 5, 5, 5, 5, 5, 5, 5, 5, 5, 5, 5, 5, 5, 5, 5, 5, 5, 5, 5, 5, 5, 5, 5, 5, 5, 5, 5, 5, 5, 5, 5, 5, 5, 5, 5, 5, 5, 5, 5, 5, 5, 5, 5, 5, 5, 5, 5, 5, 5, 5, 5, 5, 5, 5, 5], "b_turds_left": [5, 5, 5, 5, 5, 5, 5, 4, 4, 3, 3, 3, 3, 3, 3, 3, 3, 2, 2, 2, 2, 1, 1, 1, 1, 0, 0, 0, 0, 0, 0, 0, 0, 0, 0, 0, 0, 0, 0, 0, 0, 0, 0, 0, 0, 0, 0, 0, 0, 0, 0, 0, 0, 0, 0, 0, 0, 0, 0, 0, 0, 0, 0, 0, 0, 0, 0, 0, 0, 0, 0, 0, 0, 0, 0, 0, 0, 0, 0, 0], "a_time_left": [359.7921744999994, 359.7921744999994, 359.7065182999995, 359.7065182999995, 359.3911485999997, 359.3911485999997, 359.2061221999993, 359.2061221999993, 358.8822457999995, 358.8822457999995, 358.7147927999995, 358.7147927999995, 358.24221319999924, 358.24221319999924, 357.69605279999905, 357.69605279999905, 357.32102479999867, 357.32102479999867, 357.08274379999875, 357.08274379999875, 356.9419584999987, 356.9419584999987, 356.5438693999986, 356.5438693999986, 356.3015031999985, 356.3015031999985, 356.17080839999835, 356.17080839999835, 356.10085699999854, 356.10085699999854, 356.0759199999984, 356.0759199999984, 356.03857959999823, 356.03857959999823, 356.0194307999982, 356.0194307999982, 356.00900829999864, 356.00900829999864, 355.9831181999989, 355.9831181999989, 355.9738942999984, 355.9738942999984, 355.95274999999856, 355.95274999999856, 355.9384508999983, 355.9384508999983, 355.91318239999873, 355.91318239999873, 355.90009179999925, 355.90009179999925, 355.8650499999994, 355.8650499999994, 355.85142689999884, 355.85142689999884, 355.8254319999987, 355.8254319999987, 355.8142654999983, 355.8142654999983, 355.7960908999985, 355.7960908999985, 355.7818948999984, 355.7818948999984, 355.75249579999854, 355.75249579999854, 355.73889699999836, 355.73889699999836, 355.6635417999987, 355.6635417999987, 355.6487978999985, 355.6487978999985, 355.5814460999982, 355.5814460999982, 355.56884999999784, 355.56884999999784, 355.5047670999975, 355.5047670999975, 355.49610149999717, 355.49610149999717, 355.4887484999972, 355.4887484999972], "b_time_left": [360, 358.4872783999999, 358.4872783999999, 356.9855103, 356.9855103, 355.4773643999997, 355.4773643999997, 353.9686566999999, 353.9686566999999, 352.46106080000027, 352.46106080000027, 350.9512921000005, 350.9512921000005, 349.44678550000026, 349.44678550000026, 347.9353974000005, 347.9353974000005, 346.43021540000063, 346.43021540000063, 344.92364460000044, 344.92364460000044, 343.41790130000027, 343.41790130000027, 341.9160800999998, 341.9160800999998, 340.40929659999983, 340.40929659999983, 338.9005038999994, 338.9005038999994, 337.39785049999955, 337.39785049999955, 335.8932784999988, 335.8932784999988, 334.3815769999992, 334.3815769999992, 332.8819199999998, 332.8819199999998, 331.3676452999998, 331.3676452999998, 329.8647102999994, 329.8647102999994, 328.35685739999917, 328.35685739999917, 326.8525364999996, 326.8525364999996, 325.3374494999998, 325.3374494999998, 323.8249603999993, 323.8249603999993, 322.32322099999965, 322.32322099999965, 320.8166818999998, 320.8166818999998, 319.31239389999973, 319.31239389999973, 317.8086483999996, 317.8086483999996, 316.30599209999946, 316.30599209999946, 314.80537579999964, 314.80537579999964, 313.29402540000046, 313.29402540000046, 311.78453510000054, 311.78453510000054, 310.27861100000064, 310.27861100000064, 308.77369650000037, 308.77369650000037, 307.27365439999994, 307.27365439999994, 305.7697142999996, 305.7697142999996, 304.26681889999963, 304.26681889999963, 302.7656088999993, 302.7656088999993, 301.25148499999887, 301.25148499999887, 299.7441031999988], "a_moves_left": [39, 39, 38, 38, 37, 37, 36, 36, 35, 35, 34, 34, 33, 33, 32, 32, 31, 31, 30, 30, 29, 29, 28, 28, 27, 27, 26, 26, 25, 25, 24, 24, 23, 23, 22, 22, 21, 21, 20, 20, 19, 19, 18, 18, 17, 17, 16, 16, 15, 15, 14, 14, 13, 13, 12, 12, 11, 11, 10, 10, 9, 9, 8, 8, 7, 7, 6, 6, 5, 5, 4, 4, 3, 3, 2, 2, 1, 1, 0, 0], "b_moves_left": [40, 39, 39, 38, 38, 37, 37, 36, 36, 35, 35, 34, 34, 33, 33, 32, 32, 31, 31, 30, 30, 29, 29, 28, 28, 27, 27, 26, 26, 25, 25, 24, 24, 23, 23, 22, 22, 21, 21, 20, 20, 19, 19, 18, 18, 17, 17, 16, 16, 15, 15, 14, 14, 13, 13, 12, 12, 11, 11, 10, 10, 9, 9, 8, 8, 7, 7, 6, 6, 5, 5, 4, 4, 3, 3, 2, 2, 1, 1, 0], "trapdoor_triggered": [0, 0, 0, 0, 0, 0, 0, 0, 0, 0, 0, 0, 0, 1, 0, 0, 0, 0, 0, 0, 0, 0, 0, 0, 0, 0, 0, 0, 0, 0, 0, 0, 0, 0, 0, 0, 0, 0, 0, 0, 0, 0, 0, 0, 0, 0, 0, 0, 0, 0, 0, 0, 0, 0, 0, 0, 0, 0, 0, 0, 0, 0, 0, 0, 0, 0, 0, 0, 0, 0, 0, 0, 0, 0, 0, 0, 0, 0, 0, 0], "left_behind": ["egg", "plain", "plain", "plain", "egg", "plain", "plain", "turd", "egg", "turd", "plain", "plain", "egg", "plain", "plain", "plain", "egg", "turd", "plain", "plain", "egg", "turd", "plain", "egg", "egg", "turd", "plain", "plain", "egg", "plain", "plain", "plain", "egg", "plain", "plain", "egg", "plain", "plain", "plain", "plain", "plain", "plain", "plain", "egg", "plain", "plain", "plain", "plain", "plain", "plain", "plain", "egg", "plain", "plain", "plain", "plain", "plain", "plain", "plain", "plain", "plain", "plain", "plain", "egg", "plain", "plain", "plain", "plain", "plain", "plain", "plain", "plain", "plain", "plain", "plain", "egg", "plain", "plain", "plain", "egg"], "errlog_a": "", "errlog_b": "", "start_time": 360, "start_moves": 40, "turn_count": 80, "result": 0, "reason": "EGGS_LAID", "trapdoors": [[3, 5], [3, 2]], "spawn_a": [7, 5], "spawn_b": [0, 5]}