{"pos": [[6, 3], [1, 3], [6, 2], [1, 2], [6, 1], [0, 2], [5, 1], [0, 1], [4, 1], [1, 1], [3, 1], [2, 1], [3, 0], [2, 0], [4, 0], [3, 0], [5, 0], [2, 0], [6, 0], [1, 0], [7, 0], [0, 0], [7, 1], [0, 1], [7, 2], [1, 1], [6, 2], [1, 2], [6, 3], [2, 2], [6, 4], [2, 3], [6, 5], [1, 3], [6, 6], [1, 4], [5, 6], [1, 5], [4, 6], [2, 5], [4, 5], [3, 5], [5, 5], [4, 5], [5, 4], [4, 4], [5, 3], [4, 3], [5, 4], [4, 2], [4, 4], [4, 1], [3, 4], [4, 2], [4, 4], [5, 2], [3, 4], [4, 2], [3, 5], [4, 3], [3, 6], [3, 3], [2, 6], [3, 4], [1, 6], [3, 3], [1, 5], [3, 4], [0, 5], [3, 3], [0, 4], [2, 3], [0, 5], [2, 2], [0, 6], [2, 1], [0, 7], [2, 2], [1, 7], [2, 1]], "a_eggs_laid": [1, 1, 1, 1, 2, 2, 2, 2, 3, 3, 3, 3, 4, 4, 4, 4, 5, 5, 5, 5, 6, 6, 6, 6, 7, 7, 7, 7, 7, 7, 7, 7, 8, 8, 8, 8, 9, 9, 9, 9, 10, 10, 10, 10, 11, 11, 11, 11, 12, 12, 12, 12, 13, 13, 13, 13, 13, 13, 13, 13, 14, 14, 14, 14, 15, 15, 15, 15, 16, 16, 16, 16, 17, 17, 17, 17, 18, 18, 18, 18], "b_eggs_laid": [0, 1, 1, 1, 1, 2, 2, 2, 2, 3, 3, 3, 3, 4, 4, 4, 4, 5, 5, 5, 5, 6, 6, 6, 6, 6, 6, 6, 6, 6, 6, 6, 6, 7, 7, 7, 7, 8, 8, 8, 8, 9, 9, 9, 9, 10, 10, 10, 10, 11, 11, 11, 11, 12, 12, 12, 12, 13, 13, 13, 13, 13, 13, 13, 13, 14, 14, 14, 14, 14, 14, 14, 14, 14, 14, 14, 14, 14, 14, 14], "a_turds_left": [5, 5, 5, 5, 5, 5, 5, 5, 5, 5, 5, 5, 5, 5, 5, 5, 5, 5, 5, 5, 5, 5, 5, 5, 5, 5, 5, 5, 5, 5, 5, 5, 5, 5, 5, 5, 5, 5, 5, 5, 5, 5, 5, 5, 5, 5, 5, 5, 5, 5, 5, 5, 5, 5, 5, 5, 5, 5, 5, 5, 5, 5, 5, 5, 5, 5, 5, 5, 5, 5, 5, 5, 5, 5, 5, 5, 5, 5, 5, 5], "b_turds_left": [5, 5, 5, 5, 5, 5, 5, 5, 5, 5, 5, 5, 5, 5, 5, 5, 5, 5, 5, 5, 5, 5, 5, 5, 5, 5, 5, 5, 5, 5, 5, 5, 5, 5, 5, 5, 5, 5, 5, 5, 5, 5, 5, 5, 5, 5, 5, 5, 5, 5, 5, 5, 5, 5, 5, 5, 5, 5, 5, 5, 5, 5, 5, 5, 5, 5, 5, 5, 5, 5, 5, 5, 5, 5, 5, 5, 5, 5, 5, 5], "a_time_left": [359.9963757080259, 359.9963757080259, 359.99465162400156, 359.99465162400156, 359.9915726240142, 359.9915726240142, 359.98984883201774, 359.98984883201774, 359.9867768320255, 359.9867768320255, 359.9820667480235, 359.9820667480235, 359.98138920601923, 359.98138920601923, 359.9812053720234, 359.9812053720234, 359.9807768300525, 359.9807768300525, 359.98064303805586, 359.98064303805586, 359.9803937880788, 359.9803937880788, 359.98028949607396, 359.98028949607396, 359.9800939960405, 359.9800939960405, 359.9800071630161, 359.9800071630161, 359.9797391219763, 359.9797391219763, 359.9793347879895, 359.9793347879895, 359.97922274598386, 359.97922274598386, 359.9791262879735, 359.9791262879735, 359.9790147879976, 359.9790147879976, 359.97892020398285, 359.97892020398285, 359.9788095789845, 359.9788095789845, 359.9787334119901, 359.9787334119901, 359.9786443290068, 359.9786443290068, 359.97856782900635, 359.97856782900635, 359.9784821619978, 359.9784821619978, 359.97824336995836, 359.97824336995836, 359.97816191101447, 359.97816191101447, 359.9780715359957, 359.9780715359957, 359.9779277020134, 359.9779277020134, 359.9774512020522, 359.9774512020522, 359.9773777430528, 359.9773777430528, 359.9772945760051, 359.9772945760051, 359.9772034090129, 359.9772034090129, 359.9771207009908, 359.9771207009908, 359.9770443260204, 359.9770443260204, 359.9769713670248, 359.9769713670248, 359.9769154090318, 359.9769154090318, 359.976748367073, 359.976748367073, 359.9766601170413, 359.9766601170413, 359.9765967419953, 359.9765967419953], "b_time_left": [360, 359.9965686670039, 359.9965686670039, 359.9947606669739, 359.9947606669739, 359.99039824993815, 359.99039824993815, 359.9895961249713, 359.9895961249713, 359.986812249932, 359.986812249932, 359.98601512494497, 359.98601512494497, 359.98506416694727, 359.98506416694727, 359.98494729190134, 359.98494729190134, 359.984856749943, 359.984856749943, 359.9847441249294, 359.9847441249294, 359.984638624941, 359.984638624941, 359.98455049993936, 359.98455049993936, 359.9844623749959, 359.9844623749959, 359.9843592920224, 359.9843592920224, 359.984271000023, 359.984271000023, 359.98417116701603, 359.98417116701603, 359.9840584999765, 359.9840584999765, 359.9839737089351, 359.9839737089351, 359.98387316794833, 359.98387316794833, 359.983794417989, 359.983794417989, 359.98369587701745, 359.98369587701745, 359.98361171100987, 359.98361171100987, 359.9835406700149, 359.9835406700149, 359.9834618779714, 359.9834618779714, 359.98337721201824, 359.98337721201824, 359.9832970449934, 359.9832970449934, 359.9832392950193, 359.9832392950193, 359.98316062800586, 359.98316062800586, 359.9831018780242, 359.9831018780242, 359.9830182950245, 359.9830182950245, 359.9829630860477, 359.9829630860477, 359.9828862110735, 359.9828862110735, 359.9828180450713, 359.9828180450713, 359.9827412540908, 359.9827412540908, 359.98266087908996, 359.98266087908996, 359.9825780041283, 359.9825780041283, 359.9825095041306, 359.9825095041306, 359.9824335461599, 359.9824335461599, 359.9823668791214, 359.9823668791214, 359.9822863791487], "a_moves_left": [39, 39, 38, 38, 37, 37, 36, 36, 35, 35, 34, 34, 33, 33, 32, 32, 31, 31, 30, 30, 29, 29, 28, 28, 27, 27, 26, 26, 25, 25, 24, 24, 23, 23, 22, 22, 21, 21, 20, 20, 19, 19, 18, 18, 17, 17, 16, 16, 15, 15, 14, 14, 13, 13, 12, 12, 11, 11, 10, 10, 9, 9, 8, 8, 7, 7, 6, 6, 5, 5, 4, 4, 3, 3, 2, 2, 1, 1, 0, 0], "b_moves_left": [40, 39, 39, 38, 38, 37, 37, 36, 36, 35, 35, 34, 34, 33, 33, 32, 32, 31, 31, 30, 30, 29, 29, 28, 28, 27, 27, 26, 26, 25, 25, 24, 24, 23, 23, 22, 22, 21, 21, 20, 20, 19, 19, 18, 18, 17, 17, 16, 16, 15, 15, 14, 14, 13, 13, 12, 12, 11, 11, 10, 10, 9, 9, 8, 8, 7, 7, 6, 6, 5, 5, 4, 4, 3, 3, 2, 2, 1, 1, 0], "trapdoor_triggered": [0, 0, 0, 0, 0, 0, 0, 0, 0, 0, 0, 0, 0, 0, 0, 0, 0, 0, 0, 0, 0, 0, 0, 0, 0, 0, 0, 0, 0, 0, 0, 0, 0, 0, 0, 0, 0, 0, 0, 0, 0, 0, 0, 0, 0, 0, 0, 0, 0, 0, 0, 0, 0, 0, 0, 0, 0, 0, 0, 0, 0, 0, 0, 0, 0, 0, 0, 0, 0, 0, 0, 0, 0, 0, 0, 0, 0, 0, 0, 0], "left_behind": ["egg", "egg", "plain", "plain", "egg", "egg", "plain", "plain", "egg", "egg", "plain", "plain", "egg", "egg", "plain", "plain", "egg", "egg", "plain", "plain", "egg", "egg", "plain", "plain", "egg", "plain", "plain", "plain", "plain", "plain", "plain", "plain", "egg", "egg", "plain", "plain", "egg", "egg", "plain", "plain", "egg", "egg", "plain", "plain", "egg", "egg", "plain", "plain", "egg", "egg", "plain", "plain", "egg", "egg", "plain", "plain", "plain", "egg", "plain", "plain", "egg", "plain", "plain", "plain", "egg", "egg", "plain", "plain", "egg", "plain", "plain", "plain", "egg", "plain", "plain", "plain", "egg", "plain", "plain", "plain"], "errlog_a": "", "errlog_b": "", "start_time": 360, "start_moves": 40, "turn_count": 80, "result": 0, "reason": "EGGS_LAID", "trapdoors": [[2, 4], [3, 2]], "spawn_a": [7, 3], "spawn_b": [0, 3]}