{"pos": [[1, 6], [6, 6], [2, 6], [5, 6], [3, 6], [5, 7], [4, 6], [4, 7], [3, 6], [3, 7], [3, 5], [3, 6], [2, 5], [3, 7], [1, 5], [2, 7], [1, 4], [1, 7], [1, 3], [1, 6], [1, 2], [1, 7], [1, 1], [0, 7], [2, 1], [1, 7], [3, 1], [1, 6], [4, 1], [1, 7], [5, 1], [2, 7], [6, 1], [3, 7], [6, 2], [3, 6], [6, 3], [3, 7], [6, 4], [4, 7], [6, 5], [5, 7], [6, 6], [6, 7], [6, 5], [7, 7], [7, 5], [7, 6], [7, 4], [7, 7], [7, 3], [6, 7], [7, 2], [5, 7], [7, 1], [5, 6], [7, 0], [5, 5], [6, 0], [6, 5], [5, 0], [5, 5], [4, 0], [6, 5], [3, 0], [5, 5], [2, 0], [5, 6], [1, 0], [5, 7], [0, 0], [6, 7], [0, 1], [7, 7], [0, 2], [7, 6], [0, 3], [7, 7], [0, 4], [7, 6]], "a_eggs_laid": [1, 1, 1, 1, 2, 2, 2, 2, 3, 3, 3, 3, 4, 4, 4, 4, 5, 5, 5, 5, 6, 6, 6, 6, 7, 7, 7, 7, 8, 8, 8, 8, 9, 9, 9, 9, 10, 10, 10, 10, 11, 11, 11, 11, 12, 12, 12, 12, 13, 13, 13, 13, 14, 14, 14, 14, 15, 15, 15, 15, 16, 16, 16, 16, 17, 17, 17, 17, 18, 18, 18, 18, 21, 21, 21, 21, 22, 22, 22, 22], "b_eggs_laid": [0, 1, 1, 1, 1, 2, 2, 2, 2, 3, 3, 3, 3, 4, 4, 4, 4, 5, 5, 5, 5, 6, 6, 6, 6, 9, 9, 9, 9, 9, 9, 9, 9, 9, 9, 9, 9, 9, 9, 9, 9, 9, 9, 9, 9, 10, 10, 10, 10, 10, 10, 10, 10, 10, 10, 10, 10, 10, 10, 10, 10, 11, 11, 11, 11, 11, 11, 11, 11, 11, 11, 11, 11, 11, 11, 11, 11, 11, 11, 11], "a_turds_left": [5, 5, 5, 5, 5, 5, 5, 5, 5, 5, 5, 5, 5, 5, 5, 5, 5, 5, 5, 5, 5, 5, 5, 5, 5, 5, 5, 5, 5, 5, 5, 5, 5, 5, 5, 5, 5, 5, 5, 5, 5, 5, 5, 5, 5, 5, 5, 5, 5, 5, 5, 5, 5, 5, 5, 5, 5, 5, 5, 5, 5, 5, 5, 5, 5, 5, 5, 5, 5, 5, 5, 5, 5, 5, 5, 5, 5, 5, 5, 5], "b_turds_left": [5, 5, 5, 5, 5, 5, 5, 5, 5, 5, 5, 5, 5, 5, 5, 5, 5, 5, 5, 5, 5, 5, 5, 5, 5, 5, 5, 5, 5, 5, 5, 5, 5, 5, 5, 5, 5, 5, 5, 5, 5, 5, 5, 5, 5, 5, 5, 5, 5, 5, 5, 5, 5, 5, 5, 5, 5, 5, 5, 5, 5, 5, 5, 5, 5, 5, 5, 5, 5, 5, 5, 5, 5, 5, 5, 5, 5, 5, 5, 5], "a_time_left": [359.99640341696795, 359.99640341696795, 359.994665125967, 359.994665125967, 359.9914785429719, 359.9914785429719, 359.98971250094473, 359.98971250094473, 359.9884505009395, 359.9884505009395, 359.98792870889883, 359.98792870889883, 359.9864577088738, 359.9864577088738, 359.98299979185686, 359.98299979185686, 359.9797316248296, 359.9797316248296, 359.97778666683007, 359.97778666683007, 359.9766074587824, 359.9766074587824, 359.9760193757829, 359.9760193757829, 359.97496479173424, 359.97496479173424, 359.97438324976247, 359.97438324976247, 359.97331983275944, 359.97331983275944, 359.97320958279306, 359.97320958279306, 359.973086082784, 359.973086082784, 359.97297016577795, 359.97297016577795, 359.97284683276666, 359.97284683276666, 359.97274887474487, 359.97274887474487, 359.97263691574335, 359.97263691574335, 359.972544206772, 359.972544206772, 359.97247374773724, 359.97247374773724, 359.9720482887351, 359.9720482887351, 359.9719693727675, 359.9719693727675, 359.9718928307411, 359.9718928307411, 359.97179687279277, 359.97179687279277, 359.97172062279424, 359.97172062279424, 359.9716342887841, 359.9716342887841, 359.97157241380773, 359.97157241380773, 359.9714807468117, 359.9714807468117, 359.9714062878047, 359.9714062878047, 359.97132120479364, 359.97132120479364, 359.97123703878606, 359.97123703878606, 359.97114120482, 359.97114120482, 359.971069287858, 359.971069287858, 359.97099524585065, 359.97099524585065, 359.97092445386807, 359.97092445386807, 359.97084170387825, 359.97084170387825, 359.97076649486553, 359.97076649486553], "b_time_left": [360, 359.99642258300446, 359.99642258300446, 359.9945239989902, 359.9945239989902, 359.9911089580273, 359.9911089580273, 359.9898102909792, 359.9898102909792, 359.9880803319975, 359.9880803319975, 359.98754937399644, 359.98754937399644, 359.98716149898246, 359.98716149898246, 359.986610707012, 359.986610707012, 359.98630074900575, 359.98630074900575, 359.9859881239827, 359.9859881239827, 359.98587974894326, 359.98587974894326, 359.9857751659001, 359.9857751659001, 359.985678665922, 359.985678665922, 359.9855658329325, 359.9855658329325, 359.98548258293886, 359.98548258293886, 359.9853794159135, 359.9853794159135, 359.9852885408909, 359.9852885408909, 359.98518424888607, 359.98518424888607, 359.98509954090696, 359.98509954090696, 359.9849930409109, 359.9849930409109, 359.98490458290325, 359.98490458290325, 359.9847967919195, 359.9847967919195, 359.9846925419406, 359.9846925419406, 359.9845999169629, 359.9845999169629, 359.9845217089751, 359.9845217089751, 359.98443020897685, 359.98443020897685, 359.98434025095776, 359.98434025095776, 359.9842363760108, 359.9842363760108, 359.9841473340057, 359.9841473340057, 359.98404616699554, 359.98404616699554, 359.9839646249893, 359.9839646249893, 359.9838794579846, 359.9838794579846, 359.98382449895144, 359.98382449895144, 359.98373678990174, 359.98373678990174, 359.9836735809222, 359.9836735809222, 359.9835990399006, 359.9835990399006, 359.98353774892166, 359.98353774892166, 359.98347070690943, 359.98347070690943, 359.9834148319205, 359.9834148319205, 359.98334670695476], "a_moves_left": [39, 39, 38, 38, 37, 37, 36, 36, 35, 35, 34, 34, 33, 33, 32, 32, 31, 31, 30, 30, 29, 29, 28, 28, 27, 27, 26, 26, 25, 25, 24, 24, 23, 23, 22, 22, 21, 21, 20, 20, 19, 19, 18, 18, 17, 17, 16, 16, 15, 15, 14, 14, 13, 13, 12, 12, 11, 11, 10, 10, 9, 9, 8, 8, 7, 7, 6, 6, 5, 5, 4, 4, 3, 3, 2, 2, 1, 1, 0, 0], "b_moves_left": [40, 39, 39, 38, 38, 37, 37, 36, 36, 35, 35, 34, 34, 33, 33, 32, 32, 31, 31, 30, 30, 29, 29, 28, 28, 27, 27, 26, 26, 25, 25, 24, 24, 23, 23, 22, 22, 21, 21, 20, 20, 19, 19, 18, 18, 17, 17, 16, 16, 15, 15, 14, 14, 13, 13, 12, 12, 11, 11, 10, 10, 9, 9, 8, 8, 7, 7, 6, 6, 5, 5, 4, 4, 3, 3, 2, 2, 1, 1, 0], "trapdoor_triggered": [0, 0, 0, 0, 0, 0, 0, 0, 0, 0, 0, 0, 0, 0, 0, 0, 0, 0, 0, 0, 0, 0, 0, 0, 0, 0, 0, 0, 0, 0, 0, 0, 0, 0, 0, 0, 0, 0, 0, 0, 0, 0, 0, 0, 0, 0, 0, 0, 0, 0, 0, 0, 0, 0, 0, 0, 0, 0, 0, 0, 0, 0, 0, 0, 0, 0, 0, 0, 0, 0, 0, 0, 0, 0, 0, 0, 0, 0, 0, 0], "left_behind": ["egg", "egg", "plain", "plain", "egg", "egg", "plain", "plain", "egg", "egg", "plain", "plain", "egg", "egg", "plain", "plain", "egg", "egg", "plain", "plain", "egg", "egg", "plain", "plain", "egg", "egg", "plain", "plain", "egg", "plain", "plain", "plain", "egg", "plain", "plain", "plain", "egg", "plain", "plain", "plain", "egg", "plain", "plain", "plain", "egg", "egg", "plain", "plain", "egg", "plain", "plain", "plain", "egg", "plain", "plain", "plain", "egg", "plain", "plain", "plain", "egg", "egg", "plain", "plain", "egg", "plain", "plain", "plain", "egg", "plain", "plain", "plain", "egg", "plain", "plain", "plain", "egg", "plain", "plain", "plain"], "errlog_a": "", "errlog_b": "", "start_time": 360, "start_moves": 40, "turn_count": 80, "result": 0, "reason": "EGGS_LAID", "trapdoors": [[5, 3], [5, 4]], "spawn_a": [0, 6], "spawn_b": [7, 6]}