{"pos": [[1, 6], [6, 6], [2, 6], [5, 6], [3, 6], [5, 7], [4, 6], [4, 7], [3, 6], [3, 7], [3, 5], [3, 6], [2, 5], [3, 7], [1, 5], [2, 7], [1, 4], [1, 7], [1, 3], [1, 6], [1, 2], [1, 7], [1, 1], [0, 7], [2, 1], [1, 7], [3, 1], [1, 6], [4, 1], [1, 7], [5, 1], [2, 7], [6, 1], [3, 7], [6, 2], [3, 6], [6, 3], [3, 7], [6, 4], [4, 7], [6, 5], [5, 7], [6, 6], [6, 7], [6, 5], [7, 7], [7, 5], [7, 6], [7, 4], [7, 7], [7, 3], [6, 7], [7, 2], [5, 7], [7, 1], [5, 6], [7, 0], [5, 5], [6, 0], [6, 5], [5, 0], [5, 5], [4, 0], [4, 5], [3, 0], [4, 4], [2, 0], [7, 6], [1, 0], [7, 7], [0, 0], [6, 7], [0, 1], [5, 7], [0, 2], [5, 6], [0, 3], [5, 5], [0, 4], [6, 5]], "a_eggs_laid": [1, 1, 1, 1, 2, 2, 2, 2, 3, 3, 3, 3, 4, 4, 4, 4, 5, 5, 5, 5, 6, 6, 6, 6, 7, 7, 7, 7, 8, 8, 8, 8, 9, 9, 9, 9, 10, 10, 10, 10, 11, 11, 11, 11, 12, 12, 12, 12, 13, 13, 13, 13, 14, 14, 14, 14, 15, 15, 15, 15, 16, 16, 16, 16, 17, 17, 17, 17, 22, 22, 22, 22, 25, 25, 25, 25, 26, 26, 26, 26], "b_eggs_laid": [0, 1, 1, 1, 1, 2, 2, 2, 2, 3, 3, 3, 3, 4, 4, 4, 4, 5, 5, 5, 5, 6, 6, 6, 6, 9, 9, 9, 9, 9, 9, 9, 9, 9, 9, 9, 9, 9, 9, 9, 9, 9, 9, 9, 9, 10, 10, 10, 10, 10, 10, 10, 10, 10, 10, 10, 10, 10, 10, 10, 10, 11, 11, 11, 11, 12, 12, 12, 12, 12, 12, 12, 12, 12, 12, 12, 12, 12, 12, 12], "a_turds_left": [5, 5, 5, 5, 5, 5, 5, 5, 5, 5, 5, 5, 5, 5, 5, 5, 5, 5, 5, 5, 5, 5, 5, 5, 5, 5, 5, 5, 5, 5, 5, 5, 5, 5, 5, 5, 5, 5, 5, 5, 5, 5, 5, 5, 5, 5, 5, 5, 5, 5, 5, 5, 5, 5, 5, 5, 5, 5, 5, 5, 5, 5, 5, 5, 5, 5, 5, 5, 5, 5, 5, 5, 5, 5, 5, 5, 5, 5, 5, 5], "b_turds_left": [5, 5, 5, 5, 5, 5, 5, 5, 5, 5, 5, 5, 5, 5, 5, 5, 5, 5, 5, 5, 5, 5, 5, 5, 5, 5, 5, 5, 5, 5, 5, 5, 5, 5, 5, 5, 5, 5, 5, 5, 5, 5, 5, 5, 5, 5, 5, 5, 5, 5, 5, 5, 5, 5, 5, 5, 5, 5, 5, 5, 5, 5, 5, 5, 5, 5, 5, 5, 5, 5, 5, 5, 5, 5, 5, 5, 5, 5, 5, 5], "a_time_left": [359.99643266701605, 359.99643266701605, 359.994663459016, 359.994663459016, 359.99141675099963, 359.99141675099963, 359.98969316802686, 359.98969316802686, 359.98848971002735, 359.98848971002735, 359.9879632520024, 359.9879632520024, 359.98728337697685, 359.98728337697685, 359.9859146689414, 359.9859146689414, 359.98471862694714, 359.98471862694714, 359.98408308497164, 359.98408308497164, 359.98292466794373, 359.98292466794373, 359.9823175019701, 359.9823175019701, 359.9812805019319, 359.9812805019319, 359.9806865019491, 359.9806865019491, 359.9796168348985, 359.9796168348985, 359.9795085429214, 359.9795085429214, 359.97939600091195, 359.97939600091195, 359.97929620888317, 359.97929620888317, 359.9791869588662, 359.9791869588662, 359.9790895009064, 359.9790895009064, 359.97898487589555, 359.97898487589555, 359.9789008758962, 359.9789008758962, 359.97884075087495, 359.97884075087495, 359.9784207098419, 359.9784207098419, 359.9783481688355, 359.9783481688355, 359.97827841882827, 359.97827841882827, 359.9781905848067, 359.9781905848067, 359.9781199598219, 359.9781199598219, 359.9780335018295, 359.9780335018295, 359.9779694188619, 359.9779694188619, 359.9778786688694, 359.9778786688694, 359.9778034608462, 359.9778034608462, 359.97771612682845, 359.97771612682845, 359.9776437098626, 359.9776437098626, 359.97756004391704, 359.97756004391704, 359.97748575289734, 359.97748575289734, 359.9774099619244, 359.9774099619244, 359.9773126699147, 359.9773126699147, 359.97722737892764, 359.97722737892764, 359.9771538369241, 359.9771538369241], "b_time_left": [360, 359.99652266601333, 359.99652266601333, 359.99477558297804, 359.99477558297804, 359.9914236670011, 359.9914236670011, 359.99015704198973, 359.99015704198973, 359.98811500001466, 359.98811500001466, 359.987611834018, 359.987611834018, 359.98723800102016, 359.98723800102016, 359.9870780010242, 359.9870780010242, 359.9867797100451, 359.9867797100451, 359.98666021000827, 359.98666021000827, 359.98655891796807, 359.98655891796807, 359.98645125096664, 359.98645125096664, 359.9863650429761, 359.9863650429761, 359.98626116797095, 359.98626116797095, 359.98617554298835, 359.98617554298835, 359.9860617520171, 359.9860617520171, 359.9859703349648, 359.9859703349648, 359.98586941795656, 359.98586941795656, 359.98579100100324, 359.98579100100324, 359.985687376, 359.985687376, 359.98560066794744, 359.98560066794744, 359.98550225194776, 359.98550225194776, 359.98540133499773, 359.98540133499773, 359.98531554301735, 359.98531554301735, 359.9852392930188, 359.9852392930188, 359.98514671000885, 359.98514671000885, 359.9850578350015, 359.9850578350015, 359.98495420999825, 359.98495420999825, 359.9848691269872, 359.9848691269872, 359.9847601269721, 359.9847601269721, 359.9846737930202, 359.9846737930202, 359.9845637099934, 359.9845637099934, 359.9844612929737, 359.9844612929737, 359.9843541259761, 359.9843541259761, 359.9842774179997, 359.9842774179997, 359.9841921260231, 359.9841921260231, 359.9841059600585, 359.9841059600585, 359.9840072100633, 359.9840072100633, 359.9839252521051, 359.9839252521051, 359.9838095860905], "a_moves_left": [39, 39, 38, 38, 37, 37, 36, 36, 35, 35, 34, 34, 33, 33, 32, 32, 31, 31, 30, 30, 29, 29, 28, 28, 27, 27, 26, 26, 25, 25, 24, 24, 23, 23, 22, 22, 21, 21, 20, 20, 19, 19, 18, 18, 17, 17, 16, 16, 15, 15, 14, 14, 13, 13, 12, 12, 11, 11, 10, 10, 9, 9, 8, 8, 7, 7, 6, 6, 5, 5, 4, 4, 3, 3, 2, 2, 1, 1, 0, 0], "b_moves_left": [40, 39, 39, 38, 38, 37, 37, 36, 36, 35, 35, 34, 34, 33, 33, 32, 32, 31, 31, 30, 30, 29, 29, 28, 28, 27, 27, 26, 26, 25, 25, 24, 24, 23, 23, 22, 22, 21, 21, 20, 20, 19, 19, 18, 18, 17, 17, 16, 16, 15, 15, 14, 14, 13, 13, 12, 12, 11, 11, 10, 10, 9, 9, 8, 8, 7, 7, 6, 6, 5, 5, 4, 4, 3, 3, 2, 2, 1, 1, 0], "trapdoor_triggered": [0, 0, 0, 0, 0, 0, 0, 0, 0, 0, 0, 0, 0, 0, 0, 0, 0, 0, 0, 0, 0, 0, 0, 0, 0, 0, 0, 0, 0, 0, 0, 0, 0, 0, 0, 0, 0, 0, 0, 0, 0, 0, 0, 0, 0, 0, 0, 0, 0, 0, 0, 0, 0, 0, 0, 0, 0, 0, 0, 0, 0, 0, 0, 0, 0, 0, 0, 1, 0, 0, 0, 0, 0, 0, 0, 0, 0, 0, 0, 0], "left_behind": ["egg", "egg", "plain", "plain", "egg", "egg", "plain", "plain", "egg", "egg", "plain", "plain", "egg", "egg", "plain", "plain", "egg", "egg", "plain", "plain", "egg", "egg", "plain", "plain", "egg", "egg", "plain", "plain", "egg", "plain", "plain", "plain", "egg", "plain", "plain", "plain", "egg", "plain", "plain", "plain", "egg", "plain", "plain", "plain", "egg", "egg", "plain", "plain", "egg", "plain", "plain", "plain", "egg", "plain", "plain", "plain", "egg", "plain", "plain", "plain", "egg", "egg", "plain", "plain", "egg", "egg", "plain", "plain", "egg", "plain", "plain", "plain", "egg", "plain", "plain", "plain", "egg", "plain", "plain", "plain"], "errlog_a": "", "errlog_b": "", "start_time": 360, "start_moves": 40, "turn_count": 80, "result": 0, "reason": "EGGS_LAID", "trapdoors": [[4, 2], [5, 4]], "spawn_a": [0, 6], "spawn_b": [7, 6]}