{"pos": [[7, 4], [1, 5], [6, 4], [1, 4], [6, 5], [0, 4], [6, 6], [0, 3], [7, 6], [1, 3], [7, 7], [1, 2], [6, 7], [0, 2], [5, 7], [0, 1], [5, 6], [1, 1], [4, 6], [2, 1], [4, 7], [2, 0], [3, 7], [1, 0], [3, 6], [0, 0], [2, 6], [0, 1], [2, 7], [1, 1], [1, 7], [1, 2], [1, 6], [2, 2], [1, 5], [2, 3], [2, 5], [2, 4], [3, 5], [2, 5], [4, 5], [2, 4], [3, 5], [3, 4], [4, 5], [3, 3], [5, 5], [2, 3], [6, 5], [1, 3], [6, 4], [1, 4], [6, 3], [0, 4], [6, 2], [0, 3], [6, 1], [0, 2], [6, 0], [1, 2], [7, 0], [2, 2], [7, 1], [3, 2], [7, 2], [3, 1], [7, 3], [3, 0], [7, 2], [4, 0], [7, 1], [5, 0], [6, 1], [5, 1], [6, 2], [6, 1], [5, 2], [5, 1], [4, 2], [4, 1]], "a_eggs_laid": [1, 1, 1, 1, 2, 2, 2, 2, 3, 3, 3, 3, 6, 6, 6, 6, 7, 7, 7, 7, 8, 8, 8, 8, 9, 9, 9, 9, 10, 10, 10, 10, 11, 11, 11, 11, 12, 12, 12, 12, 13, 13, 13, 13, 13, 13, 13, 13, 14, 14, 14, 14, 14, 14, 14, 14, 15, 15, 15, 15, 16, 16, 16, 16, 17, 17, 17, 17, 18, 18, 18, 18, 18, 18, 18, 18, 18, 18, 18, 18], "b_eggs_laid": [0, 1, 1, 1, 1, 2, 2, 2, 2, 3, 3, 3, 3, 4, 4, 4, 4, 5, 5, 5, 5, 6, 6, 6, 6, 7, 7, 7, 7, 7, 7, 7, 7, 7, 7, 7, 7, 8, 8, 8, 8, 9, 9, 9, 9, 10, 10, 10, 10, 10, 10, 10, 10, 10, 10, 10, 10, 10, 10, 10, 10, 10, 10, 10, 10, 11, 11, 11, 11, 12, 12, 12, 12, 13, 13, 13, 13, 14, 14, 14], "a_turds_left": [5, 5, 5, 5, 5, 5, 5, 5, 5, 5, 5, 5, 5, 5, 5, 5, 5, 5, 5, 5, 5, 5, 5, 5, 5, 5, 5, 5, 5, 5, 5, 5, 5, 5, 5, 5, 5, 5, 5, 5, 5, 5, 4, 4, 4, 4, 4, 4, 4, 4, 4, 4, 4, 4, 4, 4, 4, 4, 4, 4, 4, 4, 4, 4, 4, 4, 4, 4, 4, 4, 4, 4, 4, 4, 4, 4, 4, 4, 4, 4], "b_turds_left": [5, 5, 5, 5, 5, 5, 5, 5, 5, 5, 5, 5, 5, 5, 5, 5, 5, 5, 5, 5, 5, 5, 5, 5, 5, 5, 5, 5, 5, 5, 5, 5, 5, 5, 5, 5, 5, 5, 5, 5, 5, 5, 5, 5, 5, 5, 5, 5, 5, 5, 5, 5, 5, 5, 5, 5, 5, 5, 5, 5, 5, 5, 5, 5, 5, 5, 5, 5, 5, 5, 5, 5, 5, 5, 5, 5, 5, 5, 5, 5], "a_time_left": [359.9966626249952, 359.9966626249952, 359.99508804199286, 359.99508804199286, 359.99226525000995, 359.99226525000995, 359.9903660840355, 359.9903660840355, 359.9876501260442, 359.9876501260442, 359.9868482100428, 359.9868482100428, 359.98536296002567, 359.98536296002567, 359.9835125009995, 359.9835125009995, 359.982117710053, 359.982117710053, 359.98177250206936, 359.98177250206936, 359.98137266904814, 359.98137266904814, 359.98100458603585, 359.98100458603585, 359.9808449190459, 359.9808449190459, 359.98072912706994, 359.98072912706994, 359.9805880020722, 359.9805880020722, 359.9804903770564, 359.9804903770564, 359.9803767520352, 359.9803767520352, 359.98025875206804, 359.98025875206804, 359.9801590440911, 359.9801590440911, 359.98007787711686, 359.98007787711686, 359.97997191909235, 359.97997191909235, 359.9798668361036, 359.9798668361036, 359.9797231701086, 359.9797231701086, 359.9794481701101, 359.9794481701101, 359.9793375451118, 359.9793375451118, 359.97883333609207, 359.97883333609207, 359.978583045071, 359.978583045071, 359.97850225406, 359.97850225406, 359.97839767008554, 359.97839767008554, 359.9783146700938, 359.9783146700938, 359.97822546208045, 359.97822546208045, 359.97815912909573, 359.97815912909573, 359.9780700040865, 359.9780700040865, 359.9780006291112, 359.9780006291112, 359.97791325411526, 359.97791325411526, 359.9776221711072, 359.9776221711072, 359.9775193791138, 359.9775193791138, 359.9774060041527, 359.9774060041527, 359.97727500414476, 359.97727500414476, 359.97721450414974, 359.97721450414974], "b_time_left": [360, 359.9983426249819, 359.9983426249819, 359.99636424996424, 359.99636424996424, 359.99318887497066, 359.99318887497066, 359.9923514999682, 359.9923514999682, 359.99136995896697, 359.99136995896697, 359.9908824589802, 359.9908824589802, 359.987432126014, 359.987432126014, 359.98710837599356, 359.98710837599356, 359.9866419589962, 359.9866419589962, 359.98630275100004, 359.98630275100004, 359.9857817510492, 359.9857817510492, 359.985457959061, 359.985457959061, 359.9853108340758, 359.9853108340758, 359.98520870902576, 359.98520870902576, 359.98510766704567, 359.98510766704567, 359.9849860840477, 359.9849860840477, 359.9848784180358, 359.9848784180358, 359.9847634600592, 359.9847634600592, 359.98463741806336, 359.98463741806336, 359.9845197100658, 359.9845197100658, 359.9844312100904, 359.9844312100904, 359.9843199180905, 359.9843199180905, 359.9842179181287, 359.9842179181287, 359.9841091261478, 359.9841091261478, 359.98401541810017, 359.98401541810017, 359.9839163350989, 359.9839163350989, 359.98383012705017, 359.98383012705017, 359.98373625206295, 359.98373625206295, 359.9836520020617, 359.9836520020617, 359.98355958506, 359.98355958506, 359.98346079303883, 359.98346079303883, 359.98336171003757, 359.98336171003757, 359.9832450430258, 359.9832450430258, 359.98314229305834, 359.98314229305834, 359.9830440840451, 359.9830440840451, 359.98295566800516, 359.98295566800516, 359.9828623349895, 359.9828623349895, 359.9827690019738, 359.9827690019738, 359.98269300197717, 359.98269300197717, 359.98260058497544], "a_moves_left": [39, 39, 38, 38, 37, 37, 36, 36, 35, 35, 34, 34, 33, 33, 32, 32, 31, 31, 30, 30, 29, 29, 28, 28, 27, 27, 26, 26, 25, 25, 24, 24, 23, 23, 22, 22, 21, 21, 20, 20, 19, 19, 18, 18, 17, 17, 16, 16, 15, 15, 14, 14, 13, 13, 12, 12, 11, 11, 10, 10, 9, 9, 8, 8, 7, 7, 6, 6, 5, 5, 4, 4, 3, 3, 2, 2, 1, 1, 0, 0], "b_moves_left": [40, 39, 39, 38, 38, 37, 37, 36, 36, 35, 35, 34, 34, 33, 33, 32, 32, 31, 31, 30, 30, 29, 29, 28, 28, 27, 27, 26, 26, 25, 25, 24, 24, 23, 23, 22, 22, 21, 21, 20, 20, 19, 19, 18, 18, 17, 17, 16, 16, 15, 15, 14, 14, 13, 13, 12, 12, 11, 11, 10, 10, 9, 9, 8, 8, 7, 7, 6, 6, 5, 5, 4, 4, 3, 3, 2, 2, 1, 1, 0], "trapdoor_triggered": [0, 0, 0, 0, 0, 0, 0, 0, 0, 0, 0, 0, 0, 0, 0, 0, 0, 0, 0, 0, 0, 0, 0, 0, 0, 0, 0, 0, 0, 0, 0, 0, 0, 0, 0, 0, 0, 0, 0, 0, 0, 0, 0, 0, 0, 0, 0, 0, 0, 0, 0, 0, 0, 0, 0, 0, 0, 0, 0, 0, 0, 0, 0, 0, 0, 0, 0, 0, 0, 0, 0, 0, 0, 0, 0, 0, 0, 0, 0, 0], "left_behind": ["egg", "egg", "plain", "plain", "egg", "egg", "plain", "plain", "egg", "egg", "plain", "plain", "egg", "egg", "plain", "plain", "egg", "egg", "plain", "plain", "egg", "egg", "plain", "plain", "egg", "egg", "plain", "plain", "egg", "plain", "plain", "plain", "egg", "plain", "plain", "plain", "egg", "egg", "plain", "plain", "egg", "egg", "turd", "plain", "plain", "egg", "plain", "plain", "egg", "plain", "plain", "plain", "plain", "plain", "plain", "plain", "egg", "plain", "plain", "plain", "egg", "plain", "plain", "plain", "egg", "egg", "plain", "plain", "egg", "egg", "plain", "plain", "plain", "egg", "plain", "plain", "plain", "egg", "plain", "plain"], "errlog_a": "", "errlog_b": "", "start_time": 360, "start_moves": 40, "turn_count": 80, "result": 0, "reason": "EGGS_LAID", "trapdoors": [[5, 3], [4, 3]], "spawn_a": [7, 5], "spawn_b": [0, 5]}