{"pos": [[6, 5], [1, 5], [6, 4], [1, 4], [6, 3], [1, 3], [6, 2], [1, 2], [5, 2], [2, 2], [5, 3], [2, 1], [5, 4], [3, 1], [5, 5], [3, 0], [5, 6], [4, 0], [4, 6], [4, 1], [3, 6], [3, 1], [2, 6], [4, 1], [2, 7], [4, 0], [3, 7], [5, 0], [4, 7], [6, 0], [5, 7], [6, 1], [6, 7], [7, 1], [6, 6], [7, 2], [7, 6], [7, 1], [7, 7], [7, 0], [7, 6], [6, 0], [7, 5], [7, 0], [7, 4], [7, 1], [7, 3], [7, 2], [7, 4], [7, 1], [7, 3], [6, 1], [6, 3], [6, 0], [6, 2], [5, 0], [5, 2], [4, 0], [5, 1], [5, 0], [5, 2], [6, 0], [4, 2], [6, 1], [4, 3], [6, 0], [4, 4], [7, 0], [4, 5], [7, 1], [3, 5], [7, 2], [4, 5], [7, 1], [4, 4], [7, 2], [3, 4], [7, 1], [7, 5], [7, 0]], "a_eggs_laid": [1, 1, 1, 1, 2, 2, 2, 2, 3, 3, 3, 3, 4, 4, 4, 4, 5, 5, 5, 5, 6, 6, 6, 6, 7, 7, 7, 7, 8, 8, 8, 8, 9, 9, 9, 9, 10, 10, 10, 10, 13, 13, 13, 13, 13, 13, 13, 13, 14, 14, 14, 14, 14, 14, 14, 14, 14, 14, 14, 14, 15, 15, 15, 15, 16, 16, 16, 16, 17, 17, 17, 17, 18, 18, 18, 18, 18, 18, 18, 18], "b_eggs_laid": [0, 1, 1, 1, 1, 2, 2, 2, 2, 3, 3, 3, 3, 4, 4, 4, 4, 5, 5, 5, 5, 6, 6, 6, 6, 6, 6, 6, 6, 7, 7, 7, 7, 8, 8, 8, 8, 9, 9, 9, 9, 12, 12, 12, 12, 12, 12, 12, 12, 12, 12, 12, 12, 12, 12, 12, 12, 12, 12, 12, 12, 12, 12, 12, 12, 12, 12, 12, 12, 12, 12, 12, 12, 12, 12, 12, 12, 12, 12, 16], "a_turds_left": [5, 5, 4, 4, 4, 4, 3, 3, 3, 3, 2, 2, 2, 2, 1, 1, 1, 1, 0, 0, 0, 0, 0, 0, 0, 0, 0, 0, 0, 0, 0, 0, 0, 0, 0, 0, 0, 0, 0, 0, 0, 0, 0, 0, 0, 0, 0, 0, 0, 0, 0, 0, 0, 0, 0, 0, 0, 0, 0, 0, 0, 0, 0, 0, 0, 0, 0, 0, 0, 0, 0, 0, 0, 0, 0, 0, 0, 0, 0, 0], "b_turds_left": [5, 5, 5, 4, 4, 4, 4, 3, 3, 3, 3, 2, 2, 2, 2, 1, 1, 1, 1, 0, 0, 0, 0, 0, 0, 0, 0, 0, 0, 0, 0, 0, 0, 0, 0, 0, 0, 0, 0, 0, 0, 0, 0, 0, 0, 0, 0, 0, 0, 0, 0, 0, 0, 0, 0, 0, 0, 0, 0, 0, 0, 0, 0, 0, 0, 0, 0, 0, 0, 0, 0, 0, 0, 0, 0, 0, 0, 0, 0, 0], "a_time_left": [359.9968893339974, 359.9968893339974, 359.9951006670017, 359.9951006670017, 359.99241616699146, 359.99241616699146, 359.991422082996, 359.991422082996, 359.99051004101057, 359.99051004101057, 359.9889147079666, 359.9889147079666, 359.98641749995295, 359.98641749995295, 359.9849592089304, 359.9849592089304, 359.9827706259093, 359.9827706259093, 359.9822365429136, 359.9822365429136, 359.9817542929086, 359.9817542929086, 359.98154016787885, 359.98154016787885, 359.9812812928576, 359.9812812928576, 359.9810918348958, 359.9810918348958, 359.98099070985336, 359.98099070985336, 359.98090508487076, 359.98090508487076, 359.9808157098596, 359.9808157098596, 359.980739709863, 359.980739709863, 359.98064216785133, 359.98064216785133, 359.98057304287795, 359.98057304287795, 359.9804957518936, 359.9804957518936, 359.98042141791666, 359.98042141791666, 359.98034208489116, 359.98034208489116, 359.9802683768794, 359.9802683768794, 359.98018654383486, 359.98018654383486, 359.98011204384966, 359.98011204384966, 359.9800328348065, 359.9800328348065, 359.97995970980264, 359.97995970980264, 359.97989162581507, 359.97989162581507, 359.97981491684914, 359.97981491684914, 359.9797400828684, 359.9797400828684, 359.9796640408458, 359.9796640408458, 359.9795856248238, 359.9795856248238, 359.9795096668531, 359.9795096668531, 359.9794123758329, 359.9794123758329, 359.97934425080894, 359.97934425080894, 359.97925237577874, 359.97925237577874, 359.97918733378174, 359.97918733378174, 359.9791167927324, 359.9791167927324, 359.97905162675306, 359.97905162675306], "b_time_left": [360, 359.9970804170007, 359.9970804170007, 359.9952462090296, 359.9952462090296, 359.9927485010703, 359.9927485010703, 359.9911111680558, 359.9911111680558, 359.98885029304074, 359.98885029304074, 359.9873314180877, 359.9873314180877, 359.9864600431174, 359.9864600431174, 359.9850032090908, 359.9850032090908, 359.9843684170628, 359.9843684170628, 359.9839727500803, 359.9839727500803, 359.9837302500964, 359.9837302500964, 359.983507917088, 359.983507917088, 359.9833664171165, 359.9833664171165, 359.98319316713605, 359.98319316713605, 359.98303475114517, 359.98303475114517, 359.98292637616396, 359.98292637616396, 359.98279525112594, 359.98279525112594, 359.9827364170924, 359.9827364170924, 359.982674542116, 359.982674542116, 359.982620917086, 359.982620917086, 359.98255245911423, 359.98255245911423, 359.98249737510923, 359.98249737510923, 359.9824432921014, 359.9824432921014, 359.98238800110994, 359.98238800110994, 359.9823363760952, 359.9823363760952, 359.98227866808884, 359.98227866808884, 359.98221612605266, 359.98221612605266, 359.9821603760356, 359.9821603760356, 359.9820969180437, 359.9820969180437, 359.98203979304526, 359.98203979304526, 359.98198096000124, 359.98198096000124, 359.98192512698006, 359.98192512698006, 359.98186583595816, 359.98186583595816, 359.9818057529628, 359.9818057529628, 359.9817505029496, 359.9817505029496, 359.9816953369882, 359.9816953369882, 359.9816441699513, 359.9816441699513, 359.9815868359874, 359.9815868359874, 359.9815348359989, 359.9815348359989, 359.98147700197296], "a_moves_left": [39, 39, 38, 38, 37, 37, 36, 36, 35, 35, 34, 34, 33, 33, 32, 32, 31, 31, 30, 30, 29, 29, 28, 28, 27, 27, 26, 26, 25, 25, 24, 24, 23, 23, 22, 22, 21, 21, 20, 20, 19, 19, 18, 18, 17, 17, 16, 16, 15, 15, 14, 14, 13, 13, 12, 12, 11, 11, 10, 10, 9, 9, 8, 8, 7, 7, 6, 6, 5, 5, 4, 4, 3, 3, 2, 2, 1, 1, 0, 0], "b_moves_left": [40, 39, 39, 38, 38, 37, 37, 36, 36, 35, 35, 34, 34, 33, 33, 32, 32, 31, 31, 30, 30, 29, 29, 28, 28, 27, 27, 26, 26, 25, 25, 24, 24, 23, 23, 22, 22, 21, 21, 20, 20, 19, 19, 18, 18, 17, 17, 16, 16, 15, 15, 14, 14, 13, 13, 12, 12, 11, 11, 10, 10, 9, 9, 8, 8, 7, 7, 6, 6, 5, 5, 4, 4, 3, 3, 2, 2, 1, 1, 0], "trapdoor_triggered": [0, 0, 0, 0, 0, 0, 0, 0, 0, 0, 0, 0, 0, 0, 0, 0, 0, 0, 0, 0, 0, 0, 0, 0, 0, 0, 0, 0, 0, 0, 0, 0, 0, 0, 0, 0, 0, 0, 0, 0, 0, 0, 0, 0, 0, 0, 0, 0, 0, 0, 0, 0, 0, 0, 0, 0, 0, 0, 0, 0, 0, 0, 0, 0, 0, 0, 0, 0, 0, 0, 0, 0, 0, 0, 0, 0, 0, 0, 1, 0], "left_behind": ["egg", "egg", "turd", "turd", "egg", "egg", "turd", "turd", "egg", "egg", "turd", "turd", "egg", "egg", "turd", "turd", "egg", "egg", "turd", "turd", "egg", "egg", "plain", "plain", "egg", "plain", "plain", "plain", "egg", "egg", "plain", "plain", "egg", "egg", "plain", "plain", "egg", "egg", "plain", "plain", "egg", "egg", "plain", "plain", "plain", "plain", "plain", "plain", "egg", "plain", "plain", "plain", "plain", "plain", "plain", "plain", "plain", "plain", "plain", "plain", "egg", "plain", "plain", "plain", "egg", "plain", "plain", "plain", "egg", "plain", "plain", "plain", "egg", "plain", "plain", "plain", "plain", "plain", "plain", "plain"], "errlog_a": "", "errlog_b": "", "start_time": 360, "start_moves": 40, "turn_count": 80, "result": 0, "reason": "EGGS_LAID", "trapdoors": [[3, 3], [2, 3]], "spawn_a": [7, 5], "spawn_b": [0, 5]}