{"pos": [[6, 1], [1, 1], [5, 1], [2, 1], [4, 1], [2, 0], [3, 1], [3, 0], [4, 1], [4, 0], [4, 2], [4, 1], [3, 2], [4, 0], [2, 2], [5, 0], [2, 3], [6, 0], [1, 3], [7, 0], [1, 2], [6, 0], [1, 1], [7, 0], [1, 0], [6, 0], [2, 0], [6, 1], [1, 0], [6, 2], [0, 0], [6, 3], [1, 0], [7, 3], [1, 1], [7, 2], [1, 2], [6, 2], [0, 2], [6, 3], [0, 3], [6, 4], [0, 4], [6, 5], [1, 4], [7, 5], [1, 5], [7, 4], [2, 5], [6, 4], [2, 6], [5, 4], [3, 6], [5, 3], [4, 6], [4, 3], [4, 5], [5, 3], [5, 5], [5, 4], [5, 6], [4, 4], [6, 6], [4, 5], [7, 6], [4, 4], [7, 5], [3, 4], [7, 6], [3, 3], [7, 7], [3, 2], [6, 7], [3, 3], [5, 7], [2, 3], [4, 7], [2, 4], [3, 7], [2, 5]], "a_eggs_laid": [1, 1, 1, 1, 2, 2, 2, 2, 3, 3, 3, 3, 4, 4, 4, 4, 5, 5, 5, 5, 6, 6, 6, 6, 7, 7, 7, 7, 8, 8, 8, 8, 11, 11, 11, 11, 11, 11, 11, 11, 12, 12, 12, 12, 13, 13, 13, 13, 14, 14, 14, 14, 15, 15, 15, 15, 16, 16, 16, 16, 17, 17, 17, 17, 18, 18, 18, 18, 19, 19, 19, 19, 22, 22, 22, 22, 23, 23, 23, 23], "b_eggs_laid": [0, 1, 1, 1, 1, 2, 2, 2, 2, 3, 3, 3, 3, 4, 4, 4, 4, 5, 5, 5, 5, 8, 8, 8, 8, 8, 8, 8, 8, 9, 9, 9, 9, 10, 10, 10, 10, 11, 11, 11, 11, 11, 11, 11, 11, 12, 12, 12, 12, 13, 13, 13, 13, 14, 14, 14, 14, 15, 15, 15, 15, 15, 15, 15, 15, 16, 16, 16, 16, 17, 17, 17, 17, 18, 18, 18, 18, 19, 19, 19], "a_turds_left": [5, 5, 5, 5, 5, 5, 5, 5, 5, 5, 5, 5, 5, 5, 5, 5, 5, 5, 5, 5, 5, 5, 5, 5, 5, 5, 5, 5, 5, 5, 5, 5, 5, 5, 5, 5, 5, 5, 5, 5, 5, 5, 5, 5, 5, 5, 5, 5, 5, 5, 5, 5, 5, 5, 5, 5, 5, 5, 5, 5, 5, 5, 5, 5, 5, 5, 5, 5, 5, 5, 5, 5, 5, 5, 5, 5, 5, 5, 5, 5], "b_turds_left": [5, 5, 5, 5, 5, 5, 5, 5, 5, 5, 5, 5, 5, 5, 5, 5, 5, 5, 5, 5, 5, 5, 5, 5, 5, 5, 5, 5, 5, 5, 5, 5, 5, 5, 5, 5, 5, 5, 5, 5, 5, 5, 5, 5, 5, 5, 5, 5, 5, 5, 5, 5, 5, 5, 5, 5, 5, 5, 5, 5, 5, 5, 5, 5, 5, 5, 5, 5, 5, 5, 5, 5, 5, 5, 5, 5, 5, 5, 5, 5], "a_time_left": [359.9957807500032, 359.9957807500032, 359.99406087503303, 359.99406087503303, 359.99088470905554, 359.99088470905554, 359.9891627500183, 359.9891627500183, 359.9879287080257, 359.9879287080257, 359.987380666018, 359.987380666018, 359.98565325001255, 359.98565325001255, 359.98438695800724, 359.98438695800724, 359.98348354100017, 359.98348354100017, 359.9828821239644, 359.9828821239644, 359.98178483196534, 359.98178483196534, 359.98134416592075, 359.98134416592075, 359.98077416588785, 359.98077416588785, 359.98064216587227, 359.98064216587227, 359.980546165898, 359.980546165898, 359.9804440829321, 359.9804440829321, 359.98035091592465, 359.98035091592465, 359.98026483290596, 359.98026483290596, 359.98010570788756, 359.98010570788756, 359.9798512078705, 359.9798512078705, 359.9797708328697, 359.9797708328697, 359.9796669158968, 359.9796669158968, 359.97956320788944, 359.97956320788944, 359.97947058291174, 359.97947058291174, 359.9793572909548, 359.9793572909548, 359.9792617079802, 359.9792617079802, 359.9791596659925, 359.9791596659925, 359.979073250026, 359.979073250026, 359.97897570807254, 359.97897570807254, 359.97889404103626, 359.97889404103626, 359.9788286660332, 359.9788286660332, 359.9787461240194, 359.9787461240194, 359.97866287402576, 359.97866287402576, 359.9785877490649, 359.9785877490649, 359.97852262406377, 359.97852262406377, 359.97834308305755, 359.97834308305755, 359.9782643330982, 359.9782643330982, 359.97818737407215, 359.97818737407215, 359.97810149908764, 359.97810149908764, 359.97802654106636, 359.97802654106636], "b_time_left": [360, 359.9966136669973, 359.9966136669973, 359.99485120899044, 359.99485120899044, 359.99150191800436, 359.99150191800436, 359.9902580009657, 359.9902580009657, 359.9895419179229, 359.9895419179229, 359.98834562592674, 359.98834562592674, 359.9874037508853, 359.9874037508853, 359.9870910428581, 359.9870910428581, 359.9869839598541, 359.9869839598541, 359.9868810848566, 359.9868810848566, 359.9867952518398, 359.9867952518398, 359.9867031688336, 359.9867031688336, 359.98662746080663, 359.98662746080663, 359.9865243358072, 359.9865243358072, 359.9864334607846, 359.9864334607846, 359.98633704381064, 359.98633704381064, 359.9862206268008, 359.9862206268008, 359.9861325848033, 359.9861325848033, 359.98604287579656, 359.98604287579656, 359.98594587575644, 359.98594587575644, 359.9858535837848, 359.9858535837848, 359.9857537497883, 359.9857537497883, 359.98563904175535, 359.98563904175535, 359.98554854176473, 359.98554854176473, 359.98544487473555, 359.98544487473555, 359.9853447917267, 359.9853447917267, 359.9852332077571, 359.9852332077571, 359.98513462475967, 359.98513462475967, 359.98503920878284, 359.98503920878284, 359.9849493748043, 359.9849493748043, 359.9848713328247, 359.9848713328247, 359.9847642077948, 359.9847642077948, 359.9846909578191, 359.9846909578191, 359.98461124981986, 359.98461124981986, 359.984516041819, 359.984516041819, 359.98443145881174, 359.98443145881174, 359.98437420878327, 359.98437420878327, 359.9842970838072, 359.9842970838072, 359.9842261248268, 359.9842261248268, 359.9841503748321], "a_moves_left": [39, 39, 38, 38, 37, 37, 36, 36, 35, 35, 34, 34, 33, 33, 32, 32, 31, 31, 30, 30, 29, 29, 28, 28, 27, 27, 26, 26, 25, 25, 24, 24, 23, 23, 22, 22, 21, 21, 20, 20, 19, 19, 18, 18, 17, 17, 16, 16, 15, 15, 14, 14, 13, 13, 12, 12, 11, 11, 10, 10, 9, 9, 8, 8, 7, 7, 6, 6, 5, 5, 4, 4, 3, 3, 2, 2, 1, 1, 0, 0], "b_moves_left": [40, 39, 39, 38, 38, 37, 37, 36, 36, 35, 35, 34, 34, 33, 33, 32, 32, 31, 31, 30, 30, 29, 29, 28, 28, 27, 27, 26, 26, 25, 25, 24, 24, 23, 23, 22, 22, 21, 21, 20, 20, 19, 19, 18, 18, 17, 17, 16, 16, 15, 15, 14, 14, 13, 13, 12, 12, 11, 11, 10, 10, 9, 9, 8, 8, 7, 7, 6, 6, 5, 5, 4, 4, 3, 3, 2, 2, 1, 1, 0], "trapdoor_triggered": [0, 0, 0, 0, 0, 0, 0, 0, 0, 0, 0, 0, 0, 0, 0, 0, 0, 0, 0, 0, 0, 0, 0, 0, 0, 0, 0, 0, 0, 0, 0, 0, 0, 0, 0, 0, 0, 0, 0, 0, 0, 0, 0, 0, 0, 0, 0, 0, 0, 0, 0, 0, 0, 0, 0, 0, 0, 0, 0, 0, 0, 0, 0, 0, 0, 0, 0, 0, 0, 0, 0, 0, 0, 0, 0, 0, 0, 0, 0, 0], "left_behind": ["egg", "egg", "plain", "plain", "egg", "egg", "plain", "plain", "egg", "egg", "plain", "plain", "egg", "egg", "plain", "plain", "egg", "egg", "plain", "plain", "egg", "egg", "plain", "plain", "egg", "plain", "plain", "plain", "egg", "egg", "plain", "plain", "egg", "egg", "plain", "plain", "plain", "egg", "plain", "plain", "egg", "plain", "plain", "plain", "egg", "egg", "plain", "plain", "egg", "egg", "plain", "plain", "egg", "egg", "plain", "plain", "egg", "egg", "plain", "plain", "egg", "plain", "plain", "plain", "egg", "egg", "plain", "plain", "egg", "egg", "plain", "plain", "egg", "egg", "plain", "plain", "egg", "egg", "plain", "plain"], "errlog_a": "", "errlog_b": "", "start_time": 360, "start_moves": 40, "turn_count": 80, "result": 0, "reason": "EGGS_LAID", "trapdoors": [[3, 5], [5, 2]], "spawn_a": [7, 1], "spawn_b": [0, 1]}