{"pos": [[0, 1], [6, 2], [1, 1], [6, 3], [1, 2], [6, 4], [1, 3], [6, 5], [0, 3], [5, 5], [0, 4], [5, 6], [1, 4], [4, 6], [1, 5], [3, 6], [0, 5], [2, 6], [0, 6], [2, 5], [0, 7], [3, 5], [1, 7], [3, 4], [0, 7], [2, 4], [0, 6], [2, 3], [0, 5], [7, 2], [0, 4], [7, 1], [1, 4], [7, 0], [1, 3], [6, 0], [1, 2], [6, 1], [1, 1], [5, 1], [2, 1], [5, 0], [2, 0], [4, 0], [1, 0], [4, 1], [0, 0], [3, 1], [1, 0], [3, 2], [2, 0], [3, 3], [3, 0], [4, 3], [4, 0], [5, 3], [3, 0], [5, 2], [3, 1], [4, 2], [2, 1], [5, 2], [3, 1], [6, 2], [2, 1], [6, 1], [3, 1], [6, 0], [2, 1], [7, 0], [2, 0], [7, 1], [2, 1], [7, 0], [1, 1], [7, 1], [1, 2], [7, 2], [0, 2], [7, 3]], "a_eggs_laid": [1, 1, 1, 1, 2, 2, 2, 2, 3, 3, 3, 3, 4, 4, 4, 4, 5, 5, 5, 5, 6, 6, 6, 6, 7, 7, 7, 7, 7, 7, 11, 11, 11, 11, 11, 11, 11, 11, 11, 11, 11, 11, 11, 11, 12, 12, 12, 12, 15, 15, 15, 15, 15, 15, 15, 15, 16, 16, 16, 16, 17, 17, 17, 17, 17, 17, 17, 17, 17, 17, 17, 17, 17, 17, 17, 17, 17, 17, 17, 17], "b_eggs_laid": [0, 1, 1, 1, 1, 2, 2, 2, 2, 3, 3, 3, 3, 4, 4, 4, 4, 5, 5, 5, 5, 6, 6, 6, 6, 7, 7, 7, 7, 8, 8, 8, 8, 8, 8, 11, 11, 11, 11, 12, 12, 12, 12, 13, 13, 13, 13, 14, 14, 14, 14, 15, 15, 15, 15, 16, 16, 16, 16, 17, 17, 17, 17, 17, 17, 17, 17, 17, 17, 17, 17, 17, 17, 17, 17, 17, 17, 17, 17, 17], "a_turds_left": [5, 5, 5, 5, 5, 5, 5, 5, 5, 5, 5, 5, 5, 5, 5, 5, 5, 5, 4, 4, 4, 4, 4, 4, 4, 4, 4, 4, 4, 4, 4, 4, 4, 4, 4, 4, 4, 4, 4, 4, 4, 4, 4, 4, 4, 4, 4, 4, 4, 4, 4, 4, 4, 4, 4, 4, 4, 4, 4, 4, 4, 4, 4, 4, 4, 4, 4, 4, 4, 4, 4, 4, 4, 4, 4, 4, 4, 4, 4, 4], "b_turds_left": [5, 5, 5, 4, 4, 4, 4, 3, 3, 3, 3, 2, 2, 2, 2, 1, 1, 1, 1, 0, 0, 0, 0, 0, 0, 0, 0, 0, 0, 0, 0, 0, 0, 0, 0, 0, 0, 0, 0, 0, 0, 0, 0, 0, 0, 0, 0, 0, 0, 0, 0, 0, 0, 0, 0, 0, 0, 0, 0, 0, 0, 0, 0, 0, 0, 0, 0, 0, 0, 0, 0, 0, 0, 0, 0, 0, 0, 0, 0, 0], "a_time_left": [359.99656012502965, 359.99656012502965, 359.99493179202545, 359.99493179202545, 359.99212666699896, 359.99212666699896, 359.99008304195013, 359.99008304195013, 359.98713912494713, 359.98713912494713, 359.9858640409075, 359.9858640409075, 359.98501362488605, 359.98501362488605, 359.9831676668837, 359.9831676668837, 359.98056083288975, 359.98056083288975, 359.98045033292146, 359.98045033292146, 359.98032941593556, 359.98032941593556, 359.98024229094153, 359.98024229094153, 359.98015549895354, 359.98015549895354, 359.98004229099024, 359.98004229099024, 359.9799548740266, 359.9799548740266, 359.9798479990568, 359.9798479990568, 359.97975620703073, 359.97975620703073, 359.9794509570347, 359.9794509570347, 359.97929599904455, 359.97929599904455, 359.9787430820288, 359.9787430820288, 359.9784577070386, 359.9784577070386, 359.97835624899017, 359.97835624899017, 359.97824879101245, 359.97824879101245, 359.9781642500311, 359.9781642500311, 359.97807729203487, 359.97807729203487, 359.9778960420517, 359.9778960420517, 359.9777883760398, 359.9777883760398, 359.977706167032, 359.977706167032, 359.9776362920529, 359.9776362920529, 359.977464292082, 359.977464292082, 359.977382042096, 359.977382042096, 359.9771912090946, 359.9771912090946, 359.9771081251092, 359.9771081251092, 359.9769107501488, 359.9769107501488, 359.9768272501533, 359.9768272501533, 359.9766402501846, 359.9766402501846, 359.976547375205, 359.976547375205, 359.97636400017655, 359.97636400017655, 359.97626145818504, 359.97626145818504, 359.9760379581712, 359.9760379581712], "b_time_left": [360, 359.99728858302115, 359.99728858302115, 359.99556087399833, 359.99556087399833, 359.9930180409574, 359.9930180409574, 359.9913365409593, 359.9913365409593, 359.9891921239905, 359.9891921239905, 359.9876810409478, 359.9876810409478, 359.9856222909875, 359.9856222909875, 359.9842959159869, 359.9842959159869, 359.9826304989401, 359.9826304989401, 359.98216699890327, 359.98216699890327, 359.9817962909001, 359.9817962909001, 359.9815360408975, 359.9815360408975, 359.9811745408806, 359.9811745408806, 359.9809607489151, 359.9809607489151, 359.9808839568868, 359.9808839568868, 359.9808108739089, 359.9808108739089, 359.9807552489219, 359.9807552489219, 359.9806700829067, 359.9806700829067, 359.9806017918745, 359.9806017918745, 359.98052083386574, 359.98052083386574, 359.98045695887413, 359.98045695887413, 359.9803788338904, 359.9803788338904, 359.9803185008932, 359.9803185008932, 359.9802360839094, 359.9802360839094, 359.98017604189226, 359.98017604189226, 359.9800948338816, 359.9800948338816, 359.98002550087404, 359.98002550087404, 359.97994691785425, 359.97994691785425, 359.97987550182734, 359.97987550182734, 359.97978875180706, 359.97978875180706, 359.9797341688536, 359.9797341688536, 359.9796698768623, 359.9796698768623, 359.97961187688634, 359.97961187688634, 359.9795497938758, 359.9795497938758, 359.9794927938492, 359.9794927938492, 359.97944137686864, 359.97944137686864, 359.97938429383794, 359.97938429383794, 359.9792961688363, 359.9792961688363, 359.9792425438063, 359.9792425438063, 359.97918383585056], "a_moves_left": [39, 39, 38, 38, 37, 37, 36, 36, 35, 35, 34, 34, 33, 33, 32, 32, 31, 31, 30, 30, 29, 29, 28, 28, 27, 27, 26, 26, 25, 25, 24, 24, 23, 23, 22, 22, 21, 21, 20, 20, 19, 19, 18, 18, 17, 17, 16, 16, 15, 15, 14, 14, 13, 13, 12, 12, 11, 11, 10, 10, 9, 9, 8, 8, 7, 7, 6, 6, 5, 5, 4, 4, 3, 3, 2, 2, 1, 1, 0, 0], "b_moves_left": [40, 39, 39, 38, 38, 37, 37, 36, 36, 35, 35, 34, 34, 33, 33, 32, 32, 31, 31, 30, 30, 29, 29, 28, 28, 27, 27, 26, 26, 25, 25, 24, 24, 23, 23, 22, 22, 21, 21, 20, 20, 19, 19, 18, 18, 17, 17, 16, 16, 15, 15, 14, 14, 13, 13, 12, 12, 11, 11, 10, 10, 9, 9, 8, 8, 7, 7, 6, 6, 5, 5, 4, 4, 3, 3, 2, 2, 1, 1, 0], "trapdoor_triggered": [0, 0, 0, 0, 0, 0, 0, 0, 0, 0, 0, 0, 0, 0, 0, 0, 0, 0, 0, 0, 0, 0, 0, 0, 0, 0, 0, 0, 0, 1, 0, 0, 0, 0, 0, 0, 0, 0, 0, 0, 0, 0, 0, 0, 0, 0, 0, 0, 0, 0, 0, 0, 0, 0, 0, 0, 0, 0, 0, 0, 0, 0, 0, 0, 0, 0, 0, 0, 0, 0, 0, 0, 0, 0, 0, 0, 0, 0, 0, 0], "left_behind": ["egg", "egg", "plain", "turd", "egg", "egg", "plain", "turd", "egg", "egg", "plain", "turd", "egg", "egg", "plain", "turd", "egg", "egg", "turd", "turd", "egg", "egg", "plain", "plain", "egg", "egg", "plain", "plain", "plain", "egg", "plain", "plain", "plain", "plain", "plain", "egg", "plain", "plain", "plain", "egg", "plain", "plain", "plain", "egg", "egg", "plain", "plain", "egg", "egg", "plain", "plain", "egg", "plain", "plain", "plain", "egg", "egg", "plain", "plain", "egg", "egg", "plain", "plain", "plain", "plain", "plain", "plain", "plain", "plain", "plain", "plain", "plain", "plain", "plain", "plain", "plain", "plain", "plain", "plain", "plain"], "errlog_a": "", "errlog_b": "", "start_time": 360, "start_moves": 40, "turn_count": 80, "result": 2, "reason": "EGGS_LAID", "trapdoors": [[2, 2], [5, 4]], "spawn_a": [0, 2], "spawn_b": [7, 2]}