{"pos": [[6, 5], [1, 5], [6, 4], [1, 4], [6, 3], [0, 4], [6, 2], [0, 3], [6, 1], [1, 3], [5, 1], [1, 2], [4, 1], [0, 2], [3, 1], [0, 1], [3, 2], [1, 1], [2, 2], [2, 1], [2, 3], [2, 0], [3, 3], [3, 0], [4, 3], [4, 0], [5, 3], [3, 0], [5, 4], [2, 0], [5, 5], [1, 0], [5, 6], [0, 0], [6, 6], [1, 0], [7, 6], [1, 1], [7, 7], [1, 2], [6, 7], [1, 3], [5, 7], [2, 3], [4, 7], [2, 4], [4, 6], [3, 4], [4, 5], [2, 4], [4, 4], [2, 5], [4, 3], [2, 6], [4, 4], [3, 6], [4, 3], [3, 5], [3, 3], [4, 5], [3, 2], [3, 5], [3, 1], [3, 4], [4, 1], [2, 4], [4, 0], [2, 3], [5, 0], [1, 3], [6, 0], [1, 4], [7, 0], [1, 5], [7, 1], [1, 6], [7, 2], [1, 7], [7, 3], [2, 7]], "a_eggs_laid": [1, 1, 1, 1, 2, 2, 2, 2, 3, 3, 3, 3, 4, 4, 4, 4, 5, 5, 5, 5, 6, 6, 6, 6, 7, 7, 7, 7, 8, 8, 8, 8, 9, 9, 9, 9, 10, 10, 10, 10, 13, 13, 13, 13, 14, 14, 14, 14, 15, 15, 15, 15, 16, 16, 16, 16, 16, 16, 16, 16, 16, 16, 16, 16, 16, 16, 16, 16, 17, 17, 17, 17, 18, 18, 18, 18, 19, 19, 19, 19], "b_eggs_laid": [0, 1, 1, 1, 1, 2, 2, 2, 2, 3, 3, 3, 3, 4, 4, 4, 4, 5, 5, 5, 5, 6, 6, 6, 6, 7, 7, 7, 7, 7, 7, 7, 7, 8, 8, 8, 8, 8, 8, 8, 8, 8, 8, 8, 8, 9, 9, 9, 9, 10, 10, 10, 10, 11, 11, 11, 11, 12, 12, 12, 12, 13, 13, 13, 13, 13, 13, 13, 13, 13, 13, 13, 13, 13, 13, 13, 13, 14, 14, 14], "a_turds_left": [5, 5, 5, 5, 5, 5, 5, 5, 5, 5, 5, 5, 5, 5, 5, 5, 5, 5, 5, 5, 5, 5, 5, 5, 5, 5, 5, 5, 5, 5, 5, 5, 5, 5, 5, 5, 5, 5, 5, 5, 5, 5, 5, 5, 5, 5, 5, 5, 5, 5, 5, 5, 5, 5, 5, 5, 5, 5, 5, 5, 5, 5, 5, 5, 5, 5, 5, 5, 5, 5, 5, 5, 5, 5, 5, 5, 5, 5, 5, 5], "b_turds_left": [5, 5, 5, 5, 5, 5, 5, 5, 5, 5, 5, 5, 5, 5, 5, 5, 5, 5, 5, 5, 5, 5, 5, 5, 5, 5, 5, 5, 5, 5, 5, 5, 5, 5, 5, 5, 5, 5, 5, 5, 5, 5, 5, 5, 5, 5, 5, 5, 5, 5, 5, 5, 5, 5, 5, 5, 5, 5, 5, 5, 5, 5, 5, 5, 5, 5, 5, 5, 5, 5, 5, 5, 5, 5, 5, 5, 5, 5, 5, 5], "a_time_left": [359.99618391599506, 359.99618391599506, 359.9944259580225, 359.9944259580225, 359.9911826660391, 359.9911826660391, 359.98938829102553, 359.98938829102553, 359.9861948330072, 359.9861948330072, 359.9855332489824, 359.9855332489824, 359.9824867899879, 359.9824867899879, 359.98183087300276, 359.98183087300276, 359.9787462480017, 359.9787462480017, 359.9780807480565, 359.9780807480565, 359.977632164082, 359.977632164082, 359.97700391407125, 359.97700391407125, 359.9759202891146, 359.9759202891146, 359.97534508112585, 359.97534508112585, 359.9752365811146, 359.9752365811146, 359.97514745610533, 359.97514745610533, 359.97504691412905, 359.97504691412905, 359.97496128914645, 359.97496128914645, 359.97486495616613, 359.97486495616613, 359.974790747161, 359.974790747161, 359.9747189141344, 359.9747189141344, 359.9746472061379, 359.9746472061379, 359.97456270613475, 359.97456270613475, 359.9744914561743, 359.9744914561743, 359.9743843721808, 359.9743843721808, 359.97429870517226, 359.97429870517226, 359.9742149131489, 359.9742149131489, 359.97403937211493, 359.97403937211493, 359.9739181220648, 359.9739181220648, 359.9737423720653, 359.9737423720653, 359.9736025800812, 359.9736025800812, 359.97343828808516, 359.97343828808516, 359.97330087109003, 359.97330087109003, 359.9730467881309, 359.9730467881309, 359.97297603811603, 359.97297603811603, 359.9729058711091, 359.9729058711091, 359.97282612114213, 359.97282612114213, 359.97276041214354, 359.97276041214354, 359.97267562011257, 359.97267562011257, 359.9726041201502, 359.9726041201502], "b_time_left": [360, 359.99656670802506, 359.99656670802506, 359.99455408303766, 359.99455408303766, 359.99138912407216, 359.99138912407216, 359.9905812900397, 359.9905812900397, 359.9881742070429, 359.9881742070429, 359.98767033207696, 359.98767033207696, 359.98641895712353, 359.98641895712353, 359.98630554112606, 359.98630554112606, 359.98616375011625, 359.98616375011625, 359.98585125012323, 359.98585125012323, 359.98557833308587, 359.98557833308587, 359.98532220808556, 359.98532220808556, 359.985212458123, 359.985212458123, 359.9850978751201, 359.9850978751201, 359.9850102090859, 359.9850102090859, 359.9849116670666, 359.9849116670666, 359.98480845906306, 359.98480845906306, 359.9847236260539, 359.9847236260539, 359.98464225104544, 359.98464225104544, 359.9845390430419, 359.9845390430419, 359.9844585850951, 359.9844585850951, 359.9843565431074, 359.9843565431074, 359.9842660431168, 359.9842660431168, 359.9841658771038, 359.9841658771038, 359.9840626270743, 359.9840626270743, 359.9839600020787, 359.9839600020787, 359.98384896008065, 359.98384896008065, 359.9837550431257, 359.9837550431257, 359.9836558761308, 359.9836558761308, 359.98355979210464, 359.98355979210464, 359.9834692091099, 359.9834692091099, 359.98337412514957, 359.98337412514957, 359.98329625016777, 359.98329625016777, 359.9831972082029, 359.9831972082029, 359.98312375019304, 359.98312375019304, 359.9830378331826, 359.9830378331826, 359.98296125017805, 359.98296125017805, 359.9828725422267, 359.9828725422267, 359.98276895924937, 359.98276895924937, 359.98268891725456], "a_moves_left": [39, 39, 38, 38, 37, 37, 36, 36, 35, 35, 34, 34, 33, 33, 32, 32, 31, 31, 30, 30, 29, 29, 28, 28, 27, 27, 26, 26, 25, 25, 24, 24, 23, 23, 22, 22, 21, 21, 20, 20, 19, 19, 18, 18, 17, 17, 16, 16, 15, 15, 14, 14, 13, 13, 12, 12, 11, 11, 10, 10, 9, 9, 8, 8, 7, 7, 6, 6, 5, 5, 4, 4, 3, 3, 2, 2, 1, 1, 0, 0], "b_moves_left": [40, 39, 39, 38, 38, 37, 37, 36, 36, 35, 35, 34, 34, 33, 33, 32, 32, 31, 31, 30, 30, 29, 29, 28, 28, 27, 27, 26, 26, 25, 25, 24, 24, 23, 23, 22, 22, 21, 21, 20, 20, 19, 19, 18, 18, 17, 17, 16, 16, 15, 15, 14, 14, 13, 13, 12, 12, 11, 11, 10, 10, 9, 9, 8, 8, 7, 7, 6, 6, 5, 5, 4, 4, 3, 3, 2, 2, 1, 1, 0], "trapdoor_triggered": [0, 0, 0, 0, 0, 0, 0, 0, 0, 0, 0, 0, 0, 0, 0, 0, 0, 0, 0, 0, 0, 0, 0, 0, 0, 0, 0, 0, 0, 0, 0, 0, 0, 0, 0, 0, 0, 0, 0, 0, 0, 0, 0, 0, 0, 0, 0, 0, 0, 0, 0, 0, 0, 0, 0, 0, 0, 0, 0, 0, 0, 0, 0, 0, 0, 0, 0, 0, 0, 0, 0, 0, 0, 0, 0, 0, 0, 0, 0, 0], "left_behind": ["egg", "egg", "plain", "plain", "egg", "egg", "plain", "plain", "egg", "egg", "plain", "plain", "egg", "egg", "plain", "plain", "egg", "egg", "plain", "plain", "egg", "egg", "plain", "plain", "egg", "egg", "plain", "plain", "egg", "plain", "plain", "plain", "egg", "egg", "plain", "plain", "egg", "plain", "plain", "plain", "egg", "plain", "plain", "plain", "egg", "egg", "plain", "plain", "egg", "egg", "plain", "plain", "egg", "egg", "plain", "plain", "plain", "egg", "plain", "plain", "plain", "egg", "plain", "plain", "plain", "plain", "plain", "plain", "egg", "plain", "plain", "plain", "egg", "plain", "plain", "plain", "egg", "egg", "plain", "plain"], "errlog_a": "", "errlog_b": "", "start_time": 360, "start_moves": 40, "turn_count": 80, "result": 0, "reason": "EGGS_LAID", "trapdoors": [[4, 2], [5, 2]], "spawn_a": [7, 5], "spawn_b": [0, 5]}