{"pos": [[1, 4], [6, 4], [1, 3], [6, 3], [1, 2], [7, 3], [1, 1], [7, 2], [2, 1], [6, 2], [3, 1], [6, 1], [4, 1], [7, 1], [5, 1], [7, 0], [5, 0], [6, 0], [4, 0], [5, 0], [3, 0], [6, 0], [2, 0], [5, 0], [1, 0], [6, 0], [0, 0], [6, 1], [0, 1], [6, 2], [0, 2], [5, 2], [0, 3], [6, 2], [1, 3], [6, 3], [2, 3], [5, 3], [2, 2], [5, 4], [3, 2], [5, 5], [4, 2], [6, 5], [4, 1], [6, 6], [5, 1], [5, 6], [4, 1], [4, 6], [4, 2], [4, 5], [3, 2], [3, 5], [3, 3], [3, 6], [2, 3], [2, 6], [2, 4], [1, 6], [1, 4], [1, 5], [2, 4], [1, 4], [2, 5], [1, 5], [2, 6], [0, 5], [2, 7], [0, 6], [1, 7], [0, 7], [2, 7], [0, 6], [3, 7], [1, 6], [4, 7], [1, 5], [4, 6], [2, 5]], "a_eggs_laid": [1, 1, 1, 1, 2, 2, 2, 2, 3, 3, 3, 3, 4, 4, 4, 4, 5, 5, 5, 5, 6, 6, 6, 6, 7, 7, 7, 7, 10, 10, 10, 10, 11, 11, 11, 11, 11, 11, 11, 11, 12, 12, 12, 12, 13, 13, 13, 13, 13, 13, 13, 13, 13, 13, 13, 13, 14, 14, 14, 14, 15, 15, 15, 15, 15, 15, 15, 15, 16, 16, 16, 16, 17, 17, 17, 17, 18, 18, 18, 18], "b_eggs_laid": [0, 1, 1, 1, 1, 2, 2, 2, 2, 3, 3, 3, 3, 4, 4, 4, 4, 7, 7, 7, 7, 8, 8, 8, 8, 8, 8, 8, 8, 8, 8, 8, 8, 9, 9, 9, 9, 9, 9, 9, 9, 10, 10, 10, 10, 11, 11, 11, 11, 12, 12, 12, 12, 13, 13, 13, 13, 14, 14, 14, 14, 15, 15, 15, 15, 16, 16, 16, 16, 17, 17, 17, 17, 20, 20, 20, 20, 20, 20, 20], "a_turds_left": [5, 5, 5, 5, 5, 5, 5, 5, 5, 5, 5, 5, 5, 5, 5, 5, 5, 5, 5, 5, 5, 5, 5, 5, 5, 5, 5, 5, 5, 5, 5, 5, 5, 5, 5, 5, 5, 5, 5, 5, 5, 5, 5, 5, 5, 5, 5, 5, 5, 5, 5, 5, 5, 5, 5, 5, 5, 5, 5, 5, 5, 5, 5, 5, 5, 5, 5, 5, 5, 5, 5, 5, 5, 5, 5, 5, 5, 5, 5, 5], "b_turds_left": [5, 5, 5, 5, 5, 5, 5, 5, 5, 5, 5, 5, 5, 5, 5, 5, 5, 5, 5, 5, 5, 5, 5, 5, 5, 5, 5, 5, 5, 5, 5, 5, 5, 5, 5, 5, 5, 5, 5, 5, 5, 5, 5, 5, 5, 5, 5, 5, 5, 5, 5, 5, 5, 5, 5, 5, 5, 5, 5, 5, 5, 5, 5, 5, 5, 5, 5, 5, 5, 5, 5, 5, 5, 5, 5, 5, 5, 5, 5, 5], "a_time_left": [359.9963612499996, 359.9963612499996, 359.9945778749534, 359.9945778749534, 359.99136024998734, 359.99136024998734, 359.989673333941, 359.989673333941, 359.9866506679682, 359.9866506679682, 359.98498741799267, 359.98498741799267, 359.98375425103586, 359.98375425103586, 359.98176337603945, 359.98176337603945, 359.9793022090453, 359.9793022090453, 359.97880275105126, 359.97880275105126, 359.97834708407754, 359.97834708407754, 359.9780748760677, 359.9780748760677, 359.9772194590769, 359.9772194590769, 359.97695212607505, 359.97695212607505, 359.9768541260855, 359.9768541260855, 359.9767537090811, 359.9767537090811, 359.9766390011064, 359.9766390011064, 359.97654458513716, 359.97654458513716, 359.97619804315036, 359.97619804315036, 359.976084377151, 359.976084377151, 359.9759636691888, 359.9759636691888, 359.9758589192061, 359.9758589192061, 359.97575683519244, 359.97575683519244, 359.9756512521999, 359.9756512521999, 359.975578502228, 359.975578502228, 359.9754665022483, 359.9754665022483, 359.97523558622925, 359.97523558622925, 359.97499354422325, 359.97499354422325, 359.9748782942188, 359.9748782942188, 359.974630336219, 359.974630336219, 359.9745155032724, 359.9745155032724, 359.97442537825555, 359.97442537825555, 359.97421037824824, 359.97421037824824, 359.97414366924204, 359.97414366924204, 359.97406775224954, 359.97406775224954, 359.97397533623734, 359.97397533623734, 359.9739159202436, 359.9739159202436, 359.973757503205, 359.973757503205, 359.97367617022246, 359.97367617022246, 359.97359750425676, 359.97359750425676], "b_time_left": [360, 359.99655599996913, 359.99655599996913, 359.99449133395683, 359.99449133395683, 359.9912771669915, 359.9912771669915, 359.9904481670237, 359.9904481670237, 359.9895085010212, 359.9895085010212, 359.9880840849946, 359.9880840849946, 359.98472008499084, 359.98472008499084, 359.9844201679807, 359.9844201679807, 359.98430079297395, 359.98430079297395, 359.9841878769803, 359.9841878769803, 359.98408375197323, 359.98408375197323, 359.98398029396776, 359.98398029396776, 359.9838919189642, 359.9838919189642, 359.9837921689614, 359.9837921689614, 359.98369808495045, 359.98369808495045, 359.9835794599494, 359.9835794599494, 359.9834447509493, 359.9834447509493, 359.9833435419132, 359.9833435419132, 359.9832506668754, 359.9832506668754, 359.9831508328789, 359.9831508328789, 359.98303508287063, 359.98303508287063, 359.98293379088864, 359.98293379088864, 359.9828207488754, 359.9828207488754, 359.9827291648835, 359.9827291648835, 359.9826184558333, 359.9826184558333, 359.9825231648283, 359.9825231648283, 359.98240845586406, 359.98240845586406, 359.982323705859, 359.982323705859, 359.982226955879, 359.982226955879, 359.9821268309024, 359.9821268309024, 359.9820169978775, 359.9820169978775, 359.9819180399063, 359.9819180399063, 359.9818442479009, 359.9818442479009, 359.9817565398989, 359.9817565398989, 359.9816742899129, 359.9816742899129, 359.98158908193, 359.98158908193, 359.98151741491165, 359.98151741491165, 359.98142503987765, 359.98142503987765, 359.98135203984566, 359.98135203984566, 359.9812621238525], "a_moves_left": [39, 39, 38, 38, 37, 37, 36, 36, 35, 35, 34, 34, 33, 33, 32, 32, 31, 31, 30, 30, 29, 29, 28, 28, 27, 27, 26, 26, 25, 25, 24, 24, 23, 23, 22, 22, 21, 21, 20, 20, 19, 19, 18, 18, 17, 17, 16, 16, 15, 15, 14, 14, 13, 13, 12, 12, 11, 11, 10, 10, 9, 9, 8, 8, 7, 7, 6, 6, 5, 5, 4, 4, 3, 3, 2, 2, 1, 1, 0, 0], "b_moves_left": [40, 39, 39, 38, 38, 37, 37, 36, 36, 35, 35, 34, 34, 33, 33, 32, 32, 31, 31, 30, 30, 29, 29, 28, 28, 27, 27, 26, 26, 25, 25, 24, 24, 23, 23, 22, 22, 21, 21, 20, 20, 19, 19, 18, 18, 17, 17, 16, 16, 15, 15, 14, 14, 13, 13, 12, 12, 11, 11, 10, 10, 9, 9, 8, 8, 7, 7, 6, 6, 5, 5, 4, 4, 3, 3, 2, 2, 1, 1, 0], "trapdoor_triggered": [0, 0, 0, 0, 0, 0, 0, 0, 0, 0, 0, 0, 0, 0, 0, 0, 0, 0, 0, 0, 0, 0, 0, 0, 0, 0, 0, 0, 0, 0, 0, 0, 0, 0, 0, 0, 0, 0, 0, 0, 0, 0, 0, 0, 0, 0, 0, 0, 0, 0, 0, 0, 0, 0, 0, 0, 0, 0, 0, 0, 0, 0, 0, 0, 0, 0, 0, 0, 0, 0, 0, 0, 0, 0, 0, 0, 0, 0, 0, 0], "left_behind": ["egg", "egg", "plain", "plain", "egg", "egg", "plain", "plain", "egg", "egg", "plain", "plain", "egg", "egg", "plain", "plain", "egg", "egg", "plain", "plain", "egg", "egg", "plain", "plain", "egg", "plain", "plain", "plain", "egg", "plain", "plain", "plain", "egg", "egg", "plain", "plain", "plain", "plain", "plain", "plain", "egg", "egg", "plain", "plain", "egg", "egg", "plain", "plain", "plain", "egg", "plain", "plain", "plain", "egg", "plain", "plain", "egg", "egg", "plain", "plain", "egg", "egg", "plain", "plain", "plain", "egg", "plain", "plain", "egg", "egg", "plain", "plain", "egg", "egg", "plain", "plain", "egg", "plain", "plain", "plain"], "errlog_a": "", "errlog_b": "", "start_time": 360, "start_moves": 40, "turn_count": 80, "result": 1, "reason": "EGGS_LAID", "trapdoors": [[4, 4], [3, 4]], "spawn_a": [0, 4], "spawn_b": [7, 4]}