{"pos": [[6, 1], [1, 1], [5, 1], [2, 1], [4, 1], [2, 0], [3, 1], [3, 0], [4, 1], [4, 0], [4, 2], [4, 1], [5, 2], [4, 0], [6, 2], [5, 0], [6, 3], [6, 0], [6, 4], [6, 1], [6, 5], [6, 0], [6, 6], [7, 0], [5, 6], [6, 0], [4, 6], [6, 1], [3, 6], [6, 0], [2, 6], [5, 0], [2, 5], [4, 0], [1, 5], [4, 1], [1, 4], [4, 0], [0, 4], [3, 0], [0, 3], [2, 0], [0, 2], [1, 0], [1, 2], [0, 0], [1, 1], [1, 0], [1, 2], [0, 0], [2, 2], [0, 1], [3, 2], [0, 0], [3, 3], [1, 0], [4, 3], [2, 0], [5, 3], [2, 1], [5, 4], [2, 0], [5, 5], [2, 1], [5, 4], [2, 0], [4, 4], [3, 0], [3, 4], [4, 0], [3, 5], [4, 1], [3, 4], [4, 0], [3, 3], [5, 0], [2, 3], [6, 0], [1, 3], [7, 0]], "a_eggs_laid": [1, 1, 1, 1, 2, 2, 2, 2, 3, 3, 3, 3, 4, 4, 4, 4, 5, 5, 5, 5, 6, 6, 6, 6, 7, 7, 7, 7, 8, 8, 8, 8, 9, 9, 9, 9, 10, 10, 10, 10, 11, 11, 11, 11, 12, 12, 12, 12, 13, 13, 13, 13, 14, 14, 14, 14, 15, 15, 15, 15, 16, 16, 16, 16, 17, 17, 17, 17, 18, 18, 18, 18, 19, 19, 19, 19, 19, 19, 19, 19], "b_eggs_laid": [0, 1, 1, 1, 1, 2, 2, 2, 2, 3, 3, 3, 3, 4, 4, 4, 4, 5, 5, 5, 5, 6, 6, 6, 6, 9, 9, 9, 9, 9, 9, 9, 9, 9, 9, 9, 9, 9, 9, 9, 9, 9, 9, 9, 9, 10, 10, 10, 10, 10, 10, 10, 10, 10, 10, 10, 10, 10, 10, 10, 10, 10, 10, 10, 10, 10, 10, 10, 10, 10, 10, 10, 10, 10, 10, 10, 10, 10, 10, 10], "a_turds_left": [5, 5, 5, 5, 5, 5, 5, 5, 5, 5, 5, 5, 5, 5, 5, 5, 5, 5, 5, 5, 5, 5, 5, 5, 5, 5, 5, 5, 5, 5, 5, 5, 5, 5, 5, 5, 5, 5, 5, 5, 5, 5, 5, 5, 5, 5, 5, 5, 5, 5, 5, 5, 5, 5, 5, 5, 5, 5, 5, 5, 5, 5, 5, 5, 5, 5, 5, 5, 5, 5, 5, 5, 5, 5, 5, 5, 5, 5, 5, 5], "b_turds_left": [5, 5, 5, 5, 5, 5, 5, 5, 5, 5, 5, 5, 5, 5, 5, 5, 5, 5, 5, 5, 5, 5, 5, 5, 5, 5, 5, 5, 5, 5, 5, 5, 5, 5, 5, 5, 5, 5, 5, 5, 5, 5, 5, 5, 5, 5, 5, 5, 5, 5, 5, 5, 5, 5, 5, 5, 5, 5, 5, 5, 5, 5, 5, 5, 5, 5, 5, 5, 5, 5, 5, 5, 5, 5, 5, 5, 5, 5, 5, 5], "a_time_left": [359.9962962499703, 359.9962962499703, 359.9945659999503, 359.9945659999503, 359.9913454169291, 359.9913454169291, 359.9896135009476, 359.9896135009476, 359.988388209953, 359.988388209953, 359.98815429297974, 359.98815429297974, 359.9874746679561, 359.9874746679561, 359.98698329296894, 359.98698329296894, 359.98375666793436, 359.98375666793436, 359.98310683493037, 359.98310683493037, 359.9820455429726, 359.9820455429726, 359.98146800196264, 359.98146800196264, 359.9804384599556, 359.9804384599556, 359.97985666792374, 359.97985666792374, 359.978808834916, 359.978808834916, 359.97870179387974, 359.97870179387974, 359.97859466890804, 359.97859466890804, 359.9785001689452, 359.9785001689452, 359.97838620992843, 359.97838620992843, 359.9782901259605, 359.9782901259605, 359.9781961669796, 359.9781961669796, 359.9781213339884, 359.9781213339884, 359.97804045898374, 359.97804045898374, 359.9779603339848, 359.9779603339848, 359.97790141700534, 359.97790141700534, 359.97750216699205, 359.97750216699205, 359.97741579200374, 359.97741579200374, 359.977330832975, 359.977330832975, 359.97723258298356, 359.97723258298356, 359.97715112403966, 359.97715112403966, 359.97704904101556, 359.97704904101556, 359.97696654102765, 359.97696654102765, 359.9768733320525, 359.9768733320525, 359.97662920702714, 359.97662920702714, 359.97653303999687, 359.97653303999687, 359.9764524149941, 359.9764524149941, 359.97635254001943, 359.97635254001943, 359.9762211240013, 359.9762211240013, 359.97609116503736, 359.97609116503736, 359.9760107900365, 359.9760107900365], "b_time_left": [360, 359.9963699580403, 359.9963699580403, 359.9945827080519, 359.9945827080519, 359.99113337503513, 359.99113337503513, 359.9899047500221, 359.9899047500221, 359.9880387080484, 359.9880387080484, 359.98753891704837, 359.98753891704837, 359.9871555840364, 359.9871555840364, 359.9869958340423, 359.9869958340423, 359.9867074590293, 359.9867074590293, 359.9865720430389, 359.9865720430389, 359.98648395907367, 359.98648395907367, 359.9863800420426, 359.9863800420426, 359.98628416704014, 359.98628416704014, 359.98617154202657, 359.98617154202657, 359.98608470900217, 359.98608470900217, 359.9859815009986, 359.9859815009986, 359.985891001008, 359.985891001008, 359.9857923759846, 359.9857923759846, 359.98571366799297, 359.98571366799297, 359.9856157510076, 359.9856157510076, 359.98553012596676, 359.98553012596676, 359.98543241794687, 359.98543241794687, 359.9853154589655, 359.9853154589655, 359.9852237509331, 359.9852237509331, 359.9851375009166, 359.9851375009166, 359.98501741787186, 359.98501741787186, 359.98493879288435, 359.98493879288435, 359.9848470009165, 359.9848470009165, 359.98475645889994, 359.98475645889994, 359.9846550428774, 359.9846550428774, 359.9845766258659, 359.9845766258659, 359.98447670886526, 359.98447670886526, 359.9843974589021, 359.9843974589021, 359.98430137493415, 359.98430137493415, 359.9842158749234, 359.9842158749234, 359.9841160828946, 359.9841160828946, 359.9840381658869, 359.9840381658869, 359.983938290854, 359.983938290854, 359.98384849884314, 359.98384849884314, 359.9837497487897], "a_moves_left": [39, 39, 38, 38, 37, 37, 36, 36, 35, 35, 34, 34, 33, 33, 32, 32, 31, 31, 30, 30, 29, 29, 28, 28, 27, 27, 26, 26, 25, 25, 24, 24, 23, 23, 22, 22, 21, 21, 20, 20, 19, 19, 18, 18, 17, 17, 16, 16, 15, 15, 14, 14, 13, 13, 12, 12, 11, 11, 10, 10, 9, 9, 8, 8, 7, 7, 6, 6, 5, 5, 4, 4, 3, 3, 2, 2, 1, 1, 0, 0], "b_moves_left": [40, 39, 39, 38, 38, 37, 37, 36, 36, 35, 35, 34, 34, 33, 33, 32, 32, 31, 31, 30, 30, 29, 29, 28, 28, 27, 27, 26, 26, 25, 25, 24, 24, 23, 23, 22, 22, 21, 21, 20, 20, 19, 19, 18, 18, 17, 17, 16, 16, 15, 15, 14, 14, 13, 13, 12, 12, 11, 11, 10, 10, 9, 9, 8, 8, 7, 7, 6, 6, 5, 5, 4, 4, 3, 3, 2, 2, 1, 1, 0], "trapdoor_triggered": [0, 0, 0, 0, 0, 0, 0, 0, 0, 0, 0, 0, 0, 0, 0, 0, 0, 0, 0, 0, 0, 0, 0, 0, 0, 0, 0, 0, 0, 0, 0, 0, 0, 0, 0, 0, 0, 0, 0, 0, 0, 0, 0, 0, 0, 0, 0, 0, 0, 0, 0, 0, 0, 0, 0, 0, 0, 0, 0, 0, 0, 0, 0, 0, 0, 0, 0, 0, 0, 0, 0, 0, 0, 0, 0, 0, 0, 0, 0, 0], "left_behind": ["egg", "egg", "plain", "plain", "egg", "egg", "plain", "plain", "egg", "egg", "plain", "plain", "egg", "egg", "plain", "plain", "egg", "egg", "plain", "plain", "egg", "egg", "plain", "plain", "egg", "egg", "plain", "plain", "egg", "plain", "plain", "plain", "egg", "plain", "plain", "plain", "egg", "plain", "plain", "plain", "egg", "plain", "plain", "plain", "egg", "egg", "plain", "plain", "egg", "plain", "plain", "plain", "egg", "plain", "plain", "plain", "egg", "plain", "plain", "plain", "egg", "plain", "plain", "plain", "egg", "plain", "plain", "plain", "egg", "plain", "plain", "plain", "egg", "plain", "plain", "plain", "plain", "plain", "plain", "plain"], "errlog_a": "", "errlog_b": "", "start_time": 360, "start_moves": 40, "turn_count": 80, "result": 0, "reason": "EGGS_LAID", "trapdoors": [[2, 4], [4, 5]], "spawn_a": [7, 1], "spawn_b": [0, 1]}