{"pos": [[0, 3], [6, 4], [1, 3], [6, 3], [1, 4], [7, 3], [1, 5], [7, 2], [0, 5], [6, 2], [0, 6], [6, 1], [0, 7], [7, 1], [1, 7], [7, 0], [2, 7], [6, 0], [2, 6], [5, 0], [3, 6], [5, 1], [3, 7], [4, 1], [4, 7], [4, 0], [4, 6], [3, 0], [4, 5], [3, 1], [3, 5], [2, 1], [3, 4], [2, 0], [3, 5], [1, 0], [3, 4], [1, 1], [2, 4], [1, 2], [2, 3], [0, 2], [1, 3], [0, 3], [2, 3], [0, 2], [2, 4], [0, 1], [2, 3], [0, 0], [2, 4], [0, 1], [3, 4], [1, 1], [4, 4], [1, 2], [4, 3], [1, 1], [4, 2], [2, 1], [5, 2], [3, 1], [5, 1], [3, 2], [5, 2], [3, 1], [5, 3], [4, 1], [5, 4], [4, 0], [6, 4], [3, 0], [6, 5], [2, 0], [7, 5], [1, 0], [7, 6], [0, 0], [7, 7], [1, 0]], "a_eggs_laid": [1, 1, 1, 1, 2, 2, 2, 2, 3, 3, 3, 3, 4, 4, 4, 4, 5, 5, 5, 5, 6, 6, 6, 6, 7, 7, 7, 7, 8, 8, 8, 8, 9, 9, 9, 9, 9, 9, 9, 9, 10, 10, 10, 10, 10, 10, 10, 10, 10, 10, 10, 10, 10, 10, 10, 10, 11, 11, 11, 11, 12, 12, 12, 12, 13, 13, 13, 13, 14, 14, 14, 14, 15, 15, 15, 15, 16, 16, 16, 16], "b_eggs_laid": [0, 1, 1, 1, 1, 2, 2, 2, 2, 3, 3, 3, 3, 4, 4, 4, 4, 7, 7, 7, 7, 8, 8, 8, 8, 9, 9, 9, 9, 10, 10, 10, 10, 11, 11, 11, 11, 12, 12, 12, 12, 13, 13, 13, 13, 14, 14, 14, 14, 15, 15, 15, 15, 15, 15, 15, 15, 15, 15, 15, 15, 15, 15, 15, 15, 16, 16, 16, 16, 16, 16, 16, 16, 16, 16, 16, 16, 16, 16, 16], "a_turds_left": [5, 5, 5, 5, 5, 5, 5, 5, 5, 5, 5, 5, 5, 5, 5, 5, 5, 5, 5, 5, 5, 5, 5, 5, 5, 5, 5, 5, 5, 5, 5, 5, 5, 5, 5, 5, 5, 5, 5, 5, 5, 5, 4, 4, 4, 4, 4, 4, 4, 4, 4, 4, 4, 4, 4, 4, 4, 4, 4, 4, 4, 4, 3, 3, 3, 3, 3, 3, 3, 3, 3, 3, 3, 3, 3, 3, 3, 3, 3, 3], "b_turds_left": [5, 5, 5, 5, 5, 5, 5, 5, 5, 5, 5, 5, 5, 5, 5, 5, 5, 5, 5, 5, 5, 5, 5, 5, 5, 5, 5, 5, 5, 5, 5, 5, 5, 5, 5, 5, 5, 5, 5, 5, 5, 5, 5, 5, 5, 5, 5, 5, 5, 5, 5, 5, 5, 5, 5, 5, 5, 5, 5, 5, 5, 5, 5, 5, 5, 5, 5, 5, 5, 5, 5, 5, 5, 5, 5, 5, 5, 5, 5, 5], "a_time_left": [359.9962373339804, 359.9962373339804, 359.9946767510264, 359.9946767510264, 359.991730084992, 359.991730084992, 359.9895351679879, 359.9895351679879, 359.98660337598994, 359.98660337598994, 359.98510595900007, 359.98510595900007, 359.9830547090387, 359.9830547090387, 359.9809444590355, 359.9809444590355, 359.98020158405416, 359.98020158405416, 359.98011437500827, 359.98011437500827, 359.9799923750106, 359.9799923750106, 359.9798900000169, 359.9798900000169, 359.9797780830413, 359.9797780830413, 359.9796882500523, 359.9796882500523, 359.9795768330223, 359.9795768330223, 359.97948670806363, 359.97948670806363, 359.97937354206806, 359.97937354206806, 359.97928233403945, 359.97928233403945, 359.9790005000541, 359.9790005000541, 359.97839312505675, 359.97839312505675, 359.9782867090544, 359.9782867090544, 359.97819720901316, 359.97819720901316, 359.9780467089731, 359.9780467089731, 359.97779070894467, 359.97779070894467, 359.9775872089085, 359.9775872089085, 359.9773375838995, 359.9773375838995, 359.97713433386525, 359.97713433386525, 359.97656595887383, 359.97656595887383, 359.97646395891206, 359.97646395891206, 359.9763815419283, 359.9763815419283, 359.9762935418985, 359.9762935418985, 359.9762114168843, 359.9762114168843, 359.9761535008438, 359.9761535008438, 359.97600050084293, 359.97600050084293, 359.97591320984066, 359.97591320984066, 359.9758330848417, 359.9758330848417, 359.97575887688436, 359.97575887688436, 359.9756831678678, 359.9756831678678, 359.9756060008658, 359.9756060008658, 359.9755391678773, 359.9755391678773], "b_time_left": [360, 359.9964533750317, 359.9964533750317, 359.9946277080453, 359.9946277080453, 359.9913768740371, 359.9913768740371, 359.9905786240706, 359.9905786240706, 359.9867755830637, 359.9867755830637, 359.9854371660622, 359.9854371660622, 359.98215820803307, 359.98215820803307, 359.98202374903485, 359.98202374903485, 359.9818996650283, 359.9818996650283, 359.9817719149869, 359.9817719149869, 359.98164966498734, 359.98164966498734, 359.9815322479699, 359.9815322479699, 359.9813971229596, 359.9813971229596, 359.98127841495443, 359.98127841495443, 359.9811595399515, 359.9811595399515, 359.9810387479374, 359.9810387479374, 359.98090966494055, 359.98090966494055, 359.98081020696554, 359.98081020696554, 359.9806874989881, 359.9806874989881, 359.9805800409522, 359.9805800409522, 359.9804632499581, 359.9804632499581, 359.98036274994956, 359.98036274994956, 359.9802763329353, 359.9802763329353, 359.9801766659366, 359.9801766659366, 359.9800618329318, 359.9800618329318, 359.9799720828887, 359.9799720828887, 359.9798809989006, 359.9798809989006, 359.9797754989122, 359.9797754989122, 359.9796845819219, 359.9796845819219, 359.9795789978816, 359.9795789978816, 359.97949153988156, 359.97949153988156, 359.9793959988747, 359.9793959988747, 359.9793145408621, 359.9793145408621, 359.9792194158654, 359.9792194158654, 359.9791399988462, 359.9791399988462, 359.97904845682206, 359.97904845682206, 359.97896603983827, 359.97896603983827, 359.9788814148633, 359.9788814148633, 359.9788011648925, 359.9788011648925, 359.9787262479076], "a_moves_left": [39, 39, 38, 38, 37, 37, 36, 36, 35, 35, 34, 34, 33, 33, 32, 32, 31, 31, 30, 30, 29, 29, 28, 28, 27, 27, 26, 26, 25, 25, 24, 24, 23, 23, 22, 22, 21, 21, 20, 20, 19, 19, 18, 18, 17, 17, 16, 16, 15, 15, 14, 14, 13, 13, 12, 12, 11, 11, 10, 10, 9, 9, 8, 8, 7, 7, 6, 6, 5, 5, 4, 4, 3, 3, 2, 2, 1, 1, 0, 0], "b_moves_left": [40, 39, 39, 38, 38, 37, 37, 36, 36, 35, 35, 34, 34, 33, 33, 32, 32, 31, 31, 30, 30, 29, 29, 28, 28, 27, 27, 26, 26, 25, 25, 24, 24, 23, 23, 22, 22, 21, 21, 20, 20, 19, 19, 18, 18, 17, 17, 16, 16, 15, 15, 14, 14, 13, 13, 12, 12, 11, 11, 10, 10, 9, 9, 8, 8, 7, 7, 6, 6, 5, 5, 4, 4, 3, 3, 2, 2, 1, 1, 0], "trapdoor_triggered": [0, 0, 0, 0, 0, 0, 0, 0, 0, 0, 0, 0, 0, 0, 0, 0, 0, 0, 0, 0, 0, 0, 0, 0, 0, 0, 0, 0, 0, 0, 0, 0, 0, 0, 0, 0, 0, 0, 0, 0, 0, 0, 0, 0, 0, 0, 0, 0, 0, 0, 0, 0, 0, 0, 0, 0, 0, 0, 0, 0, 0, 0, 0, 0, 0, 0, 0, 0, 0, 0, 0, 0, 0, 0, 0, 0, 0, 0, 0, 0], "left_behind": ["egg", "egg", "plain", "plain", "egg", "egg", "plain", "plain", "egg", "egg", "plain", "plain", "egg", "egg", "plain", "plain", "egg", "egg", "plain", "plain", "egg", "egg", "plain", "plain", "egg", "egg", "plain", "plain", "egg", "egg", "plain", "plain", "egg", "egg", "plain", "plain", "plain", "egg", "plain", "plain", "egg", "egg", "turd", "plain", "plain", "egg", "plain", "plain", "plain", "egg", "plain", "plain", "plain", "plain", "plain", "plain", "egg", "plain", "plain", "plain", "egg", "plain", "turd", "plain", "egg", "egg", "plain", "plain", "egg", "plain", "plain", "plain", "egg", "plain", "plain", "plain", "egg", "plain", "plain", "plain"], "errlog_a": "", "errlog_b": "", "start_time": 360, "start_moves": 40, "turn_count": 80, "result": 2, "reason": "EGGS_LAID", "trapdoors": [[3, 3], [2, 5]], "spawn_a": [0, 4], "spawn_b": [7, 4]}