{"pos": [[6, 3], [1, 3], [6, 4], [1, 4], [6, 5], [1, 5], [6, 6], [2, 5], [5, 6], [2, 4], [4, 6], [2, 3], [4, 5], [2, 2], [4, 4], [2, 1], [5, 4], [3, 1], [5, 3], [4, 1], [4, 3], [5, 1], [3, 3], [5, 0], [4, 3], [6, 0], [4, 2], [6, 1], [5, 2], [7, 1], [5, 3], [7, 0], [5, 2], [7, 1], [5, 1], [7, 2], [5, 2], [7, 1], [6, 2], [7, 0], [6, 3], [6, 0], [7, 3], [6, 1], [7, 4], [6, 0], [7, 5], [5, 0], [7, 6], [4, 0], [7, 7], [3, 0], [6, 7], [2, 0], [5, 7], [1, 0], [4, 7], [1, 1], [3, 7], [1, 2], [3, 6], [0, 2], [3, 5], [0, 1], [4, 5], [0, 0], [4, 4], [1, 0], [5, 4], [2, 0], [5, 3], [3, 0], [6, 3], [4, 0], [6, 2], [4, 1], [6, 3], [3, 1], [6, 2], [0, 3]], "a_eggs_laid": [1, 1, 1, 1, 2, 2, 2, 2, 3, 3, 3, 3, 4, 4, 4, 4, 5, 5, 5, 5, 6, 6, 6, 6, 7, 7, 7, 7, 8, 8, 8, 8, 8, 8, 8, 8, 9, 9, 9, 9, 10, 10, 10, 10, 10, 10, 10, 10, 11, 11, 11, 11, 14, 14, 14, 14, 15, 15, 15, 15, 16, 16, 16, 16, 17, 17, 17, 17, 17, 17, 17, 17, 17, 17, 17, 17, 17, 17, 17, 17], "b_eggs_laid": [0, 1, 1, 1, 1, 2, 2, 2, 2, 3, 3, 3, 3, 4, 4, 4, 4, 5, 5, 5, 5, 6, 6, 6, 6, 7, 7, 7, 7, 8, 8, 8, 8, 11, 11, 11, 11, 12, 12, 12, 12, 12, 12, 12, 12, 12, 12, 12, 12, 12, 12, 12, 12, 13, 13, 13, 13, 14, 14, 14, 14, 15, 15, 15, 15, 16, 16, 16, 16, 16, 16, 16, 16, 16, 16, 16, 16, 16, 16, 16], "a_turds_left": [5, 5, 4, 4, 4, 4, 3, 3, 3, 3, 2, 2, 2, 2, 1, 1, 1, 1, 0, 0, 0, 0, 0, 0, 0, 0, 0, 0, 0, 0, 0, 0, 0, 0, 0, 0, 0, 0, 0, 0, 0, 0, 0, 0, 0, 0, 0, 0, 0, 0, 0, 0, 0, 0, 0, 0, 0, 0, 0, 0, 0, 0, 0, 0, 0, 0, 0, 0, 0, 0, 0, 0, 0, 0, 0, 0, 0, 0, 0, 0], "b_turds_left": [5, 5, 5, 4, 4, 4, 4, 3, 3, 3, 3, 2, 2, 2, 2, 1, 1, 1, 1, 0, 0, 0, 0, 0, 0, 0, 0, 0, 0, 0, 0, 0, 0, 0, 0, 0, 0, 0, 0, 0, 0, 0, 0, 0, 0, 0, 0, 0, 0, 0, 0, 0, 0, 0, 0, 0, 0, 0, 0, 0, 0, 0, 0, 0, 0, 0, 0, 0, 0, 0, 0, 0, 0, 0, 0, 0, 0, 0, 0, 0], "a_time_left": [359.99673791701207, 359.99673791701207, 359.99492262501735, 359.99492262501735, 359.99247320898576, 359.99247320898576, 359.9908196669421, 359.9908196669421, 359.9887007919606, 359.9887007919606, 359.98726820899174, 359.98726820899174, 359.98517987603555, 359.98517987603555, 359.9838322510477, 359.9838322510477, 359.98233925102977, 359.98233925102977, 359.98185900104, 359.98185900104, 359.981468210055, 359.981468210055, 359.98125471005915, 359.98125471005915, 359.98109896003734, 359.98109896003734, 359.9809325010283, 359.9809325010283, 359.98079220898217, 359.98079220898217, 359.9807293760241, 359.9807293760241, 359.98065887601115, 359.98065887601115, 359.98059870896395, 359.98059870896395, 359.98054791794857, 359.98054791794857, 359.9804911259562, 359.9804911259562, 359.9804324179422, 359.9804324179422, 359.98035995993996, 359.98035995993996, 359.9803051269264, 359.9803051269264, 359.98025391891133, 359.98025391891133, 359.98018841893645, 359.98018841893645, 359.98013833595905, 359.98013833595905, 359.9800770019647, 359.9800770019647, 359.9800207519438, 359.9800207519438, 359.9799554189667, 359.9799554189667, 359.9799045859836, 359.9799045859836, 359.9798388360068, 359.9798388360068, 359.97978492005495, 359.97978492005495, 359.97971329506254, 359.97971329506254, 359.9796552530606, 359.9796552530606, 359.97956796205835, 359.97956796205835, 359.9795121710631, 359.9795121710631, 359.97944871208165, 359.97944871208165, 359.9793917120551, 359.9793917120551, 359.9793340450851, 359.9793340450851, 359.97925583610777, 359.97925583610777], "b_time_left": [360, 359.9965111250058, 359.9965111250058, 359.99474075000035, 359.99474075000035, 359.99241908296244, 359.99241908296244, 359.99097045796225, 359.99097045796225, 359.98883545794524, 359.98883545794524, 359.9873390419525, 359.9873390419525, 359.9864862089162, 359.9864862089162, 359.98518287588377, 359.98518287588377, 359.9836172098876, 359.9836172098876, 359.9832085008966, 359.9832085008966, 359.98279587592697, 359.98279587592697, 359.98257791792275, 359.98257791792275, 359.98234137694817, 359.98234137694817, 359.98220933496486, 359.98220933496486, 359.98211645998526, 359.98211645998526, 359.9820481259958, 359.9820481259958, 359.98197283403715, 359.98197283403715, 359.9819042510353, 359.9819042510353, 359.9818370430148, 359.9818370430148, 359.98177408397896, 359.98177408397896, 359.9817091669538, 359.9817091669538, 359.98163962498074, 359.98163962498074, 359.98157120798714, 359.98157120798714, 359.9815057500382, 359.9815057500382, 359.9814411670086, 359.9814411670086, 359.9813741670223, 359.9813741670223, 359.9812557079713, 359.9812557079713, 359.9811880829511, 359.9811880829511, 359.98111145797884, 359.98111145797884, 359.9810430419748, 359.9810430419748, 359.98095254198415, 359.98095254198415, 359.98089095798787, 359.98089095798787, 359.98081275000004, 359.98081275000004, 359.98075333301676, 359.98075333301676, 359.9806844170089, 359.9806844170089, 359.98062508401927, 359.98062508401927, 359.98055787500925, 359.98055787500925, 359.9804846670013, 359.9804846670013, 359.9804230009904, 359.9804230009904, 359.9803555840044], "a_moves_left": [39, 39, 38, 38, 37, 37, 36, 36, 35, 35, 34, 34, 33, 33, 32, 32, 31, 31, 30, 30, 29, 29, 28, 28, 27, 27, 26, 26, 25, 25, 24, 24, 23, 23, 22, 22, 21, 21, 20, 20, 19, 19, 18, 18, 17, 17, 16, 16, 15, 15, 14, 14, 13, 13, 12, 12, 11, 11, 10, 10, 9, 9, 8, 8, 7, 7, 6, 6, 5, 5, 4, 4, 3, 3, 2, 2, 1, 1, 0, 0], "b_moves_left": [40, 39, 39, 38, 38, 37, 37, 36, 36, 35, 35, 34, 34, 33, 33, 32, 32, 31, 31, 30, 30, 29, 29, 28, 28, 27, 27, 26, 26, 25, 25, 24, 24, 23, 23, 22, 22, 21, 21, 20, 20, 19, 19, 18, 18, 17, 17, 16, 16, 15, 15, 14, 14, 13, 13, 12, 12, 11, 11, 10, 10, 9, 9, 8, 8, 7, 7, 6, 6, 5, 5, 4, 4, 3, 3, 2, 2, 1, 1, 0], "trapdoor_triggered": [0, 0, 0, 0, 0, 0, 0, 0, 0, 0, 0, 0, 0, 0, 0, 0, 0, 0, 0, 0, 0, 0, 0, 0, 0, 0, 0, 0, 0, 0, 0, 0, 0, 0, 0, 0, 0, 0, 0, 0, 0, 0, 0, 0, 0, 0, 0, 0, 0, 0, 0, 0, 0, 0, 0, 0, 0, 0, 0, 0, 0, 0, 0, 0, 0, 0, 0, 0, 0, 0, 0, 0, 0, 0, 0, 0, 0, 0, 0, 1], "left_behind": ["egg", "egg", "turd", "turd", "egg", "egg", "turd", "turd", "egg", "egg", "turd", "turd", "egg", "egg", "turd", "turd", "egg", "egg", "turd", "turd", "egg", "egg", "plain", "plain", "egg", "egg", "plain", "plain", "egg", "egg", "plain", "plain", "plain", "egg", "plain", "plain", "egg", "egg", "plain", "plain", "egg", "plain", "plain", "plain", "plain", "plain", "plain", "plain", "egg", "plain", "plain", "plain", "egg", "egg", "plain", "plain", "egg", "egg", "plain", "plain", "egg", "egg", "plain", "plain", "egg", "egg", "plain", "plain", "plain", "plain", "plain", "plain", "plain", "plain", "plain", "plain", "plain", "plain", "plain", "plain"], "errlog_a": "", "errlog_b": "", "start_time": 360, "start_moves": 40, "turn_count": 80, "result": 0, "reason": "EGGS_LAID", "trapdoors": [[5, 5], [3, 2]], "spawn_a": [7, 3], "spawn_b": [0, 3]}