{"pos": [[1, 6], [6, 6], [2, 6], [5, 6], [3, 6], [5, 7], [4, 6], [4, 7], [3, 6], [3, 7], [3, 5], [3, 6], [2, 5], [3, 7], [1, 5], [2, 7], [1, 4], [1, 7], [1, 3], [1, 6], [1, 2], [1, 7], [1, 1], [0, 7], [2, 1], [1, 7], [3, 1], [1, 6], [4, 1], [1, 7], [5, 1], [2, 7], [6, 1], [3, 7], [6, 2], [3, 6], [6, 3], [3, 7], [6, 4], [4, 7], [6, 5], [5, 7], [6, 6], [6, 7], [6, 5], [7, 7], [7, 5], [7, 6], [7, 4], [7, 7], [7, 3], [6, 7], [7, 2], [5, 7], [7, 1], [5, 6], [7, 0], [5, 5], [6, 0], [6, 5], [5, 0], [5, 5], [4, 0], [4, 5], [3, 0], [4, 4], [2, 0], [5, 4], [1, 0], [4, 4], [0, 0], [4, 5], [0, 1], [5, 5], [0, 2], [6, 5], [0, 3], [5, 5], [0, 4], [5, 4]], "a_eggs_laid": [1, 1, 1, 1, 2, 2, 2, 2, 3, 3, 3, 3, 4, 4, 4, 4, 5, 5, 5, 5, 6, 6, 6, 6, 7, 7, 7, 7, 8, 8, 8, 8, 9, 9, 9, 9, 10, 10, 10, 10, 11, 11, 11, 11, 12, 12, 12, 12, 13, 13, 13, 13, 14, 14, 14, 14, 15, 15, 15, 15, 16, 16, 16, 16, 17, 17, 17, 17, 18, 18, 18, 18, 21, 21, 21, 21, 22, 22, 22, 22], "b_eggs_laid": [0, 1, 1, 1, 1, 2, 2, 2, 2, 3, 3, 3, 3, 4, 4, 4, 4, 5, 5, 5, 5, 6, 6, 6, 6, 9, 9, 9, 9, 9, 9, 9, 9, 9, 9, 9, 9, 9, 9, 9, 9, 9, 9, 9, 9, 10, 10, 10, 10, 10, 10, 10, 10, 10, 10, 10, 10, 10, 10, 10, 10, 11, 11, 11, 11, 12, 12, 12, 12, 13, 13, 13, 13, 13, 13, 13, 13, 13, 13, 13], "a_turds_left": [5, 5, 5, 5, 5, 5, 5, 5, 5, 5, 5, 5, 5, 5, 5, 5, 5, 5, 5, 5, 5, 5, 5, 5, 5, 5, 5, 5, 5, 5, 5, 5, 5, 5, 5, 5, 5, 5, 5, 5, 5, 5, 5, 5, 5, 5, 5, 5, 5, 5, 5, 5, 5, 5, 5, 5, 5, 5, 5, 5, 5, 5, 5, 5, 5, 5, 5, 5, 5, 5, 5, 5, 5, 5, 5, 5, 5, 5, 5, 5], "b_turds_left": [5, 5, 5, 5, 5, 5, 5, 5, 5, 5, 5, 5, 5, 5, 5, 5, 5, 5, 5, 5, 5, 5, 5, 5, 5, 5, 5, 5, 5, 5, 5, 5, 5, 5, 5, 5, 5, 5, 5, 5, 5, 5, 5, 5, 5, 5, 5, 5, 5, 5, 5, 5, 5, 5, 5, 5, 5, 5, 5, 5, 5, 5, 5, 5, 5, 5, 5, 5, 5, 5, 5, 5, 5, 5, 5, 5, 5, 5, 5, 5], "a_time_left": [359.9962642499595, 359.9962642499595, 359.9945024169283, 359.9945024169283, 359.9913045418798, 359.9913045418798, 359.9894684588653, 359.9894684588653, 359.988032583904, 359.988032583904, 359.98780254187295, 359.98780254187295, 359.98648479185067, 359.98648479185067, 359.9860072088777, 359.9860072088777, 359.9849128758651, 359.9849128758651, 359.9843385848799, 359.9843385848799, 359.98330170992995, 359.98330170992995, 359.98273866891395, 359.98273866891395, 359.98168012691895, 359.98168012691895, 359.9810979188769, 359.9810979188769, 359.98005233489675, 359.98005233489675, 359.97994250193005, 359.97994250193005, 359.97983050195035, 359.97983050195035, 359.9797387099825, 359.9797387099825, 359.9796341690235, 359.9796341690235, 359.9795519190375, 359.9795519190375, 359.97944916907, 359.97944916907, 359.97936829406535, 359.97936829406535, 359.97931291908026, 359.97931291908026, 359.97889937704895, 359.97889937704895, 359.9788382520783, 359.9788382520783, 359.97876466810703, 359.97876466810703, 359.97867712710286, 359.97867712710286, 359.9786015021382, 359.9786015021382, 359.9785161270993, 359.9785161270993, 359.97844400210306, 359.97844400210306, 359.97835546010174, 359.97835546010174, 359.9782806271105, 359.9782806271105, 359.9781959611573, 359.9781959611573, 359.9781197941629, 359.9781197941629, 359.97803600213956, 359.97803600213956, 359.97796537709655, 359.97796537709655, 359.9778907520813, 359.9778907520813, 359.9778150020866, 359.9778150020866, 359.9777302101138, 359.9777302101138, 359.9776610851404, 359.9776610851404], "b_time_left": [360, 359.9964217909728, 359.9964217909728, 359.9946451240103, 359.9946451240103, 359.99104374903254, 359.99104374903254, 359.9897574990173, 359.9897574990173, 359.98793529102113, 359.98793529102113, 359.9864877080545, 359.9864877080545, 359.98607020801865, 359.98607020801865, 359.9859112909762, 359.9859112909762, 359.98580883297836, 359.98580883297836, 359.98570112499874, 359.98570112499874, 359.98560345894657, 359.98560345894657, 359.98549945896957, 359.98549945896957, 359.9854008759721, 359.9854008759721, 359.9852975839749, 359.9852975839749, 359.9852161249728, 359.9852161249728, 359.9851123749395, 359.9851123749395, 359.98502154194284, 359.98502154194284, 359.9849237089511, 359.9849237089511, 359.984848958964, 359.984848958964, 359.9847440419835, 359.9847440419835, 359.9846506669419, 359.9846506669419, 359.98454874998424, 359.98454874998424, 359.98445008299313, 359.98445008299313, 359.98435549996793, 359.98435549996793, 359.9842743749614, 359.9842743749614, 359.9841776669491, 359.9841776669491, 359.9840919589624, 359.9840919589624, 359.98399054195033, 359.98399054195033, 359.9839042509557, 359.9839042509557, 359.9837935009855, 359.9837935009855, 359.9837050429778, 359.9837050429778, 359.9835945009836, 359.9835945009836, 359.9834928759374, 359.9834928759374, 359.9833865418914, 359.9833865418914, 359.9832766248728, 359.9832766248728, 359.9831692088628, 359.9831692088628, 359.9830930418684, 359.9830930418684, 359.98299812490586, 359.98299812490586, 359.9829304168816, 359.9829304168816, 359.9828288758872], "a_moves_left": [39, 39, 38, 38, 37, 37, 36, 36, 35, 35, 34, 34, 33, 33, 32, 32, 31, 31, 30, 30, 29, 29, 28, 28, 27, 27, 26, 26, 25, 25, 24, 24, 23, 23, 22, 22, 21, 21, 20, 20, 19, 19, 18, 18, 17, 17, 16, 16, 15, 15, 14, 14, 13, 13, 12, 12, 11, 11, 10, 10, 9, 9, 8, 8, 7, 7, 6, 6, 5, 5, 4, 4, 3, 3, 2, 2, 1, 1, 0, 0], "b_moves_left": [40, 39, 39, 38, 38, 37, 37, 36, 36, 35, 35, 34, 34, 33, 33, 32, 32, 31, 31, 30, 30, 29, 29, 28, 28, 27, 27, 26, 26, 25, 25, 24, 24, 23, 23, 22, 22, 21, 21, 20, 20, 19, 19, 18, 18, 17, 17, 16, 16, 15, 15, 14, 14, 13, 13, 12, 12, 11, 11, 10, 10, 9, 9, 8, 8, 7, 7, 6, 6, 5, 5, 4, 4, 3, 3, 2, 2, 1, 1, 0], "trapdoor_triggered": [0, 0, 0, 0, 0, 0, 0, 0, 0, 0, 0, 0, 0, 0, 0, 0, 0, 0, 0, 0, 0, 0, 0, 0, 0, 0, 0, 0, 0, 0, 0, 0, 0, 0, 0, 0, 0, 0, 0, 0, 0, 0, 0, 0, 0, 0, 0, 0, 0, 0, 0, 0, 0, 0, 0, 0, 0, 0, 0, 0, 0, 0, 0, 0, 0, 0, 0, 0, 0, 0, 0, 0, 0, 0, 0, 0, 0, 0, 0, 0], "left_behind": ["egg", "egg", "plain", "plain", "egg", "egg", "plain", "plain", "egg", "egg", "plain", "plain", "egg", "egg", "plain", "plain", "egg", "egg", "plain", "plain", "egg", "egg", "plain", "plain", "egg", "egg", "plain", "plain", "egg", "plain", "plain", "plain", "egg", "plain", "plain", "plain", "egg", "plain", "plain", "plain", "egg", "plain", "plain", "plain", "egg", "egg", "plain", "plain", "egg", "plain", "plain", "plain", "egg", "plain", "plain", "plain", "egg", "plain", "plain", "plain", "egg", "egg", "plain", "plain", "egg", "egg", "plain", "plain", "egg", "egg", "plain", "plain", "egg", "plain", "plain", "plain", "egg", "plain", "plain", "plain"], "errlog_a": "", "errlog_b": "", "start_time": 360, "start_moves": 40, "turn_count": 80, "result": 0, "reason": "EGGS_LAID", "trapdoors": [[2, 2], [5, 2]], "spawn_a": [0, 6], "spawn_b": [7, 6]}