{"pos": [[0, 5], [6, 6], [1, 5], [5, 6], [1, 6], [4, 6], [2, 6], [4, 5], [2, 7], [5, 5], [2, 6], [6, 5], [2, 5], [6, 4], [3, 5], [6, 3], [2, 5], [6, 2], [2, 4], [6, 1], [1, 4], [5, 1], [1, 3], [4, 1], [1, 2], [3, 1], [1, 1], [3, 0], [1, 0], [4, 0], [2, 0], [5, 0], [2, 1], [6, 0], [3, 1], [7, 0], [3, 2], [7, 1], [4, 2], [7, 2], [4, 3], [7, 3], [5, 3], [7, 4], [4, 3], [7, 5], [4, 2], [7, 4], [3, 2], [7, 3], [2, 2], [7, 2], [2, 1], [7, 1], [1, 1], [7, 0], [0, 1], [6, 0], [0, 0], [6, 1], [1, 0], [5, 1], [0, 0], [5, 2], [0, 1], [6, 2], [0, 2], [6, 3], [0, 3], [6, 4], [0, 4], [5, 4], [0, 3], [5, 5], [1, 3], [5, 4], [1, 2], [6, 4], [2, 2], [6, 3]], "a_eggs_laid": [1, 1, 1, 1, 2, 2, 2, 2, 3, 3, 3, 3, 3, 3, 3, 3, 4, 4, 4, 4, 5, 5, 5, 5, 6, 6, 6, 6, 7, 7, 7, 7, 8, 8, 8, 8, 9, 9, 9, 9, 10, 10, 10, 10, 11, 11, 11, 11, 11, 11, 11, 11, 12, 12, 12, 12, 12, 12, 12, 12, 15, 15, 15, 15, 15, 15, 15, 15, 16, 16, 16, 16, 17, 17, 17, 17, 17, 17, 17, 17], "b_eggs_laid": [0, 1, 1, 1, 1, 2, 2, 2, 2, 3, 3, 3, 3, 4, 4, 4, 4, 5, 5, 5, 5, 6, 6, 6, 6, 7, 7, 7, 7, 8, 8, 8, 8, 9, 9, 9, 9, 12, 12, 12, 12, 13, 13, 13, 13, 14, 14, 14, 14, 14, 14, 14, 14, 14, 14, 14, 14, 14, 14, 14, 14, 14, 14, 14, 14, 15, 15, 15, 15, 15, 15, 15, 15, 16, 16, 16, 16, 16, 16, 16], "a_turds_left": [5, 5, 5, 5, 5, 5, 4, 4, 4, 4, 4, 4, 4, 4, 4, 4, 4, 4, 4, 4, 4, 4, 4, 4, 4, 4, 3, 3, 3, 3, 2, 2, 2, 2, 2, 2, 2, 2, 2, 2, 2, 2, 1, 1, 1, 1, 1, 1, 1, 1, 1, 1, 1, 1, 1, 1, 1, 1, 1, 1, 1, 1, 1, 1, 1, 1, 1, 1, 1, 1, 1, 1, 1, 1, 1, 1, 1, 1, 1, 1], "b_turds_left": [5, 5, 5, 4, 4, 4, 4, 3, 3, 3, 3, 2, 2, 2, 2, 1, 1, 1, 1, 0, 0, 0, 0, 0, 0, 0, 0, 0, 0, 0, 0, 0, 0, 0, 0, 0, 0, 0, 0, 0, 0, 0, 0, 0, 0, 0, 0, 0, 0, 0, 0, 0, 0, 0, 0, 0, 0, 0, 0, 0, 0, 0, 0, 0, 0, 0, 0, 0, 0, 0, 0, 0, 0, 0, 0, 0, 0, 0, 0, 0], "a_time_left": [359.9964608749724, 359.9964608749724, 359.9958546659909, 359.9958546659909, 359.9926987909712, 359.9926987909712, 359.9908279159572, 359.9908279159572, 359.9886201659683, 359.9886201659683, 359.987707165943, 359.987707165943, 359.98748708190396, 359.98748708190396, 359.9855649988749, 359.9855649988749, 359.98497337382287, 359.98497337382287, 359.9830048737931, 359.9830048737931, 359.9820444158395, 359.9820444158395, 359.98195833183127, 359.98195833183127, 359.98184099880746, 359.98184099880746, 359.9817509158165, 359.9817509158165, 359.98163558280794, 359.98163558280794, 359.9815623748, 359.9815623748, 359.98148224980105, 359.98148224980105, 359.9813972497941, 359.9813972497941, 359.98131995782023, 359.98131995782023, 359.981235499843, 359.981235499843, 359.98115583282197, 359.98115583282197, 359.9810632498702, 359.9810632498702, 359.98099737492157, 359.98099737492157, 359.9808632088825, 359.9808632088825, 359.98075479187537, 359.98075479187537, 359.98051650088746, 359.98051650088746, 359.9804151679273, 359.9804151679273, 359.9802067519049, 359.9802067519049, 359.98007654288085, 359.98007654288085, 359.9800039178808, 359.9800039178808, 359.9799253338715, 359.9799253338715, 359.97982099984074, 359.97982099984074, 359.979738207825, 359.979738207825, 359.9795432907995, 359.9795432907995, 359.9794531657826, 359.9794531657826, 359.9793602487771, 359.9793602487771, 359.9792729988112, 359.9792729988112, 359.97912537382217, 359.97912537382217, 359.97903408284765, 359.97903408284765, 359.9789152488811, 359.9789152488811], "b_time_left": [360, 359.99718337500235, 359.99718337500235, 359.99646091699833, 359.99646091699833, 359.9942531249835, 359.9942531249835, 359.9927477919846, 359.9927477919846, 359.99069245898863, 359.99069245898863, 359.98915241699433, 359.98915241699433, 359.98697804199765, 359.98697804199765, 359.9854248329648, 359.9854248329648, 359.98423291696236, 359.98423291696236, 359.9836808340042, 359.9836808340042, 359.9832025420037, 359.9832025420037, 359.98294845904456, 359.98294845904456, 359.98252183402656, 359.98252183402656, 359.98229925101623, 359.98229925101623, 359.9822079600417, 359.9822079600417, 359.9821344190859, 359.9821344190859, 359.98204037809046, 359.98204037809046, 359.9819724201225, 359.9819724201225, 359.9818972951616, 359.9818972951616, 359.981825837167, 359.981825837167, 359.98173292016145, 359.98173292016145, 359.98167021217523, 359.98167021217523, 359.9815944621805, 359.9815944621805, 359.98153221217217, 359.98153221217217, 359.9814608791494, 359.9814608791494, 359.98139962914865, 359.98139962914865, 359.98132487916155, 359.98132487916155, 359.9812599211582, 359.9812599211582, 359.98119821213186, 359.98119821213186, 359.98113192111487, 359.98113192111487, 359.9810565461521, 359.9810565461521, 359.98098704614677, 359.98098704614677, 359.9809167551575, 359.9809167551575, 359.980849714193, 359.980849714193, 359.9807789232, 359.9807789232, 359.9807135062292, 359.9807135062292, 359.9806367981946, 359.9806367981946, 359.98056850623107, 359.98056850623107, 359.98050008923747, 359.98050008923747, 359.9804295482463], "a_moves_left": [39, 39, 38, 38, 37, 37, 36, 36, 35, 35, 34, 34, 33, 33, 32, 32, 31, 31, 30, 30, 29, 29, 28, 28, 27, 27, 26, 26, 25, 25, 24, 24, 23, 23, 22, 22, 21, 21, 20, 20, 19, 19, 18, 18, 17, 17, 16, 16, 15, 15, 14, 14, 13, 13, 12, 12, 11, 11, 10, 10, 9, 9, 8, 8, 7, 7, 6, 6, 5, 5, 4, 4, 3, 3, 2, 2, 1, 1, 0, 0], "b_moves_left": [40, 39, 39, 38, 38, 37, 37, 36, 36, 35, 35, 34, 34, 33, 33, 32, 32, 31, 31, 30, 30, 29, 29, 28, 28, 27, 27, 26, 26, 25, 25, 24, 24, 23, 23, 22, 22, 21, 21, 20, 20, 19, 19, 18, 18, 17, 17, 16, 16, 15, 15, 14, 14, 13, 13, 12, 12, 11, 11, 10, 10, 9, 9, 8, 8, 7, 7, 6, 6, 5, 5, 4, 4, 3, 3, 2, 2, 1, 1, 0], "trapdoor_triggered": [0, 0, 0, 0, 0, 0, 0, 0, 0, 0, 0, 0, 0, 0, 0, 0, 0, 0, 0, 0, 0, 0, 0, 0, 0, 0, 0, 0, 0, 0, 0, 0, 0, 0, 0, 0, 0, 0, 0, 0, 0, 0, 0, 0, 0, 0, 0, 0, 0, 0, 0, 0, 0, 0, 0, 0, 0, 0, 0, 0, 0, 0, 0, 0, 0, 0, 0, 0, 0, 0, 0, 0, 0, 0, 0, 0, 0, 0, 0, 0], "left_behind": ["egg", "egg", "plain", "turd", "egg", "egg", "turd", "turd", "egg", "egg", "plain", "turd", "plain", "egg", "plain", "turd", "egg", "egg", "plain", "turd", "egg", "egg", "plain", "plain", "egg", "egg", "turd", "plain", "egg", "egg", "turd", "plain", "egg", "egg", "plain", "plain", "egg", "egg", "plain", "plain", "egg", "egg", "turd", "plain", "egg", "egg", "plain", "plain", "plain", "plain", "plain", "plain", "egg", "plain", "plain", "plain", "plain", "plain", "plain", "plain", "egg", "plain", "plain", "plain", "plain", "egg", "plain", "plain", "egg", "plain", "plain", "plain", "egg", "egg", "plain", "plain", "plain", "plain", "plain", "plain"], "errlog_a": "", "errlog_b": "", "start_time": 360, "start_moves": 40, "turn_count": 80, "result": 0, "reason": "EGGS_LAID", "trapdoors": [[3, 3], [2, 3]], "spawn_a": [0, 6], "spawn_b": [7, 6]}