{"pos": [[1, 6], [6, 6], [2, 6], [5, 6], [3, 6], [6, 6], [4, 6], [6, 5], [4, 7], [6, 4], [5, 7], [7, 4], [6, 7], [7, 3], [6, 6], [7, 2], [6, 7], [6, 2], [7, 7], [6, 1], [6, 7], [5, 1], [6, 6], [4, 1], [6, 7], [4, 2], [7, 7], [3, 2], [6, 7], [3, 1], [5, 7], [2, 1], [4, 7], [2, 2], [3, 7], [2, 3], [2, 7], [3, 3], [1, 7], [3, 4], [0, 7], [4, 4], [0, 6], [3, 4], [0, 5], [3, 5], [1, 5], [2, 5], [1, 4], [2, 4], [1, 3], [1, 4], [1, 2], [0, 4], [0, 2], [0, 3], [0, 1], [0, 4], [1, 1], [0, 5], [1, 0], [0, 4], [0, 0], [0, 3], [1, 0], [0, 4], [2, 0], [1, 4], [3, 0], [2, 4], [3, 1], [2, 3], [3, 0], [2, 2], [4, 0], [1, 2], [5, 0], [2, 2], [5, 1], [2, 1]], "a_eggs_laid": [1, 1, 1, 1, 2, 2, 2, 2, 3, 3, 3, 3, 4, 4, 4, 4, 5, 5, 5, 5, 8, 8, 8, 8, 8, 8, 8, 8, 8, 8, 8, 8, 8, 8, 8, 8, 9, 9, 9, 9, 10, 10, 10, 10, 10, 10, 10, 10, 11, 11, 11, 11, 12, 12, 12, 12, 13, 13, 13, 13, 14, 14, 14, 14, 17, 17, 17, 17, 18, 18, 18, 18, 19, 19, 19, 19, 20, 20, 20, 20], "b_eggs_laid": [0, 1, 1, 1, 1, 2, 2, 2, 2, 3, 3, 3, 3, 4, 4, 4, 4, 5, 5, 5, 5, 6, 6, 6, 6, 7, 7, 7, 7, 8, 8, 8, 8, 9, 9, 9, 9, 10, 10, 10, 10, 11, 11, 11, 11, 11, 11, 11, 11, 12, 12, 12, 12, 13, 13, 13, 13, 14, 14, 14, 14, 15, 15, 15, 15, 15, 15, 15, 15, 15, 15, 15, 15, 15, 15, 15, 15, 16, 16, 16], "a_turds_left": [5, 5, 5, 5, 5, 5, 5, 5, 5, 5, 5, 5, 5, 5, 5, 5, 5, 5, 5, 5, 5, 5, 5, 5, 5, 5, 5, 5, 5, 5, 5, 5, 5, 5, 5, 5, 5, 5, 5, 5, 5, 5, 5, 5, 5, 5, 5, 5, 5, 5, 5, 5, 5, 5, 5, 5, 5, 5, 5, 5, 5, 5, 5, 5, 5, 5, 5, 5, 5, 5, 5, 5, 5, 5, 5, 5, 5, 5, 5, 5], "b_turds_left": [5, 5, 5, 5, 5, 5, 5, 5, 5, 5, 5, 5, 5, 5, 5, 5, 5, 5, 5, 5, 5, 5, 5, 5, 5, 5, 5, 5, 5, 5, 5, 5, 5, 5, 5, 5, 5, 5, 5, 5, 5, 5, 5, 5, 5, 5, 5, 5, 5, 5, 5, 5, 5, 5, 5, 5, 5, 5, 5, 5, 5, 5, 5, 5, 5, 5, 5, 5, 5, 5, 5, 5, 5, 5, 5, 5, 5, 5, 5, 5], "a_time_left": [359.9964463749784, 359.9964463749784, 359.99473370896885, 359.99473370896885, 359.9915540009388, 359.9915540009388, 359.98985308397096, 359.98985308397096, 359.9874048339552, 359.9874048339552, 359.9862013339298, 359.9862013339298, 359.98455137590645, 359.98455137590645, 359.9841166259139, 359.9841166259139, 359.98378279194003, 359.98378279194003, 359.98344258393627, 359.98344258393627, 359.9833048339351, 359.9833048339351, 359.98319437593454, 359.98319437593454, 359.98310150095494, 359.98310150095494, 359.9829980839859, 359.9829980839859, 359.98291087494, 359.98291087494, 359.9827941249823, 359.9827941249823, 359.9826252499479, 359.9826252499479, 359.9823548339773, 359.9823548339773, 359.9815447499859, 359.9815447499859, 359.981289791991, 359.981289791991, 359.9804460419691, 359.9804460419691, 359.9803559589782, 359.9803559589782, 359.98010337597225, 359.98010337597225, 359.98000950098503, 359.98000950098503, 359.9799061670201, 359.9799061670201, 359.9798222920508, 359.9798222920508, 359.9797379170777, 359.9797379170777, 359.9796375420992, 359.9796375420992, 359.9795538751059, 359.9795538751059, 359.97946475009667, 359.97946475009667, 359.9793524580891, 359.9793524580891, 359.97926229110453, 359.97926229110453, 359.9791770830634, 359.9791770830634, 359.9789511250565, 359.9789511250565, 359.9788647920359, 359.9788647920359, 359.97877383301966, 359.97877383301966, 359.97870083298767, 359.97870083298767, 359.9784982079873, 359.9784982079873, 359.97841612499906, 359.97841612499906, 359.9783307919861, 359.9783307919861], "b_time_left": [360, 359.99655741703464, 359.99655741703464, 359.994676292059, 359.994676292059, 359.9913993340451, 359.9913993340451, 359.9900834170403, 359.9900834170403, 359.98685441707494, 359.98685441707494, 359.9851660010754, 359.9851660010754, 359.9828175010625, 359.9828175010625, 359.98169079306535, 359.98169079306535, 359.98141508508706, 359.98141508508706, 359.98129296005936, 359.98129296005936, 359.9811700430582, 359.9811700430582, 359.98107521008933, 359.98107521008933, 359.9809754600865, 359.9809754600865, 359.9808877930627, 359.9808877930627, 359.9807712510228, 359.9807712510228, 359.9806862930418, 359.9806862930418, 359.98058046004735, 359.98058046004735, 359.9804900850286, 359.9804900850286, 359.98038791900035, 359.98038791900035, 359.98029971000506, 359.98029971000506, 359.9801882930333, 359.9801882930333, 359.9801063760533, 359.9801063760533, 359.9800294600427, 359.9800294600427, 359.9799445430399, 359.9799445430399, 359.97986850101734, 359.97986850101734, 359.9797840429819, 359.9797840429819, 359.97968933399534, 359.97968933399534, 359.9796121669933, 359.9796121669933, 359.9795492509729, 359.9795492509729, 359.9794710429851, 359.9794710429851, 359.97940921003465, 359.97940921003465, 359.9793350850232, 359.9793350850232, 359.9792821680312, 359.9792821680312, 359.97921166807646, 359.97921166807646, 359.97915233508684, 359.97915233508684, 359.97906750207767, 359.97906750207767, 359.9789981271024, 359.9789981271024, 359.9789142110967, 359.9789142110967, 359.97885017009685, 359.97885017009685, 359.97876921109855], "a_moves_left": [39, 39, 38, 38, 37, 37, 36, 36, 35, 35, 34, 34, 33, 33, 32, 32, 31, 31, 30, 30, 29, 29, 28, 28, 27, 27, 26, 26, 25, 25, 24, 24, 23, 23, 22, 22, 21, 21, 20, 20, 19, 19, 18, 18, 17, 17, 16, 16, 15, 15, 14, 14, 13, 13, 12, 12, 11, 11, 10, 10, 9, 9, 8, 8, 7, 7, 6, 6, 5, 5, 4, 4, 3, 3, 2, 2, 1, 1, 0, 0], "b_moves_left": [40, 39, 39, 38, 38, 37, 37, 36, 36, 35, 35, 34, 34, 33, 33, 32, 32, 31, 31, 30, 30, 29, 29, 28, 28, 27, 27, 26, 26, 25, 25, 24, 24, 23, 23, 22, 22, 21, 21, 20, 20, 19, 19, 18, 18, 17, 17, 16, 16, 15, 15, 14, 14, 13, 13, 12, 12, 11, 11, 10, 10, 9, 9, 8, 8, 7, 7, 6, 6, 5, 5, 4, 4, 3, 3, 2, 2, 1, 1, 0], "trapdoor_triggered": [0, 0, 0, 0, 0, 0, 0, 0, 0, 0, 0, 0, 0, 0, 0, 0, 0, 0, 0, 0, 0, 0, 0, 0, 0, 0, 0, 0, 0, 0, 0, 0, 0, 0, 0, 0, 0, 0, 0, 0, 0, 0, 0, 0, 0, 0, 0, 0, 0, 0, 0, 0, 0, 0, 0, 0, 0, 0, 0, 0, 0, 0, 0, 0, 0, 0, 0, 0, 0, 0, 0, 0, 0, 0, 0, 0, 0, 0, 0, 0], "left_behind": ["egg", "egg", "plain", "plain", "egg", "egg", "plain", "plain", "egg", "egg", "plain", "plain", "egg", "egg", "plain", "plain", "egg", "egg", "plain", "plain", "egg", "egg", "plain", "plain", "plain", "egg", "plain", "plain", "plain", "egg", "plain", "plain", "plain", "egg", "plain", "plain", "egg", "egg", "plain", "plain", "egg", "egg", "plain", "plain", "plain", "plain", "plain", "plain", "egg", "egg", "plain", "plain", "egg", "egg", "plain", "plain", "egg", "egg", "plain", "plain", "egg", "egg", "plain", "plain", "egg", "plain", "plain", "plain", "egg", "plain", "plain", "plain", "egg", "plain", "plain", "plain", "egg", "egg", "plain", "plain"], "errlog_a": "", "errlog_b": "", "start_time": 360, "start_moves": 40, "turn_count": 80, "result": 0, "reason": "EGGS_LAID", "trapdoors": [[5, 5], [5, 4]], "spawn_a": [0, 6], "spawn_b": [7, 6]}