{"pos": [[6, 3], [1, 3], [6, 2], [1, 4], [6, 1], [2, 4], [5, 1], [2, 3], [4, 1], [3, 3], [3, 1], [3, 4], [2, 1], [3, 5], [1, 1], [3, 6], [1, 0], [4, 6], [2, 0], [4, 7], [3, 0], [5, 7], [4, 0], [5, 6], [5, 0], [6, 6], [6, 0], [6, 5], [7, 0], [7, 5], [7, 1], [7, 4], [7, 2], [6, 4], [6, 2], [5, 4], [5, 2], [5, 3], [4, 2], [6, 3], [4, 1], [6, 4], [5, 1], [6, 3], [5, 2], [5, 3], [4, 2], [5, 4], [5, 2], [4, 4], [5, 3], [4, 5], [5, 2], [4, 4], [5, 3], [4, 5], [5, 2], [4, 6], [5, 3], [5, 6], [5, 2], [6, 6], [6, 2], [7, 6], [7, 2], [7, 7], [7, 3], [6, 7], [7, 2], [7, 7], [7, 1], [7, 6], [6, 1], [7, 5], [6, 0], [7, 4], [7, 0], [7, 5], [7, 1], [6, 5]], "a_eggs_laid": [1, 1, 1, 1, 2, 2, 2, 2, 3, 3, 3, 3, 4, 4, 4, 4, 5, 5, 5, 5, 6, 6, 6, 6, 7, 7, 7, 7, 8, 8, 8, 8, 9, 9, 9, 9, 9, 9, 9, 9, 10, 10, 10, 10, 10, 10, 10, 10, 10, 10, 10, 10, 11, 11, 11, 11, 11, 11, 11, 11, 11, 11, 11, 11, 11, 11, 11, 11, 11, 11, 11, 11, 11, 11, 11, 11, 11, 11, 11, 11], "b_eggs_laid": [0, 1, 1, 1, 1, 2, 2, 2, 2, 3, 3, 3, 3, 4, 4, 4, 4, 5, 5, 5, 5, 6, 6, 6, 6, 7, 7, 7, 7, 8, 8, 8, 8, 9, 9, 9, 9, 10, 10, 10, 10, 11, 11, 11, 11, 11, 11, 11, 11, 11, 11, 11, 11, 12, 12, 12, 12, 12, 12, 12, 12, 12, 12, 12, 12, 13, 13, 13, 13, 14, 14, 14, 14, 14, 14, 14, 14, 14, 14, 14], "a_turds_left": [5, 5, 5, 5, 5, 5, 5, 5, 5, 5, 5, 5, 5, 5, 5, 5, 5, 5, 5, 5, 5, 5, 5, 5, 5, 5, 5, 5, 5, 5, 5, 5, 5, 5, 5, 5, 5, 5, 5, 5, 5, 5, 5, 5, 5, 5, 5, 5, 5, 5, 5, 5, 5, 5, 5, 5, 5, 5, 5, 5, 5, 5, 5, 5, 5, 5, 5, 5, 5, 5, 5, 5, 5, 5, 5, 5, 5, 5, 5, 5], "b_turds_left": [5, 5, 5, 4, 4, 4, 4, 3, 3, 3, 3, 2, 2, 2, 2, 1, 1, 1, 1, 0, 0, 0, 0, 0, 0, 0, 0, 0, 0, 0, 0, 0, 0, 0, 0, 0, 0, 0, 0, 0, 0, 0, 0, 0, 0, 0, 0, 0, 0, 0, 0, 0, 0, 0, 0, 0, 0, 0, 0, 0, 0, 0, 0, 0, 0, 0, 0, 0, 0, 0, 0, 0, 0, 0, 0, 0, 0, 0, 0, 0], "a_time_left": [359.996275625017, 359.996275625017, 359.99446729099145, 359.99446729099145, 359.99116837396286, 359.99116837396286, 359.9891866239486, 359.9891866239486, 359.9879127079039, 359.9879127079039, 359.9872079169145, 359.9872079169145, 359.9861803339445, 359.9861803339445, 359.9854514999315, 359.9854514999315, 359.9827511659241, 359.9827511659241, 359.9822274989565, 359.9822274989565, 359.98121599893784, 359.98121599893784, 359.98095803993056, 359.98095803993056, 359.9802326229401, 359.9802326229401, 359.98010378994513, 359.98010378994513, 359.979997539951, 359.979997539951, 359.9799033739255, 359.9799033739255, 359.9797943739104, 359.9797943739104, 359.9797048738692, 359.9797048738692, 359.9795455819112, 359.9795455819112, 359.9794659569161, 359.9794659569161, 359.9793629569467, 359.9793629569467, 359.97925574798137, 359.97925574798137, 359.97914316499373, 359.97914316499373, 359.9790611650096, 359.9790611650096, 359.97895849798806, 359.97895849798806, 359.978835330985, 359.978835330985, 359.9787510809838, 359.9787510809838, 359.9786489979597, 359.9786489979597, 359.9785525399493, 359.9785525399493, 359.97844458190957, 359.97844458190957, 359.9783669158933, 359.9783669158933, 359.97826308285585, 359.97826308285585, 359.97816370782675, 359.97816370782675, 359.9780744998716, 359.9780744998716, 359.9779997498845, 359.9779997498845, 359.9779064999311, 359.9779064999311, 359.9778102499549, 359.9778102499549, 359.97770458390005, 359.97770458390005, 359.9776121248724, 359.9776121248724, 359.9775314578437, 359.9775314578437], "b_time_left": [360, 359.9968534579966, 359.9968534579966, 359.99317266599974, 359.99317266599974, 359.99071416602237, 359.99071416602237, 359.9899754160433, 359.9899754160433, 359.9890715830261, 359.9890715830261, 359.9884403330507, 359.9884403330507, 359.9875189580489, 359.9875189580489, 359.9868804580765, 359.9868804580765, 359.986026083061, 359.986026083061, 359.98543416702887, 359.98543416702887, 359.98499333299696, 359.98499333299696, 359.9847701659892, 359.9847701659892, 359.98441024898784, 359.98441024898784, 359.98422624898376, 359.98422624898376, 359.984142915986, 359.984142915986, 359.98408812400885, 359.98408812400885, 359.9840227080276, 359.9840227080276, 359.9839587499737, 359.9839587499737, 359.98387649992947, 359.98387649992947, 359.98381599993445, 359.98381599993445, 359.98375266691437, 359.98375266691437, 359.98369604191976, 359.98369604191976, 359.9836378339096, 359.9836378339096, 359.9835784168681, 359.9835784168681, 359.98350845789537, 359.98350845789537, 359.9834482499282, 359.9834482499282, 359.9833665409242, 359.9833665409242, 359.9833106249571, 359.9833106249571, 359.98324545897776, 359.98324545897776, 359.9831872089999, 359.9831872089999, 359.9831229179981, 359.9831229179981, 359.98306462704204, 359.98306462704204, 359.9829965850222, 359.9829965850222, 359.9829487510142, 359.9829487510142, 359.9828821680276, 359.9828821680276, 359.9828240010538, 359.9828240010538, 359.9827402510564, 359.9827402510564, 359.98266837606207, 359.98266837606207, 359.982610626088, 359.982610626088, 359.98255762603367], "a_moves_left": [39, 39, 38, 38, 37, 37, 36, 36, 35, 35, 34, 34, 33, 33, 32, 32, 31, 31, 30, 30, 29, 29, 28, 28, 27, 27, 26, 26, 25, 25, 24, 24, 23, 23, 22, 22, 21, 21, 20, 20, 19, 19, 18, 18, 17, 17, 16, 16, 15, 15, 14, 14, 13, 13, 12, 12, 11, 11, 10, 10, 9, 9, 8, 8, 7, 7, 6, 6, 5, 5, 4, 4, 3, 3, 2, 2, 1, 1, 0, 0], "b_moves_left": [40, 39, 39, 38, 38, 37, 37, 36, 36, 35, 35, 34, 34, 33, 33, 32, 32, 31, 31, 30, 30, 29, 29, 28, 28, 27, 27, 26, 26, 25, 25, 24, 24, 23, 23, 22, 22, 21, 21, 20, 20, 19, 19, 18, 18, 17, 17, 16, 16, 15, 15, 14, 14, 13, 13, 12, 12, 11, 11, 10, 10, 9, 9, 8, 8, 7, 7, 6, 6, 5, 5, 4, 4, 3, 3, 2, 2, 1, 1, 0], "trapdoor_triggered": [0, 0, 0, 0, 0, 0, 0, 0, 0, 0, 0, 0, 0, 0, 0, 0, 0, 0, 0, 0, 0, 0, 0, 0, 0, 0, 0, 0, 0, 0, 0, 0, 0, 0, 0, 0, 0, 0, 0, 0, 0, 0, 0, 0, 0, 0, 0, 0, 0, 0, 0, 0, 0, 0, 0, 0, 0, 0, 0, 0, 0, 0, 0, 0, 0, 0, 0, 0, 0, 0, 0, 0, 0, 0, 0, 0, 0, 0, 0, 0], "left_behind": ["egg", "egg", "plain", "turd", "egg", "egg", "plain", "turd", "egg", "egg", "plain", "turd", "egg", "egg", "plain", "turd", "egg", "egg", "plain", "turd", "egg", "egg", "plain", "plain", "egg", "egg", "plain", "plain", "egg", "egg", "plain", "plain", "egg", "egg", "plain", "plain", "plain", "egg", "plain", "plain", "egg", "egg", "plain", "plain", "plain", "plain", "plain", "plain", "plain", "plain", "plain", "plain", "egg", "egg", "plain", "plain", "plain", "plain", "plain", "plain", "plain", "plain", "plain", "plain", "plain", "egg", "plain", "plain", "plain", "egg", "plain", "plain", "plain", "plain", "plain", "plain", "plain", "plain", "plain", "plain"], "errlog_a": "", "errlog_b": "", "start_time": 360, "start_moves": 40, "turn_count": 80, "result": 1, "reason": "EGGS_LAID", "trapdoors": [[5, 5], [2, 5]], "spawn_a": [7, 3], "spawn_b": [0, 3]}