{"pos": [[7, 2], [1, 3], [6, 2], [1, 2], [6, 3], [0, 2], [6, 4], [0, 1], [7, 4], [1, 1], [7, 5], [2, 1], [6, 5], [2, 0], [6, 6], [1, 0], [7, 6], [0, 0], [7, 7], [0, 1], [6, 7], [1, 1], [5, 7], [2, 1], [5, 6], [3, 1], [4, 6], [4, 1], [4, 7], [4, 0], [3, 7], [5, 0], [3, 6], [5, 1], [3, 5], [6, 1], [4, 5], [6, 0], [4, 6], [7, 0], [4, 5], [7, 1], [3, 5], [7, 2], [2, 5], [7, 1], [2, 4], [6, 1], [1, 4], [5, 1], [1, 3], [5, 2], [1, 4], [5, 1], [1, 3], [5, 2], [2, 3], [4, 2], [2, 2], [4, 3], [2, 3], [4, 2], [2, 4], [4, 3], [2, 5], [4, 2], [2, 6], [4, 1], [2, 7], [3, 1], [1, 7], [3, 0], [1, 6], [4, 0], [1, 5], [5, 0], [0, 5], [6, 0], [0, 4], [7, 0]], "a_eggs_laid": [1, 1, 1, 1, 2, 2, 2, 2, 3, 3, 3, 3, 4, 4, 4, 4, 5, 5, 5, 5, 8, 8, 8, 8, 9, 9, 9, 9, 10, 10, 10, 10, 11, 11, 11, 11, 12, 12, 12, 12, 12, 12, 12, 12, 12, 12, 12, 12, 13, 13, 13, 13, 14, 14, 14, 14, 14, 14, 14, 14, 15, 15, 15, 15, 15, 15, 15, 15, 16, 16, 16, 16, 17, 17, 17, 17, 18, 18, 18, 18], "b_eggs_laid": [0, 1, 1, 1, 1, 2, 2, 2, 2, 3, 3, 3, 3, 4, 4, 4, 4, 5, 5, 5, 5, 5, 5, 5, 5, 5, 5, 5, 5, 6, 6, 6, 6, 7, 7, 7, 7, 8, 8, 8, 8, 11, 11, 11, 11, 12, 12, 12, 12, 12, 12, 12, 12, 13, 13, 13, 13, 13, 13, 13, 13, 14, 14, 14, 14, 14, 14, 14, 14, 14, 14, 14, 14, 15, 15, 15, 15, 15, 15, 15], "a_turds_left": [5, 5, 5, 5, 5, 5, 5, 5, 5, 5, 5, 5, 5, 5, 5, 5, 5, 5, 5, 5, 5, 5, 5, 5, 5, 5, 5, 5, 5, 5, 5, 5, 5, 5, 5, 5, 5, 5, 5, 5, 5, 5, 5, 5, 5, 5, 5, 5, 5, 5, 5, 5, 5, 5, 5, 5, 5, 5, 4, 4, 4, 4, 4, 4, 4, 4, 4, 4, 4, 4, 4, 4, 4, 4, 4, 4, 4, 4, 4, 4], "b_turds_left": [5, 5, 5, 5, 5, 5, 5, 5, 5, 5, 5, 5, 5, 5, 5, 5, 5, 5, 5, 5, 5, 5, 5, 5, 5, 5, 5, 5, 5, 5, 5, 5, 5, 5, 5, 5, 5, 5, 5, 5, 5, 5, 5, 5, 5, 5, 5, 5, 5, 5, 5, 5, 5, 5, 5, 5, 5, 5, 5, 5, 5, 5, 5, 5, 5, 5, 5, 5, 5, 5, 5, 5, 5, 5, 5, 5, 5, 5, 5, 5], "a_time_left": [359.9965404160321, 359.9965404160321, 359.99502204102464, 359.99502204102464, 359.9916507489979, 359.9916507489979, 359.98966524895513, 359.98966524895513, 359.98660091595957, 359.98660091595957, 359.9851145829307, 359.9851145829307, 359.982322082913, 359.982322082913, 359.98041858291253, 359.98041858291253, 359.9777403328917, 359.9777403328917, 359.97762966592563, 359.97762966592563, 359.97754020791035, 359.97754020791035, 359.97744341695216, 359.97744341695216, 359.9773442079313, 359.9773442079313, 359.9772428749129, 359.9772428749129, 359.97713166696485, 359.97713166696485, 359.9770517500001, 359.9770517500001, 359.9769506250159, 359.9769506250159, 359.9768534169998, 359.9768534169998, 359.9767417499679, 359.9767417499679, 359.97664725000504, 359.97664725000504, 359.9763555000536, 359.9763555000536, 359.97573645808734, 359.97573645808734, 359.97538291610545, 359.97538291610545, 359.97529004112585, 359.97529004112585, 359.97517662512837, 359.97517662512837, 359.97508883313276, 359.97508883313276, 359.9750042501255, 359.9750042501255, 359.97452600009274, 359.97452600009274, 359.9743732091156, 359.9743732091156, 359.9742818761151, 359.9742818761151, 359.9741963761044, 359.9741963761044, 359.9739480011049, 359.9739480011049, 359.9737202101387, 359.9737202101387, 359.9732822521473, 359.9732822521473, 359.97317591815954, 359.97317591815954, 359.97310195915634, 359.97310195915634, 359.9730056251283, 359.9730056251283, 359.97292691713665, 359.97292691713665, 359.97282025113236, 359.97282025113236, 359.9727472921368, 359.9727472921368], "b_time_left": [360, 359.99660779099213, 359.99660779099213, 359.9948288319865, 359.9948288319865, 359.9914825820015, 359.9914825820015, 359.99069720698753, 359.99069720698753, 359.9882347910316, 359.9882347910316, 359.9869760409929, 359.9869760409929, 359.9835812909878, 359.9835812909878, 359.98331329098437, 359.98331329098437, 359.98300349898636, 359.98300349898636, 359.9829060829943, 359.9829060829943, 359.98281504103215, 359.98281504103215, 359.9827051240136, 359.9827051240136, 359.9826110820286, 359.9826110820286, 359.9825114160194, 359.9825114160194, 359.9823953330051, 359.9823953330051, 359.98230420798063, 359.98230420798063, 359.98220041696914, 359.98220041696914, 359.9821011669701, 359.9821011669701, 359.9820027919486, 359.9820027919486, 359.98191562492866, 359.98191562492866, 359.98182795895264, 359.98182795895264, 359.9817383339396, 359.9817383339396, 359.98165995895397, 359.98165995895397, 359.98157112597255, 359.98157112597255, 359.98149329202715, 359.98149329202715, 359.9813997920137, 359.9813997920137, 359.98129470902495, 359.98129470902495, 359.98120666702744, 359.98120666702744, 359.98113149998244, 359.98113149998244, 359.9810373330256, 359.9810373330256, 359.98094629199477, 359.98094629199477, 359.98086624999996, 359.98086624999996, 359.98079225001857, 359.98079225001857, 359.98070683400147, 359.98070683400147, 359.98063200101024, 359.98063200101024, 359.98054879298434, 359.98054879298434, 359.9804619179922, 359.9804619179922, 359.9803844600101, 359.9803844600101, 359.9803125850158, 359.9803125850158, 359.98024266801076], "a_moves_left": [39, 39, 38, 38, 37, 37, 36, 36, 35, 35, 34, 34, 33, 33, 32, 32, 31, 31, 30, 30, 29, 29, 28, 28, 27, 27, 26, 26, 25, 25, 24, 24, 23, 23, 22, 22, 21, 21, 20, 20, 19, 19, 18, 18, 17, 17, 16, 16, 15, 15, 14, 14, 13, 13, 12, 12, 11, 11, 10, 10, 9, 9, 8, 8, 7, 7, 6, 6, 5, 5, 4, 4, 3, 3, 2, 2, 1, 1, 0, 0], "b_moves_left": [40, 39, 39, 38, 38, 37, 37, 36, 36, 35, 35, 34, 34, 33, 33, 32, 32, 31, 31, 30, 30, 29, 29, 28, 28, 27, 27, 26, 26, 25, 25, 24, 24, 23, 23, 22, 22, 21, 21, 20, 20, 19, 19, 18, 18, 17, 17, 16, 16, 15, 15, 14, 14, 13, 13, 12, 12, 11, 11, 10, 10, 9, 9, 8, 8, 7, 7, 6, 6, 5, 5, 4, 4, 3, 3, 2, 2, 1, 1, 0], "trapdoor_triggered": [0, 0, 0, 0, 0, 0, 0, 0, 0, 0, 0, 0, 0, 0, 0, 0, 0, 0, 0, 0, 0, 0, 0, 0, 0, 0, 0, 0, 0, 0, 0, 0, 0, 0, 0, 0, 0, 0, 0, 0, 0, 0, 0, 0, 0, 0, 0, 0, 0, 0, 0, 0, 0, 0, 0, 0, 0, 0, 0, 0, 0, 0, 0, 0, 0, 0, 0, 0, 0, 0, 0, 0, 0, 0, 0, 0, 0, 0, 0, 0], "left_behind": ["egg", "egg", "plain", "plain", "egg", "egg", "plain", "plain", "egg", "egg", "plain", "plain", "egg", "egg", "plain", "plain", "egg", "egg", "plain", "plain", "egg", "plain", "plain", "plain", "egg", "plain", "plain", "plain", "egg", "egg", "plain", "plain", "egg", "egg", "plain", "plain", "egg", "egg", "plain", "plain", "plain", "egg", "plain", "plain", "plain", "egg", "plain", "plain", "egg", "plain", "plain", "plain", "egg", "egg", "plain", "plain", "plain", "plain", "turd", "plain", "egg", "egg", "plain", "plain", "plain", "plain", "plain", "plain", "egg", "plain", "plain", "plain", "egg", "egg", "plain", "plain", "egg", "plain", "plain", "plain"], "errlog_a": "", "errlog_b": "", "start_time": 360, "start_moves": 40, "turn_count": 80, "result": 0, "reason": "EGGS_LAID", "trapdoors": [[4, 4], [3, 2]], "spawn_a": [7, 3], "spawn_b": [0, 3]}