{"pos": [[6, 5], [1, 5], [6, 4], [1, 4], [6, 3], [0, 4], [6, 2], [0, 3], [6, 1], [1, 3], [5, 1], [1, 2], [4, 1], [0, 2], [3, 1], [0, 1], [2, 1], [1, 1], [2, 0], [2, 1], [3, 0], [2, 2], [4, 0], [3, 2], [5, 0], [2, 2], [6, 0], [2, 3], [7, 0], [1, 3], [7, 1], [1, 2], [7, 2], [0, 2], [7, 3], [0, 1], [7, 4], [0, 0], [6, 4], [1, 0], [5, 4], [1, 1], [5, 3], [2, 1], [5, 2], [2, 2], [5, 1], [3, 2], [5, 2], [2, 2], [6, 2], [2, 3], [5, 2], [2, 4], [5, 3], [1, 4], [4, 3], [2, 4], [4, 4], [2, 3], [4, 3], [2, 4], [3, 3], [1, 4], [4, 3], [1, 5], [4, 4], [1, 6], [4, 5], [2, 6], [4, 6], [3, 6], [5, 6], [3, 5], [5, 5], [4, 5], [5, 4], [3, 5], [5, 5], [2, 5]], "a_eggs_laid": [1, 1, 1, 1, 2, 2, 2, 2, 3, 3, 3, 3, 4, 4, 4, 4, 5, 5, 5, 5, 6, 6, 6, 6, 7, 7, 7, 7, 8, 8, 8, 8, 9, 9, 9, 9, 10, 10, 10, 10, 10, 10, 10, 10, 11, 11, 11, 11, 11, 11, 11, 11, 11, 11, 11, 11, 11, 11, 11, 11, 12, 12, 12, 12, 13, 13, 13, 13, 13, 13, 13, 13, 14, 14, 14, 14, 15, 15, 15, 15], "b_eggs_laid": [0, 1, 1, 1, 1, 2, 2, 2, 2, 3, 3, 3, 3, 4, 4, 4, 4, 5, 5, 5, 5, 6, 6, 6, 6, 7, 7, 7, 7, 8, 8, 8, 8, 8, 8, 8, 8, 8, 8, 8, 8, 9, 9, 9, 9, 9, 9, 9, 9, 9, 9, 9, 9, 9, 9, 9, 9, 9, 9, 9, 9, 9, 9, 9, 9, 9, 9, 9, 9, 10, 10, 10, 10, 11, 11, 11, 11, 12, 12, 12], "a_turds_left": [5, 5, 5, 5, 5, 5, 5, 5, 5, 5, 5, 5, 5, 5, 5, 5, 5, 5, 5, 5, 5, 5, 5, 5, 5, 5, 5, 5, 5, 5, 5, 5, 5, 5, 5, 5, 5, 5, 5, 5, 5, 5, 5, 5, 5, 5, 5, 5, 5, 5, 5, 5, 5, 5, 5, 5, 5, 5, 5, 5, 5, 5, 5, 5, 5, 5, 5, 5, 5, 5, 5, 5, 5, 5, 5, 5, 5, 5, 5, 5], "b_turds_left": [5, 5, 5, 5, 5, 5, 5, 5, 5, 5, 5, 5, 5, 5, 5, 5, 5, 5, 5, 5, 5, 5, 5, 5, 5, 5, 5, 5, 5, 5, 5, 5, 5, 5, 5, 5, 5, 5, 5, 5, 5, 5, 5, 5, 5, 5, 5, 5, 5, 5, 5, 5, 5, 5, 5, 5, 5, 5, 5, 5, 5, 5, 5, 5, 5, 5, 5, 5, 5, 5, 5, 5, 5, 5, 5, 5, 5, 5, 5, 5], "a_time_left": [359.9962905420107, 359.9962905420107, 359.99459875101456, 359.99459875101456, 359.99122212600196, 359.99122212600196, 359.99054533499293, 359.99054533499293, 359.98744879302103, 359.98744879302103, 359.9857659600675, 359.9857659600675, 359.98276404407807, 359.98276404407807, 359.98104900209, 359.98104900209, 359.9779420020641, 359.9779420020641, 359.977657418116, 359.977657418116, 359.9772174601676, 359.9772174601676, 359.97695737716276, 359.97695737716276, 359.9761449191137, 359.9761449191137, 359.97587558510713, 359.97587558510713, 359.97577133512823, 359.97577133512823, 359.9757001271355, 359.9757001271355, 359.975602127146, 359.975602127146, 359.97551375214243, 359.97551375214243, 359.9754123351304, 359.9754123351304, 359.9753313350957, 359.9753313350957, 359.97502333507873, 359.97502333507873, 359.97491675207857, 359.97491675207857, 359.97480983508285, 359.97480983508285, 359.97471141803544, 359.97471141803544, 359.9744757100707, 359.9744757100707, 359.9742365850834, 359.9742365850834, 359.974066043098, 359.974066043098, 359.97383095911937, 359.97383095911937, 359.97353512613336, 359.97353512613336, 359.9734416261199, 359.9734416261199, 359.9733355011558, 359.9733355011558, 359.9729731681291, 359.9729731681291, 359.97289808513597, 359.97289808513597, 359.97279096010607, 359.97279096010607, 359.9725291681243, 359.9725291681243, 359.9724481681478, 359.9724481681478, 359.9723702931078, 359.9723702931078, 359.9722904181108, 359.9722904181108, 359.97221291810274, 359.97221291810274, 359.9721310430905, 359.9721310430905], "b_time_left": [360, 359.9965194580145, 359.9965194580145, 359.99464062502375, 359.99464062502375, 359.9913215000415, 359.9913215000415, 359.99055404105457, 359.99055404105457, 359.98813166609034, 359.98813166609034, 359.9876140411361, 359.9876140411361, 359.984306791157, 359.984306791157, 359.9840201251209, 359.9840201251209, 359.98370704211993, 359.98370704211993, 359.9835833340767, 359.9835833340767, 359.9834925000905, 359.9834925000905, 359.9833848330891, 359.9833848330891, 359.9832828330691, 359.9832828330691, 359.98319012403954, 359.98319012403954, 359.9830838330672, 359.9830838330672, 359.98299462511204, 359.98299462511204, 359.98291237512603, 359.98291237512603, 359.9828301250818, 359.9828301250818, 359.98275179206394, 359.98275179206394, 359.98268475109944, 359.98268475109944, 359.98260296013905, 359.98260296013905, 359.98250966815976, 359.98250966815976, 359.98243787616957, 359.98243787616957, 359.9823420851608, 359.9823420851608, 359.98226962715853, 359.98226962715853, 359.9821874181507, 359.9821874181507, 359.98210454313084, 359.98210454313084, 359.9820138341165, 359.9820138341165, 359.9819289590814, 359.9819289590814, 359.9818409590516, 359.9818409590516, 359.9817656680825, 359.9817656680825, 359.9816858341219, 359.9816858341219, 359.98161070916103, 359.98161070916103, 359.98152491712244, 359.98152491712244, 359.98142166715115, 359.98142166715115, 359.98131883417955, 359.98131883417955, 359.9812337511685, 359.9812337511685, 359.98115391813917, 359.98115391813917, 359.98108950210735, 359.98108950210735, 359.98100900213467], "a_moves_left": [39, 39, 38, 38, 37, 37, 36, 36, 35, 35, 34, 34, 33, 33, 32, 32, 31, 31, 30, 30, 29, 29, 28, 28, 27, 27, 26, 26, 25, 25, 24, 24, 23, 23, 22, 22, 21, 21, 20, 20, 19, 19, 18, 18, 17, 17, 16, 16, 15, 15, 14, 14, 13, 13, 12, 12, 11, 11, 10, 10, 9, 9, 8, 8, 7, 7, 6, 6, 5, 5, 4, 4, 3, 3, 2, 2, 1, 1, 0, 0], "b_moves_left": [40, 39, 39, 38, 38, 37, 37, 36, 36, 35, 35, 34, 34, 33, 33, 32, 32, 31, 31, 30, 30, 29, 29, 28, 28, 27, 27, 26, 26, 25, 25, 24, 24, 23, 23, 22, 22, 21, 21, 20, 20, 19, 19, 18, 18, 17, 17, 16, 16, 15, 15, 14, 14, 13, 13, 12, 12, 11, 11, 10, 10, 9, 9, 8, 8, 7, 7, 6, 6, 5, 5, 4, 4, 3, 3, 2, 2, 1, 1, 0], "trapdoor_triggered": [0, 0, 0, 0, 0, 0, 0, 0, 0, 0, 0, 0, 0, 0, 0, 0, 0, 0, 0, 0, 0, 0, 0, 0, 0, 0, 0, 0, 0, 0, 0, 0, 0, 0, 0, 0, 0, 0, 0, 0, 0, 0, 0, 0, 0, 0, 0, 0, 0, 0, 0, 0, 0, 0, 0, 0, 0, 0, 0, 0, 0, 0, 0, 0, 0, 0, 0, 0, 0, 0, 0, 0, 0, 0, 0, 0, 0, 0, 0, 0], "left_behind": ["egg", "egg", "plain", "plain", "egg", "egg", "plain", "plain", "egg", "egg", "plain", "plain", "egg", "egg", "plain", "plain", "egg", "egg", "plain", "plain", "egg", "egg", "plain", "plain", "egg", "egg", "plain", "plain", "egg", "egg", "plain", "plain", "egg", "plain", "plain", "plain", "egg", "plain", "plain", "plain", "plain", "egg", "plain", "plain", "egg", "plain", "plain", "plain", "plain", "plain", "plain", "plain", "plain", "plain", "plain", "plain", "plain", "plain", "plain", "plain", "egg", "plain", "plain", "plain", "egg", "plain", "plain", "plain", "plain", "egg", "plain", "plain", "egg", "egg", "plain", "plain", "egg", "egg", "plain", "plain"], "errlog_a": "", "errlog_b": "", "start_time": 360, "start_moves": 40, "turn_count": 80, "result": 0, "reason": "EGGS_LAID", "trapdoors": [[4, 2], [3, 4]], "spawn_a": [7, 5], "spawn_b": [0, 5]}