{"pos": [[1, 2], [6, 2], [1, 3], [5, 2], [1, 4], [5, 1], [2, 4], [6, 1], [2, 3], [6, 0], [3, 3], [6, 1], [0, 2], [7, 1], [0, 1], [7, 2], [1, 1], [6, 2], [2, 1], [7, 2], [3, 1], [7, 1], [4, 1], [7, 2], [4, 2], [7, 1], [4, 3], [6, 1], [4, 4], [7, 1], [5, 4], [6, 1], [5, 3], [6, 0], [5, 4], [6, 1], [6, 4], [6, 0], [7, 4], [6, 1], [7, 5], [6, 0], [7, 6], [5, 0], [7, 7], [4, 0], [6, 7], [5, 0], [6, 6], [4, 0], [6, 5], [4, 1], [5, 5], [4, 0], [5, 6], [4, 1], [5, 7], [5, 1], [4, 7], [5, 0], [4, 6], [5, 1], [4, 5], [5, 2], [3, 5], [6, 2], [3, 4], [6, 1], [3, 3], [7, 1], [4, 3], [6, 1], [4, 2], [5, 1], [4, 1], [5, 0], [3, 1], [6, 0], [3, 0], [5, 0]], "a_eggs_laid": [1, 1, 1, 1, 2, 2, 2, 2, 3, 3, 3, 3, 4, 4, 4, 4, 4, 4, 5, 5, 5, 5, 6, 6, 6, 6, 7, 7, 7, 7, 8, 8, 8, 8, 9, 9, 9, 9, 10, 10, 10, 10, 11, 11, 11, 11, 14, 14, 14, 14, 15, 15, 15, 15, 16, 16, 16, 16, 17, 17, 17, 17, 18, 18, 18, 18, 19, 19, 19, 19, 19, 19, 19, 19, 19, 19, 19, 19, 19, 19], "b_eggs_laid": [0, 0, 0, 0, 0, 0, 0, 0, 0, 1, 1, 1, 1, 5, 5, 5, 5, 5, 5, 5, 5, 5, 5, 5, 5, 5, 5, 5, 5, 5, 5, 5, 5, 5, 5, 5, 5, 5, 5, 5, 5, 5, 5, 5, 5, 5, 5, 5, 5, 5, 5, 5, 5, 5, 5, 5, 5, 5, 5, 5, 5, 5, 5, 5, 5, 6, 6, 6, 6, 6, 6, 6, 6, 6, 6, 6, 6, 6, 6, 6], "a_turds_left": [5, 5, 4, 4, 4, 4, 3, 3, 3, 3, 2, 2, 2, 2, 2, 2, 1, 1, 1, 1, 0, 0, 0, 0, 0, 0, 0, 0, 0, 0, 0, 0, 0, 0, 0, 0, 0, 0, 0, 0, 0, 0, 0, 0, 0, 0, 0, 0, 0, 0, 0, 0, 0, 0, 0, 0, 0, 0, 0, 0, 0, 0, 0, 0, 0, 0, 0, 0, 0, 0, 0, 0, 0, 0, 0, 0, 0, 0, 0, 0], "b_turds_left": [5, 4, 4, 3, 3, 3, 3, 3, 3, 3, 3, 2, 2, 2, 2, 1, 1, 1, 1, 1, 1, 1, 1, 1, 1, 1, 1, 1, 1, 1, 1, 1, 1, 1, 1, 1, 1, 1, 1, 1, 1, 1, 1, 1, 1, 0, 0, 0, 0, 0, 0, 0, 0, 0, 0, 0, 0, 0, 0, 0, 0, 0, 0, 0, 0, 0, 0, 0, 0, 0, 0, 0, 0, 0, 0, 0, 0, 0, 0, 0], "a_time_left": [359.99678720900556, 359.99678720900556, 359.9955202509882, 359.9955202509882, 359.9933125839452, 359.9933125839452, 359.99107633391395, 359.99107633391395, 359.98886075092014, 359.98886075092014, 359.98700033396017, 359.98700033396017, 359.98472716793185, 359.98472716793185, 359.98437620990444, 359.98437620990444, 359.98247766890563, 359.98247766890563, 359.9804596689064, 359.9804596689064, 359.97910962690366, 359.97910962690366, 359.97812341793906, 359.97812341793906, 359.97748129296815, 359.97748129296815, 359.97657412593253, 359.97657412593253, 359.97584454290336, 359.97584454290336, 359.975392792956, 359.975392792956, 359.97517991793575, 359.97517991793575, 359.97497950092657, 359.97497950092657, 359.9745790429297, 359.9745790429297, 359.97438504290767, 359.97438504290767, 359.9740052509005, 359.9740052509005, 359.9736836669035, 359.9736836669035, 359.9734814589028, 359.9734814589028, 359.9732811679132, 359.9732811679132, 359.9730924179312, 359.9730924179312, 359.97265733394306, 359.97265733394306, 359.9692749589449, 359.9692749589449, 359.9689317929442, 359.9689317929442, 359.9687440849375, 359.9687440849375, 359.96849241893506, 359.96849241893506, 359.96827691892395, 359.96827691892395, 359.9680420019431, 359.9680420019431, 359.9678485439508, 359.9678485439508, 359.967370335944, 359.967370335944, 359.9671546269674, 359.9671546269674, 359.96675358497305, 359.96675358497305, 359.96640945994295, 359.96640945994295, 359.9660271689645, 359.9660271689645, 359.9658012110158, 359.9658012110158, 359.9653899190016, 359.9653899190016], "b_time_left": [360, 358.45710729202256, 358.45710729202256, 356.95156254200265, 356.95156254200265, 355.44587324996246, 355.44587324996246, 353.9401038749493, 353.9401038749493, 352.43431412498467, 352.43431412498467, 350.9286015839898, 350.9286015839898, 349.42299816798186, 349.42299816798186, 347.91743883496383, 347.91743883496383, 346.41168658499373, 346.41168658499373, 344.90597025101306, 344.90597025101306, 343.40017612598604, 343.40017612598604, 341.89460145903286, 341.89460145903286, 340.3888519590255, 340.3888519590255, 338.88321983400965, 338.88321983400965, 337.37756004196126, 337.37756004196126, 335.8718483749544, 335.8718483749544, 334.3661780829425, 334.3661780829425, 332.8603878329159, 332.8603878329159, 331.3547524999012, 331.3547524999012, 329.8491194578819, 329.8491194578819, 328.3437007078901, 328.3437007078901, 326.83803420787444, 326.83803420787444, 325.33228879084345, 325.33228879084345, 323.8267283748137, 323.8267283748137, 322.3213463338325, 322.3213463338325, 320.8130165008479, 320.8130165008479, 319.3073218338541, 319.3073218338541, 317.8016545008868, 317.8016545008868, 316.29599525086815, 316.29599525086815, 314.79037025087746, 314.79037025087746, 313.28467862593243, 313.28467862593243, 311.7790316679748, 311.7790316679748, 310.277214250993, 310.277214250993, 308.77151750103803, 308.77151750103803, 307.2659507090575, 307.2659507090575, 305.7605501260841, 305.7605501260841, 304.25490095908754, 304.25490095908754, 302.7494416250847, 302.7494416250847, 301.24383279203903, 301.24383279203903, 299.7382820000057], "a_moves_left": [39, 39, 38, 38, 37, 37, 36, 36, 35, 35, 34, 34, 33, 33, 32, 32, 31, 31, 30, 30, 29, 29, 28, 28, 27, 27, 26, 26, 25, 25, 24, 24, 23, 23, 22, 22, 21, 21, 20, 20, 19, 19, 18, 18, 17, 17, 16, 16, 15, 15, 14, 14, 13, 13, 12, 12, 11, 11, 10, 10, 9, 9, 8, 8, 7, 7, 6, 6, 5, 5, 4, 4, 3, 3, 2, 2, 1, 1, 0, 0], "b_moves_left": [40, 39, 39, 38, 38, 37, 37, 36, 36, 35, 35, 34, 34, 33, 33, 32, 32, 31, 31, 30, 30, 29, 29, 28, 28, 27, 27, 26, 26, 25, 25, 24, 24, 23, 23, 22, 22, 21, 21, 20, 20, 19, 19, 18, 18, 17, 17, 16, 16, 15, 15, 14, 14, 13, 13, 12, 12, 11, 11, 10, 10, 9, 9, 8, 8, 7, 7, 6, 6, 5, 5, 4, 4, 3, 3, 2, 2, 1, 1, 0], "trapdoor_triggered": [0, 0, 0, 0, 0, 0, 0, 0, 0, 0, 0, 0, 1, 0, 0, 0, 0, 0, 0, 0, 0, 0, 0, 0, 0, 0, 0, 0, 0, 0, 0, 0, 0, 0, 0, 0, 0, 0, 0, 0, 0, 0, 0, 0, 0, 0, 0, 0, 0, 0, 0, 0, 0, 0, 0, 0, 0, 0, 0, 0, 0, 0, 0, 0, 0, 0, 0, 0, 0, 0, 0, 0, 0, 0, 0, 0, 0, 0, 0, 0], "left_behind": ["egg", "turd", "turd", "turd", "egg", "plain", "turd", "plain", "egg", "egg", "turd", "turd", "egg", "plain", "plain", "turd", "turd", "plain", "egg", "plain", "turd", "plain", "egg", "plain", "plain", "plain", "egg", "plain", "plain", "plain", "egg", "plain", "plain", "plain", "egg", "plain", "plain", "plain", "egg", "plain", "plain", "plain", "egg", "plain", "plain", "turd", "egg", "plain", "plain", "plain", "egg", "plain", "plain", "plain", "egg", "plain", "plain", "plain", "egg", "plain", "plain", "plain", "egg", "plain", "plain", "egg", "egg", "plain", "plain", "plain", "plain", "plain", "plain", "plain", "plain", "plain", "plain", "plain", "plain", "plain"], "errlog_a": "", "errlog_b": "", "start_time": 360, "start_moves": 40, "turn_count": 80, "result": 0, "reason": "EGGS_LAID", "trapdoors": [[2, 2], [3, 2]], "spawn_a": [0, 2], "spawn_b": [7, 2]}