{"pos": [[1, 6], [6, 6], [2, 6], [5, 6], [3, 6], [4, 6], [3, 5], [4, 7], [2, 5], [5, 7], [2, 4], [6, 7], [1, 4], [7, 7], [1, 3], [7, 6], [1, 2], [7, 5], [1, 1], [6, 5], [2, 1], [6, 4], [3, 1], [6, 3], [4, 1], [6, 2], [4, 0], [6, 1], [5, 0], [5, 1], [6, 0], [5, 0], [7, 0], [5, 1], [7, 1], [4, 1], [7, 2], [5, 1], [7, 3], [6, 1], [7, 2], [6, 2], [7, 1], [7, 2], [7, 0], [6, 2], [6, 0], [7, 2], [7, 0], [6, 2], [7, 1], [6, 3], [7, 0], [5, 3], [6, 0], [5, 4], [7, 0], [5, 5], [7, 1], [4, 5], [7, 0], [4, 4], [6, 0], [4, 3], [7, 0], [3, 3], [7, 1], [3, 2], [7, 0], [3, 3], [6, 0], [3, 4], [7, 0], [4, 4], [7, 1], [4, 3], [7, 0], [5, 3], [6, 0], [5, 4]], "a_eggs_laid": [1, 1, 1, 1, 2, 2, 2, 2, 3, 3, 3, 3, 4, 4, 4, 4, 5, 5, 5, 5, 6, 6, 6, 6, 7, 7, 7, 7, 8, 8, 8, 8, 9, 9, 9, 9, 10, 10, 10, 10, 11, 11, 11, 11, 11, 11, 11, 11, 11, 11, 11, 11, 11, 11, 11, 11, 11, 11, 11, 11, 11, 11, 11, 11, 11, 11, 11, 11, 11, 11, 11, 11, 11, 11, 11, 11, 11, 11, 11, 11], "b_eggs_laid": [0, 1, 1, 1, 1, 2, 2, 2, 2, 3, 3, 3, 3, 4, 4, 4, 4, 4, 4, 4, 4, 5, 5, 5, 5, 6, 6, 6, 6, 7, 7, 7, 7, 8, 8, 8, 8, 9, 9, 9, 9, 9, 9, 9, 9, 10, 10, 10, 10, 10, 10, 10, 10, 10, 10, 10, 10, 11, 11, 11, 11, 12, 12, 12, 12, 13, 13, 13, 13, 14, 14, 14, 14, 15, 15, 15, 15, 15, 15, 15], "a_turds_left": [5, 5, 4, 4, 4, 4, 4, 4, 4, 4, 3, 3, 3, 3, 2, 2, 2, 2, 1, 1, 1, 1, 0, 0, 0, 0, 0, 0, 0, 0, 0, 0, 0, 0, 0, 0, 0, 0, 0, 0, 0, 0, 0, 0, 0, 0, 0, 0, 0, 0, 0, 0, 0, 0, 0, 0, 0, 0, 0, 0, 0, 0, 0, 0, 0, 0, 0, 0, 0, 0, 0, 0, 0, 0, 0, 0, 0, 0, 0, 0], "b_turds_left": [5, 5, 5, 4, 4, 4, 4, 3, 3, 3, 3, 2, 2, 2, 2, 1, 1, 1, 1, 0, 0, 0, 0, 0, 0, 0, 0, 0, 0, 0, 0, 0, 0, 0, 0, 0, 0, 0, 0, 0, 0, 0, 0, 0, 0, 0, 0, 0, 0, 0, 0, 0, 0, 0, 0, 0, 0, 0, 0, 0, 0, 0, 0, 0, 0, 0, 0, 0, 0, 0, 0, 0, 0, 0, 0, 0, 0, 0, 0, 0], "a_time_left": [359.9969653750304, 359.9969653750304, 359.99532329203794, 359.99532329203794, 359.99306450004224, 359.99306450004224, 359.9923601250048, 359.9923601250048, 359.9911296659848, 359.9911296659848, 359.9897833329742, 359.9897833329742, 359.9878590829321, 359.9878590829321, 359.9866984579712, 359.9866984579712, 359.9847612079466, 359.9847612079466, 359.9833949159365, 359.9833949159365, 359.9825946239289, 359.9825946239289, 359.9813824989251, 359.9813824989251, 359.98024524893845, 359.98024524893845, 359.9796522069373, 359.9796522069373, 359.97956237290055, 359.97956237290055, 359.9794972058735, 359.9794972058735, 359.97943541390123, 359.97943541390123, 359.97938491386594, 359.97938491386594, 359.9793129978352, 359.9793129978352, 359.9792473728303, 359.9792473728303, 359.9791915388196, 359.9791915388196, 359.97914162185043, 359.97914162185043, 359.9790922048269, 359.9790922048269, 359.9790457878262, 359.9790457878262, 359.9790003708331, 359.9790003708331, 359.9789511208073, 359.9789511208073, 359.9788959537982, 359.9788959537982, 359.9788454117952, 359.9788454117952, 359.97879820282105, 359.97879820282105, 359.97874778683763, 359.97874778683763, 359.9786985788378, 359.9786985788378, 359.978637703869, 359.978637703869, 359.978589869861, 359.978589869861, 359.97853820287855, 359.97853820287855, 359.97848570288625, 359.97848570288625, 359.97843399387784, 359.97843399387784, 359.97838507784763, 359.97838507784763, 359.9783373688115, 359.9783373688115, 359.9782849528128, 359.9782849528128, 359.97823741077445, 359.97823741077445], "b_time_left": [360, 359.99708375002956, 359.99708375002956, 359.9953713330324, 359.9953713330324, 359.99437899905024, 359.99437899905024, 359.99276466609444, 359.99276466609444, 359.99093754106434, 359.99093754106434, 359.98978974903, 359.98978974903, 359.98832045699237, 359.98832045699237, 359.9875596649945, 359.9875596649945, 359.9868970819516, 359.9868970819516, 359.9864164989558, 359.9864164989558, 359.98518266592873, 359.98518266592873, 359.9844991659047, 359.9844991659047, 359.98402312392136, 359.98402312392136, 359.9833732069237, 359.9833732069237, 359.98298616491957, 359.98298616491957, 359.9829076649039, 359.9829076649039, 359.9828534988919, 359.9828534988919, 359.98278920690063, 359.98278920690063, 359.98272833193187, 359.98272833193187, 359.9826637489605, 359.9826637489605, 359.9826094569871, 359.9826094569871, 359.98253574897535, 359.98253574897535, 359.9824809569982, 359.9824809569982, 359.9824239150039, 359.9824239150039, 359.98237324802903, 359.98237324802903, 359.9823110810248, 359.9823110810248, 359.9822498720023, 359.9822498720023, 359.9821824550163, 359.9821824550163, 359.98209978902014, 359.98209978902014, 359.982041373034, 359.982041373034, 359.9819674140308, 359.9819674140308, 359.9819117890438, 359.9819117890438, 359.98183328902815, 359.98183328902815, 359.98177553899586, 359.98177553899586, 359.9817129559815, 359.9817129559815, 359.9816561639891, 359.9816561639891, 359.98158858000534, 359.98158858000534, 359.9815306630335, 359.9815306630335, 359.9814629960456, 359.9814629960456, 359.9814073710586], "a_moves_left": [39, 39, 38, 38, 37, 37, 36, 36, 35, 35, 34, 34, 33, 33, 32, 32, 31, 31, 30, 30, 29, 29, 28, 28, 27, 27, 26, 26, 25, 25, 24, 24, 23, 23, 22, 22, 21, 21, 20, 20, 19, 19, 18, 18, 17, 17, 16, 16, 15, 15, 14, 14, 13, 13, 12, 12, 11, 11, 10, 10, 9, 9, 8, 8, 7, 7, 6, 6, 5, 5, 4, 4, 3, 3, 2, 2, 1, 1, 0, 0], "b_moves_left": [40, 39, 39, 38, 38, 37, 37, 36, 36, 35, 35, 34, 34, 33, 33, 32, 32, 31, 31, 30, 30, 29, 29, 28, 28, 27, 27, 26, 26, 25, 25, 24, 24, 23, 23, 22, 22, 21, 21, 20, 20, 19, 19, 18, 18, 17, 17, 16, 16, 15, 15, 14, 14, 13, 13, 12, 12, 11, 11, 10, 10, 9, 9, 8, 8, 7, 7, 6, 6, 5, 5, 4, 4, 3, 3, 2, 2, 1, 1, 0], "trapdoor_triggered": [0, 0, 0, 0, 0, 0, 0, 0, 0, 0, 0, 0, 0, 0, 0, 0, 0, 0, 0, 0, 0, 0, 0, 0, 0, 0, 0, 0, 0, 0, 0, 0, 0, 0, 0, 0, 0, 0, 0, 0, 0, 0, 0, 0, 0, 0, 0, 0, 0, 0, 0, 0, 0, 0, 0, 0, 0, 0, 0, 0, 0, 0, 0, 0, 0, 0, 0, 0, 0, 0, 0, 0, 0, 0, 0, 0, 0, 0, 0, 0], "left_behind": ["egg", "egg", "turd", "turd", "egg", "egg", "plain", "turd", "egg", "egg", "turd", "turd", "egg", "egg", "turd", "turd", "egg", "plain", "turd", "turd", "egg", "egg", "turd", "plain", "egg", "egg", "plain", "plain", "egg", "egg", "plain", "plain", "egg", "egg", "plain", "plain", "egg", "egg", "plain", "plain", "egg", "plain", "plain", "plain", "plain", "egg", "plain", "plain", "plain", "plain", "plain", "plain", "plain", "plain", "plain", "plain", "plain", "egg", "plain", "plain", "plain", "egg", "plain", "plain", "plain", "egg", "plain", "plain", "plain", "egg", "plain", "plain", "plain", "egg", "plain", "plain", "plain", "plain", "plain", "plain"], "errlog_a": "", "errlog_b": "", "start_time": 360, "start_moves": 40, "turn_count": 80, "result": 1, "reason": "EGGS_LAID", "trapdoors": [[4, 2], [5, 2]], "spawn_a": [0, 6], "spawn_b": [7, 6]}