{"pos": [[0, 5], [6, 6], [1, 5], [6, 5], [1, 6], [7, 5], [2, 6], [7, 4], [2, 7], [6, 4], [1, 7], [6, 3], [0, 7], [7, 3], [0, 6], [7, 2], [0, 5], [6, 2], [0, 4], [6, 1], [1, 4], [7, 1], [1, 3], [7, 0], [0, 3], [6, 0], [0, 2], [5, 0], [1, 2], [5, 1], [1, 1], [4, 1], [0, 1], [4, 0], [0, 0], [3, 0], [1, 0], [3, 1], [2, 0], [2, 1], [1, 0], [3, 1], [1, 1], [3, 2], [1, 2], [4, 2], [1, 3], [4, 3], [2, 3], [5, 3], [3, 3], [5, 2], [2, 3], [5, 1], [3, 3], [5, 2], [3, 4], [5, 3], [4, 4], [4, 3], [3, 4], [4, 2], [3, 5], [3, 2], [3, 6], [4, 2], [4, 6], [4, 1], [4, 7], [4, 0], [5, 7], [5, 0], [6, 7], [6, 0], [6, 6], [6, 1], [5, 6], [6, 2], [5, 5], [7, 2]], "a_eggs_laid": [1, 1, 1, 1, 2, 2, 2, 2, 3, 3, 3, 3, 4, 4, 4, 4, 4, 4, 4, 4, 5, 5, 5, 5, 6, 6, 6, 6, 7, 7, 7, 7, 8, 8, 8, 8, 11, 11, 11, 11, 12, 12, 12, 12, 12, 12, 12, 12, 12, 12, 12, 12, 13, 13, 13, 13, 13, 13, 13, 13, 14, 14, 14, 14, 15, 15, 15, 15, 16, 16, 16, 16, 17, 17, 17, 17, 18, 18, 18, 18], "b_eggs_laid": [0, 1, 1, 1, 1, 2, 2, 2, 2, 3, 3, 3, 3, 4, 4, 4, 4, 5, 5, 5, 5, 6, 6, 6, 6, 9, 9, 9, 9, 10, 10, 10, 10, 11, 11, 11, 11, 12, 12, 12, 12, 13, 13, 13, 13, 14, 14, 14, 14, 15, 15, 15, 15, 16, 16, 16, 16, 16, 16, 16, 16, 16, 16, 16, 16, 16, 16, 16, 16, 16, 16, 16, 16, 16, 16, 16, 16, 16, 16, 16], "a_turds_left": [5, 5, 5, 5, 5, 5, 5, 5, 5, 5, 5, 5, 5, 5, 5, 5, 5, 5, 5, 5, 5, 5, 5, 5, 5, 5, 5, 5, 5, 5, 5, 5, 5, 5, 5, 5, 5, 5, 4, 4, 4, 4, 4, 4, 4, 4, 4, 4, 4, 4, 3, 3, 3, 3, 3, 3, 3, 3, 2, 2, 2, 2, 2, 2, 2, 2, 2, 2, 2, 2, 2, 2, 2, 2, 2, 2, 2, 2, 2, 2], "b_turds_left": [5, 5, 5, 5, 5, 5, 5, 5, 5, 5, 5, 5, 5, 5, 5, 5, 5, 5, 5, 5, 5, 5, 5, 5, 5, 5, 5, 5, 5, 5, 5, 5, 5, 5, 5, 5, 5, 5, 5, 5, 5, 5, 5, 5, 5, 5, 5, 5, 5, 5, 5, 5, 5, 5, 5, 5, 5, 5, 5, 5, 5, 5, 5, 5, 5, 5, 5, 5, 5, 5, 5, 5, 5, 5, 5, 5, 5, 5, 5, 5], "a_time_left": [359.9963869579951, 359.9963869579951, 359.99483899900224, 359.99483899900224, 359.9919849159778, 359.9919849159778, 359.99002083198866, 359.99002083198866, 359.9872388729709, 359.9872388729709, 359.98580441396916, 359.98580441396916, 359.9836470389855, 359.9836470389855, 359.9825139140012, 359.9825139140012, 359.9820256640087, 359.9820256640087, 359.9803596640122, 359.9803596640122, 359.9794975799741, 359.9794975799741, 359.9793831219431, 359.9793831219431, 359.9792397049605, 359.9792397049605, 359.9791447049356, 359.9791447049356, 359.9790358299506, 359.9790358299506, 359.97893895494053, 359.97893895494053, 359.9788161208853, 359.9788161208853, 359.9787295378628, 359.9787295378628, 359.97863966284785, 359.97863966284785, 359.9785422878922, 359.9785422878922, 359.9784724129131, 359.9784724129131, 359.9783221218968, 359.9783221218968, 359.9781727468944, 359.9781727468944, 359.977570329851, 359.977570329851, 359.9772977468092, 359.9772977468092, 359.9771941637737, 359.9771941637737, 359.9771081637591, 359.9771081637591, 359.97686666378286, 359.97686666378286, 359.9766880387324, 359.9766880387324, 359.9765959137585, 359.9765959137585, 359.97650941379834, 359.97650941379834, 359.9762976227794, 359.9762976227794, 359.976194955816, 359.976194955816, 359.97611008083913, 359.97611008083913, 359.97600878885714, 359.97600878885714, 359.97593216382666, 359.97593216382666, 359.9758428718196, 359.9758428718196, 359.9757691217819, 359.9757691217819, 359.9756902048248, 359.9756902048248, 359.97560987080215, 359.97560987080215], "b_time_left": [360, 359.99653404095443, 359.99653404095443, 359.9958437909372, 359.9958437909372, 359.99270379095105, 359.99270379095105, 359.9919106249581, 359.9919106249581, 359.98944124992704, 359.98944124992704, 359.98814833391225, 359.98814833391225, 359.9849610418896, 359.9849610418896, 359.9846939999261, 359.9846939999261, 359.98436524992576, 359.98436524992576, 359.9841007919749, 359.9841007919749, 359.9839670420042, 359.9839670420042, 359.9838750840281, 359.9838750840281, 359.9837758340291, 359.9837758340291, 359.98368970904266, 359.98368970904266, 359.9835868750815, 359.9835868750815, 359.98348145809723, 359.98348145809723, 359.98336541611934, 359.98336541611934, 359.98326612409437, 359.98326612409437, 359.98316083307145, 359.98316083307145, 359.9830627500778, 359.9830627500778, 359.9829720410635, 359.9829720410635, 359.98287716606865, 359.98287716606865, 359.9827744990471, 359.9827744990471, 359.98269483301556, 359.98269483301556, 359.9825889579952, 359.9825889579952, 359.98250595800346, 359.98250595800346, 359.9824076659861, 359.9824076659861, 359.9823237909586, 359.9823237909586, 359.982251624926, 359.982251624926, 359.9821654999396, 359.9821654999396, 359.9821040839306, 359.9821040839306, 359.982021166943, 359.982021166943, 359.9819560839096, 359.9819560839096, 359.98187691689236, 359.98187691689236, 359.98180120886536, 359.98180120886536, 359.9817255838425, 359.9817255838425, 359.98165870888624, 359.98165870888624, 359.981587499904, 359.981587499904, 359.9815176248667, 359.9815176248667, 359.9814306249027], "a_moves_left": [39, 39, 38, 38, 37, 37, 36, 36, 35, 35, 34, 34, 33, 33, 32, 32, 31, 31, 30, 30, 29, 29, 28, 28, 27, 27, 26, 26, 25, 25, 24, 24, 23, 23, 22, 22, 21, 21, 20, 20, 19, 19, 18, 18, 17, 17, 16, 16, 15, 15, 14, 14, 13, 13, 12, 12, 11, 11, 10, 10, 9, 9, 8, 8, 7, 7, 6, 6, 5, 5, 4, 4, 3, 3, 2, 2, 1, 1, 0, 0], "b_moves_left": [40, 39, 39, 38, 38, 37, 37, 36, 36, 35, 35, 34, 34, 33, 33, 32, 32, 31, 31, 30, 30, 29, 29, 28, 28, 27, 27, 26, 26, 25, 25, 24, 24, 23, 23, 22, 22, 21, 21, 20, 20, 19, 19, 18, 18, 17, 17, 16, 16, 15, 15, 14, 14, 13, 13, 12, 12, 11, 11, 10, 10, 9, 9, 8, 8, 7, 7, 6, 6, 5, 5, 4, 4, 3, 3, 2, 2, 1, 1, 0], "trapdoor_triggered": [0, 0, 0, 0, 0, 0, 0, 0, 0, 0, 0, 0, 0, 0, 0, 0, 0, 0, 0, 0, 0, 0, 0, 0, 0, 0, 0, 0, 0, 0, 0, 0, 0, 0, 0, 0, 0, 0, 0, 0, 0, 0, 0, 0, 0, 0, 0, 0, 0, 0, 0, 0, 0, 0, 0, 0, 0, 0, 0, 0, 0, 0, 0, 0, 0, 0, 0, 0, 0, 0, 0, 0, 0, 0, 0, 0, 0, 0, 0, 0], "left_behind": ["egg", "egg", "plain", "plain", "egg", "egg", "plain", "plain", "egg", "egg", "plain", "plain", "egg", "egg", "plain", "plain", "plain", "egg", "plain", "plain", "egg", "egg", "plain", "plain", "egg", "egg", "plain", "plain", "egg", "egg", "plain", "plain", "egg", "egg", "plain", "plain", "egg", "egg", "turd", "plain", "egg", "egg", "plain", "plain", "plain", "egg", "plain", "plain", "plain", "egg", "turd", "plain", "egg", "egg", "plain", "plain", "plain", "plain", "turd", "plain", "egg", "plain", "plain", "plain", "egg", "plain", "plain", "plain", "egg", "plain", "plain", "plain", "egg", "plain", "plain", "plain", "egg", "plain", "plain", "plain"], "errlog_a": "", "errlog_b": "", "start_time": 360, "start_moves": 40, "turn_count": 80, "result": 0, "reason": "EGGS_LAID", "trapdoors": [[2, 2], [5, 4]], "spawn_a": [0, 6], "spawn_b": [7, 6]}