{"pos": [[6, 5], [0, 4], [6, 4], [1, 4], [6, 3], [1, 5], [5, 3], [1, 6], [5, 2], [0, 6], [4, 2], [0, 7], [3, 2], [1, 7], [3, 1], [2, 7], [2, 1], [2, 6], [2, 0], [3, 6], [3, 0], [4, 6], [4, 0], [4, 7], [5, 0], [5, 7], [5, 1], [5, 6], [6, 1], [5, 7], [6, 2], [5, 6], [7, 2], [4, 6], [7, 3], [4, 5], [7, 4], [4, 4], [7, 3], [4, 5], [7, 2], [4, 4], [7, 1], [4, 5], [7, 0], [4, 4], [6, 0], [0, 5], [7, 0], [0, 4], [7, 1], [0, 3], [6, 1], [0, 2], [6, 0], [0, 1], [5, 0], [0, 0], [5, 1], [1, 0], [4, 1], [0, 0], [4, 0], [0, 1], [4, 1], [0, 2], [4, 2], [1, 2], [5, 2], [1, 3], [5, 3], [2, 3], [6, 3], [2, 4], [6, 4], [2, 5], [6, 5], [2, 4], [6, 6], [1, 4]], "a_eggs_laid": [1, 1, 1, 1, 2, 2, 2, 2, 3, 3, 3, 3, 4, 4, 4, 4, 5, 5, 5, 5, 6, 6, 6, 6, 7, 7, 7, 7, 8, 8, 8, 8, 9, 9, 9, 9, 10, 10, 10, 10, 10, 10, 10, 10, 11, 11, 11, 11, 16, 16, 16, 16, 16, 16, 16, 16, 16, 16, 16, 16, 16, 16, 16, 16, 16, 16, 16, 16, 16, 16, 16, 16, 16, 16, 16, 16, 16, 16, 16, 16], "b_eggs_laid": [0, 1, 1, 1, 1, 2, 2, 2, 2, 3, 3, 3, 3, 6, 6, 6, 6, 7, 7, 7, 7, 8, 8, 8, 8, 9, 9, 9, 9, 10, 10, 10, 10, 10, 10, 10, 10, 11, 11, 11, 11, 11, 11, 11, 11, 11, 11, 11, 11, 11, 11, 11, 11, 12, 12, 12, 12, 13, 13, 13, 13, 14, 14, 14, 14, 14, 14, 14, 14, 15, 15, 15, 15, 16, 16, 16, 16, 17, 17, 17], "a_turds_left": [5, 5, 4, 4, 4, 4, 3, 3, 3, 3, 2, 2, 2, 2, 1, 1, 1, 1, 0, 0, 0, 0, 0, 0, 0, 0, 0, 0, 0, 0, 0, 0, 0, 0, 0, 0, 0, 0, 0, 0, 0, 0, 0, 0, 0, 0, 0, 0, 0, 0, 0, 0, 0, 0, 0, 0, 0, 0, 0, 0, 0, 0, 0, 0, 0, 0, 0, 0, 0, 0, 0, 0, 0, 0, 0, 0, 0, 0, 0, 0], "b_turds_left": [5, 5, 5, 5, 5, 5, 5, 5, 5, 5, 5, 5, 5, 5, 5, 5, 5, 5, 5, 5, 5, 5, 5, 5, 5, 5, 5, 5, 5, 5, 5, 5, 5, 5, 5, 5, 5, 5, 5, 5, 5, 5, 5, 5, 5, 5, 5, 5, 5, 5, 5, 5, 5, 5, 5, 5, 5, 5, 5, 5, 5, 5, 5, 5, 5, 5, 5, 5, 5, 5, 5, 5, 5, 5, 5, 5, 5, 5, 5, 5], "a_time_left": [359.9968067089794, 359.9968067089794, 359.9950262919301, 359.9950262919301, 359.9924508759286, 359.9924508759286, 359.99081870896043, 359.99081870896043, 359.9893332509673, 359.9893332509673, 359.987824375974, 359.987824375974, 359.98560804192675, 359.98560804192675, 359.98401749995537, 359.98401749995537, 359.98312024993356, 359.98312024993356, 359.9825896669063, 359.9825896669063, 359.9821870829328, 359.9821870829328, 359.9819715829217, 359.9819715829217, 359.9816235829494, 359.9816235829494, 359.98144329094794, 359.98144329094794, 359.98135504091624, 359.98135504091624, 359.981280415901, 359.981280415901, 359.981193623913, 359.981193623913, 359.981131289911, 359.981131289911, 359.98105158191174, 359.98105158191174, 359.98098562291125, 359.98098562291125, 359.98091716488125, 359.98091716488125, 359.9808479148778, 359.9808479148778, 359.9807672898751, 359.9807672898751, 359.98070653987816, 359.98070653987816, 359.98063112288946, 359.98063112288946, 359.9805705809267, 359.9805705809267, 359.9805010399432, 359.9805010399432, 359.9804294149508, 359.9804294149508, 359.98035778995836, 359.98035778995836, 359.98029579001013, 359.98029579001013, 359.9802174150245, 359.9802174150245, 359.9801498320303, 359.9801498320303, 359.98008049902273, 359.98008049902273, 359.98001545702573, 359.98001545702573, 359.9799402070348, 359.9799402070348, 359.9798741650302, 359.9798741650302, 359.979804540053, 359.979804540053, 359.979734623048, 359.979734623048, 359.9796632480575, 359.9796632480575, 359.97959137306316, 359.97959137306316], "b_time_left": [360, 359.99655262497254, 359.99655262497254, 359.9949690409703, 359.9949690409703, 359.99197104095947, 359.99197104095947, 359.9899354989175, 359.9899354989175, 359.9888465409167, 359.9888465409167, 359.9882302909391, 359.9882302909391, 359.9867642909521, 359.9867642909521, 359.98617012496106, 359.98617012496106, 359.9853979999898, 359.9853979999898, 359.98528841597727, 359.98528841597727, 359.98516791599104, 359.98516791599104, 359.98507245694054, 359.98507245694054, 359.9849659569445, 359.9849659569445, 359.98487920692423, 359.98487920692423, 359.9847854989348, 359.9847854989348, 359.98439416493056, 359.98439416493056, 359.98424762295326, 359.98424762295326, 359.9836603309377, 359.9836603309377, 359.98354362294776, 359.98354362294776, 359.9834546649363, 359.9834546649363, 359.9832772069494, 359.9832772069494, 359.98279453994473, 359.98279453994473, 359.9826161239762, 359.9826161239762, 359.98213408194715, 359.98213408194715, 359.9819653319428, 359.9819653319428, 359.98158895695815, 359.98158895695815, 359.98149828996975, 359.98149828996975, 359.9814196229563, 359.9814196229563, 359.9813424149761, 359.9813424149761, 359.9812744570081, 359.9812744570081, 359.98120783199556, 359.98120783199556, 359.98105041496456, 359.98105041496456, 359.98094999894965, 359.98094999894965, 359.98065129091265, 359.98065129091265, 359.98057024989976, 359.98057024989976, 359.9804881248856, 359.9804881248856, 359.98041324986843, 359.98041324986843, 359.9803321668296, 359.9803321668296, 359.9802257088595, 359.9802257088595, 359.979972625908], "a_moves_left": [39, 39, 38, 38, 37, 37, 36, 36, 35, 35, 34, 34, 33, 33, 32, 32, 31, 31, 30, 30, 29, 29, 28, 28, 27, 27, 26, 26, 25, 25, 24, 24, 23, 23, 22, 22, 21, 21, 20, 20, 19, 19, 18, 18, 17, 17, 16, 16, 15, 15, 14, 14, 13, 13, 12, 12, 11, 11, 10, 10, 9, 9, 8, 8, 7, 7, 6, 6, 5, 5, 4, 4, 3, 3, 2, 2, 1, 1, 0, 0], "b_moves_left": [40, 39, 39, 38, 38, 37, 37, 36, 36, 35, 35, 34, 34, 33, 33, 32, 32, 31, 31, 30, 30, 29, 29, 28, 28, 27, 27, 26, 26, 25, 25, 24, 24, 23, 23, 22, 22, 21, 21, 20, 20, 19, 19, 18, 18, 17, 17, 16, 16, 15, 15, 14, 14, 13, 13, 12, 12, 11, 11, 10, 10, 9, 9, 8, 8, 7, 7, 6, 6, 5, 5, 4, 4, 3, 3, 2, 2, 1, 1, 0], "trapdoor_triggered": [0, 0, 0, 0, 0, 0, 0, 0, 0, 0, 0, 0, 0, 0, 0, 0, 0, 0, 0, 0, 0, 0, 0, 0, 0, 0, 0, 0, 0, 0, 0, 0, 0, 0, 0, 0, 0, 0, 0, 0, 0, 0, 0, 0, 0, 0, 0, 1, 0, 0, 0, 0, 0, 0, 0, 0, 0, 0, 0, 0, 0, 0, 0, 0, 0, 0, 0, 0, 0, 0, 0, 0, 0, 0, 0, 0, 0, 0, 0, 0], "left_behind": ["egg", "egg", "turd", "plain", "egg", "egg", "turd", "plain", "egg", "egg", "turd", "plain", "egg", "egg", "turd", "plain", "egg", "egg", "turd", "plain", "egg", "egg", "plain", "plain", "egg", "egg", "plain", "plain", "egg", "egg", "plain", "plain", "egg", "plain", "plain", "plain", "egg", "egg", "plain", "plain", "plain", "plain", "plain", "plain", "egg", "plain", "plain", "plain", "egg", "plain", "plain", "plain", "plain", "egg", "plain", "plain", "plain", "egg", "plain", "plain", "plain", "egg", "plain", "plain", "plain", "plain", "plain", "plain", "plain", "egg", "plain", "plain", "plain", "egg", "plain", "plain", "plain", "egg", "plain", "plain"], "errlog_a": "", "errlog_b": "", "start_time": 360, "start_moves": 40, "turn_count": 80, "result": 1, "reason": "EGGS_LAID", "trapdoors": [[3, 5], [5, 4]], "spawn_a": [7, 5], "spawn_b": [0, 5]}