{"pos": [[1, 4], [6, 4], [1, 3], [6, 3], [1, 2], [6, 2], [1, 1], [5, 2], [2, 1], [4, 2], [3, 1], [4, 3], [3, 0], [3, 3], [2, 0], [4, 3], [1, 0], [4, 4], [0, 0], [5, 4], [0, 1], [7, 4], [0, 2], [7, 5], [0, 3], [6, 5], [1, 3], [6, 6], [1, 4], [5, 6], [1, 5], [4, 6], [1, 6], [3, 6], [2, 6], [3, 5], [2, 7], [2, 5], [1, 7], [2, 4], [0, 7], [1, 4], [0, 6], [2, 4], [0, 5], [2, 3], [1, 5], [2, 2], [1, 6], [2, 1], [2, 6], [2, 2], [2, 7], [3, 2], [3, 7], [4, 2], [4, 7], [4, 1], [4, 6], [4, 0], [4, 7], [5, 0], [5, 7], [6, 0], [6, 7], [7, 0], [6, 6], [7, 1], [7, 6], [7, 2], [7, 5], [7, 3], [7, 6], [7, 2], [7, 7], [7, 1], [6, 7], [6, 1], [6, 6], [5, 1]], "a_eggs_laid": [1, 1, 1, 1, 2, 2, 2, 2, 3, 3, 3, 3, 4, 4, 4, 4, 5, 5, 5, 5, 8, 8, 12, 12, 13, 13, 13, 13, 13, 13, 13, 13, 14, 14, 14, 14, 15, 15, 15, 15, 16, 16, 16, 16, 17, 17, 17, 17, 17, 17, 17, 17, 17, 17, 17, 17, 18, 18, 18, 18, 19, 19, 19, 19, 20, 20, 20, 20, 21, 21, 21, 21, 22, 22, 22, 22, 25, 25, 25, 25], "b_eggs_laid": [0, 1, 1, 1, 1, 2, 2, 2, 2, 3, 3, 3, 3, 4, 4, 4, 4, 4, 4, 4, 4, 5, 5, 5, 5, 5, 5, 6, 6, 6, 6, 7, 7, 7, 7, 8, 8, 8, 8, 9, 9, 9, 9, 10, 10, 10, 10, 11, 11, 11, 11, 12, 12, 12, 12, 13, 13, 13, 13, 14, 14, 14, 14, 15, 15, 15, 15, 18, 18, 18, 18, 19, 19, 19, 19, 19, 19, 19, 19, 20], "a_turds_left": [5, 5, 5, 5, 5, 5, 5, 5, 5, 5, 5, 5, 5, 5, 5, 5, 5, 5, 5, 5, 5, 5, 5, 5, 5, 5, 5, 5, 5, 5, 5, 5, 5, 5, 5, 5, 5, 5, 5, 5, 5, 5, 5, 5, 5, 5, 5, 5, 5, 5, 5, 5, 5, 5, 5, 5, 5, 5, 5, 5, 5, 5, 5, 5, 5, 5, 5, 5, 5, 5, 5, 5, 5, 5, 5, 5, 5, 5, 5, 5], "b_turds_left": [5, 5, 5, 4, 4, 4, 4, 3, 3, 3, 3, 2, 2, 2, 2, 1, 1, 1, 1, 0, 0, 0, 0, 0, 0, 0, 0, 0, 0, 0, 0, 0, 0, 0, 0, 0, 0, 0, 0, 0, 0, 0, 0, 0, 0, 0, 0, 0, 0, 0, 0, 0, 0, 0, 0, 0, 0, 0, 0, 0, 0, 0, 0, 0, 0, 0, 0, 0, 0, 0, 0, 0, 0, 0, 0, 0, 0, 0, 0, 0], "a_time_left": [359.99630400002934, 359.99630400002934, 359.99442854203517, 359.99442854203517, 359.99125750001986, 359.99125750001986, 359.98948933405336, 359.98948933405336, 359.98629695904674, 359.98629695904674, 359.98454125010176, 359.98454125010176, 359.9833294590935, 359.9833294590935, 359.98280700010946, 359.98280700010946, 359.9822225421085, 359.9822225421085, 359.98206100112293, 359.98206100112293, 359.9818197511486, 359.9818197511486, 359.98168375116074, 359.98168375116074, 359.9814038761542, 359.9814038761542, 359.9813082511537, 359.9813082511537, 359.9811267511104, 359.9811267511104, 359.9807818350964, 359.9807818350964, 359.98065346013755, 359.98065346013755, 359.9805411261041, 359.9805411261041, 359.98042812611675, 359.98042812611675, 359.98032920912374, 359.98032920912374, 359.9802271251683, 359.9802271251683, 359.9801428751671, 359.9801428751671, 359.9800403752015, 359.9800403752015, 359.9799492502352, 359.9799492502352, 359.97986008325825, 359.97986008325825, 359.97975833324017, 359.97975833324017, 359.9796480832156, 359.9796480832156, 359.97950291616144, 359.97950291616144, 359.9794126241468, 359.9794126241468, 359.9793265821645, 359.9793265821645, 359.97925733216107, 359.97925733216107, 359.9791355411289, 359.9791355411289, 359.97905475011794, 359.97905475011794, 359.9789717090898, 359.9789717090898, 359.9788898761035, 359.9788898761035, 359.978810335102, 359.978810335102, 359.9787469180883, 359.9787469180883, 359.97864671010757, 359.97864671010757, 359.97856900212355, 359.97856900212355, 359.9784877101192, 359.9784877101192], "b_time_left": [360, 359.99681483302265, 359.99681483302265, 359.99493595800595, 359.99493595800595, 359.99251558299875, 359.99251558299875, 359.9910392080201, 359.9910392080201, 359.98880137398373, 359.98880137398373, 359.98573066602694, 359.98573066602694, 359.9848630830529, 359.9848630830529, 359.9843155000126, 359.9843155000126, 359.98405537498184, 359.98405537498184, 359.98360733297886, 359.98360733297886, 359.9831917079864, 359.9831917079864, 359.98301987501327, 359.98301987501327, 359.982864834019, 359.982864834019, 359.98245362500893, 359.98245362500893, 359.98223454202525, 359.98223454202525, 359.98183783405693, 359.98183783405693, 359.98177545907674, 359.98177545907674, 359.9817009170656, 359.9817009170656, 359.9816441250732, 359.9816441250732, 359.9815792920417, 359.9815792920417, 359.9815255420399, 359.9815255420399, 359.98146862501744, 359.98146862501744, 359.9814137080102, 359.9814137080102, 359.98134579200996, 359.98134579200996, 359.9812880420359, 359.9812880420359, 359.98123504203977, 359.98123504203977, 359.9811794170528, 359.9811794170528, 359.98111233406235, 359.98111233406235, 359.9810590420384, 359.9810590420384, 359.98098683403805, 359.98098683403805, 359.98093287606025, 359.98093287606025, 359.9808642510325, 359.9808642510325, 359.9808137510554, 359.9808137510554, 359.98075270908885, 359.98075270908885, 359.98070216708584, 359.98070216708584, 359.9806367500569, 359.9806367500569, 359.98057575005805, 359.98057575005805, 359.98051895806566, 359.98051895806566, 359.98046858306043, 359.98046858306043, 359.9803911660565], "a_moves_left": [39, 39, 38, 38, 37, 37, 36, 36, 35, 35, 34, 34, 33, 33, 32, 32, 31, 31, 30, 30, 29, 29, 28, 28, 27, 27, 26, 26, 25, 25, 24, 24, 23, 23, 22, 22, 21, 21, 20, 20, 19, 19, 18, 18, 17, 17, 16, 16, 15, 15, 14, 14, 13, 13, 12, 12, 11, 11, 10, 10, 9, 9, 8, 8, 7, 7, 6, 6, 5, 5, 4, 4, 3, 3, 2, 2, 1, 1, 0, 0], "b_moves_left": [40, 39, 39, 38, 38, 37, 37, 36, 36, 35, 35, 34, 34, 33, 33, 32, 32, 31, 31, 30, 30, 29, 29, 28, 28, 27, 27, 26, 26, 25, 25, 24, 24, 23, 23, 22, 22, 21, 21, 20, 20, 19, 19, 18, 18, 17, 17, 16, 16, 15, 15, 14, 14, 13, 13, 12, 12, 11, 11, 10, 10, 9, 9, 8, 8, 7, 7, 6, 6, 5, 5, 4, 4, 3, 3, 2, 2, 1, 1, 0], "trapdoor_triggered": [0, 0, 0, 0, 0, 0, 0, 0, 0, 0, 0, 0, 0, 0, 0, 0, 0, 0, 0, 0, 0, 1, 0, 0, 0, 0, 0, 0, 0, 0, 0, 0, 0, 0, 0, 0, 0, 0, 0, 0, 0, 0, 0, 0, 0, 0, 0, 0, 0, 0, 0, 0, 0, 0, 0, 0, 0, 0, 0, 0, 0, 0, 0, 0, 0, 0, 0, 0, 0, 0, 0, 0, 0, 0, 0, 0, 0, 0, 0, 0], "left_behind": ["egg", "egg", "plain", "turd", "egg", "egg", "plain", "turd", "egg", "egg", "plain", "turd", "egg", "egg", "plain", "turd", "egg", "plain", "plain", "turd", "egg", "egg", "plain", "plain", "egg", "plain", "plain", "egg", "plain", "plain", "plain", "egg", "egg", "plain", "plain", "egg", "egg", "plain", "plain", "egg", "egg", "plain", "plain", "egg", "egg", "plain", "plain", "egg", "plain", "plain", "plain", "egg", "plain", "plain", "plain", "egg", "egg", "plain", "plain", "egg", "egg", "plain", "plain", "egg", "egg", "plain", "plain", "egg", "egg", "plain", "plain", "egg", "egg", "plain", "plain", "plain", "egg", "plain", "plain", "egg"], "errlog_a": "", "errlog_b": "", "start_time": 360, "start_moves": 40, "turn_count": 80, "result": 0, "reason": "EGGS_LAID", "trapdoors": [[5, 3], [4, 5]], "spawn_a": [0, 4], "spawn_b": [7, 4]}