{"pos": [[6, 5], [1, 5], [6, 4], [1, 4], [6, 3], [0, 4], [6, 2], [0, 3], [6, 1], [1, 3], [5, 1], [1, 2], [4, 1], [1, 3], [3, 1], [2, 3], [3, 2], [3, 3], [4, 2], [2, 3], [4, 3], [2, 4], [4, 4], [2, 5], [5, 4], [3, 5], [5, 5], [3, 4], [5, 6], [3, 3], [4, 6], [3, 2], [4, 5], [3, 3], [3, 5], [4, 3], [3, 6], [5, 3], [2, 6], [6, 3], [1, 6], [7, 3], [1, 5], [7, 2], [1, 6], [7, 1], [1, 7], [6, 1], [2, 7], [6, 0], [3, 7], [7, 0], [4, 7], [7, 1], [5, 7], [6, 1], [6, 7], [6, 0], [6, 6], [5, 0], [7, 6], [4, 0], [7, 7], [4, 1], [7, 6], [4, 0], [6, 6], [3, 0], [6, 5], [2, 0], [6, 4], [2, 1], [5, 4], [1, 1], [5, 3], [1, 0], [5, 4], [0, 0], [5, 3], [0, 1]], "a_eggs_laid": [1, 1, 1, 1, 2, 2, 2, 2, 3, 3, 3, 3, 4, 4, 4, 4, 5, 5, 5, 5, 6, 6, 6, 6, 7, 7, 7, 7, 8, 8, 8, 8, 9, 9, 9, 9, 10, 10, 10, 10, 11, 11, 11, 11, 12, 12, 12, 12, 13, 13, 13, 13, 14, 14, 14, 14, 15, 15, 15, 15, 16, 16, 16, 16, 19, 19, 19, 19, 19, 19, 19, 19, 19, 19, 19, 19, 20, 20, 20, 20], "b_eggs_laid": [0, 1, 1, 1, 1, 2, 2, 2, 2, 3, 3, 3, 3, 4, 4, 4, 4, 5, 5, 5, 5, 5, 5, 5, 5, 6, 6, 6, 6, 7, 7, 7, 7, 8, 8, 8, 8, 9, 9, 9, 9, 10, 10, 10, 10, 11, 11, 11, 11, 12, 12, 12, 12, 15, 15, 15, 15, 15, 15, 15, 15, 16, 16, 16, 16, 17, 17, 17, 17, 18, 18, 18, 18, 19, 19, 19, 19, 20, 20, 20], "a_turds_left": [5, 5, 5, 5, 5, 5, 5, 5, 5, 5, 5, 5, 5, 5, 5, 5, 5, 5, 5, 5, 5, 5, 5, 5, 5, 5, 5, 5, 5, 5, 5, 5, 5, 5, 5, 5, 5, 5, 5, 5, 5, 5, 5, 5, 5, 5, 5, 5, 5, 5, 5, 5, 5, 5, 5, 5, 5, 5, 5, 5, 5, 5, 5, 5, 5, 5, 5, 5, 5, 5, 5, 5, 5, 5, 5, 5, 5, 5, 5, 5], "b_turds_left": [5, 5, 5, 5, 5, 5, 5, 5, 5, 5, 5, 5, 5, 5, 5, 5, 5, 5, 5, 5, 5, 5, 5, 5, 5, 5, 5, 5, 5, 5, 5, 5, 5, 5, 5, 5, 5, 5, 5, 5, 5, 5, 5, 5, 5, 5, 5, 5, 5, 5, 5, 5, 5, 5, 5, 5, 5, 5, 5, 5, 5, 5, 5, 5, 5, 5, 5, 5, 5, 5, 5, 5, 5, 5, 5, 5, 5, 5, 5, 5], "a_time_left": [359.99621700000716, 359.99621700000716, 359.9945102079655, 359.9945102079655, 359.9913243749761, 359.9913243749761, 359.9906271249638, 359.9906271249638, 359.98753104096977, 359.98753104096977, 359.9858705829829, 359.9858705829829, 359.9846819579252, 359.9846819579252, 359.9840760829393, 359.9840760829393, 359.9829544579261, 359.9829544579261, 359.98270570789464, 359.98270570789464, 359.9815776658943, 359.9815776658943, 359.98099229088984, 359.98099229088984, 359.97991145792184, 359.97991145792184, 359.979489415884, 359.979489415884, 359.9793921659002, 359.9793921659002, 359.97930733289104, 359.97930733289104, 359.97920499986503, 359.97920499986503, 359.9791179158492, 359.9791179158492, 359.9790452908492, 359.9790452908492, 359.978965332848, 359.978965332848, 359.9788765828125, 359.9788765828125, 359.97879174980335, 359.97879174980335, 359.97873004182475, 359.97873004182475, 359.9784875008045, 359.9784875008045, 359.9784032087773, 359.9784032087773, 359.978331666789, 359.978331666789, 359.9782452917425, 359.9782452917425, 359.9781586667523, 359.9781586667523, 359.97807299974374, 359.97807299974374, 359.9780004157219, 359.9780004157219, 359.97789649874903, 359.97789649874903, 359.9778258317383, 359.9778258317383, 359.9777572907624, 359.9777572907624, 359.9776802067645, 359.9776802067645, 359.9775856237975, 359.9775856237975, 359.9775007487624, 359.9775007487624, 359.97741499880794, 359.97741499880794, 359.97730883280747, 359.97730883280747, 359.97723024879815, 359.97723024879815, 359.97714562376495, 359.97714562376495], "b_time_left": [360, 359.9964877080056, 359.9964877080056, 359.99475625000196, 359.99475625000196, 359.99151575000724, 359.99151575000724, 359.99070487503195, 359.99070487503195, 359.98791658401024, 359.98791658401024, 359.98740120901493, 359.98740120901493, 359.9862610839773, 359.9862610839773, 359.9859743339475, 359.9859743339475, 359.98584674997255, 359.98584674997255, 359.98574879101943, 359.98574879101943, 359.9856480000308, 359.9856480000308, 359.98554850002984, 359.98554850002984, 359.9854260420543, 359.9854260420543, 359.9853266250575, 359.9853266250575, 359.9852269580588, 359.9852269580588, 359.9851304170443, 359.9851304170443, 359.9850460420712, 359.9850460420712, 359.98494825011585, 359.98494825011585, 359.98485608311603, 359.98485608311603, 359.9847735831281, 359.9847735831281, 359.98469745810144, 359.98469745810144, 359.98462329112226, 359.98462329112226, 359.9845499570947, 359.9845499570947, 359.98447629011935, 359.98447629011935, 359.98440299910726, 359.98440299910726, 359.9843330401345, 359.9843330401345, 359.9842607071041, 359.9842607071041, 359.9841922071064, 359.9841922071064, 359.9841340400744, 359.9841340400744, 359.9840652900748, 359.9840652900748, 359.98399354011053, 359.98399354011053, 359.9839189151535, 359.9839189151535, 359.98386129015125, 359.98386129015125, 359.98379233211745, 359.98379233211745, 359.98372220707824, 359.98372220707824, 359.9836484990665, 359.9836484990665, 359.98356716608396, 359.98356716608396, 359.98349008208606, 359.98349008208606, 359.9834059570567, 359.9834059570567, 359.98334399901796], "a_moves_left": [39, 39, 38, 38, 37, 37, 36, 36, 35, 35, 34, 34, 33, 33, 32, 32, 31, 31, 30, 30, 29, 29, 28, 28, 27, 27, 26, 26, 25, 25, 24, 24, 23, 23, 22, 22, 21, 21, 20, 20, 19, 19, 18, 18, 17, 17, 16, 16, 15, 15, 14, 14, 13, 13, 12, 12, 11, 11, 10, 10, 9, 9, 8, 8, 7, 7, 6, 6, 5, 5, 4, 4, 3, 3, 2, 2, 1, 1, 0, 0], "b_moves_left": [40, 39, 39, 38, 38, 37, 37, 36, 36, 35, 35, 34, 34, 33, 33, 32, 32, 31, 31, 30, 30, 29, 29, 28, 28, 27, 27, 26, 26, 25, 25, 24, 24, 23, 23, 22, 22, 21, 21, 20, 20, 19, 19, 18, 18, 17, 17, 16, 16, 15, 15, 14, 14, 13, 13, 12, 12, 11, 11, 10, 10, 9, 9, 8, 8, 7, 7, 6, 6, 5, 5, 4, 4, 3, 3, 2, 2, 1, 1, 0], "trapdoor_triggered": [0, 0, 0, 0, 0, 0, 0, 0, 0, 0, 0, 0, 0, 0, 0, 0, 0, 0, 0, 0, 0, 0, 0, 0, 0, 0, 0, 0, 0, 0, 0, 0, 0, 0, 0, 0, 0, 0, 0, 0, 0, 0, 0, 0, 0, 0, 0, 0, 0, 0, 0, 0, 0, 0, 0, 0, 0, 0, 0, 0, 0, 0, 0, 0, 0, 0, 0, 0, 0, 0, 0, 0, 0, 0, 0, 0, 0, 0, 0, 0], "left_behind": ["egg", "egg", "plain", "plain", "egg", "egg", "plain", "plain", "egg", "egg", "plain", "plain", "egg", "egg", "plain", "plain", "egg", "egg", "plain", "plain", "egg", "plain", "plain", "plain", "egg", "egg", "plain", "plain", "egg", "egg", "plain", "plain", "egg", "egg", "plain", "plain", "egg", "egg", "plain", "plain", "egg", "egg", "plain", "plain", "egg", "egg", "plain", "plain", "egg", "egg", "plain", "plain", "egg", "egg", "plain", "plain", "egg", "plain", "plain", "plain", "egg", "egg", "plain", "plain", "egg", "egg", "plain", "plain", "plain", "egg", "plain", "plain", "plain", "egg", "plain", "plain", "egg", "egg", "plain", "plain"], "errlog_a": "", "errlog_b": "", "start_time": 360, "start_moves": 40, "turn_count": 80, "result": 2, "reason": "EGGS_LAID", "trapdoors": [[2, 2], [5, 2]], "spawn_a": [7, 5], "spawn_b": [0, 5]}