{"pos": [[6, 3], [1, 3], [6, 2], [1, 2], [6, 1], [0, 2], [5, 1], [0, 1], [4, 1], [1, 1], [3, 1], [2, 1], [3, 0], [2, 0], [4, 0], [3, 0], [5, 0], [2, 0], [6, 0], [1, 0], [7, 0], [0, 0], [7, 1], [1, 0], [7, 2], [1, 1], [6, 2], [2, 1], [5, 2], [2, 2], [4, 2], [3, 2], [4, 1], [2, 2], [4, 2], [2, 3], [4, 3], [3, 3], [5, 3], [2, 3], [5, 2], [2, 4], [5, 3], [1, 4], [4, 3], [0, 4], [4, 2], [0, 5], [4, 3], [1, 5], [5, 3], [1, 6], [5, 4], [0, 6], [6, 4], [0, 7], [6, 5], [1, 7], [6, 6], [2, 7], [5, 6], [2, 6], [4, 6], [3, 6], [4, 7], [2, 6], [3, 7], [2, 5], [4, 7], [1, 5], [5, 7], [1, 6], [6, 7], [0, 6], [7, 7], [0, 5], [7, 6], [0, 4], [7, 5], [1, 4]], "a_eggs_laid": [1, 1, 1, 1, 2, 2, 2, 2, 3, 3, 3, 3, 4, 4, 4, 4, 5, 5, 5, 5, 6, 6, 6, 6, 7, 7, 7, 7, 7, 7, 7, 7, 8, 8, 8, 8, 8, 8, 8, 8, 9, 9, 9, 9, 9, 9, 9, 9, 9, 9, 9, 9, 9, 9, 9, 9, 10, 10, 10, 10, 11, 11, 11, 11, 12, 12, 12, 12, 13, 13, 13, 13, 14, 14, 14, 14, 17, 17, 17, 17], "b_eggs_laid": [0, 1, 1, 1, 1, 2, 2, 2, 2, 3, 3, 3, 3, 4, 4, 4, 4, 5, 5, 5, 5, 6, 6, 6, 6, 6, 6, 6, 6, 6, 6, 6, 6, 7, 7, 7, 7, 8, 8, 8, 8, 8, 8, 8, 8, 9, 9, 9, 9, 10, 10, 10, 10, 11, 11, 11, 11, 14, 14, 14, 14, 15, 15, 15, 15, 16, 16, 16, 16, 17, 17, 17, 17, 17, 17, 17, 17, 17, 17, 17], "a_turds_left": [5, 5, 5, 5, 5, 5, 5, 5, 5, 5, 5, 5, 5, 5, 5, 5, 5, 5, 5, 5, 5, 5, 5, 5, 5, 5, 5, 5, 5, 5, 5, 5, 5, 5, 5, 5, 5, 5, 5, 5, 5, 5, 5, 5, 5, 5, 5, 5, 5, 5, 5, 5, 5, 5, 5, 5, 5, 5, 5, 5, 5, 5, 5, 5, 5, 5, 5, 5, 5, 5, 5, 5, 5, 5, 5, 5, 5, 5, 5, 5], "b_turds_left": [5, 5, 5, 5, 5, 5, 5, 5, 5, 5, 5, 5, 5, 5, 5, 5, 5, 5, 5, 5, 5, 5, 5, 5, 5, 5, 5, 5, 5, 5, 5, 5, 5, 5, 5, 5, 5, 5, 5, 5, 5, 5, 5, 5, 5, 5, 5, 5, 5, 5, 5, 5, 5, 5, 5, 5, 5, 5, 5, 5, 5, 5, 5, 5, 5, 5, 5, 5, 5, 5, 5, 5, 5, 5, 5, 5, 5, 5, 5, 5], "a_time_left": [359.9961719160201, 359.9961719160201, 359.9943939570221, 359.9943939570221, 359.9912536650663, 359.9912536650663, 359.9895413730992, 359.9895413730992, 359.9863529560971, 359.9863529560971, 359.9840261231293, 359.9840261231293, 359.98226687312126, 359.98226687312126, 359.9817542481469, 359.9817542481469, 359.98050474817865, 359.98050474817865, 359.9801102481433, 359.9801102481433, 359.9798086231458, 359.9798086231458, 359.97967745614005, 359.97967745614005, 359.9794547901256, 359.9794547901256, 359.97935841511935, 359.97935841511935, 359.9790877071209, 359.9790877071209, 359.97897554113297, 359.97897554113297, 359.97887229110347, 359.97887229110347, 359.9787606660975, 359.9787606660975, 359.97850795811974, 359.97850795811974, 359.9784210001235, 359.9784210001235, 359.97832241712604, 359.97832241712604, 359.97822895809077, 359.97822895809077, 359.9779272500891, 359.9779272500891, 359.9775424580439, 359.9775424580439, 359.9773886250332, 359.9773886250332, 359.9769883750123, 359.9769883750123, 359.9766930420301, 359.9766930420301, 359.9766113340156, 359.9766113340156, 359.9765056250035, 359.9765056250035, 359.9764253330068, 359.9764253330068, 359.97633120801765, 359.97633120801765, 359.9762533750618, 359.9762533750618, 359.97617637505755, 359.97617637505755, 359.9761027090135, 359.9761027090135, 359.9760422090185, 359.9760422090185, 359.97586700099055, 359.97586700099055, 359.9757863759878, 359.9757863759878, 359.975715958979, 359.975715958979, 359.97564258397324, 359.97564258397324, 359.9755686260178, 359.9755686260178], "b_time_left": [360, 359.9964088749839, 359.9964088749839, 359.99463416601066, 359.99463416601066, 359.9914013739908, 359.9914013739908, 359.99059491598746, 359.99059491598746, 359.988040457014, 359.988040457014, 359.98674458201276, 359.98674458201276, 359.98419787402963, 359.98419787402963, 359.9838757070247, 359.9838757070247, 359.9835885820212, 359.9835885820212, 359.98345070698997, 359.98345070698997, 359.98332320695044, 359.98332320695044, 359.98321749898605, 359.98321749898605, 359.98309629096184, 359.98309629096184, 359.98297562391963, 359.98297562391963, 359.9828742078971, 359.9828742078971, 359.9827643749304, 359.9827643749304, 359.9826620829408, 359.9826620829408, 359.9825534999836, 359.9825534999836, 359.98242658301024, 359.98242658301024, 359.9823142910027, 359.9823142910027, 359.9822113320115, 359.9822113320115, 359.98210266500246, 359.98210266500246, 359.9819791649934, 359.9819791649934, 359.98187412298284, 359.98187412298284, 359.9817646649899, 359.9817646649899, 359.9816526239738, 359.9816526239738, 359.9815255829599, 359.9815255829599, 359.9814272079384, 359.9814272079384, 359.9813205829705, 359.9813205829705, 359.9812168329372, 359.9812168329372, 359.9811036659521, 359.9811036659521, 359.9809940409614, 359.9809940409614, 359.9808821239858, 359.9808821239858, 359.9807858740096, 359.9807858740096, 359.98067137401085, 359.98067137401085, 359.9805762069882, 359.9805762069882, 359.98048395698424, 359.98048395698424, 359.9803967909538, 359.9803967909538, 359.98031420691404, 359.98031420691404, 359.9802280399017], "a_moves_left": [39, 39, 38, 38, 37, 37, 36, 36, 35, 35, 34, 34, 33, 33, 32, 32, 31, 31, 30, 30, 29, 29, 28, 28, 27, 27, 26, 26, 25, 25, 24, 24, 23, 23, 22, 22, 21, 21, 20, 20, 19, 19, 18, 18, 17, 17, 16, 16, 15, 15, 14, 14, 13, 13, 12, 12, 11, 11, 10, 10, 9, 9, 8, 8, 7, 7, 6, 6, 5, 5, 4, 4, 3, 3, 2, 2, 1, 1, 0, 0], "b_moves_left": [40, 39, 39, 38, 38, 37, 37, 36, 36, 35, 35, 34, 34, 33, 33, 32, 32, 31, 31, 30, 30, 29, 29, 28, 28, 27, 27, 26, 26, 25, 25, 24, 24, 23, 23, 22, 22, 21, 21, 20, 20, 19, 19, 18, 18, 17, 17, 16, 16, 15, 15, 14, 14, 13, 13, 12, 12, 11, 11, 10, 10, 9, 9, 8, 8, 7, 7, 6, 6, 5, 5, 4, 4, 3, 3, 2, 2, 1, 1, 0], "trapdoor_triggered": [0, 0, 0, 0, 0, 0, 0, 0, 0, 0, 0, 0, 0, 0, 0, 0, 0, 0, 0, 0, 0, 0, 0, 0, 0, 0, 0, 0, 0, 0, 0, 0, 0, 0, 0, 0, 0, 0, 0, 0, 0, 0, 0, 0, 0, 0, 0, 0, 0, 0, 0, 0, 0, 0, 0, 0, 0, 0, 0, 0, 0, 0, 0, 0, 0, 0, 0, 0, 0, 0, 0, 0, 0, 0, 0, 0, 0, 0, 0, 0], "left_behind": ["egg", "egg", "plain", "plain", "egg", "egg", "plain", "plain", "egg", "egg", "plain", "plain", "egg", "egg", "plain", "plain", "egg", "egg", "plain", "plain", "egg", "egg", "plain", "plain", "egg", "plain", "plain", "plain", "plain", "plain", "plain", "plain", "egg", "egg", "plain", "plain", "plain", "egg", "plain", "plain", "egg", "plain", "plain", "plain", "plain", "egg", "plain", "plain", "plain", "egg", "plain", "plain", "plain", "egg", "plain", "plain", "egg", "egg", "plain", "plain", "egg", "egg", "plain", "plain", "egg", "egg", "plain", "plain", "egg", "egg", "plain", "plain", "egg", "plain", "plain", "plain", "egg", "plain", "plain", "plain"], "errlog_a": "", "errlog_b": "", "start_time": 360, "start_moves": 40, "turn_count": 80, "result": 2, "reason": "EGGS_LAID", "trapdoors": [[4, 4], [4, 5]], "spawn_a": [7, 3], "spawn_b": [0, 3]}