{"pos": [[1, 6], [6, 6], [2, 6], [5, 6], [3, 6], [4, 6], [3, 5], [4, 7], [2, 5], [5, 7], [2, 4], [6, 7], [2, 3], [7, 7], [1, 3], [7, 6], [1, 2], [7, 5], [1, 1], [7, 4], [2, 1], [6, 4], [3, 1], [6, 3], [4, 1], [6, 2], [4, 0], [5, 2], [5, 0], [5, 1], [6, 0], [5, 0], [7, 0], [5, 1], [7, 1], [6, 1], [7, 2], [6, 2], [7, 3], [7, 2]], "a_eggs_laid": [1, 1, 1, 1, 2, 2, 2, 2, 3, 3, 3, 3, 4, 4, 4, 4, 5, 5, 5, 5, 6, 6, 6, 6, 7, 7, 7, 7, 8, 8, 8, 8, 9, 9, 9, 9, 10, 10, 10, 10], "b_eggs_laid": [0, 1, 1, 1, 1, 2, 2, 2, 2, 3, 3, 3, 3, 4, 4, 4, 4, 4, 4, 4, 4, 5, 5, 5, 5, 6, 6, 6, 6, 7, 7, 7, 7, 8, 8, 8, 8, 9, 9, 14], "a_turds_left": [5, 5, 4, 4, 4, 4, 4, 4, 4, 4, 3, 3, 3, 3, 2, 2, 2, 2, 1, 1, 1, 1, 0, 0, 0, 0, 0, 0, 0, 0, 0, 0, 0, 0, 0, 0, 0, 0, 0, 0], "b_turds_left": [5, 5, 5, 4, 4, 4, 4, 3, 3, 3, 3, 2, 2, 2, 2, 1, 1, 1, 1, 0, 0, 0, 0, 0, 0, 0, 0, 0, 0, 0, 0, 0, 0, 0, 0, 0, 0, 0, 0, 0], "a_time_left": [359.9969424169976, 359.9969424169976, 359.9952905420214, 359.9952905420214, 359.99298058403656, 359.99298058403656, 359.9922270840034, 359.9922270840034, 359.9903061669902, 359.9903061669902, 359.9889924580348, 359.9889924580348, 359.9881891250843, 359.9881891250843, 359.9868758331286, 359.9868758331286, 359.98497633315856, 359.98497633315856, 359.9844025831553, 359.9844025831553, 359.98360500013223, 359.98360500013223, 359.98315858416026, 359.98315858416026, 359.98275345913135, 359.98275345913135, 359.9825470421347, 359.9825470421347, 359.9824720421457, 359.9824720421457, 359.98241733410396, 359.98241733410396, 359.98235495912377, 359.98235495912377, 359.9823008341482, 359.9823008341482, 359.98224154219497, 359.98224154219497, 359.98218458419433, 359.98218458419433], "b_time_left": [360, 359.998660665995, 359.998660665995, 359.9969784159912, 359.9969784159912, 359.9948121240013, 359.9948121240013, 359.99323874898255, 359.99323874898255, 359.991654873942, 359.991654873942, 359.99053345795255, 359.99053345795255, 359.9888766669901, 359.9888766669901, 359.98819058400113, 359.98819058400113, 359.98747600102797, 359.98747600102797, 359.9870503760176, 359.9870503760176, 359.9866917920299, 359.9866917920299, 359.9864659589948, 359.9864659589948, 359.9860617929953, 359.9860617929953, 359.9858382099774, 359.9858382099774, 359.98550391802564, 359.98550391802564, 359.9854308340582, 359.9854308340582, 359.98536441806937, 359.98536441806937, 359.9852950850618, 359.9852950850618, 359.9852207520162, 359.9852207520162, 359.98515487706754], "a_moves_left": [39, 39, 38, 38, 37, 37, 36, 36, 35, 35, 34, 34, 33, 33, 32, 32, 31, 31, 30, 30, 29, 29, 28, 28, 27, 27, 26, 26, 25, 25, 24, 24, 23, 23, 22, 22, 21, 21, 20, 20], "b_moves_left": [40, 39, 39, 38, 38, 37, 37, 36, 36, 35, 35, 34, 34, 33, 33, 32, 32, 31, 31, 30, 30, 29, 29, 28, 28, 27, 27, 26, 26, 25, 25, 24, 24, 23, 23, 22, 22, 21, 21, 20], "trapdoor_triggered": [0, 0, 0, 0, 0, 0, 0, 0, 0, 0, 0, 0, 0, 0, 0, 0, 0, 0, 0, 0, 0, 0, 0, 0, 0, 0, 0, 0, 0, 0, 0, 0, 0, 0, 0, 0, 0, 0, 0, 0], "left_behind": ["egg", "egg", "turd", "turd", "egg", "egg", "plain", "turd", "egg", "egg", "turd", "turd", "egg", "egg", "turd", "turd", "egg", "plain", "turd", "turd", "egg", "egg", "turd", "plain", "egg", "egg", "plain", "plain", "egg", "egg", "plain", "plain", "egg", "egg", "plain", "plain", "egg", "egg", "plain", "plain"], "errlog_a": "", "errlog_b": "", "start_time": 360, "start_moves": 40, "turn_count": 40, "result": 1, "reason": "BLOCKING_END", "trapdoors": [[3, 3], [4, 5]], "spawn_a": [0, 6], "spawn_b": [7, 6]}