{"pos": [[6, 5], [1, 5], [6, 4], [1, 4], [6, 3], [0, 4], [6, 2], [0, 3], [6, 1], [1, 3], [5, 1], [1, 2], [4, 1], [0, 2], [3, 1], [0, 1], [2, 1], [1, 1], [2, 2], [2, 1], [3, 2], [2, 0], [3, 3], [3, 0], [4, 3], [4, 0], [4, 2], [4, 1], [5, 2], [4, 0], [5, 1], [5, 0], [6, 1], [6, 0], [7, 1], [6, 1], [7, 0], [6, 0], [7, 1], [7, 0], [7, 2], [6, 0], [7, 3], [6, 1], [7, 4], [6, 0], [6, 4], [7, 0], [5, 4], [6, 0], [6, 4], [5, 0], [6, 3], [4, 0], [5, 3], [4, 1], [5, 2], [4, 0], [4, 2], [3, 0], [3, 2], [2, 0], [2, 2], [1, 0], [3, 2], [0, 0], [3, 1], [1, 0], [3, 2], [1, 1], [3, 3], [2, 1], [3, 4], [1, 1], [2, 4], [1, 2], [2, 5], [1, 3], [1, 5], [1, 4]], "a_eggs_laid": [1, 1, 1, 1, 2, 2, 2, 2, 3, 3, 3, 3, 4, 4, 4, 4, 5, 5, 5, 5, 5, 5, 5, 5, 6, 6, 6, 6, 7, 7, 7, 7, 7, 7, 7, 7, 8, 8, 8, 8, 8, 8, 8, 8, 9, 9, 9, 9, 9, 9, 9, 9, 9, 9, 9, 9, 10, 10, 10, 10, 10, 10, 10, 10, 11, 11, 11, 11, 11, 11, 11, 11, 11, 11, 11, 11, 12, 12, 12, 12], "b_eggs_laid": [0, 1, 1, 1, 1, 2, 2, 2, 2, 3, 3, 3, 3, 4, 4, 4, 4, 5, 5, 5, 5, 6, 6, 6, 6, 7, 7, 7, 7, 8, 8, 8, 8, 9, 9, 9, 9, 10, 10, 10, 10, 13, 13, 13, 13, 13, 13, 13, 13, 13, 13, 13, 13, 13, 13, 13, 13, 13, 13, 13, 13, 13, 13, 13, 13, 14, 14, 14, 14, 14, 14, 14, 14, 14, 14, 14, 14, 14, 14, 14], "a_turds_left": [5, 5, 5, 5, 5, 5, 5, 5, 5, 5, 5, 5, 5, 5, 5, 5, 5, 5, 5, 5, 5, 5, 5, 5, 5, 5, 5, 5, 5, 5, 5, 5, 5, 5, 5, 5, 5, 5, 5, 5, 5, 5, 5, 5, 5, 5, 5, 5, 5, 5, 5, 5, 5, 5, 5, 5, 5, 5, 5, 5, 5, 5, 5, 5, 5, 5, 5, 5, 5, 5, 5, 5, 5, 5, 5, 5, 5, 5, 5, 5], "b_turds_left": [5, 5, 5, 5, 5, 5, 5, 5, 5, 5, 5, 5, 5, 5, 5, 5, 5, 5, 5, 5, 5, 5, 5, 5, 5, 5, 5, 5, 5, 5, 5, 5, 5, 5, 5, 5, 5, 5, 5, 5, 5, 5, 5, 5, 5, 5, 5, 5, 5, 5, 5, 5, 5, 5, 5, 5, 5, 5, 5, 5, 5, 5, 5, 5, 5, 5, 5, 5, 5, 5, 5, 5, 5, 5, 5, 5, 5, 5, 5, 5], "a_time_left": [359.99623145803344, 359.99623145803344, 359.9944357080385, 359.9944357080385, 359.99100579106016, 359.99100579106016, 359.99028874910437, 359.99028874910437, 359.98517224914394, 359.98517224914394, 359.9840630821418, 359.9840630821418, 359.9808622491546, 359.9808622491546, 359.9791799991508, 359.9791799991508, 359.97595437412383, 359.97595437412383, 359.97566949913744, 359.97566949913744, 359.9751937491237, 359.9751937491237, 359.9745997081045, 359.9745997081045, 359.97351150005125, 359.97351150005125, 359.9729086670559, 359.9729086670559, 359.9728195000789, 359.9728195000789, 359.97273541707546, 359.97273541707546, 359.9725040010526, 359.9725040010526, 359.97235695901327, 359.97235695901327, 359.9722888749675, 359.9722888749675, 359.9722299170098, 359.9722299170098, 359.9720907919691, 359.9720907919691, 359.9720192089444, 359.9720192089444, 359.9719345429912, 359.9719345429912, 359.971862210019, 359.971862210019, 359.97155171004124, 359.97155171004124, 359.9714624180342, 359.9714624180342, 359.9711552520748, 359.9711552520748, 359.9709089600947, 359.9709089600947, 359.9708144601318, 359.9708144601318, 359.97072946012486, 359.97072946012486, 359.970510877145, 359.970510877145, 359.97027929412434, 359.97027929412434, 359.9697655441123, 359.9697655441123, 359.9696784191183, 359.9696784191183, 359.96962271112716, 359.96962271112716, 359.9695345031214, 359.9695345031214, 359.9692540441174, 359.9692540441174, 359.9691732941428, 359.9691732941428, 359.9690903771552, 359.9690903771552, 359.9690095441765, 359.9690095441765], "b_time_left": [360, 359.99588108295575, 359.99588108295575, 359.99401258293074, 359.99401258293074, 359.9907284169458, 359.9907284169458, 359.9899458339205, 359.9899458339205, 359.98724145896267, 359.98724145896267, 359.98581812600605, 359.98581812600605, 359.98263812600635, 359.98263812600635, 359.9823612929904, 359.9823612929904, 359.9820408349624, 359.9820408349624, 359.9817339179572, 359.9817339179572, 359.98160516796634, 359.98160516796634, 359.98150070995325, 359.98150070995325, 359.98140050197253, 359.98140050197253, 359.98131062695757, 359.98131062695757, 359.98123495996697, 359.98123495996697, 359.98114175198134, 359.98114175198134, 359.98105375200976, 359.98105375200976, 359.9809687110246, 359.9809687110246, 359.98089183605043, 359.98089183605043, 359.9807992110145, 359.9807992110145, 359.9807198360213, 359.9807198360213, 359.9806317529874, 359.9806317529874, 359.9805655860109, 359.9805655860109, 359.9804760860279, 359.9804760860279, 359.9804042520118, 359.9804042520118, 359.98031533602625, 359.98031533602625, 359.98023983603343, 359.98023983603343, 359.98015475203283, 359.98015475203283, 359.98008800204843, 359.98008800204843, 359.97999033500673, 359.97999033500673, 359.97990579297766, 359.97990579297766, 359.9798190849833, 359.9798190849833, 359.9797165019554, 359.9797165019554, 359.97963679395616, 359.97963679395616, 359.9795540019404, 359.9795540019404, 359.9794593769475, 359.9794593769475, 359.9793857939658, 359.9793857939658, 359.97928858496016, 359.97928858496016, 359.97920483496273, 359.97920483496273, 359.97910116793355], "a_moves_left": [39, 39, 38, 38, 37, 37, 36, 36, 35, 35, 34, 34, 33, 33, 32, 32, 31, 31, 30, 30, 29, 29, 28, 28, 27, 27, 26, 26, 25, 25, 24, 24, 23, 23, 22, 22, 21, 21, 20, 20, 19, 19, 18, 18, 17, 17, 16, 16, 15, 15, 14, 14, 13, 13, 12, 12, 11, 11, 10, 10, 9, 9, 8, 8, 7, 7, 6, 6, 5, 5, 4, 4, 3, 3, 2, 2, 1, 1, 0, 0], "b_moves_left": [40, 39, 39, 38, 38, 37, 37, 36, 36, 35, 35, 34, 34, 33, 33, 32, 32, 31, 31, 30, 30, 29, 29, 28, 28, 27, 27, 26, 26, 25, 25, 24, 24, 23, 23, 22, 22, 21, 21, 20, 20, 19, 19, 18, 18, 17, 17, 16, 16, 15, 15, 14, 14, 13, 13, 12, 12, 11, 11, 10, 10, 9, 9, 8, 8, 7, 7, 6, 6, 5, 5, 4, 4, 3, 3, 2, 2, 1, 1, 0], "trapdoor_triggered": [0, 0, 0, 0, 0, 0, 0, 0, 0, 0, 0, 0, 0, 0, 0, 0, 0, 0, 0, 0, 0, 0, 0, 0, 0, 0, 0, 0, 0, 0, 0, 0, 0, 0, 0, 0, 0, 0, 0, 0, 0, 0, 0, 0, 0, 0, 0, 0, 0, 0, 0, 0, 0, 0, 0, 0, 0, 0, 0, 0, 0, 0, 0, 0, 0, 0, 0, 0, 0, 0, 0, 0, 0, 0, 0, 0, 0, 0, 0, 0], "left_behind": ["egg", "egg", "plain", "plain", "egg", "egg", "plain", "plain", "egg", "egg", "plain", "plain", "egg", "egg", "plain", "plain", "egg", "egg", "plain", "plain", "plain", "egg", "plain", "plain", "egg", "egg", "plain", "plain", "egg", "egg", "plain", "plain", "plain", "egg", "plain", "plain", "egg", "egg", "plain", "plain", "plain", "egg", "plain", "plain", "egg", "plain", "plain", "plain", "plain", "plain", "plain", "plain", "plain", "plain", "plain", "plain", "egg", "plain", "plain", "plain", "plain", "plain", "plain", "plain", "egg", "egg", "plain", "plain", "plain", "plain", "plain", "plain", "plain", "plain", "plain", "plain", "egg", "plain", "plain", "plain"], "errlog_a": "", "errlog_b": "", "start_time": 360, "start_moves": 40, "turn_count": 80, "result": 1, "reason": "EGGS_LAID", "trapdoors": [[4, 4], [2, 3]], "spawn_a": [7, 5], "spawn_b": [0, 5]}