{"pos": [[1, 4], [6, 4], [1, 3], [6, 3], [1, 2], [6, 2], [2, 2], [5, 2], [2, 3], [5, 1], [2, 4], [4, 1], [2, 3], [4, 2], [2, 4], [4, 3], [1, 4], [5, 3], [1, 5], [5, 4], [1, 6], [5, 5], [2, 6], [5, 6], [3, 6], [4, 6], [3, 5], [4, 7], [3, 4], [5, 7], [4, 4], [6, 7], [4, 5], [6, 6], [5, 5], [7, 6], [4, 5], [7, 5], [4, 6], [6, 5], [3, 6], [6, 4], [3, 7], [7, 4], [2, 7], [7, 3], [1, 7], [7, 2], [0, 7], [7, 1], [0, 6], [7, 0], [0, 5], [6, 0], [0, 4], [6, 1], [0, 3], [6, 0], [0, 2], [5, 0], [0, 1], [4, 0], [0, 0], [3, 0], [1, 0], [3, 1], [2, 0], [3, 2], [2, 1], [3, 1], [1, 1], [3, 0], [1, 0], [4, 0], [1, 1], [5, 0], [2, 1], [5, 1], [2, 0], [6, 1]], "a_eggs_laid": [1, 1, 1, 1, 2, 2, 2, 2, 3, 3, 3, 3, 4, 4, 4, 4, 4, 4, 4, 4, 5, 5, 5, 5, 6, 6, 6, 6, 7, 7, 7, 7, 8, 8, 8, 8, 9, 9, 9, 9, 10, 10, 10, 10, 11, 11, 11, 11, 12, 12, 12, 12, 13, 13, 13, 13, 13, 13, 13, 13, 14, 14, 14, 14, 17, 17, 17, 17, 18, 18, 18, 18, 19, 19, 19, 19, 19, 19, 19, 19], "b_eggs_laid": [0, 1, 1, 1, 1, 2, 2, 2, 2, 3, 3, 3, 3, 4, 4, 4, 4, 5, 5, 5, 5, 6, 6, 6, 6, 7, 7, 7, 7, 8, 8, 8, 8, 9, 9, 9, 9, 10, 10, 10, 10, 11, 11, 11, 11, 11, 11, 11, 11, 12, 12, 12, 12, 15, 15, 15, 15, 16, 16, 16, 16, 17, 17, 17, 17, 18, 18, 18, 18, 19, 19, 19, 19, 19, 19, 19, 19, 19, 19, 19], "a_turds_left": [5, 5, 4, 4, 4, 4, 3, 3, 3, 3, 2, 2, 2, 2, 2, 2, 2, 2, 2, 2, 2, 2, 1, 1, 1, 1, 1, 1, 1, 1, 0, 0, 0, 0, 0, 0, 0, 0, 0, 0, 0, 0, 0, 0, 0, 0, 0, 0, 0, 0, 0, 0, 0, 0, 0, 0, 0, 0, 0, 0, 0, 0, 0, 0, 0, 0, 0, 0, 0, 0, 0, 0, 0, 0, 0, 0, 0, 0, 0, 0], "b_turds_left": [5, 5, 5, 4, 4, 4, 4, 3, 3, 3, 3, 2, 2, 2, 2, 1, 1, 1, 1, 0, 0, 0, 0, 0, 0, 0, 0, 0, 0, 0, 0, 0, 0, 0, 0, 0, 0, 0, 0, 0, 0, 0, 0, 0, 0, 0, 0, 0, 0, 0, 0, 0, 0, 0, 0, 0, 0, 0, 0, 0, 0, 0, 0, 0, 0, 0, 0, 0, 0, 0, 0, 0, 0, 0, 0, 0, 0, 0, 0, 0], "a_time_left": [359.9968311249977, 359.9968311249977, 359.99496687494684, 359.99496687494684, 359.99247979198117, 359.99247979198117, 359.9908870829968, 359.9908870829968, 359.988603167003, 359.988603167003, 359.98712412500754, 359.98712412500754, 359.9850487919757, 359.9850487919757, 359.9843352919561, 359.9843352919561, 359.98402112495387, 359.98402112495387, 359.9837614999851, 359.9837614999851, 359.9831756670028, 359.9831756670028, 359.9828080839943, 359.9828080839943, 359.9823076669709, 359.9823076669709, 359.9821437089704, 359.9821437089704, 359.98163279297296, 359.98163279297296, 359.9812966269674, 359.9812966269674, 359.98112700198544, 359.98112700198544, 359.98107237700606, 359.98107237700606, 359.98102133499924, 359.98102133499924, 359.9809619599837, 359.9809619599837, 359.98089775198605, 359.98089775198605, 359.980833292997, 359.980833292997, 359.9807753349887, 359.9807753349887, 359.9807235429762, 359.9807235429762, 359.98063608497614, 359.98063608497614, 359.98058141896036, 359.98058141896036, 359.9805111689493, 359.9805111689493, 359.9804550439585, 359.9804550439585, 359.98039391898783, 359.98039391898783, 359.98034079396166, 359.98034079396166, 359.9802738360013, 359.9802738360013, 359.98022037697956, 359.98022037697956, 359.9801636689808, 359.9801636689808, 359.9801065439824, 359.9801065439824, 359.98004350299016, 359.98004350299016, 359.9799924190156, 359.9799924190156, 359.9799122940167, 359.9799122940167, 359.97985946101835, 359.97985946101835, 359.97979708603816, 359.97979708603816, 359.9797416700749, 359.9797416700749], "b_time_left": [360, 359.99701212503714, 359.99701212503714, 359.99476566707017, 359.99476566707017, 359.9922610010253, 359.9922610010253, 359.9905597930192, 359.9905597930192, 359.9883362100227, 359.9883362100227, 359.986805544002, 359.986805544002, 359.98472808499355, 359.98472808499355, 359.9841316679958, 359.9841316679958, 359.9835252930061, 359.9835252930061, 359.98307441797806, 359.98307441797806, 359.9826691679773, 359.9826691679773, 359.9824291259865, 359.9824291259865, 359.982079125999, 359.982079125999, 359.98184808396036, 359.98184808396036, 359.98177162592765, 359.98177162592765, 359.98171729192836, 359.98171729192836, 359.9816426249454, 359.9816426249454, 359.98158474994125, 359.98158474994125, 359.98151554190554, 359.98151554190554, 359.9814581248793, 359.9814581248793, 359.981385333871, 359.981385333871, 359.9813234168687, 359.9813234168687, 359.9812634168775, 359.9812634168775, 359.98120962490793, 359.98120962490793, 359.98113662493415, 359.98113662493415, 359.98108145891456, 359.98108145891456, 359.9810208759154, 359.9810208759154, 359.9809664179338, 359.9809664179338, 359.9808846679516, 359.9808846679516, 359.98082533391425, 359.98082533391425, 359.9807458339492, 359.9807458339492, 359.98069275094895, 359.98069275094895, 359.98062287596986, 359.98062287596986, 359.9805656259996, 359.9805656259996, 359.980501375976, 359.980501375976, 359.9804412929225, 359.9804412929225, 359.98038575192913, 359.98038575192913, 359.9803290849086, 359.9803290849086, 359.9802705019247, 359.9802705019247, 359.9802136689541], "a_moves_left": [39, 39, 38, 38, 37, 37, 36, 36, 35, 35, 34, 34, 33, 33, 32, 32, 31, 31, 30, 30, 29, 29, 28, 28, 27, 27, 26, 26, 25, 25, 24, 24, 23, 23, 22, 22, 21, 21, 20, 20, 19, 19, 18, 18, 17, 17, 16, 16, 15, 15, 14, 14, 13, 13, 12, 12, 11, 11, 10, 10, 9, 9, 8, 8, 7, 7, 6, 6, 5, 5, 4, 4, 3, 3, 2, 2, 1, 1, 0, 0], "b_moves_left": [40, 39, 39, 38, 38, 37, 37, 36, 36, 35, 35, 34, 34, 33, 33, 32, 32, 31, 31, 30, 30, 29, 29, 28, 28, 27, 27, 26, 26, 25, 25, 24, 24, 23, 23, 22, 22, 21, 21, 20, 20, 19, 19, 18, 18, 17, 17, 16, 16, 15, 15, 14, 14, 13, 13, 12, 12, 11, 11, 10, 10, 9, 9, 8, 8, 7, 7, 6, 6, 5, 5, 4, 4, 3, 3, 2, 2, 1, 1, 0], "trapdoor_triggered": [0, 0, 0, 0, 0, 0, 0, 0, 0, 0, 0, 0, 0, 0, 0, 0, 0, 0, 0, 0, 0, 0, 0, 0, 0, 0, 0, 0, 0, 0, 0, 0, 0, 0, 0, 0, 0, 0, 0, 0, 0, 0, 0, 0, 0, 0, 0, 0, 0, 0, 0, 0, 0, 0, 0, 0, 0, 0, 0, 0, 0, 0, 0, 0, 0, 0, 0, 0, 0, 0, 0, 0, 0, 0, 0, 0, 0, 0, 0, 0], "left_behind": ["egg", "egg", "turd", "turd", "egg", "egg", "turd", "turd", "egg", "egg", "turd", "turd", "egg", "egg", "plain", "turd", "plain", "egg", "plain", "turd", "egg", "egg", "turd", "plain", "egg", "egg", "plain", "plain", "egg", "egg", "turd", "plain", "egg", "egg", "plain", "plain", "egg", "egg", "plain", "plain", "egg", "egg", "plain", "plain", "egg", "plain", "plain", "plain", "egg", "egg", "plain", "plain", "egg", "egg", "plain", "plain", "plain", "egg", "plain", "plain", "egg", "egg", "plain", "plain", "egg", "egg", "plain", "plain", "egg", "egg", "plain", "plain", "egg", "plain", "plain", "plain", "plain", "plain", "plain", "plain"], "errlog_a": "", "errlog_b": "", "start_time": 360, "start_moves": 40, "turn_count": 80, "result": 2, "reason": "EGGS_LAID", "trapdoors": [[3, 3], [2, 5]], "spawn_a": [0, 4], "spawn_b": [7, 4]}