{"pos": [[1, 4], [6, 4], [1, 3], [6, 3], [1, 2], [6, 2], [1, 1], [5, 2], [2, 1], [5, 1], [3, 1], [5, 0], [3, 0], [4, 0], [2, 0], [4, 1], [1, 0], [5, 1], [0, 0], [5, 2], [0, 1], [5, 3], [0, 2], [5, 4], [0, 3], [5, 5], [1, 3], [5, 6], [2, 3], [4, 6], [2, 4], [3, 6], [2, 3], [3, 5], [2, 2], [4, 5], [3, 2], [4, 4], [3, 1], [4, 3], [3, 2], [3, 3], [2, 2], [4, 3], [3, 2], [5, 3], [3, 1], [5, 4], [3, 2], [6, 4], [2, 2], [6, 5], [2, 3], [7, 5], [2, 4], [7, 6], [1, 4], [7, 7], [1, 5], [6, 7], [1, 6], [6, 6], [2, 6], [6, 5], [2, 7], [7, 5], [3, 7], [7, 4], [4, 7], [7, 3], [4, 6], [7, 2], [4, 7], [7, 1], [5, 7], [7, 0], [4, 7], [6, 0], [4, 6], [6, 1]], "a_eggs_laid": [1, 1, 1, 1, 2, 2, 2, 2, 3, 3, 3, 3, 4, 4, 4, 4, 5, 5, 5, 5, 8, 8, 8, 8, 9, 9, 9, 9, 9, 9, 9, 9, 10, 10, 10, 10, 11, 11, 11, 11, 11, 11, 11, 11, 11, 11, 11, 11, 11, 11, 11, 11, 11, 11, 11, 11, 11, 11, 11, 11, 12, 12, 12, 12, 13, 13, 13, 13, 14, 14, 14, 14, 15, 15, 15, 15, 16, 16, 16, 16], "b_eggs_laid": [0, 1, 1, 1, 1, 2, 2, 2, 2, 3, 3, 3, 3, 4, 4, 4, 4, 5, 5, 5, 5, 5, 5, 5, 5, 6, 6, 6, 6, 7, 7, 7, 7, 8, 8, 8, 8, 9, 9, 9, 9, 10, 10, 10, 10, 10, 10, 10, 10, 10, 10, 10, 10, 11, 11, 11, 11, 12, 12, 12, 12, 13, 13, 13, 13, 13, 13, 13, 13, 13, 13, 13, 13, 14, 14, 14, 14, 17, 17, 17], "a_turds_left": [5, 5, 5, 5, 5, 5, 5, 5, 5, 5, 5, 5, 5, 5, 5, 5, 5, 5, 5, 5, 5, 5, 5, 5, 5, 5, 5, 5, 5, 5, 5, 5, 5, 5, 5, 5, 5, 5, 5, 5, 5, 5, 5, 5, 5, 5, 5, 5, 5, 5, 5, 5, 5, 5, 5, 5, 5, 5, 5, 5, 5, 5, 5, 5, 5, 5, 5, 5, 5, 5, 5, 5, 5, 5, 5, 5, 5, 5, 5, 5], "b_turds_left": [5, 5, 5, 4, 4, 4, 4, 3, 3, 3, 3, 2, 2, 2, 2, 1, 1, 1, 1, 1, 1, 1, 1, 0, 0, 0, 0, 0, 0, 0, 0, 0, 0, 0, 0, 0, 0, 0, 0, 0, 0, 0, 0, 0, 0, 0, 0, 0, 0, 0, 0, 0, 0, 0, 0, 0, 0, 0, 0, 0, 0, 0, 0, 0, 0, 0, 0, 0, 0, 0, 0, 0, 0, 0, 0, 0, 0, 0, 0, 0], "a_time_left": [359.9961694999947, 359.9961694999947, 359.99442008300684, 359.99442008300684, 359.9912466670503, 359.9912466670503, 359.9895205840585, 359.9895205840585, 359.986340417061, 359.986340417061, 359.98452354210895, 359.98452354210895, 359.9835149171413, 359.9835149171413, 359.9833288331283, 359.9833288331283, 359.98271779116476, 359.98271779116476, 359.9824564991868, 359.9824564991868, 359.98186724918196, 359.98186724918196, 359.981603457185, 359.981603457185, 359.98080045718234, 359.98080045718234, 359.9807091652183, 359.9807091652183, 359.9803671652335, 359.9803671652335, 359.98026745725656, 359.98026745725656, 359.9801389572676, 359.9801389572676, 359.979704082245, 359.979704082245, 359.979602290201, 359.979602290201, 359.9795212481986, 359.9795212481986, 359.9793607071624, 359.9793607071624, 359.9792864571791, 359.9792864571791, 359.9790615402162, 359.9790615402162, 359.97869641520083, 359.97869641520083, 359.9785617062007, 359.9785617062007, 359.978210039204, 359.978210039204, 359.977983623161, 359.977983623161, 359.97773541515926, 359.97773541515926, 359.97741274820874, 359.97741274820874, 359.97720620717155, 359.97720620717155, 359.9771052481956, 359.9771052481956, 359.9770214561722, 359.9770214561722, 359.9769359562197, 359.9769359562197, 359.97686266421806, 359.97686266421806, 359.9767889562063, 359.9767889562063, 359.97671878919937, 359.97671878919937, 359.976661456225, 359.976661456225, 359.9765548312571, 359.9765548312571, 359.9764962482732, 359.9764962482732, 359.9764234983013, 359.9764234983013], "b_time_left": [360, 359.9968082080013, 359.9968082080013, 359.9949977910146, 359.9949977910146, 359.9926291660522, 359.9926291660522, 359.99112816608977, 359.99112816608977, 359.988890458073, 359.988890458073, 359.9874674580642, 359.9874674580642, 359.986197292048, 359.986197292048, 359.9858076670207, 359.9858076670207, 359.9853563340148, 359.9853563340148, 359.98513837502105, 359.98513837502105, 359.9849050830235, 359.9849050830235, 359.9844311240595, 359.9844311240595, 359.98399237403646, 359.98399237403646, 359.98373474902473, 359.98373474902473, 359.98329616500996, 359.98329616500996, 359.9830472479807, 359.9830472479807, 359.9829610810266, 359.9829610810266, 359.9828992060502, 359.9828992060502, 359.9828206640086, 359.9828206640086, 359.9827649970539, 359.9827649970539, 359.9826879140455, 359.9826879140455, 359.98262862302363, 359.98262862302363, 359.9825657479814, 359.9825657479814, 359.9825099980226, 359.9825099980226, 359.9824503310374, 359.9824503310374, 359.98239795607515, 359.98239795607515, 359.9823128730641, 359.9823128730641, 359.98226274806075, 359.98226274806075, 359.9821932480554, 359.9821932480554, 359.982145873073, 359.982145873073, 359.98207770707086, 359.98207770707086, 359.98201866506133, 359.98201866506133, 359.9819580820622, 359.9819580820622, 359.98189649905544, 359.98189649905544, 359.98183904006146, 359.98183904006146, 359.9817890820559, 359.9817890820559, 359.9817191650509, 359.9817191650509, 359.9816655400791, 359.9816655400791, 359.98160249809735, 359.98160249809735, 359.98155195609434], "a_moves_left": [39, 39, 38, 38, 37, 37, 36, 36, 35, 35, 34, 34, 33, 33, 32, 32, 31, 31, 30, 30, 29, 29, 28, 28, 27, 27, 26, 26, 25, 25, 24, 24, 23, 23, 22, 22, 21, 21, 20, 20, 19, 19, 18, 18, 17, 17, 16, 16, 15, 15, 14, 14, 13, 13, 12, 12, 11, 11, 10, 10, 9, 9, 8, 8, 7, 7, 6, 6, 5, 5, 4, 4, 3, 3, 2, 2, 1, 1, 0, 0], "b_moves_left": [40, 39, 39, 38, 38, 37, 37, 36, 36, 35, 35, 34, 34, 33, 33, 32, 32, 31, 31, 30, 30, 29, 29, 28, 28, 27, 27, 26, 26, 25, 25, 24, 24, 23, 23, 22, 22, 21, 21, 20, 20, 19, 19, 18, 18, 17, 17, 16, 16, 15, 15, 14, 14, 13, 13, 12, 12, 11, 11, 10, 10, 9, 9, 8, 8, 7, 7, 6, 6, 5, 5, 4, 4, 3, 3, 2, 2, 1, 1, 0], "trapdoor_triggered": [0, 0, 0, 0, 0, 0, 0, 0, 0, 0, 0, 0, 0, 0, 0, 0, 0, 0, 0, 0, 0, 0, 0, 0, 0, 0, 0, 0, 0, 0, 0, 0, 0, 0, 0, 0, 0, 0, 0, 0, 0, 0, 0, 0, 0, 0, 0, 0, 0, 0, 0, 0, 0, 0, 0, 0, 0, 0, 0, 0, 0, 0, 0, 0, 0, 0, 0, 0, 0, 0, 0, 0, 0, 0, 0, 0, 0, 0, 0, 0], "left_behind": ["egg", "egg", "plain", "turd", "egg", "egg", "plain", "turd", "egg", "egg", "plain", "turd", "egg", "egg", "plain", "turd", "egg", "egg", "plain", "plain", "egg", "plain", "plain", "turd", "egg", "egg", "plain", "plain", "plain", "egg", "plain", "plain", "egg", "egg", "plain", "plain", "egg", "egg", "plain", "plain", "plain", "egg", "plain", "plain", "plain", "plain", "plain", "plain", "plain", "plain", "plain", "plain", "plain", "egg", "plain", "plain", "plain", "egg", "plain", "plain", "egg", "egg", "plain", "plain", "egg", "plain", "plain", "plain", "egg", "plain", "plain", "plain", "egg", "egg", "plain", "plain", "egg", "egg", "plain", "plain"], "errlog_a": "", "errlog_b": "", "start_time": 360, "start_moves": 40, "turn_count": 80, "result": 1, "reason": "EGGS_LAID", "trapdoors": [[4, 2], [3, 4]], "spawn_a": [0, 4], "spawn_b": [7, 4]}