{"pos": [[1, 2], [6, 2], [1, 1], [6, 3], [2, 1], [6, 4], [3, 1], [6, 5], [4, 1], [6, 6], [5, 1], [5, 6], [5, 0], [4, 6], [4, 0], [3, 6], [3, 0], [3, 5], [2, 0], [4, 5], [1, 0], [4, 4], [0, 0], [5, 4], [0, 1], [5, 3], [1, 1], [4, 3], [2, 1], [4, 2], [2, 2], [4, 1], [2, 3], [4, 2], [1, 3], [5, 2], [1, 4], [6, 2], [1, 5], [6, 1], [1, 6], [6, 0], [2, 6], [7, 0], [2, 7], [7, 1], [1, 7], [7, 0], [0, 7], [7, 1], [0, 6], [7, 2], [0, 5], [7, 3], [0, 4], [7, 4], [0, 3], [7, 5], [1, 3], [7, 6], [2, 3], [7, 7], [2, 4], [6, 7], [1, 4], [5, 7], [2, 4], [4, 7], [2, 3], [3, 7], [3, 3], [2, 7], [2, 3], [3, 7], [3, 3], [3, 6], [2, 3], [3, 5], [2, 2], [2, 5]], "a_eggs_laid": [1, 1, 1, 1, 2, 2, 2, 2, 3, 3, 3, 3, 4, 4, 4, 4, 5, 5, 5, 5, 6, 6, 6, 6, 9, 9, 9, 9, 9, 9, 9, 9, 10, 10, 10, 10, 11, 11, 11, 11, 12, 12, 12, 12, 13, 13, 13, 13, 14, 14, 14, 14, 15, 15, 15, 15, 16, 16, 16, 16, 16, 16, 16, 16, 17, 17, 17, 17, 17, 17, 17, 17, 18, 18, 18, 18, 18, 18, 18, 18], "b_eggs_laid": [0, 1, 1, 1, 1, 2, 2, 2, 2, 3, 3, 3, 3, 4, 4, 4, 4, 5, 5, 5, 5, 6, 6, 6, 6, 7, 7, 7, 7, 8, 8, 8, 8, 9, 9, 9, 9, 10, 10, 10, 10, 11, 11, 11, 11, 14, 14, 14, 14, 14, 14, 14, 14, 14, 14, 14, 14, 15, 15, 15, 15, 16, 16, 16, 16, 17, 17, 17, 17, 18, 18, 18, 18, 19, 19, 19, 19, 19, 19, 19], "a_turds_left": [5, 5, 5, 5, 5, 5, 5, 5, 5, 5, 5, 5, 5, 5, 5, 5, 5, 5, 5, 5, 5, 5, 5, 5, 5, 5, 5, 5, 5, 5, 5, 5, 5, 5, 5, 5, 5, 5, 5, 5, 5, 5, 5, 5, 5, 5, 5, 5, 5, 5, 5, 5, 5, 5, 5, 5, 5, 5, 5, 5, 5, 5, 5, 5, 5, 5, 5, 5, 5, 5, 5, 5, 5, 5, 5, 5, 5, 5, 5, 5], "b_turds_left": [5, 5, 5, 4, 4, 4, 4, 3, 3, 3, 3, 2, 2, 2, 2, 1, 1, 1, 1, 0, 0, 0, 0, 0, 0, 0, 0, 0, 0, 0, 0, 0, 0, 0, 0, 0, 0, 0, 0, 0, 0, 0, 0, 0, 0, 0, 0, 0, 0, 0, 0, 0, 0, 0, 0, 0, 0, 0, 0, 0, 0, 0, 0, 0, 0, 0, 0, 0, 0, 0, 0, 0, 0, 0, 0, 0, 0, 0, 0, 0], "a_time_left": [359.9961450829869, 359.9961450829869, 359.994400208001, 359.994400208001, 359.99117645801743, 359.99117645801743, 359.98939525004243, 359.98939525004243, 359.98604237509426, 359.98604237509426, 359.9842075420893, 359.9842075420893, 359.9823238340905, 359.9823238340905, 359.9810846260516, 359.9810846260516, 359.97864358505467, 359.97864358505467, 359.97814625204774, 359.97814625204774, 359.9772883770638, 359.9772883770638, 359.97717358602677, 359.97717358602677, 359.9770265860134, 359.9770265860134, 359.97692687803647, 359.97692687803647, 359.9767081280588, 359.9767081280588, 359.97650354506914, 359.97650354506914, 359.9763905450818, 359.9763905450818, 359.97629500413314, 359.97629500413314, 359.9761866291519, 359.9761866291519, 359.9760937951505, 359.9760937951505, 359.97599129518494, 359.97599129518494, 359.9759006702225, 359.9759006702225, 359.97581979521783, 359.97581979521783, 359.97574271220947, 359.97574271220947, 359.97565371223027, 359.97565371223027, 359.97557850321755, 359.97557850321755, 359.97548271121923, 359.97548271121923, 359.97540062724147, 359.97540062724147, 359.97530721122166, 359.97530721122166, 359.975216586201, 359.975216586201, 359.9750838361797, 359.9750838361797, 359.9749123362126, 359.9749123362126, 359.9748306692345, 359.9748306692345, 359.9747382111964, 359.9747382111964, 359.9746506692027, 359.9746506692027, 359.97452637716196, 359.97452637716196, 359.9744463361567, 359.9744463361567, 359.97435387817677, 359.97435387817677, 359.97427333617816, 359.97427333617816, 359.9741805861704, 359.9741805861704], "b_time_left": [360, 359.9963957500295, 359.9963957500295, 359.9946936670458, 359.9946936670458, 359.9916701670154, 359.9916701670154, 359.98994037503144, 359.98994037503144, 359.98767600004794, 359.98767600004794, 359.98610791703686, 359.98610791703686, 359.9839577920502, 359.9839577920502, 359.98236533399904, 359.98236533399904, 359.9804521680344, 359.9804521680344, 359.9799110009917, 359.9799110009917, 359.9794792929897, 359.9794792929897, 359.9792512509739, 359.9792512509739, 359.9788836679654, 359.9788836679654, 359.97865445999196, 359.97865445999196, 359.9785615429864, 359.9785615429864, 359.97849195997696, 359.97849195997696, 359.9784386680112, 359.9784386680112, 359.978378335014, 359.978378335014, 359.9783082099748, 359.9783082099748, 359.9782465429744, 359.9782465429744, 359.9781764179352, 359.9781764179352, 359.9781198349665, 359.9781198349665, 359.978055709973, 359.978055709973, 359.9780011679395, 359.9780011679395, 359.9779436259414, 359.9779436259414, 359.9778904179693, 359.9778904179693, 359.9778289179667, 359.9778289179667, 359.97777316794964, 359.97777316794964, 359.97769925091416, 359.97769925091416, 359.9776466258918, 359.9776466258918, 359.97757958387956, 359.97757958387956, 359.97753166785697, 359.97753166785697, 359.9774650838226, 359.9774650838226, 359.97741437586956, 359.97741437586956, 359.97733962582424, 359.97733962582424, 359.977282541804, 359.977282541804, 359.9772268758388, 359.9772268758388, 359.9771746668266, 359.9771746668266, 359.9771170828026, 359.9771170828026, 359.9770568748354], "a_moves_left": [39, 39, 38, 38, 37, 37, 36, 36, 35, 35, 34, 34, 33, 33, 32, 32, 31, 31, 30, 30, 29, 29, 28, 28, 27, 27, 26, 26, 25, 25, 24, 24, 23, 23, 22, 22, 21, 21, 20, 20, 19, 19, 18, 18, 17, 17, 16, 16, 15, 15, 14, 14, 13, 13, 12, 12, 11, 11, 10, 10, 9, 9, 8, 8, 7, 7, 6, 6, 5, 5, 4, 4, 3, 3, 2, 2, 1, 1, 0, 0], "b_moves_left": [40, 39, 39, 38, 38, 37, 37, 36, 36, 35, 35, 34, 34, 33, 33, 32, 32, 31, 31, 30, 30, 29, 29, 28, 28, 27, 27, 26, 26, 25, 25, 24, 24, 23, 23, 22, 22, 21, 21, 20, 20, 19, 19, 18, 18, 17, 17, 16, 16, 15, 15, 14, 14, 13, 13, 12, 12, 11, 11, 10, 10, 9, 9, 8, 8, 7, 7, 6, 6, 5, 5, 4, 4, 3, 3, 2, 2, 1, 1, 0], "trapdoor_triggered": [0, 0, 0, 0, 0, 0, 0, 0, 0, 0, 0, 0, 0, 0, 0, 0, 0, 0, 0, 0, 0, 0, 0, 0, 0, 0, 0, 0, 0, 0, 0, 0, 0, 0, 0, 0, 0, 0, 0, 0, 0, 0, 0, 0, 0, 0, 0, 0, 0, 0, 0, 0, 0, 0, 0, 0, 0, 0, 0, 0, 0, 0, 0, 0, 0, 0, 0, 0, 0, 0, 0, 0, 0, 0, 0, 0, 0, 0, 0, 0], "left_behind": ["egg", "egg", "plain", "turd", "egg", "egg", "plain", "turd", "egg", "egg", "plain", "turd", "egg", "egg", "plain", "turd", "egg", "egg", "plain", "turd", "egg", "egg", "plain", "plain", "egg", "egg", "plain", "plain", "plain", "egg", "plain", "plain", "egg", "egg", "plain", "plain", "egg", "egg", "plain", "plain", "egg", "egg", "plain", "plain", "egg", "egg", "plain", "plain", "egg", "plain", "plain", "plain", "egg", "plain", "plain", "plain", "egg", "egg", "plain", "plain", "plain", "egg", "plain", "plain", "egg", "egg", "plain", "plain", "plain", "egg", "plain", "plain", "egg", "egg", "plain", "plain", "plain", "plain", "plain", "plain"], "errlog_a": "", "errlog_b": "", "start_time": 360, "start_moves": 40, "turn_count": 80, "result": 1, "reason": "EGGS_LAID", "trapdoors": [[5, 5], [3, 2]], "spawn_a": [0, 2], "spawn_b": [7, 2]}