{"pos": [[6, 1], [1, 1], [5, 1], [2, 1], [4, 1], [2, 0], [3, 1], [3, 0], [4, 1], [4, 0], [7, 1], [4, 1], [7, 0], [4, 0], [6, 0], [5, 0], [6, 1], [4, 0], [6, 2], [4, 1], [6, 3], [0, 1], [6, 4], [0, 0], [6, 5], [1, 0], [6, 6], [1, 1], [5, 6], [1, 2], [5, 5], [0, 2], [7, 1], [0, 3], [7, 2], [1, 3], [7, 3], [1, 4], [7, 4], [0, 4], [7, 5], [0, 5], [7, 6], [1, 5], [7, 7], [1, 6], [6, 7], [0, 6], [5, 7], [0, 7], [4, 7], [1, 7], [3, 7], [2, 7], [3, 6], [2, 6], [3, 5], [3, 6], [4, 5], [4, 6], [4, 4], [4, 7], [7, 1], [4, 6], [7, 0], [5, 6], [6, 0], [4, 6], [6, 1], [4, 5], [6, 2], [4, 6], [5, 2], [5, 6], [5, 1], [4, 6], [5, 2], [4, 5], [5, 1], [4, 6]], "a_eggs_laid": [1, 1, 1, 1, 2, 2, 2, 2, 3, 3, 3, 3, 3, 3, 3, 3, 4, 4, 4, 4, 5, 5, 9, 9, 10, 10, 10, 10, 11, 11, 11, 11, 12, 12, 12, 12, 12, 12, 13, 13, 13, 13, 14, 14, 14, 14, 17, 17, 17, 17, 18, 18, 18, 18, 19, 19, 19, 19, 20, 20, 20, 20, 21, 21, 21, 21, 21, 21, 21, 21, 21, 21, 21, 21, 21, 21, 21, 21, 21, 21], "b_eggs_laid": [0, 1, 1, 1, 1, 2, 2, 2, 2, 3, 3, 7, 7, 8, 8, 8, 8, 9, 9, 9, 9, 9, 9, 9, 9, 9, 9, 10, 10, 10, 10, 11, 11, 15, 15, 16, 16, 16, 16, 17, 17, 17, 17, 18, 18, 18, 18, 19, 19, 19, 19, 22, 22, 22, 22, 23, 23, 23, 23, 24, 24, 24, 24, 29, 29, 29, 29, 30, 30, 30, 30, 31, 31, 31, 31, 31, 31, 31, 31, 31], "a_turds_left": [5, 5, 5, 5, 5, 5, 5, 5, 5, 5, 5, 5, 5, 5, 5, 5, 5, 5, 5, 5, 5, 5, 5, 5, 5, 5, 5, 5, 5, 5, 5, 5, 5, 5, 5, 5, 5, 5, 5, 5, 5, 5, 5, 5, 5, 5, 5, 5, 5, 5, 5, 5, 5, 5, 5, 5, 5, 5, 5, 5, 5, 5, 5, 5, 5, 5, 5, 5, 5, 5, 5, 5, 5, 5, 5, 5, 5, 5, 5, 5], "b_turds_left": [5, 5, 5, 5, 5, 5, 5, 5, 5, 5, 5, 5, 5, 5, 5, 5, 5, 5, 5, 5, 5, 5, 5, 5, 5, 5, 5, 5, 5, 5, 5, 5, 5, 5, 5, 5, 5, 5, 5, 5, 5, 5, 5, 5, 5, 5, 5, 5, 5, 5, 5, 5, 5, 5, 5, 5, 5, 5, 5, 5, 5, 5, 5, 5, 5, 5, 5, 5, 5, 5, 5, 5, 5, 5, 5, 5, 5, 5, 5, 5], "a_time_left": [359.99643558403477, 359.99643558403477, 359.9946965840645, 359.9946965840645, 359.9914872921072, 359.9914872921072, 359.9897310840897, 359.9897310840897, 359.9879307510564, 359.9879307510564, 359.98728971002856, 359.98728971002856, 359.9868810430635, 359.9868810430635, 359.9865814180812, 359.9865814180812, 359.9861488760798, 359.9861488760798, 359.98587729304563, 359.98587729304563, 359.98474141804036, 359.98474141804036, 359.98414429306285, 359.98414429306285, 359.98306491808034, 359.98306491808034, 359.98249054304324, 359.98249054304324, 359.9814405430225, 359.9814405430225, 359.98086395900464, 359.98086395900464, 359.9797734590247, 359.9797734590247, 359.97959379205713, 359.97959379205713, 359.9795070840628, 359.9795070840628, 359.9794062920846, 359.9794062920846, 359.97931787505513, 359.97931787505513, 359.9792183750542, 359.9792183750542, 359.97913337510545, 359.97913337510545, 359.97904750012094, 359.97904750012094, 359.9789622911485, 359.9789622911485, 359.97886258212384, 359.97886258212384, 359.97878333210247, 359.97878333210247, 359.9787019150681, 359.9787019150681, 359.97862904006615, 359.97862904006615, 359.97853562404634, 359.97853562404634, 359.97846433205996, 359.97846433205996, 359.97833374806214, 359.97833374806214, 359.97824499802664, 359.97824499802664, 359.97817433200544, 359.97817433200544, 359.9781050820602, 359.9781050820602, 359.9780049570254, 359.9780049570254, 359.9778327490203, 359.9778327490203, 359.9777497080504, 359.9777497080504, 359.9776337490184, 359.9776337490184, 359.97745654103346, 359.97745654103346], "b_time_left": [360, 359.99653137498535, 359.99653137498535, 359.9947657089797, 359.9947657089797, 359.99151350097964, 359.99151350097964, 359.99026666797, 359.99026666797, 359.9883215429727, 359.9883215429727, 359.9870617099805, 359.9870617099805, 359.9859618759365, 359.9859618759365, 359.985808583966, 359.985808583966, 359.98571166797774, 359.98571166797774, 359.9856022929889, 359.9856022929889, 359.98551170999417, 359.98551170999417, 359.98541033500805, 359.98541033500805, 359.98531187704066, 359.98531187704066, 359.9851953770267, 359.9851953770267, 359.9850841690204, 359.9850841690204, 359.9849566689809, 359.9849566689809, 359.98485358594917, 359.98485358594917, 359.9847392519587, 359.9847392519587, 359.98460737697314, 359.98460737697314, 359.9844722939306, 359.9844722939306, 359.98437137692235, 359.98437137692235, 359.9842580849072, 359.9842580849072, 359.9841504598735, 359.9841504598735, 359.9840262098587, 359.9840262098587, 359.9839305008645, 359.9839305008645, 359.983831792837, 359.983831792837, 359.983725625847, 359.983725625847, 359.98362491786247, 359.98362491786247, 359.98351745982654, 359.98351745982654, 359.98341537680244, 359.98341537680244, 359.98330291884486, 359.98330291884486, 359.9832161688828, 359.9832161688828, 359.9831063359161, 359.9831063359161, 359.9830212519155, 359.9830212519155, 359.9829135859036, 359.9829135859036, 359.98281987791415, 359.98281987791415, 359.98271421092795, 359.98271421092795, 359.98263587791007, 359.98263587791007, 359.9825276688789, 359.9825276688789, 359.98244866885943], "a_moves_left": [39, 39, 38, 38, 37, 37, 36, 36, 35, 35, 34, 34, 33, 33, 32, 32, 31, 31, 30, 30, 29, 29, 28, 28, 27, 27, 26, 26, 25, 25, 24, 24, 23, 23, 22, 22, 21, 21, 20, 20, 19, 19, 18, 18, 17, 17, 16, 16, 15, 15, 14, 14, 13, 13, 12, 12, 11, 11, 10, 10, 9, 9, 8, 8, 7, 7, 6, 6, 5, 5, 4, 4, 3, 3, 2, 2, 1, 1, 0, 0], "b_moves_left": [40, 39, 39, 38, 38, 37, 37, 36, 36, 35, 35, 34, 34, 33, 33, 32, 32, 31, 31, 30, 30, 29, 29, 28, 28, 27, 27, 26, 26, 25, 25, 24, 24, 23, 23, 22, 22, 21, 21, 20, 20, 19, 19, 18, 18, 17, 17, 16, 16, 15, 15, 14, 14, 13, 13, 12, 12, 11, 11, 10, 10, 9, 9, 8, 8, 7, 7, 6, 6, 5, 5, 4, 4, 3, 3, 2, 2, 1, 1, 0], "trapdoor_triggered": [0, 0, 0, 0, 0, 0, 0, 0, 0, 0, 1, 0, 0, 0, 0, 0, 0, 0, 0, 0, 0, 1, 0, 0, 0, 0, 0, 0, 0, 0, 0, 0, 1, 0, 0, 0, 0, 0, 0, 0, 0, 0, 0, 0, 0, 0, 0, 0, 0, 0, 0, 0, 0, 0, 0, 0, 0, 0, 0, 0, 0, 0, 1, 0, 0, 0, 0, 0, 0, 0, 0, 0, 0, 0, 0, 0, 0, 0, 0, 0], "left_behind": ["egg", "egg", "plain", "plain", "egg", "egg", "plain", "plain", "egg", "egg", "plain", "plain", "plain", "egg", "plain", "plain", "egg", "egg", "plain", "plain", "egg", "plain", "plain", "plain", "egg", "plain", "plain", "egg", "egg", "plain", "plain", "egg", "egg", "plain", "plain", "egg", "plain", "plain", "egg", "egg", "plain", "plain", "egg", "egg", "plain", "plain", "egg", "egg", "plain", "plain", "egg", "egg", "plain", "plain", "egg", "egg", "plain", "plain", "egg", "egg", "plain", "plain", "egg", "egg", "plain", "plain", "plain", "egg", "plain", "plain", "plain", "egg", "plain", "plain", "plain", "plain", "plain", "plain", "plain", "plain"], "errlog_a": "", "errlog_b": "", "start_time": 360, "start_moves": 40, "turn_count": 80, "result": 1, "reason": "EGGS_LAID", "trapdoors": [[4, 2], [5, 4]], "spawn_a": [7, 1], "spawn_b": [0, 1]}