{"pos": [[1, 4], [7, 3], [1, 3], [6, 3], [1, 2], [6, 4], [2, 2], [6, 5], [2, 3], [7, 5], [3, 3], [7, 6], [3, 2], [6, 6], [4, 2], [5, 6], [4, 1], [5, 7], [5, 1], [6, 7], [5, 0], [7, 7], [6, 0], [7, 6], [6, 1], [7, 5], [6, 2], [7, 4], [7, 2], [6, 4], [7, 1], [6, 3], [7, 0], [5, 3], [7, 1], [5, 2], [7, 0], [5, 3], [6, 0], [5, 4], [6, 1], [5, 5], [6, 2], [5, 4], [7, 2], [4, 4], [7, 3], [4, 3], [7, 2], [4, 4], [7, 3], [4, 3], [7, 2], [4, 4], [7, 1], [3, 4], [7, 0], [3, 5], [6, 0], [3, 6], [5, 0], [3, 7], [4, 0], [4, 7], [3, 0], [4, 6], [3, 1], [5, 6], [2, 1], [5, 5], [2, 0], [6, 5], [1, 0], [5, 5], [1, 1], [5, 4], [0, 1], [4, 4], [0, 0], [3, 4]], "a_eggs_laid": [1, 1, 1, 1, 2, 2, 2, 2, 3, 3, 3, 3, 4, 4, 4, 4, 5, 5, 5, 5, 6, 6, 6, 6, 7, 7, 7, 7, 8, 8, 8, 8, 9, 9, 9, 9, 9, 9, 9, 9, 9, 9, 9, 9, 9, 9, 9, 9, 10, 10, 10, 10, 10, 10, 10, 10, 10, 10, 10, 10, 10, 10, 10, 10, 11, 11, 11, 11, 12, 12, 12, 12, 13, 13, 13, 13, 14, 14, 14, 14], "b_eggs_laid": [0, 1, 1, 1, 1, 2, 2, 2, 2, 3, 3, 3, 3, 4, 4, 4, 4, 5, 5, 5, 5, 6, 6, 6, 6, 6, 6, 6, 6, 6, 6, 6, 6, 6, 6, 6, 6, 7, 7, 7, 7, 8, 8, 8, 8, 8, 8, 8, 8, 9, 9, 9, 9, 9, 9, 9, 9, 10, 10, 10, 10, 11, 11, 11, 11, 12, 12, 12, 12, 12, 12, 12, 12, 12, 12, 12, 12, 12, 12, 12], "a_turds_left": [5, 5, 4, 4, 4, 4, 3, 3, 3, 3, 2, 2, 2, 2, 1, 1, 1, 1, 0, 0, 0, 0, 0, 0, 0, 0, 0, 0, 0, 0, 0, 0, 0, 0, 0, 0, 0, 0, 0, 0, 0, 0, 0, 0, 0, 0, 0, 0, 0, 0, 0, 0, 0, 0, 0, 0, 0, 0, 0, 0, 0, 0, 0, 0, 0, 0, 0, 0, 0, 0, 0, 0, 0, 0, 0, 0, 0, 0, 0, 0], "b_turds_left": [5, 5, 5, 5, 5, 5, 5, 5, 5, 5, 5, 5, 5, 5, 5, 5, 5, 5, 5, 5, 5, 5, 5, 5, 5, 5, 5, 5, 5, 5, 5, 5, 5, 5, 5, 5, 5, 5, 5, 5, 5, 5, 5, 5, 5, 5, 5, 5, 5, 5, 5, 5, 5, 5, 5, 5, 5, 5, 5, 5, 5, 5, 5, 5, 5, 5, 5, 5, 5, 5, 5, 5, 5, 5, 5, 5, 5, 5, 5, 5], "a_time_left": [359.99679549998837, 359.99679549998837, 359.99498141597724, 359.99498141597724, 359.9923160409671, 359.9923160409671, 359.99059883196605, 359.99059883196605, 359.9893998739426, 359.9893998739426, 359.9878830819507, 359.9878830819507, 359.98579362395685, 359.98579362395685, 359.98417887394316, 359.98417887394316, 359.9820364989573, 359.9820364989573, 359.98058816592675, 359.98058816592675, 359.980073332903, 359.980073332903, 359.9798969159019, 359.9798969159019, 359.9796340409084, 359.9796340409084, 359.9794467909378, 359.9794467909378, 359.9793546659639, 359.9793546659639, 359.97928054095246, 359.97928054095246, 359.9791962909512, 359.9791962909512, 359.9791240829509, 359.9791240829509, 359.9790519999806, 359.9790519999806, 359.9789922089549, 359.9789922089549, 359.9789220839157, 359.9789220839157, 359.97885279287584, 359.97885279287584, 359.9787886678823, 359.9787886678823, 359.97872487589484, 359.97872487589484, 359.97866062587127, 359.97866062587127, 359.97856666787993, 359.97856666787993, 359.9785066258628, 359.9785066258628, 359.97844091785373, 359.97844091785373, 359.9783734588418, 359.9783734588418, 359.9783135417965, 359.9783135417965, 359.97824516682886, 359.97824516682886, 359.97818125085905, 359.97818125085905, 359.9780984168756, 359.9780984168756, 359.97803837485844, 359.97803837485844, 359.97795399982715, 359.97795399982715, 359.9778881248203, 359.9778881248203, 359.9778118748218, 359.9778118748218, 359.97775012481725, 359.97775012481725, 359.977663166821, 359.977663166821, 359.97760650079, 359.97760650079], "b_time_left": [360, 359.99660783295985, 359.99660783295985, 359.99504412396345, 359.99504412396345, 359.9920844989829, 359.9920844989829, 359.9901036239462, 359.9901036239462, 359.9872873739805, 359.9872873739805, 359.9857949159923, 359.9857949159923, 359.98372241598554, 359.98372241598554, 359.9818662069738, 359.9818662069738, 359.979262748966, 359.979262748966, 359.9791393739288, 359.9791393739288, 359.97903295693686, 359.97903295693686, 359.9789510819246, 359.9789510819246, 359.97885399794905, 359.97885399794905, 359.97848766396055, 359.97848766396055, 359.97833695594454, 359.97833695594454, 359.9777470389963, 359.9777470389963, 359.97755024698563, 359.97755024698563, 359.97745166299865, 359.97745166299865, 359.97737587202573, 359.97737587202573, 359.97679591405904, 359.97679591405904, 359.97667816409376, 359.97667816409376, 359.97658016410423, 359.97658016410423, 359.9763388730935, 359.9763388730935, 359.9762453311123, 359.9762453311123, 359.97615937312366, 359.97615937312366, 359.97567445610184, 359.97567445610184, 359.97555495612323, 359.97555495612323, 359.97507999814115, 359.97507999814115, 359.9749901650939, 359.9749901650939, 359.97490241512423, 359.97490241512423, 359.97477699816227, 359.97477699816227, 359.97470533120213, 359.97470533120213, 359.97461420623586, 359.97461420623586, 359.9745311222505, 359.9745311222505, 359.97437678824645, 359.97437678824645, 359.97396737127565, 359.97396737127565, 359.973850246286, 359.973850246286, 359.973436662287, 359.973436662287, 359.97328695328906, 359.97328695328906, 359.9728798283031], "a_moves_left": [39, 39, 38, 38, 37, 37, 36, 36, 35, 35, 34, 34, 33, 33, 32, 32, 31, 31, 30, 30, 29, 29, 28, 28, 27, 27, 26, 26, 25, 25, 24, 24, 23, 23, 22, 22, 21, 21, 20, 20, 19, 19, 18, 18, 17, 17, 16, 16, 15, 15, 14, 14, 13, 13, 12, 12, 11, 11, 10, 10, 9, 9, 8, 8, 7, 7, 6, 6, 5, 5, 4, 4, 3, 3, 2, 2, 1, 1, 0, 0], "b_moves_left": [40, 39, 39, 38, 38, 37, 37, 36, 36, 35, 35, 34, 34, 33, 33, 32, 32, 31, 31, 30, 30, 29, 29, 28, 28, 27, 27, 26, 26, 25, 25, 24, 24, 23, 23, 22, 22, 21, 21, 20, 20, 19, 19, 18, 18, 17, 17, 16, 16, 15, 15, 14, 14, 13, 13, 12, 12, 11, 11, 10, 10, 9, 9, 8, 8, 7, 7, 6, 6, 5, 5, 4, 4, 3, 3, 2, 2, 1, 1, 0], "trapdoor_triggered": [0, 0, 0, 0, 0, 0, 0, 0, 0, 0, 0, 0, 0, 0, 0, 0, 0, 0, 0, 0, 0, 0, 0, 0, 0, 0, 0, 0, 0, 0, 0, 0, 0, 0, 0, 0, 0, 0, 0, 0, 0, 0, 0, 0, 0, 0, 0, 0, 0, 0, 0, 0, 0, 0, 0, 0, 0, 0, 0, 0, 0, 0, 0, 0, 0, 0, 0, 0, 0, 0, 0, 0, 0, 0, 0, 0, 0, 0, 0, 0], "left_behind": ["egg", "egg", "turd", "plain", "egg", "egg", "turd", "plain", "egg", "egg", "turd", "plain", "egg", "egg", "turd", "plain", "egg", "egg", "turd", "plain", "egg", "egg", "plain", "plain", "egg", "plain", "plain", "plain", "egg", "plain", "plain", "plain", "egg", "plain", "plain", "plain", "plain", "egg", "plain", "plain", "plain", "egg", "plain", "plain", "plain", "plain", "plain", "plain", "egg", "egg", "plain", "plain", "plain", "plain", "plain", "plain", "plain", "egg", "plain", "plain", "plain", "egg", "plain", "plain", "egg", "egg", "plain", "plain", "egg", "plain", "plain", "plain", "egg", "plain", "plain", "plain", "egg", "plain", "plain", "plain"], "errlog_a": "", "errlog_b": "", "start_time": 360, "start_moves": 40, "turn_count": 80, "result": 0, "reason": "EGGS_LAID", "trapdoors": [[2, 4], [4, 5]], "spawn_a": [0, 4], "spawn_b": [7, 4]}