{"pos": [[6, 3], [1, 3], [6, 2], [1, 2], [6, 1], [0, 2], [6, 0], [0, 1], [7, 0], [1, 1], [7, 1], [1, 0], [7, 2], [0, 0], [6, 2], [1, 0], [5, 2], [2, 0], [5, 1], [3, 0], [4, 1], [3, 1], [4, 0], [4, 1], [5, 0], [3, 1], [5, 1], [4, 1], [5, 2], [3, 1], [5, 3], [3, 0], [5, 4], [2, 0], [6, 4], [2, 1], [6, 5], [2, 2], [6, 6], [2, 3], [5, 6], [3, 3], [5, 5], [4, 3], [4, 5], [4, 4], [4, 6], [4, 5], [3, 6], [3, 5], [2, 6], [3, 6], [2, 5], [3, 7], [3, 5], [4, 7], [3, 4], [5, 7], [4, 4], [5, 6], [5, 4], [5, 7], [5, 5], [6, 7], [6, 5], [7, 7], [7, 5], [7, 6], [7, 4], [7, 7], [7, 5], [7, 6], [7, 4], [7, 7], [6, 4], [6, 7], [6, 3], [5, 7], [5, 3], [5, 6]], "a_eggs_laid": [1, 1, 1, 1, 2, 2, 2, 2, 3, 3, 3, 3, 4, 4, 4, 4, 4, 4, 4, 4, 5, 5, 5, 5, 6, 6, 6, 6, 6, 6, 6, 6, 7, 7, 7, 7, 8, 8, 8, 8, 9, 9, 9, 9, 10, 10, 10, 10, 11, 11, 11, 11, 12, 12, 12, 12, 13, 13, 13, 13, 14, 14, 14, 14, 14, 14, 14, 14, 15, 15, 15, 15, 15, 15, 15, 15, 15, 15, 15, 15], "b_eggs_laid": [0, 1, 1, 1, 1, 2, 2, 2, 2, 3, 3, 3, 3, 4, 4, 4, 4, 4, 4, 4, 4, 5, 5, 5, 5, 6, 6, 6, 6, 6, 6, 6, 6, 6, 6, 6, 6, 7, 7, 7, 7, 8, 8, 8, 8, 9, 9, 9, 9, 10, 10, 10, 10, 11, 11, 11, 11, 12, 12, 12, 12, 13, 13, 13, 13, 14, 14, 14, 14, 15, 15, 15, 15, 15, 15, 15, 15, 15, 15, 15], "a_turds_left": [5, 5, 5, 5, 5, 5, 5, 5, 5, 5, 5, 5, 5, 5, 5, 5, 5, 5, 5, 5, 5, 5, 5, 5, 5, 5, 5, 5, 5, 5, 5, 5, 5, 5, 5, 5, 5, 5, 5, 5, 5, 5, 5, 5, 5, 5, 5, 5, 5, 5, 5, 5, 5, 5, 5, 5, 5, 5, 5, 5, 5, 5, 5, 5, 5, 5, 5, 5, 5, 5, 5, 5, 5, 5, 5, 5, 5, 5, 5, 5], "b_turds_left": [5, 5, 5, 5, 5, 5, 5, 5, 5, 5, 5, 5, 5, 5, 5, 5, 5, 5, 5, 5, 5, 5, 5, 5, 5, 5, 5, 5, 5, 5, 5, 5, 5, 5, 5, 5, 5, 5, 5, 5, 5, 5, 5, 5, 5, 5, 5, 5, 5, 5, 5, 5, 5, 5, 5, 5, 5, 5, 5, 5, 5, 5, 5, 5, 5, 5, 5, 5, 5, 5, 5, 5, 5, 5, 5, 5, 5, 5, 5, 5], "a_time_left": [359.99580724997213, 359.99580724997213, 359.99395333393477, 359.99395333393477, 359.99075387592893, 359.99075387592893, 359.9890568339033, 359.9890568339033, 359.98674033390125, 359.98674033390125, 359.98604774993146, 359.98604774993146, 359.98370499990415, 359.98370499990415, 359.9834494999377, 359.9834494999377, 359.98248266690644, 359.98248266690644, 359.97978783393046, 359.97978783393046, 359.9765356669086, 359.9765356669086, 359.97582429193426, 359.97582429193426, 359.9757264169166, 359.9757264169166, 359.97564537491417, 359.97564537491417, 359.9754853749182, 359.9754853749182, 359.9750747078797, 359.9750747078797, 359.97405674884794, 359.97405674884794, 359.97397258185083, 359.97397258185083, 359.97387133183656, 359.97387133183656, 359.97379203984747, 359.97379203984747, 359.97368874785025, 359.97368874785025, 359.97360541380476, 359.97360541380476, 359.9735121218255, 359.9735121218255, 359.97345087182475, 359.97345087182475, 359.97336674685357, 359.97336674685357, 359.97329670586623, 359.97329670586623, 359.97322270588484, 359.97322270588484, 359.97314141492825, 359.97314141492825, 359.9730677479529, 359.9730677479529, 359.97298695595236, 359.97298695595236, 359.97291466395836, 359.97291466395836, 359.97283316391986, 359.97283316391986, 359.97275412193267, 359.97275412193267, 359.97265124693513, 359.97265124693513, 359.9725859138998, 359.9725859138998, 359.9725108728744, 359.9725108728744, 359.97244195686653, 359.97244195686653, 359.9723521649139, 359.9723521649139, 359.9722666229354, 359.9722666229354, 359.9721794979414, 359.9721794979414], "b_time_left": [360, 359.9965179580031, 359.9965179580031, 359.99475016701035, 359.99475016701035, 359.99160820798716, 359.99160820798716, 359.9908269579755, 359.9908269579755, 359.98841254098807, 359.98841254098807, 359.9871604159707, 359.9871604159707, 359.98479716596194, 359.98479716596194, 359.98457716597477, 359.98457716597477, 359.98434158193413, 359.98434158193413, 359.9840739989304, 359.9840739989304, 359.9837564569316, 359.9837564569316, 359.98362091591116, 359.98362091591116, 359.98351908189943, 359.98351908189943, 359.9834157899022, 359.9834157899022, 359.98334045591764, 359.98334045591764, 359.98325599794043, 359.98325599794043, 359.9831889559282, 359.9831889559282, 359.98311653896235, 359.98311653896235, 359.9830114139477, 359.9830114139477, 359.98292578890687, 359.98292578890687, 359.9828221219359, 359.9828221219359, 359.982739621948, 359.982739621948, 359.98265074694064, 359.98265074694064, 359.98257283092244, 359.98257283092244, 359.98249570594635, 359.98249570594635, 359.98241395596415, 359.98241395596415, 359.982343622949, 359.982343622949, 359.982273122936, 359.982273122936, 359.98219508089824, 359.98219508089824, 359.9821255808929, 359.9821255808929, 359.9820684558945, 359.9820684558945, 359.98199483088683, 359.98199483088683, 359.98192562290933, 359.98192562290933, 359.9818675809074, 359.9818675809074, 359.9818140809075, 359.9818140809075, 359.98175416490994, 359.98175416490994, 359.98170066491, 359.98170066491, 359.98163670592476, 359.98163670592476, 359.98157966492, 359.98157966492, 359.9815062069101], "a_moves_left": [39, 39, 38, 38, 37, 37, 36, 36, 35, 35, 34, 34, 33, 33, 32, 32, 31, 31, 30, 30, 29, 29, 28, 28, 27, 27, 26, 26, 25, 25, 24, 24, 23, 23, 22, 22, 21, 21, 20, 20, 19, 19, 18, 18, 17, 17, 16, 16, 15, 15, 14, 14, 13, 13, 12, 12, 11, 11, 10, 10, 9, 9, 8, 8, 7, 7, 6, 6, 5, 5, 4, 4, 3, 3, 2, 2, 1, 1, 0, 0], "b_moves_left": [40, 39, 39, 38, 38, 37, 37, 36, 36, 35, 35, 34, 34, 33, 33, 32, 32, 31, 31, 30, 30, 29, 29, 28, 28, 27, 27, 26, 26, 25, 25, 24, 24, 23, 23, 22, 22, 21, 21, 20, 20, 19, 19, 18, 18, 17, 17, 16, 16, 15, 15, 14, 14, 13, 13, 12, 12, 11, 11, 10, 10, 9, 9, 8, 8, 7, 7, 6, 6, 5, 5, 4, 4, 3, 3, 2, 2, 1, 1, 0], "trapdoor_triggered": [0, 0, 0, 0, 0, 0, 0, 0, 0, 0, 0, 0, 0, 0, 0, 0, 0, 0, 0, 0, 0, 0, 0, 0, 0, 0, 0, 0, 0, 0, 0, 0, 0, 0, 0, 0, 0, 0, 0, 0, 0, 0, 0, 0, 0, 0, 0, 0, 0, 0, 0, 0, 0, 0, 0, 0, 0, 0, 0, 0, 0, 0, 0, 0, 0, 0, 0, 0, 0, 0, 0, 0, 0, 0, 0, 0, 0, 0, 0, 0], "left_behind": ["egg", "egg", "plain", "plain", "egg", "egg", "plain", "plain", "egg", "egg", "plain", "plain", "egg", "egg", "plain", "plain", "plain", "plain", "plain", "plain", "egg", "egg", "plain", "plain", "egg", "egg", "plain", "plain", "plain", "plain", "plain", "plain", "egg", "plain", "plain", "plain", "egg", "egg", "plain", "plain", "egg", "egg", "plain", "plain", "egg", "egg", "plain", "plain", "egg", "egg", "plain", "plain", "egg", "egg", "plain", "plain", "egg", "egg", "plain", "plain", "egg", "egg", "plain", "plain", "plain", "egg", "plain", "plain", "egg", "egg", "plain", "plain", "plain", "plain", "plain", "plain", "plain", "plain", "plain", "plain"], "errlog_a": "", "errlog_b": "", "start_time": 360, "start_moves": 40, "turn_count": 80, "result": 2, "reason": "EGGS_LAID", "trapdoors": [[4, 2], [3, 2]], "spawn_a": [7, 3], "spawn_b": [0, 3]}