{"pos": [[6, 1], [1, 1], [5, 1], [2, 1], [4, 1], [3, 1], [4, 0], [3, 2], [5, 0], [2, 2], [6, 0], [2, 3], [7, 0], [1, 3], [7, 1], [1, 4], [7, 2], [1, 5], [6, 2], [1, 6], [6, 3], [2, 6], [6, 4], [3, 6], [6, 5], [4, 6], [6, 6], [4, 7], [5, 6], [5, 7], [5, 5], [6, 7], [6, 5], [7, 7], [7, 5], [6, 7], [7, 4], [7, 7], [7, 3], [7, 6], [6, 3], [7, 7], [6, 4], [7, 6], [5, 4], [7, 7], [4, 4], [7, 6], [5, 4], [7, 7], [5, 5], [6, 7], [5, 6], [5, 7], [4, 6], [5, 6], [7, 1], [5, 7], [6, 1], [5, 6], [6, 2], [5, 7], [5, 2], [4, 7], [4, 2], [3, 7], [5, 2], [2, 7], [5, 1], [1, 7], [5, 2], [0, 7], [4, 2], [0, 6], [4, 3], [0, 5], [3, 3], [0, 4], [3, 4], [0, 3]], "a_eggs_laid": [1, 1, 1, 1, 2, 2, 2, 2, 3, 3, 3, 3, 4, 4, 4, 4, 4, 4, 4, 4, 5, 5, 5, 5, 6, 6, 6, 6, 7, 7, 7, 7, 8, 8, 8, 8, 9, 9, 9, 9, 10, 10, 10, 10, 10, 10, 10, 10, 11, 11, 11, 11, 11, 11, 11, 11, 12, 12, 12, 12, 12, 12, 12, 12, 12, 12, 13, 13, 13, 13, 13, 13, 13, 13, 13, 13, 13, 13, 14, 14], "b_eggs_laid": [0, 1, 1, 1, 1, 2, 2, 2, 2, 3, 3, 3, 3, 4, 4, 4, 4, 5, 5, 5, 5, 6, 6, 6, 6, 7, 7, 7, 7, 8, 8, 8, 8, 9, 9, 9, 9, 9, 9, 9, 9, 10, 10, 10, 10, 10, 10, 10, 10, 10, 10, 10, 10, 10, 10, 10, 10, 15, 15, 15, 15, 15, 15, 15, 15, 15, 15, 15, 15, 16, 16, 16, 16, 19, 19, 19, 19, 20, 20, 20], "a_turds_left": [5, 5, 5, 5, 5, 5, 5, 5, 5, 5, 5, 5, 5, 5, 5, 5, 5, 5, 5, 5, 5, 5, 5, 5, 5, 5, 5, 5, 5, 5, 5, 5, 5, 5, 5, 5, 5, 5, 5, 5, 5, 5, 5, 5, 5, 5, 5, 5, 5, 5, 5, 5, 5, 5, 5, 5, 5, 5, 5, 5, 5, 5, 5, 5, 5, 5, 5, 5, 5, 5, 5, 5, 5, 5, 5, 5, 5, 5, 5, 5], "b_turds_left": [5, 5, 5, 4, 4, 4, 4, 3, 3, 3, 3, 2, 2, 2, 2, 1, 1, 1, 1, 0, 0, 0, 0, 0, 0, 0, 0, 0, 0, 0, 0, 0, 0, 0, 0, 0, 0, 0, 0, 0, 0, 0, 0, 0, 0, 0, 0, 0, 0, 0, 0, 0, 0, 0, 0, 0, 0, 0, 0, 0, 0, 0, 0, 0, 0, 0, 0, 0, 0, 0, 0, 0, 0, 0, 0, 0, 0, 0, 0, 0], "a_time_left": [359.9963636670145, 359.9963636670145, 359.994632667047, 359.994632667047, 359.9914689170546, 359.9914689170546, 359.9906931250589, 359.9906931250589, 359.98968962504296, 359.98968962504296, 359.9888341660262, 359.9888341660262, 359.9879214570392, 359.9879214570392, 359.98764804005623, 359.98764804005623, 359.9873495810316, 359.9873495810316, 359.9869442890631, 359.9869442890631, 359.9859109140816, 359.9859109140816, 359.98533328907797, 359.98533328907797, 359.9843009560718, 359.9843009560718, 359.9837315810728, 359.9837315810728, 359.9828527470818, 359.9828527470818, 359.98277666408103, 359.98277666408103, 359.98265812307363, 359.98265812307363, 359.9824348730617, 359.9824348730617, 359.98234737303574, 359.98234737303574, 359.9822733310284, 359.9822733310284, 359.9821828730637, 359.9821828730637, 359.9820057480247, 359.9820057480247, 359.98183274798794, 359.98183274798794, 359.9817461229977, 359.9817461229977, 359.98163878999185, 359.98163878999185, 359.9814608730376, 359.9814608730376, 359.98125170602, 359.98125170602, 359.98114274803083, 359.98114274803083, 359.98108866403345, 359.98108866403345, 359.98099874705076, 359.98099874705076, 359.98091337207006, 359.98091337207006, 359.9807665810804, 359.9807665810804, 359.9806845810963, 359.9806845810963, 359.9806084561278, 359.9806084561278, 359.9804584151134, 359.9804584151134, 359.9803443311248, 359.9803443311248, 359.980198331119, 359.980198331119, 359.9800746641122, 359.9800746641122, 359.9799903311068, 359.9799903311068, 359.9799169980688, 359.9799169980688], "b_time_left": [360, 359.99710283300374, 359.99710283300374, 359.9954567499808, 359.9954567499808, 359.9902227499988, 359.9902227499988, 359.9887913329876, 359.9887913329876, 359.986619791016, 359.986619791016, 359.98600325000007, 359.98600325000007, 359.9841584159876, 359.9841584159876, 359.9835590830189, 359.9835590830189, 359.982773500029, 359.982773500029, 359.98223145806696, 359.98223145806696, 359.981730291096, 359.981730291096, 359.98146354110213, 359.98146354110213, 359.9810141241178, 359.9810141241178, 359.98077633214416, 359.98077633214416, 359.9806999571738, 359.9806999571738, 359.98063195717987, 359.98063195717987, 359.98056658217683, 359.98056658217683, 359.9805076661869, 359.9805076661869, 359.9804503332125, 359.9804503332125, 359.9803946672473, 359.9803946672473, 359.98033800022677, 359.98033800022677, 359.9802809172543, 359.9802809172543, 359.98022741725435, 359.98022741725435, 359.98017475026427, 359.98017475026427, 359.9801221253001, 359.9801221253001, 359.9800650003017, 359.9800650003017, 359.9800088752527, 359.9800088752527, 359.9799525832059, 359.9799525832059, 359.9798962501809, 359.9798962501809, 359.9798425421468, 359.9798425421468, 359.97979145811405, 359.97979145811405, 359.97973154106876, 359.97973154106876, 359.9796733330586, 359.9796733330586, 359.97962070803624, 359.97962070803624, 359.97954287403263, 359.97954287403263, 359.9794853319763, 359.9794853319763, 359.9794202490011, 359.9794202490011, 359.97936345700873, 359.97936345700873, 359.9792918320163, 359.9792918320163, 359.97923266503494], "a_moves_left": [39, 39, 38, 38, 37, 37, 36, 36, 35, 35, 34, 34, 33, 33, 32, 32, 31, 31, 30, 30, 29, 29, 28, 28, 27, 27, 26, 26, 25, 25, 24, 24, 23, 23, 22, 22, 21, 21, 20, 20, 19, 19, 18, 18, 17, 17, 16, 16, 15, 15, 14, 14, 13, 13, 12, 12, 11, 11, 10, 10, 9, 9, 8, 8, 7, 7, 6, 6, 5, 5, 4, 4, 3, 3, 2, 2, 1, 1, 0, 0], "b_moves_left": [40, 39, 39, 38, 38, 37, 37, 36, 36, 35, 35, 34, 34, 33, 33, 32, 32, 31, 31, 30, 30, 29, 29, 28, 28, 27, 27, 26, 26, 25, 25, 24, 24, 23, 23, 22, 22, 21, 21, 20, 20, 19, 19, 18, 18, 17, 17, 16, 16, 15, 15, 14, 14, 13, 13, 12, 12, 11, 11, 10, 10, 9, 9, 8, 8, 7, 7, 6, 6, 5, 5, 4, 4, 3, 3, 2, 2, 1, 1, 0], "trapdoor_triggered": [0, 0, 0, 0, 0, 0, 0, 0, 0, 0, 0, 0, 0, 0, 0, 0, 0, 0, 0, 0, 0, 0, 0, 0, 0, 0, 0, 0, 0, 0, 0, 0, 0, 0, 0, 0, 0, 0, 0, 0, 0, 0, 0, 0, 0, 0, 0, 0, 0, 0, 0, 0, 0, 0, 0, 0, 1, 0, 0, 0, 0, 0, 0, 0, 0, 0, 0, 0, 0, 0, 0, 0, 0, 0, 0, 0, 0, 0, 0, 0], "left_behind": ["egg", "egg", "plain", "turd", "egg", "egg", "plain", "turd", "egg", "egg", "plain", "turd", "egg", "egg", "plain", "turd", "plain", "egg", "plain", "turd", "egg", "egg", "plain", "plain", "egg", "egg", "plain", "plain", "egg", "egg", "plain", "plain", "egg", "egg", "plain", "plain", "egg", "plain", "plain", "plain", "egg", "egg", "plain", "plain", "plain", "plain", "plain", "plain", "egg", "plain", "plain", "plain", "plain", "plain", "plain", "plain", "egg", "egg", "plain", "plain", "plain", "plain", "plain", "plain", "plain", "plain", "egg", "plain", "plain", "egg", "plain", "plain", "plain", "egg", "plain", "plain", "plain", "egg", "egg", "plain"], "errlog_a": "", "errlog_b": "", "start_time": 360, "start_moves": 40, "turn_count": 80, "result": 1, "reason": "EGGS_LAID", "trapdoors": [[5, 3], [4, 5]], "spawn_a": [7, 1], "spawn_b": [0, 1]}