{"pos": [[0, 5], [6, 6], [1, 5], [6, 5], [1, 6], [7, 5], [2, 6], [7, 4], [2, 7], [6, 4], [1, 7], [6, 3], [0, 7], [7, 3], [0, 6], [7, 2], [0, 5], [6, 2], [0, 4], [6, 1], [1, 4], [7, 1], [1, 3], [7, 0], [0, 3], [6, 0], [0, 2], [5, 0], [1, 2], [5, 1], [1, 1], [4, 1], [0, 1], [5, 1], [0, 0], [5, 2], [1, 0], [5, 3], [2, 0], [5, 4], [2, 1], [5, 5], [3, 1], [5, 6], [3, 0], [4, 6], [4, 0], [3, 6], [3, 0], [3, 5], [3, 1], [2, 5], [3, 2], [2, 4], [3, 3], [2, 3], [3, 2], [2, 4], [3, 3], [1, 4], [3, 2], [2, 4], [3, 3], [2, 3], [3, 4], [2, 4], [4, 4], [2, 5], [4, 5], [3, 5], [5, 5], [3, 4], [4, 5], [3, 5], [4, 6], [3, 6], [4, 7], [3, 7], [5, 7], [4, 7]], "a_eggs_laid": [1, 1, 1, 1, 2, 2, 2, 2, 3, 3, 3, 3, 4, 4, 4, 4, 4, 4, 4, 4, 5, 5, 5, 5, 6, 6, 6, 6, 7, 7, 7, 7, 8, 8, 8, 8, 11, 11, 11, 11, 12, 12, 12, 12, 13, 13, 13, 13, 14, 14, 14, 14, 14, 14, 14, 14, 15, 15, 15, 15, 15, 15, 15, 15, 15, 15, 15, 15, 16, 16, 16, 16, 17, 17, 17, 17, 18, 18, 18, 18], "b_eggs_laid": [0, 1, 1, 1, 1, 2, 2, 2, 2, 3, 3, 3, 3, 4, 4, 4, 4, 5, 5, 5, 5, 6, 6, 6, 6, 9, 9, 9, 9, 10, 10, 10, 10, 11, 11, 11, 11, 12, 12, 12, 12, 13, 13, 13, 13, 14, 14, 14, 14, 15, 15, 15, 15, 16, 16, 16, 16, 17, 17, 17, 17, 18, 18, 18, 18, 18, 18, 18, 18, 18, 18, 18, 18, 19, 19, 19, 19, 19, 19, 19], "a_turds_left": [5, 5, 5, 5, 5, 5, 5, 5, 5, 5, 5, 5, 5, 5, 5, 5, 5, 5, 5, 5, 5, 5, 5, 5, 5, 5, 5, 5, 5, 5, 5, 5, 5, 5, 5, 5, 5, 5, 5, 5, 5, 5, 5, 5, 5, 5, 5, 5, 5, 5, 5, 5, 5, 5, 4, 4, 4, 4, 4, 4, 4, 4, 4, 4, 4, 4, 4, 4, 4, 4, 4, 4, 4, 4, 4, 4, 4, 4, 4, 4], "b_turds_left": [5, 5, 5, 5, 5, 5, 5, 5, 5, 5, 5, 5, 5, 5, 5, 5, 5, 5, 5, 5, 5, 5, 5, 5, 5, 5, 5, 5, 5, 5, 5, 5, 5, 5, 5, 5, 5, 5, 5, 5, 5, 5, 5, 5, 5, 5, 5, 5, 5, 5, 5, 5, 5, 5, 5, 5, 5, 5, 5, 5, 5, 5, 5, 5, 5, 5, 5, 5, 5, 5, 5, 5, 5, 5, 5, 5, 5, 5, 5, 5], "a_time_left": [359.996374209004, 359.996374209004, 359.99478700000327, 359.99478700000327, 359.99187224998605, 359.99187224998605, 359.9900111249299, 359.9900111249299, 359.9871951669338, 359.9871951669338, 359.9866029579425, 359.9866029579425, 359.9857894999441, 359.9857894999441, 359.9853919999441, 359.9853919999441, 359.98519808391575, 359.98519808391575, 359.98466087592533, 359.98466087592533, 359.983925208915, 359.983925208915, 359.983811791928, 359.983811791928, 359.98368249990745, 359.98368249990745, 359.9835817089188, 359.9835817089188, 359.98346716794185, 359.98346716794185, 359.9833581268904, 359.9833581268904, 359.98322837689193, 359.98322837689193, 359.9831304178806, 359.9831304178806, 359.9830296258442, 359.9830296258442, 359.9829388758517, 359.9829388758517, 359.9828265008982, 359.9828265008982, 359.9827222088934, 359.9827222088934, 359.9826221668627, 359.9826221668627, 359.98253954184474, 359.98253954184474, 359.9824698748416, 359.9824698748416, 359.98212208389305, 359.98212208389305, 359.98192404187284, 359.98192404187284, 359.9818349168636, 359.9818349168636, 359.9817504998646, 359.9817504998646, 359.9815824998659, 359.9815824998659, 359.98137045884505, 359.98137045884505, 359.9812050428591, 359.9812050428591, 359.9810015008552, 359.9810015008552, 359.98093891784083, 359.98093891784083, 359.9808518757927, 359.9808518757927, 359.98079116782174, 359.98079116782174, 359.98072904278524, 359.98072904278524, 359.9805906257825, 359.9805906257825, 359.9805240838323, 359.9805240838323, 359.98047150083585, 359.98047150083585], "b_time_left": [360, 359.99666554201394, 359.99666554201394, 359.9947243339848, 359.9947243339848, 359.99157133401604, 359.99157133401604, 359.9907482920098, 359.9907482920098, 359.98823837499367, 359.98823837499367, 359.98692554200534, 359.98692554200534, 359.98566216701875, 359.98566216701875, 359.9855442500557, 359.9855442500557, 359.9854187920573, 359.9854187920573, 359.98530304210726, 359.98530304210726, 359.9851452501025, 359.9851452501025, 359.98502929112874, 359.98502929112874, 359.98492241615895, 359.98492241615895, 359.9848167911405, 359.9848167911405, 359.98469341610326, 359.98469341610326, 359.9845795411384, 359.9845795411384, 359.9844593331218, 359.9844593331218, 359.9843587911455, 359.9843587911455, 359.98424429114675, 359.98424429114675, 359.9841472491389, 359.9841472491389, 359.98403720813803, 359.98403720813803, 359.9839496661443, 359.9839496661443, 359.98384545813315, 359.98384545813315, 359.98375874909107, 359.98375874909107, 359.98367045709165, 359.98367045709165, 359.98358579009073, 359.98358579009073, 359.98351304011885, 359.98351304011885, 359.9834337491193, 359.9834337491193, 359.9833740820759, 359.9833740820759, 359.9832831240492, 359.9832831240492, 359.9832194990595, 359.9832194990595, 359.9831365820719, 359.9831365820719, 359.98308283207007, 359.98308283207007, 359.983003332105, 359.983003332105, 359.9829440820613, 359.9829440820613, 359.9828631240525, 359.9828631240525, 359.98278724902775, 359.98278724902775, 359.98270474903984, 359.98270474903984, 359.98264645802556, 359.98264645802556, 359.9825768750161], "a_moves_left": [39, 39, 38, 38, 37, 37, 36, 36, 35, 35, 34, 34, 33, 33, 32, 32, 31, 31, 30, 30, 29, 29, 28, 28, 27, 27, 26, 26, 25, 25, 24, 24, 23, 23, 22, 22, 21, 21, 20, 20, 19, 19, 18, 18, 17, 17, 16, 16, 15, 15, 14, 14, 13, 13, 12, 12, 11, 11, 10, 10, 9, 9, 8, 8, 7, 7, 6, 6, 5, 5, 4, 4, 3, 3, 2, 2, 1, 1, 0, 0], "b_moves_left": [40, 39, 39, 38, 38, 37, 37, 36, 36, 35, 35, 34, 34, 33, 33, 32, 32, 31, 31, 30, 30, 29, 29, 28, 28, 27, 27, 26, 26, 25, 25, 24, 24, 23, 23, 22, 22, 21, 21, 20, 20, 19, 19, 18, 18, 17, 17, 16, 16, 15, 15, 14, 14, 13, 13, 12, 12, 11, 11, 10, 10, 9, 9, 8, 8, 7, 7, 6, 6, 5, 5, 4, 4, 3, 3, 2, 2, 1, 1, 0], "trapdoor_triggered": [0, 0, 0, 0, 0, 0, 0, 0, 0, 0, 0, 0, 0, 0, 0, 0, 0, 0, 0, 0, 0, 0, 0, 0, 0, 0, 0, 0, 0, 0, 0, 0, 0, 0, 0, 0, 0, 0, 0, 0, 0, 0, 0, 0, 0, 0, 0, 0, 0, 0, 0, 0, 0, 0, 0, 0, 0, 0, 0, 0, 0, 0, 0, 0, 0, 0, 0, 0, 0, 0, 0, 0, 0, 0, 0, 0, 0, 0, 0, 0], "left_behind": ["egg", "egg", "plain", "plain", "egg", "egg", "plain", "plain", "egg", "egg", "plain", "plain", "egg", "egg", "plain", "plain", "plain", "egg", "plain", "plain", "egg", "egg", "plain", "plain", "egg", "egg", "plain", "plain", "egg", "egg", "plain", "plain", "egg", "egg", "plain", "plain", "egg", "egg", "plain", "plain", "egg", "egg", "plain", "plain", "egg", "egg", "plain", "plain", "egg", "egg", "plain", "plain", "plain", "egg", "turd", "plain", "egg", "egg", "plain", "plain", "plain", "egg", "plain", "plain", "plain", "plain", "plain", "plain", "egg", "plain", "plain", "plain", "egg", "egg", "plain", "plain", "egg", "plain", "plain", "plain"], "errlog_a": "", "errlog_b": "", "start_time": 360, "start_moves": 40, "turn_count": 80, "result": 1, "reason": "EGGS_LAID", "trapdoors": [[4, 2], [4, 3]], "spawn_a": [0, 6], "spawn_b": [7, 6]}