{"pos": [[6, 1], [1, 1], [5, 1], [2, 1], [4, 1], [2, 0], [3, 1], [3, 0], [4, 1], [2, 0], [4, 0], [1, 0], [5, 0], [0, 0], [6, 0], [1, 0], [7, 0], [1, 1], [7, 1], [1, 2], [7, 2], [1, 3], [6, 2], [0, 3], [6, 3], [0, 2], [6, 4], [1, 2], [6, 5], [2, 2], [6, 6], [2, 3], [5, 6], [3, 3], [5, 5], [3, 2], [5, 4], [3, 3], [5, 3], [2, 3], [5, 2], [2, 4], [5, 3], [2, 5], [4, 3], [3, 5], [4, 4], [4, 5], [4, 3], [4, 6], [3, 3], [3, 6], [4, 3], [2, 6], [4, 4], [1, 6], [4, 3], [1, 5], [3, 3], [1, 4], [4, 3], [0, 4], [4, 4], [0, 5], [4, 3], [0, 6], [5, 3], [0, 7], [6, 3], [1, 7], [7, 3], [2, 7], [7, 4], [3, 7], [7, 5], [4, 7], [7, 6], [5, 7], [7, 7], [6, 7]], "a_eggs_laid": [1, 1, 1, 1, 2, 2, 2, 2, 3, 3, 3, 3, 4, 4, 4, 4, 5, 5, 5, 5, 5, 5, 5, 5, 6, 6, 6, 6, 7, 7, 7, 7, 8, 8, 8, 8, 9, 9, 9, 9, 10, 10, 10, 10, 10, 10, 10, 10, 11, 11, 11, 11, 12, 12, 12, 12, 12, 12, 12, 12, 12, 12, 12, 12, 12, 12, 12, 12, 12, 12, 12, 12, 13, 13, 13, 13, 14, 14, 14, 14], "b_eggs_laid": [0, 1, 1, 1, 1, 2, 2, 2, 2, 3, 3, 3, 3, 4, 4, 4, 4, 4, 4, 4, 4, 5, 5, 5, 5, 6, 6, 6, 6, 6, 6, 6, 6, 7, 7, 7, 7, 8, 8, 8, 8, 8, 8, 8, 8, 9, 9, 9, 9, 10, 10, 10, 10, 11, 11, 11, 11, 12, 12, 12, 12, 13, 13, 13, 13, 14, 14, 14, 14, 17, 17, 17, 17, 18, 18, 18, 18, 19, 19, 19], "a_turds_left": [5, 5, 5, 5, 5, 5, 5, 5, 5, 5, 5, 5, 5, 5, 5, 5, 5, 5, 5, 5, 5, 5, 5, 5, 5, 5, 5, 5, 5, 5, 5, 5, 5, 5, 5, 5, 5, 5, 5, 5, 5, 5, 5, 5, 5, 5, 5, 5, 5, 5, 5, 5, 5, 5, 5, 5, 5, 5, 5, 5, 5, 5, 5, 5, 5, 5, 5, 5, 5, 5, 5, 5, 5, 5, 5, 5, 5, 5, 5, 5], "b_turds_left": [5, 5, 5, 5, 5, 5, 5, 5, 5, 5, 5, 5, 5, 5, 5, 5, 5, 5, 5, 5, 5, 5, 5, 5, 5, 5, 5, 5, 5, 5, 5, 5, 5, 5, 5, 5, 5, 5, 5, 5, 5, 5, 5, 5, 5, 5, 5, 5, 5, 5, 5, 5, 5, 5, 5, 5, 5, 5, 5, 5, 5, 5, 5, 5, 5, 5, 5, 5, 5, 5, 5, 5, 5, 5, 5, 5, 5, 5, 5, 5], "a_time_left": [359.9963628340047, 359.9963628340047, 359.99455400102306, 359.99455400102306, 359.99130170902936, 359.99130170902936, 359.98944750003284, 359.98944750003284, 359.988269124995, 359.988269124995, 359.98777416697703, 359.98777416697703, 359.9861363339587, 359.9861363339587, 359.98539833392715, 359.98539833392715, 359.98292525095167, 359.98292525095167, 359.9826944179367, 359.9826944179367, 359.9824253349216, 359.9824253349216, 359.9820382929174, 359.9820382929174, 359.9810314599308, 359.9810314599308, 359.9804637939087, 359.9804637939087, 359.9794276689063, 359.9794276689063, 359.9788474608795, 359.9788474608795, 359.97872521087993, 359.97872521087993, 359.978627169854, 359.978627169854, 359.9785187118687, 359.9785187118687, 359.9784295448917, 359.9784295448917, 359.9783074618899, 359.9783074618899, 359.9782162538613, 359.9782162538613, 359.9778264198685, 359.9778264198685, 359.9777347948402, 359.9777347948402, 359.97765287780203, 359.97765287780203, 359.97726308676647, 359.97726308676647, 359.9771836698055, 359.9771836698055, 359.97707150381757, 359.97707150381757, 359.97691087884596, 359.97691087884596, 359.9768002128112, 359.9768002128112, 359.9767225048272, 359.9767225048272, 359.9766020888346, 359.9766020888346, 359.9765100478544, 359.9765100478544, 359.97640017286176, 359.97640017286176, 359.97625529783545, 359.97625529783545, 359.9760883807903, 359.9760883807903, 359.9760083387955, 359.9760083387955, 359.9759383807541, 359.9759383807541, 359.97585675574373, 359.97585675574373, 359.97578950575553, 359.97578950575553], "b_time_left": [360, 359.998550874996, 359.998550874996, 359.996750665945, 359.996750665945, 359.9934676659759, 359.9934676659759, 359.99215645797085, 359.99215645797085, 359.9904488750035, 359.9904488750035, 359.98967754200567, 359.98967754200567, 359.9856867920025, 359.9856867920025, 359.9854315840057, 359.9854315840057, 359.98491025099065, 359.98491025099065, 359.98408458399354, 359.98408458399354, 359.98395091702696, 359.98395091702696, 359.98384591698414, 359.98384591698414, 359.98373108397936, 359.98373108397936, 359.98363504197914, 359.98363504197914, 359.9835437499569, 359.9835437499569, 359.98344383295625, 359.98344383295625, 359.9833320409525, 359.9833320409525, 359.98323370696744, 359.98323370696744, 359.98313866497483, 359.98313866497483, 359.98305262299255, 359.98305262299255, 359.9829743729788, 359.9829743729788, 359.9828809979372, 359.9828809979372, 359.982784039923, 359.982784039923, 359.9827033728943, 359.9827033728943, 359.9826299138949, 359.9826299138949, 359.98254774784436, 359.98254774784436, 359.9824522068375, 359.9824522068375, 359.98237312282436, 359.98237312282436, 359.98227483185474, 359.98227483185474, 359.98219603986945, 359.98219603986945, 359.98209149885224, 359.98209149885224, 359.98201462381985, 359.98201462381985, 359.9819293328328, 359.9819293328328, 359.9818532078061, 359.9818532078061, 359.9817771248054, 359.9817771248054, 359.9817077087937, 359.9817077087937, 359.98162487579975, 359.98162487579975, 359.9815470848116, 359.9815470848116, 359.9814634178183, 359.9814634178183, 359.9813920428278], "a_moves_left": [39, 39, 38, 38, 37, 37, 36, 36, 35, 35, 34, 34, 33, 33, 32, 32, 31, 31, 30, 30, 29, 29, 28, 28, 27, 27, 26, 26, 25, 25, 24, 24, 23, 23, 22, 22, 21, 21, 20, 20, 19, 19, 18, 18, 17, 17, 16, 16, 15, 15, 14, 14, 13, 13, 12, 12, 11, 11, 10, 10, 9, 9, 8, 8, 7, 7, 6, 6, 5, 5, 4, 4, 3, 3, 2, 2, 1, 1, 0, 0], "b_moves_left": [40, 39, 39, 38, 38, 37, 37, 36, 36, 35, 35, 34, 34, 33, 33, 32, 32, 31, 31, 30, 30, 29, 29, 28, 28, 27, 27, 26, 26, 25, 25, 24, 24, 23, 23, 22, 22, 21, 21, 20, 20, 19, 19, 18, 18, 17, 17, 16, 16, 15, 15, 14, 14, 13, 13, 12, 12, 11, 11, 10, 10, 9, 9, 8, 8, 7, 7, 6, 6, 5, 5, 4, 4, 3, 3, 2, 2, 1, 1, 0], "trapdoor_triggered": [0, 0, 0, 0, 0, 0, 0, 0, 0, 0, 0, 0, 0, 0, 0, 0, 0, 0, 0, 0, 0, 0, 0, 0, 0, 0, 0, 0, 0, 0, 0, 0, 0, 0, 0, 0, 0, 0, 0, 0, 0, 0, 0, 0, 0, 0, 0, 0, 0, 0, 0, 0, 0, 0, 0, 0, 0, 0, 0, 0, 0, 0, 0, 0, 0, 0, 0, 0, 0, 0, 0, 0, 0, 0, 0, 0, 0, 0, 0, 0], "left_behind": ["egg", "egg", "plain", "plain", "egg", "egg", "plain", "plain", "egg", "egg", "plain", "plain", "egg", "egg", "plain", "plain", "egg", "plain", "plain", "plain", "plain", "egg", "plain", "plain", "egg", "egg", "plain", "plain", "egg", "plain", "plain", "plain", "egg", "egg", "plain", "plain", "egg", "egg", "plain", "plain", "egg", "plain", "plain", "plain", "plain", "egg", "plain", "plain", "egg", "egg", "plain", "plain", "egg", "egg", "plain", "plain", "plain", "egg", "plain", "plain", "plain", "egg", "plain", "plain", "plain", "egg", "plain", "plain", "plain", "egg", "plain", "plain", "egg", "egg", "plain", "plain", "egg", "egg", "plain", "plain"], "errlog_a": "", "errlog_b": "", "start_time": 360, "start_moves": 40, "turn_count": 80, "result": 1, "reason": "EGGS_LAID", "trapdoors": [[4, 2], [3, 4]], "spawn_a": [7, 1], "spawn_b": [0, 1]}