{"pos": [[6, 3], [1, 3], [6, 2], [1, 2], [6, 1], [0, 2], [5, 1], [0, 1], [4, 1], [1, 1], [3, 1], [2, 1], [3, 0], [2, 0], [4, 0], [3, 0], [5, 0], [2, 0], [6, 0], [1, 0], [7, 0], [0, 0], [7, 1], [1, 0], [7, 2], [1, 1], [6, 2], [2, 1], [5, 2], [2, 2], [4, 2], [3, 2], [4, 1], [2, 2], [4, 2], [2, 3], [4, 3], [3, 3], [5, 3], [4, 3], [5, 2], [3, 3], [5, 3], [4, 3], [5, 4], [4, 4], [6, 4], [5, 4], [6, 5], [4, 4], [6, 6], [4, 5], [5, 6], [4, 4], [4, 6], [4, 5], [3, 6], [4, 4], [2, 6], [5, 4], [1, 6], [4, 4], [1, 5], [4, 5], [1, 4], [4, 4], [2, 4], [4, 3], [1, 4], [3, 3], [1, 3], [2, 3], [1, 4], [2, 2], [0, 4], [1, 2], [0, 5], [0, 2], [0, 6], [0, 3]], "a_eggs_laid": [1, 1, 1, 1, 2, 2, 2, 2, 3, 3, 3, 3, 4, 4, 4, 4, 5, 5, 5, 5, 6, 6, 6, 6, 7, 7, 7, 7, 7, 7, 7, 7, 8, 8, 8, 8, 8, 8, 8, 8, 9, 9, 9, 9, 9, 9, 9, 9, 10, 10, 10, 10, 11, 11, 11, 11, 12, 12, 12, 12, 13, 13, 13, 13, 14, 14, 14, 14, 15, 15, 15, 15, 16, 16, 16, 16, 17, 17, 17, 17], "b_eggs_laid": [0, 1, 1, 1, 1, 2, 2, 2, 2, 3, 3, 3, 3, 4, 4, 4, 4, 5, 5, 5, 5, 6, 6, 6, 6, 6, 6, 6, 6, 6, 6, 6, 6, 7, 7, 7, 7, 8, 8, 8, 8, 9, 9, 9, 9, 9, 9, 9, 9, 10, 10, 10, 10, 11, 11, 11, 11, 11, 11, 11, 11, 11, 11, 11, 11, 11, 11, 11, 11, 11, 11, 11, 11, 11, 11, 11, 11, 11, 11, 11], "a_turds_left": [5, 5, 5, 5, 5, 5, 5, 5, 5, 5, 5, 5, 5, 5, 5, 5, 5, 5, 5, 5, 5, 5, 5, 5, 5, 5, 5, 5, 5, 5, 5, 5, 5, 5, 5, 5, 5, 5, 5, 5, 5, 5, 5, 5, 5, 5, 5, 5, 5, 5, 5, 5, 5, 5, 5, 5, 5, 5, 5, 5, 5, 5, 5, 5, 5, 5, 5, 5, 5, 5, 5, 5, 5, 5, 5, 5, 5, 5, 5, 5], "b_turds_left": [5, 5, 5, 5, 5, 5, 5, 5, 5, 5, 5, 5, 5, 5, 5, 5, 5, 5, 5, 5, 5, 5, 5, 5, 5, 5, 5, 5, 5, 5, 5, 5, 5, 5, 5, 5, 5, 5, 5, 5, 5, 5, 5, 5, 5, 5, 5, 5, 5, 5, 5, 5, 5, 5, 5, 5, 5, 5, 5, 5, 5, 5, 5, 5, 5, 5, 5, 5, 5, 5, 5, 5, 5, 5, 5, 5, 5, 5, 5, 5], "a_time_left": [359.99623799999245, 359.99623799999245, 359.99550720799016, 359.99550720799016, 359.9923926250194, 359.9923926250194, 359.99065245804377, 359.99065245804377, 359.9874674170278, 359.9874674170278, 359.985707792046, 359.985707792046, 359.98462366702734, 359.98462366702734, 359.98445179202827, 359.98445179202827, 359.9840315010515, 359.9840315010515, 359.98388579307357, 359.98388579307357, 359.98359487607377, 359.98359487607377, 359.98346812603995, 359.98346812603995, 359.9832527510589, 359.9832527510589, 359.9831560840248, 359.9831560840248, 359.9828982510371, 359.9828982510371, 359.9827953760396, 359.9827953760396, 359.9826970420545, 359.9826970420545, 359.98258283309406, 359.98258283309406, 359.9823372081155, 359.9823372081155, 359.98225754115265, 359.98225754115265, 359.98215983313276, 359.98215983313276, 359.98204833315685, 359.98204833315685, 359.9818123751902, 359.9818123751902, 359.98173462518025, 359.98173462518025, 359.9816400411655, 359.9816400411655, 359.9815415411722, 359.9815415411722, 359.98142029112205, 359.98142029112205, 359.9813232491142, 359.9813232491142, 359.9812295411248, 359.9812295411248, 359.98113954107976, 359.98113954107976, 359.9810342491255, 359.9810342491255, 359.9809430411551, 359.9809430411551, 359.98083475016756, 359.98083475016756, 359.9807485831552, 359.9807485831552, 359.98065441614017, 359.98065441614017, 359.9803090831265, 359.9803090831265, 359.9802528331056, 359.9802528331056, 359.9800378330983, 359.9800378330983, 359.97996316605713, 359.97996316605713, 359.9798890410457, 359.9798890410457], "b_time_left": [360, 359.9963305830024, 359.9963305830024, 359.9941779579967, 359.9941779579967, 359.99092745798407, 359.99092745798407, 359.9901586659835, 359.9901586659835, 359.9876652910025, 359.9876652910025, 359.9871207080432, 359.9871207080432, 359.98618704103865, 359.98618704103865, 359.98607704107417, 359.98607704107417, 359.9859802070423, 359.9859802070423, 359.9858808320132, 359.9858808320132, 359.98575849802, 359.98575849802, 359.9856527480297, 359.9856527480297, 359.9855519150151, 359.9855519150151, 359.98543812299613, 359.98543812299613, 359.98533858096926, 359.98533858096926, 359.9852230809629, 359.9852230809629, 359.98512216395466, 359.98512216395466, 359.98500799795147, 359.98500799795147, 359.984882997931, 359.984882997931, 359.9847894149716, 359.9847894149716, 359.9846989979851, 359.9846989979851, 359.9846034980146, 359.9846034980146, 359.9845309139928, 359.9845309139928, 359.9844288309687, 359.9844288309687, 359.9843412899645, 359.9843412899645, 359.9842454569298, 359.9842454569298, 359.9841463319026, 359.9841463319026, 359.9840604569181, 359.9840604569181, 359.9839913319447, 359.9839913319447, 359.9839136239607, 359.9839136239607, 359.98385595699074, 359.98385595699074, 359.98377783200704, 359.98377783200704, 359.983714624017, 359.983714624017, 359.9836335820146, 359.9836335820146, 359.9835756230168, 359.9835756230168, 359.98349887301447, 359.98349887301447, 359.9834417060483, 359.9834417060483, 359.98334553907625, 359.98334553907625, 359.9832791641238, 359.9832791641238, 359.9832055811421], "a_moves_left": [39, 39, 38, 38, 37, 37, 36, 36, 35, 35, 34, 34, 33, 33, 32, 32, 31, 31, 30, 30, 29, 29, 28, 28, 27, 27, 26, 26, 25, 25, 24, 24, 23, 23, 22, 22, 21, 21, 20, 20, 19, 19, 18, 18, 17, 17, 16, 16, 15, 15, 14, 14, 13, 13, 12, 12, 11, 11, 10, 10, 9, 9, 8, 8, 7, 7, 6, 6, 5, 5, 4, 4, 3, 3, 2, 2, 1, 1, 0, 0], "b_moves_left": [40, 39, 39, 38, 38, 37, 37, 36, 36, 35, 35, 34, 34, 33, 33, 32, 32, 31, 31, 30, 30, 29, 29, 28, 28, 27, 27, 26, 26, 25, 25, 24, 24, 23, 23, 22, 22, 21, 21, 20, 20, 19, 19, 18, 18, 17, 17, 16, 16, 15, 15, 14, 14, 13, 13, 12, 12, 11, 11, 10, 10, 9, 9, 8, 8, 7, 7, 6, 6, 5, 5, 4, 4, 3, 3, 2, 2, 1, 1, 0], "trapdoor_triggered": [0, 0, 0, 0, 0, 0, 0, 0, 0, 0, 0, 0, 0, 0, 0, 0, 0, 0, 0, 0, 0, 0, 0, 0, 0, 0, 0, 0, 0, 0, 0, 0, 0, 0, 0, 0, 0, 0, 0, 0, 0, 0, 0, 0, 0, 0, 0, 0, 0, 0, 0, 0, 0, 0, 0, 0, 0, 0, 0, 0, 0, 0, 0, 0, 0, 0, 0, 0, 0, 0, 0, 0, 0, 0, 0, 0, 0, 0, 0, 0], "left_behind": ["egg", "egg", "plain", "plain", "egg", "egg", "plain", "plain", "egg", "egg", "plain", "plain", "egg", "egg", "plain", "plain", "egg", "egg", "plain", "plain", "egg", "egg", "plain", "plain", "egg", "plain", "plain", "plain", "plain", "plain", "plain", "plain", "egg", "egg", "plain", "plain", "plain", "egg", "plain", "plain", "egg", "egg", "plain", "plain", "plain", "plain", "plain", "plain", "egg", "egg", "plain", "plain", "egg", "egg", "plain", "plain", "egg", "plain", "plain", "plain", "egg", "plain", "plain", "plain", "egg", "plain", "plain", "plain", "egg", "plain", "plain", "plain", "egg", "plain", "plain", "plain", "egg", "plain", "plain", "plain"], "errlog_a": "", "errlog_b": "", "start_time": 360, "start_moves": 40, "turn_count": 80, "result": 0, "reason": "EGGS_LAID", "trapdoors": [[3, 5], [3, 4]], "spawn_a": [7, 3], "spawn_b": [0, 3]}