{"pos": [[1, 2], [6, 2], [1, 1], [6, 1], [2, 1], [7, 1], [3, 1], [7, 0], [4, 1], [6, 0], [5, 1], [5, 0], [4, 1], [4, 0], [4, 2], [4, 1], [3, 2], [4, 0], [2, 2], [3, 0], [2, 1], [2, 0], [3, 1], [2, 1], [3, 2], [2, 0], [3, 3], [1, 0], [2, 3], [0, 0], [1, 3], [0, 1], [1, 4], [0, 0], [0, 4], [0, 1], [0, 3], [0, 0], [0, 2], [1, 0], [1, 2], [2, 0], [1, 1], [2, 1], [1, 2], [2, 0], [2, 2], [3, 0], [2, 3], [4, 0], [2, 4], [4, 1], [2, 5], [4, 0], [1, 5], [5, 0], [1, 6], [6, 0], [2, 6], [6, 1], [3, 6], [6, 2], [4, 6], [6, 3], [4, 5], [7, 3], [4, 6], [7, 4], [5, 6], [6, 4], [6, 6], [6, 5], [7, 6], [6, 4], [7, 5], [5, 4], [7, 6], [5, 3], [7, 7], [4, 3]], "a_eggs_laid": [1, 1, 1, 1, 2, 2, 2, 2, 3, 3, 3, 3, 4, 4, 4, 4, 5, 5, 5, 5, 6, 6, 6, 6, 6, 6, 6, 6, 7, 7, 7, 7, 8, 8, 8, 8, 9, 9, 9, 9, 9, 9, 9, 9, 9, 9, 9, 9, 9, 9, 9, 9, 10, 10, 10, 10, 11, 11, 11, 11, 12, 12, 12, 12, 13, 13, 13, 13, 13, 13, 13, 13, 14, 14, 14, 14, 15, 15, 15, 15], "b_eggs_laid": [0, 1, 1, 1, 1, 2, 2, 2, 2, 5, 5, 5, 5, 6, 6, 6, 6, 7, 7, 7, 7, 8, 8, 8, 8, 9, 9, 9, 9, 10, 10, 10, 10, 11, 11, 11, 11, 11, 11, 11, 11, 11, 11, 11, 11, 11, 11, 11, 11, 11, 11, 11, 11, 11, 11, 11, 11, 11, 11, 11, 11, 11, 11, 11, 11, 12, 12, 12, 12, 13, 13, 13, 13, 14, 14, 14, 14, 15, 15, 15], "a_turds_left": [5, 5, 5, 5, 5, 5, 5, 5, 5, 5, 5, 5, 5, 5, 5, 5, 5, 5, 5, 5, 5, 5, 5, 5, 5, 5, 5, 5, 5, 5, 5, 5, 5, 5, 5, 5, 5, 5, 5, 5, 5, 5, 5, 5, 5, 5, 5, 5, 5, 5, 5, 5, 5, 5, 5, 5, 5, 5, 5, 5, 5, 5, 5, 5, 5, 5, 5, 5, 5, 5, 5, 5, 5, 5, 5, 5, 5, 5, 5, 5], "b_turds_left": [5, 5, 5, 5, 5, 5, 5, 5, 5, 5, 5, 5, 5, 5, 5, 5, 5, 5, 5, 5, 5, 5, 5, 5, 5, 5, 5, 5, 5, 5, 5, 5, 5, 5, 5, 5, 5, 5, 5, 5, 5, 5, 5, 5, 5, 5, 5, 5, 5, 5, 5, 5, 5, 5, 5, 5, 5, 5, 5, 5, 5, 5, 5, 5, 5, 5, 5, 5, 5, 5, 5, 5, 5, 5, 5, 5, 5, 5, 5, 5], "a_time_left": [359.9963106660289, 359.9963106660289, 359.99455170705914, 359.99455170705914, 359.99143987405114, 359.99143987405114, 359.9897308740765, 359.9897308740765, 359.9885131660849, 359.9885131660849, 359.9878433321137, 359.9878433321137, 359.98642524908064, 359.98642524908064, 359.9862299991073, 359.9862299991073, 359.98561074910685, 359.98561074910685, 359.9851525820559, 359.9851525820559, 359.98403658205643, 359.98403658205643, 359.98395033203997, 359.98395033203997, 359.9838019980234, 359.9838019980234, 359.98353774804855, 359.98353774804855, 359.9824648729991, 359.9824648729991, 359.9820541649824, 359.9820541649824, 359.98101533099543, 359.98101533099543, 359.98045670602005, 359.98045670602005, 359.9803557060659, 359.9803557060659, 359.9802698730491, 359.9802698730491, 359.98018579004565, 359.98018579004565, 359.98008587403456, 359.98008587403456, 359.9800187490764, 359.9800187490764, 359.9799127910519, 359.9799127910519, 359.97974295704626, 359.97974295704626, 359.9794929570635, 359.9794929570635, 359.97938462306047, 359.97938462306047, 359.97929295606446, 359.97929295606446, 359.97918383107753, 359.97918383107753, 359.97908787208144, 359.97908787208144, 359.9789763720473, 359.9789763720473, 359.97888228902593, 359.97888228902593, 359.9787723310292, 359.9787723310292, 359.97867283102823, 359.97867283102823, 359.97831537202, 359.97831537202, 359.9782289969735, 359.9782289969735, 359.97815245500533, 359.97815245500533, 359.9780738300178, 359.9780738300178, 359.9779990390525, 359.9779990390525, 359.97781366406707, 359.97781366406707], "b_time_left": [360, 359.9965812499868, 359.9965812499868, 359.9947988750064, 359.9947988750064, 359.9916844580439, 359.9916844580439, 359.9913836250198, 359.9913836250198, 359.99075037502917, 359.99075037502917, 359.9899915410206, 359.9899915410206, 359.9893347910256, 359.9893347910256, 359.9892253319849, 359.9892253319849, 359.9891367490054, 359.9891367490054, 359.98904758202843, 359.98904758202843, 359.9889183320338, 359.9889183320338, 359.9888286230271, 359.9888286230271, 359.98875599802705, 359.98875599802705, 359.9886688319966, 359.9886688319966, 359.9885797899915, 359.9885797899915, 359.9885019150097, 359.9885019150097, 359.98842566501116, 359.98842566501116, 359.98833958100295, 359.98833958100295, 359.98827049700776, 359.98827049700776, 359.988195330021, 359.988195330021, 359.9881152890739, 359.9881152890739, 359.9880247890833, 359.9880247890833, 359.9879574980587, 359.9879574980587, 359.987869748089, 359.987869748089, 359.98779683210887, 359.98779683210887, 359.9877127481159, 359.9877127481159, 359.98764545610175, 359.98764545610175, 359.9875559140928, 359.9875559140928, 359.9874830811168, 359.9874830811168, 359.98739529016893, 359.98739529016893, 359.987317332183, 359.987317332183, 359.98722766619176, 359.98722766619176, 359.9871119991876, 359.9871119991876, 359.9870254572015, 359.9870254572015, 359.9869170822203, 359.9869170822203, 359.9868270821753, 359.9868270821753, 359.98673654015874, 359.98673654015874, 359.9866533312015, 359.9866533312015, 359.98655833117664, 359.98655833117664, 359.98647704016184], "a_moves_left": [39, 39, 38, 38, 37, 37, 36, 36, 35, 35, 34, 34, 33, 33, 32, 32, 31, 31, 30, 30, 29, 29, 28, 28, 27, 27, 26, 26, 25, 25, 24, 24, 23, 23, 22, 22, 21, 21, 20, 20, 19, 19, 18, 18, 17, 17, 16, 16, 15, 15, 14, 14, 13, 13, 12, 12, 11, 11, 10, 10, 9, 9, 8, 8, 7, 7, 6, 6, 5, 5, 4, 4, 3, 3, 2, 2, 1, 1, 0, 0], "b_moves_left": [40, 39, 39, 38, 38, 37, 37, 36, 36, 35, 35, 34, 34, 33, 33, 32, 32, 31, 31, 30, 30, 29, 29, 28, 28, 27, 27, 26, 26, 25, 25, 24, 24, 23, 23, 22, 22, 21, 21, 20, 20, 19, 19, 18, 18, 17, 17, 16, 16, 15, 15, 14, 14, 13, 13, 12, 12, 11, 11, 10, 10, 9, 9, 8, 8, 7, 7, 6, 6, 5, 5, 4, 4, 3, 3, 2, 2, 1, 1, 0], "trapdoor_triggered": [0, 0, 0, 0, 0, 0, 0, 0, 0, 0, 0, 0, 0, 0, 0, 0, 0, 0, 0, 0, 0, 0, 0, 0, 0, 0, 0, 0, 0, 0, 0, 0, 0, 0, 0, 0, 0, 0, 0, 0, 0, 0, 0, 0, 0, 0, 0, 0, 0, 0, 0, 0, 0, 0, 0, 0, 0, 0, 0, 0, 0, 0, 0, 0, 0, 0, 0, 0, 0, 0, 0, 0, 0, 0, 0, 0, 0, 0, 0, 0], "left_behind": ["egg", "egg", "plain", "plain", "egg", "egg", "plain", "plain", "egg", "egg", "plain", "plain", "egg", "egg", "plain", "plain", "egg", "egg", "plain", "plain", "egg", "egg", "plain", "plain", "plain", "egg", "plain", "plain", "egg", "egg", "plain", "plain", "egg", "egg", "plain", "plain", "egg", "plain", "plain", "plain", "plain", "plain", "plain", "plain", "plain", "plain", "plain", "plain", "plain", "plain", "plain", "plain", "egg", "plain", "plain", "plain", "egg", "plain", "plain", "plain", "egg", "plain", "plain", "plain", "egg", "egg", "plain", "plain", "plain", "egg", "plain", "plain", "egg", "egg", "plain", "plain", "egg", "egg", "plain", "plain"], "errlog_a": "", "errlog_b": "", "start_time": 360, "start_moves": 40, "turn_count": 80, "result": 2, "reason": "EGGS_LAID", "trapdoors": [[5, 5], [5, 2]], "spawn_a": [0, 2], "spawn_b": [7, 2]}