{"pos": [[1, 6], [7, 5], [2, 6], [6, 5], [3, 6], [6, 6], [3, 5], [6, 7], [3, 6], [7, 7], [4, 6], [7, 6], [5, 6], [7, 5], [5, 7], [7, 4], [5, 6], [6, 4], [4, 6], [6, 3], [4, 5], [7, 3], [5, 5], [7, 2], [5, 4], [6, 2], [4, 4], [6, 1], [4, 3], [7, 1], [5, 3], [7, 0], [5, 2], [6, 0], [4, 2], [5, 0], [4, 1], [5, 1], [3, 1], [4, 1], [3, 0], [4, 0], [2, 0], [3, 0], [2, 1], [4, 0], [1, 1], [5, 0], [1, 0], [5, 1], [0, 0], [6, 1], [0, 1], [5, 1], [0, 2], [6, 1], [1, 2], [5, 1], [1, 3], [6, 1], [2, 3], [5, 1], [3, 3], [6, 1], [3, 2], [5, 1], [3, 3], [6, 1], [3, 4], [5, 1], [2, 4], [6, 1], [1, 4], [5, 1], [1, 5], [6, 1], [0, 5], [5, 1], [0, 4], [6, 1]], "a_eggs_laid": [1, 1, 1, 1, 2, 2, 2, 2, 3, 3, 3, 3, 4, 4, 4, 4, 5, 5, 5, 5, 5, 5, 5, 5, 6, 6, 6, 6, 7, 7, 7, 7, 8, 8, 8, 8, 9, 9, 9, 9, 10, 10, 10, 10, 11, 11, 11, 11, 12, 12, 12, 12, 15, 15, 15, 15, 16, 16, 16, 16, 17, 17, 17, 17, 18, 18, 18, 18, 18, 18, 18, 18, 19, 19, 19, 19, 20, 20, 20, 20], "b_eggs_laid": [0, 1, 1, 1, 1, 2, 2, 2, 2, 3, 3, 3, 3, 3, 3, 3, 3, 4, 4, 4, 4, 5, 5, 5, 5, 6, 6, 6, 6, 7, 7, 7, 7, 10, 10, 10, 10, 11, 11, 11, 11, 12, 12, 12, 12, 13, 13, 13, 13, 13, 13, 13, 13, 13, 13, 13, 13, 13, 13, 13, 13, 13, 13, 13, 13, 13, 13, 13, 13, 13, 13, 13, 13, 13, 13, 13, 13, 13, 13, 13], "a_turds_left": [5, 5, 4, 4, 4, 4, 3, 3, 3, 3, 3, 3, 3, 3, 2, 2, 2, 2, 2, 2, 2, 2, 1, 1, 1, 1, 0, 0, 0, 0, 0, 0, 0, 0, 0, 0, 0, 0, 0, 0, 0, 0, 0, 0, 0, 0, 0, 0, 0, 0, 0, 0, 0, 0, 0, 0, 0, 0, 0, 0, 0, 0, 0, 0, 0, 0, 0, 0, 0, 0, 0, 0, 0, 0, 0, 0, 0, 0, 0, 0], "b_turds_left": [5, 5, 5, 5, 5, 5, 5, 5, 5, 5, 5, 5, 5, 5, 5, 5, 5, 5, 5, 5, 5, 5, 5, 5, 5, 5, 5, 5, 5, 5, 5, 5, 5, 5, 5, 5, 5, 5, 5, 4, 4, 4, 4, 3, 3, 3, 3, 3, 3, 3, 3, 3, 3, 3, 3, 3, 3, 3, 3, 3, 3, 3, 3, 3, 3, 3, 3, 3, 3, 3, 3, 3, 3, 3, 3, 3, 3, 3, 3, 3], "a_time_left": [359.9967999579967, 359.9967999579967, 359.99510158301564, 359.99510158301564, 359.99263408302795, 359.99263408302795, 359.99117112503154, 359.99117112503154, 359.9890423750621, 359.9890423750621, 359.98831450002035, 359.98831450002035, 359.987523082993, 359.987523082993, 359.98623708303785, 359.98623708303785, 359.9858402500395, 359.9858402500395, 359.98556308302796, 359.98556308302796, 359.98526974901324, 359.98526974901324, 359.9848035820178, 359.9848035820178, 359.9843201650656, 359.9843201650656, 359.9838727070601, 359.9838727070601, 359.9834287070553, 359.9834287070553, 359.98318166605895, 359.98318166605895, 359.9828617910389, 359.9828617910389, 359.9827920830576, 359.9827920830576, 359.9827063330449, 359.9827063330449, 359.98263529204996, 359.98263529204996, 359.98256341705564, 359.98256341705564, 359.98251208406873, 359.98251208406873, 359.9824452920584, 359.9824452920584, 359.982380542031, 359.982380542031, 359.9822957080323, 359.9822957080323, 359.9822387910099, 359.9822387910099, 359.98217470699456, 359.98217470699456, 359.98211520700715, 359.98211520700715, 359.98204283200903, 359.98204283200903, 359.98198116599815, 359.98198116599815, 359.98189679102506, 359.98189679102506, 359.98183708207216, 359.98183708207216, 359.9817549160798, 359.9817549160798, 359.9816932071117, 359.9816932071117, 359.9816283740802, 359.9816283740802, 359.9815627070493, 359.9815627070493, 359.98147766507464, 359.98147766507464, 359.9814193730708, 359.9814193730708, 359.98134304006817, 359.98134304006817, 359.98128949909005, 359.98128949909005], "b_time_left": [360, 359.9962985420134, 359.9962985420134, 359.99480733298697, 359.99480733298697, 359.99187912396155, 359.99187912396155, 359.9898919580155, 359.9898919580155, 359.9875187079888, 359.9875187079888, 359.9870879169903, 359.9870879169903, 359.986901708995, 359.986901708995, 359.9863014590228, 359.9863014590228, 359.98554195900215, 359.98554195900215, 359.98484387598, 359.98484387598, 359.983870459022, 359.983870459022, 359.9837762090028, 359.9837762090028, 359.98366520903073, 359.98366520903073, 359.9835584590328, 359.9835584590328, 359.98342625104124, 359.98342625104124, 359.9833214590908, 359.9833214590908, 359.98322216811357, 359.98322216811357, 359.98312704311684, 359.98312704311684, 359.9830142101273, 359.9830142101273, 359.9829097101465, 359.9829097101465, 359.98281479417346, 359.98281479417346, 359.98272016918054, 359.98272016918054, 359.9826397521538, 359.9826397521538, 359.9825484601315, 359.9825484601315, 359.9824482521508, 359.9824482521508, 359.98234029317973, 359.98234029317973, 359.98223654320464, 359.98223654320464, 359.9821246681968, 359.9821246681968, 359.98201479320414, 359.98201479320414, 359.98190650122706, 359.98190650122706, 359.9818004182307, 359.9818004182307, 359.98168558522593, 359.98168558522593, 359.98158137721475, 359.98158137721475, 359.9814733772073, 359.9814733772073, 359.98136754421284, 359.98136754421284, 359.98125579423504, 359.98125579423504, 359.9811497112387, 359.9811497112387, 359.98104275221704, 359.98104275221704, 359.98093762720237, 359.98093762720237, 359.9808289192151], "a_moves_left": [39, 39, 38, 38, 37, 37, 36, 36, 35, 35, 34, 34, 33, 33, 32, 32, 31, 31, 30, 30, 29, 29, 28, 28, 27, 27, 26, 26, 25, 25, 24, 24, 23, 23, 22, 22, 21, 21, 20, 20, 19, 19, 18, 18, 17, 17, 16, 16, 15, 15, 14, 14, 13, 13, 12, 12, 11, 11, 10, 10, 9, 9, 8, 8, 7, 7, 6, 6, 5, 5, 4, 4, 3, 3, 2, 2, 1, 1, 0, 0], "b_moves_left": [40, 39, 39, 38, 38, 37, 37, 36, 36, 35, 35, 34, 34, 33, 33, 32, 32, 31, 31, 30, 30, 29, 29, 28, 28, 27, 27, 26, 26, 25, 25, 24, 24, 23, 23, 22, 22, 21, 21, 20, 20, 19, 19, 18, 18, 17, 17, 16, 16, 15, 15, 14, 14, 13, 13, 12, 12, 11, 11, 10, 10, 9, 9, 8, 8, 7, 7, 6, 6, 5, 5, 4, 4, 3, 3, 2, 2, 1, 1, 0], "trapdoor_triggered": [0, 0, 0, 0, 0, 0, 0, 0, 0, 0, 0, 0, 0, 0, 0, 0, 0, 0, 0, 0, 0, 0, 0, 0, 0, 0, 0, 0, 0, 0, 0, 0, 0, 0, 0, 0, 0, 0, 0, 0, 0, 0, 0, 0, 0, 0, 0, 0, 0, 0, 0, 0, 0, 0, 0, 0, 0, 0, 0, 0, 0, 0, 0, 0, 0, 0, 0, 0, 0, 0, 0, 0, 0, 0, 0, 0, 0, 0, 0, 0], "left_behind": ["egg", "egg", "turd", "plain", "egg", "egg", "turd", "plain", "egg", "egg", "plain", "plain", "egg", "plain", "turd", "plain", "egg", "egg", "plain", "plain", "plain", "egg", "turd", "plain", "egg", "egg", "turd", "plain", "egg", "egg", "plain", "plain", "egg", "egg", "plain", "plain", "egg", "egg", "plain", "turd", "egg", "egg", "plain", "turd", "egg", "egg", "plain", "plain", "egg", "plain", "plain", "plain", "egg", "plain", "plain", "plain", "egg", "plain", "plain", "plain", "egg", "plain", "plain", "plain", "egg", "plain", "plain", "plain", "plain", "plain", "plain", "plain", "egg", "plain", "plain", "plain", "egg", "plain", "plain", "plain"], "errlog_a": "", "errlog_b": "", "start_time": 360, "start_moves": 40, "turn_count": 80, "result": 0, "reason": "EGGS_LAID", "trapdoors": [[2, 2], [2, 5]], "spawn_a": [0, 6], "spawn_b": [7, 6]}