{"pos": [[1, 6], [6, 6], [2, 6], [5, 6], [3, 6], [4, 6], [0, 6], [3, 6], [0, 5], [3, 7], [1, 5], [3, 6], [2, 5], [4, 6], [1, 5], [4, 5], [1, 4], [4, 4], [1, 3], [4, 5], [1, 2], [5, 5], [2, 2], [6, 5], [2, 1], [6, 4], [3, 1], [6, 3], [4, 1], [5, 3], [4, 0], [5, 2], [3, 0], [5, 1], [2, 0], [5, 0], [1, 0], [6, 0], [1, 1], [7, 0], [0, 1], [7, 1], [0, 0], [7, 2], [1, 0], [7, 3], [2, 0], [7, 4], [3, 0], [7, 5], [4, 0], [7, 4], [4, 1], [7, 3], [5, 1], [7, 2], [6, 1], [6, 2], [6, 0], [6, 3], [6, 1], [6, 2], [7, 1], [6, 1]], "a_eggs_laid": [1, 1, 1, 1, 2, 2, 2, 2, 2, 2, 2, 2, 3, 3, 3, 3, 3, 3, 3, 3, 4, 4, 4, 4, 5, 5, 5, 5, 6, 6, 6, 6, 7, 7, 7, 7, 8, 8, 8, 8, 9, 9, 9, 9, 12, 12, 12, 12, 12, 12, 12, 12, 12, 12, 12, 12, 13, 13, 13, 13, 14, 14, 14, 14], "b_eggs_laid": [0, 1, 1, 1, 1, 2, 2, 6, 6, 7, 7, 7, 7, 7, 7, 7, 7, 8, 8, 8, 8, 8, 8, 8, 8, 9, 9, 9, 9, 10, 10, 10, 10, 11, 11, 11, 11, 12, 12, 12, 12, 15, 15, 15, 15, 16, 16, 16, 16, 17, 17, 17, 17, 17, 17, 17, 17, 17, 17, 17, 17, 17, 17, 22], "a_turds_left": [5, 5, 4, 4, 4, 4, 4, 4, 4, 4, 3, 3, 3, 3, 2, 2, 2, 2, 1, 1, 1, 1, 0, 0, 0, 0, 0, 0, 0, 0, 0, 0, 0, 0, 0, 0, 0, 0, 0, 0, 0, 0, 0, 0, 0, 0, 0, 0, 0, 0, 0, 0, 0, 0, 0, 0, 0, 0, 0, 0, 0, 0, 0, 0], "b_turds_left": [5, 5, 5, 4, 4, 4, 4, 3, 3, 3, 3, 2, 2, 2, 2, 2, 2, 2, 2, 1, 1, 1, 1, 0, 0, 0, 0, 0, 0, 0, 0, 0, 0, 0, 0, 0, 0, 0, 0, 0, 0, 0, 0, 0, 0, 0, 0, 0, 0, 0, 0, 0, 0, 0, 0, 0, 0, 0, 0, 0, 0, 0, 0, 0], "a_time_left": [359.9969157500309, 359.9969157500309, 359.99514833302237, 359.99514833302237, 359.9928283330519, 359.9928283330519, 359.9920755830244, 359.9920755830244, 359.9913944990258, 359.9913944990258, 359.99034799903166, 359.99034799903166, 359.9895751240547, 359.9895751240547, 359.9889894150547, 359.9889894150547, 359.98864808207145, 359.98864808207145, 359.9880762490793, 359.9880762490793, 359.98732337408, 359.98732337408, 359.9867828320712, 359.9867828320712, 359.98553383204853, 359.98553383204853, 359.98523645702517, 359.98523645702517, 359.98479137400864, 359.98479137400864, 359.9845622080029, 359.9845622080029, 359.98447629105067, 359.98447629105067, 359.98440970806405, 359.98440970806405, 359.98431850003544, 359.98431850003544, 359.98424141603755, 359.98424141603755, 359.9841539990739, 359.9841539990739, 359.98409170808736, 359.98409170808736, 359.9840212080744, 359.9840212080744, 359.9839554160717, 359.9839554160717, 359.98388737405185, 359.98388737405185, 359.98382358206436, 359.98382358206436, 359.98375879006926, 359.98375879006926, 359.9836909560836, 359.9836909560836, 359.98361441510497, 359.98361441510497, 359.98354841506807, 359.98354841506807, 359.98348287306726, 359.98348287306726, 359.983421081095, 359.983421081095], "b_time_left": [360, 359.9969856249518, 359.9969856249518, 359.99534658296034, 359.99534658296034, 359.99315120797837, 359.99315120797837, 359.99162120796973, 359.99162120796973, 359.9900309169898, 359.9900309169898, 359.98897720803507, 359.98897720803507, 359.9886972079985, 359.9886972079985, 359.9883824160206, 359.9883824160206, 359.98773054103367, 359.98773054103367, 359.9871839580592, 359.9871839580592, 359.98694570804946, 359.98694570804946, 359.98565520806005, 359.98565520806005, 359.98514587408863, 359.98514587408863, 359.984892874083, 359.984892874083, 359.98449899908155, 359.98449899908155, 359.9842553320341, 359.9842553320341, 359.9838542910293, 359.9838542910293, 359.9837907490437, 359.9837907490437, 359.9837217910681, 359.9837217910681, 359.9836626240285, 359.9836626240285, 359.9835992080625, 359.9835992080625, 359.9835435000714, 359.9835435000714, 359.98347475007176, 359.98347475007176, 359.9834231251152, 359.9834231251152, 359.98335687513463, 359.98335687513463, 359.98330258310307, 359.98330258310307, 359.9832458331366, 359.9832458331366, 359.98319491615985, 359.98319491615985, 359.9831348331645, 359.9831348331645, 359.98307491617743, 359.98307491617743, 359.98301225015894, 359.98301225015894, 359.9829564591637], "a_moves_left": [39, 39, 38, 38, 37, 37, 36, 36, 35, 35, 34, 34, 33, 33, 32, 32, 31, 31, 30, 30, 29, 29, 28, 28, 27, 27, 26, 26, 25, 25, 24, 24, 23, 23, 22, 22, 21, 21, 20, 20, 19, 19, 18, 18, 17, 17, 16, 16, 15, 15, 14, 14, 13, 13, 12, 12, 11, 11, 10, 10, 9, 9, 8, 8], "b_moves_left": [40, 39, 39, 38, 38, 37, 37, 36, 36, 35, 35, 34, 34, 33, 33, 32, 32, 31, 31, 30, 30, 29, 29, 28, 28, 27, 27, 26, 26, 25, 25, 24, 24, 23, 23, 22, 22, 21, 21, 20, 20, 19, 19, 18, 18, 17, 17, 16, 16, 15, 15, 14, 14, 13, 13, 12, 12, 11, 11, 10, 10, 9, 9, 8], "trapdoor_triggered": [0, 0, 0, 0, 0, 0, 1, 0, 0, 0, 0, 0, 0, 0, 0, 0, 0, 0, 0, 0, 0, 0, 0, 0, 0, 0, 0, 0, 0, 0, 0, 0, 0, 0, 0, 0, 0, 0, 0, 0, 0, 0, 0, 0, 0, 0, 0, 0, 0, 0, 0, 0, 0, 0, 0, 0, 0, 0, 0, 0, 0, 0, 0, 0], "left_behind": ["egg", "egg", "turd", "turd", "egg", "egg", "plain", "turd", "plain", "egg", "turd", "turd", "egg", "plain", "turd", "plain", "plain", "egg", "turd", "turd", "egg", "plain", "turd", "turd", "egg", "egg", "plain", "plain", "egg", "egg", "plain", "plain", "egg", "egg", "plain", "plain", "egg", "egg", "plain", "plain", "egg", "egg", "plain", "plain", "egg", "egg", "plain", "plain", "plain", "egg", "plain", "plain", "plain", "plain", "plain", "plain", "egg", "plain", "plain", "plain", "egg", "plain", "plain", "plain"], "errlog_a": "", "errlog_b": "", "start_time": 360, "start_moves": 40, "turn_count": 64, "result": 1, "reason": "BLOCKING_END", "trapdoors": [[3, 5], [4, 3]], "spawn_a": [0, 6], "spawn_b": [7, 6]}