{"pos": [[6, 1], [1, 1], [5, 1], [2, 1], [4, 1], [2, 0], [3, 1], [3, 0], [4, 1], [4, 0], [4, 2], [4, 1], [5, 2], [4, 0], [6, 2], [5, 0], [6, 3], [6, 0], [6, 4], [6, 1], [6, 5], [6, 0], [6, 6], [7, 0], [5, 6], [6, 0], [4, 6], [6, 1], [3, 6], [6, 0], [3, 5], [5, 0], [3, 6], [4, 0], [2, 6], [4, 1], [1, 6], [4, 0], [1, 5], [3, 0], [1, 4], [2, 0], [1, 3], [1, 0], [1, 2], [0, 0], [1, 1], [1, 0], [1, 2], [0, 0], [0, 2], [0, 1], [0, 3], [0, 0], [0, 4], [0, 1], [0, 5], [0, 0], [0, 6], [1, 0], [0, 7], [2, 0], [1, 7], [2, 1], [2, 7], [2, 2], [3, 7], [1, 2], [4, 7], [2, 2], [5, 7], [3, 2], [6, 7], [3, 3], [7, 7], [2, 3], [7, 6], [3, 3], [7, 5], [4, 3]], "a_eggs_laid": [1, 1, 1, 1, 2, 2, 2, 2, 3, 3, 3, 3, 4, 4, 4, 4, 5, 5, 5, 5, 6, 6, 6, 6, 7, 7, 7, 7, 8, 8, 8, 8, 9, 9, 9, 9, 10, 10, 10, 10, 11, 11, 11, 11, 12, 12, 12, 12, 13, 13, 13, 13, 14, 14, 14, 14, 15, 15, 15, 15, 16, 16, 16, 16, 17, 17, 17, 17, 18, 18, 18, 18, 19, 19, 19, 19, 22, 22, 22, 22], "b_eggs_laid": [0, 1, 1, 1, 1, 2, 2, 2, 2, 3, 3, 3, 3, 4, 4, 4, 4, 5, 5, 5, 5, 6, 6, 6, 6, 9, 9, 9, 9, 9, 9, 9, 9, 9, 9, 9, 9, 9, 9, 9, 9, 9, 9, 9, 9, 10, 10, 10, 10, 10, 10, 10, 10, 10, 10, 10, 10, 10, 10, 10, 10, 10, 10, 10, 10, 10, 10, 10, 10, 11, 11, 11, 11, 12, 12, 12, 12, 13, 13, 13], "a_turds_left": [5, 5, 5, 5, 5, 5, 5, 5, 5, 5, 5, 5, 5, 5, 5, 5, 5, 5, 5, 5, 5, 5, 5, 5, 5, 5, 5, 5, 5, 5, 5, 5, 5, 5, 5, 5, 5, 5, 5, 5, 5, 5, 5, 5, 5, 5, 5, 5, 5, 5, 5, 5, 5, 5, 5, 5, 5, 5, 5, 5, 5, 5, 5, 5, 5, 5, 5, 5, 5, 5, 5, 5, 5, 5, 5, 5, 5, 5, 5, 5], "b_turds_left": [5, 5, 5, 5, 5, 5, 5, 5, 5, 5, 5, 5, 5, 5, 5, 5, 5, 5, 5, 5, 5, 5, 5, 5, 5, 5, 5, 5, 5, 5, 5, 5, 5, 5, 5, 5, 5, 5, 5, 5, 5, 5, 5, 5, 5, 5, 5, 5, 5, 5, 5, 5, 5, 5, 5, 5, 5, 5, 5, 5, 5, 5, 5, 5, 5, 5, 5, 5, 5, 5, 5, 5, 5, 5, 5, 5, 5, 5, 5, 5], "a_time_left": [359.99638004100416, 359.99638004100416, 359.99454445799347, 359.99454445799347, 359.99140554101905, 359.99140554101905, 359.9896542489878, 359.9896542489878, 359.98755999899004, 359.98755999899004, 359.98703503998695, 359.98703503998695, 359.9840310809668, 359.9840310809668, 359.98353220598074, 359.98353220598074, 359.98234403994866, 359.98234403994866, 359.98067679000087, 359.98067679000087, 359.97952949797036, 359.97952949797036, 359.9789508729591, 359.9789508729591, 359.97792733093956, 359.97792733093956, 359.97736520593753, 359.97736520593753, 359.9763131639338, 359.9763131639338, 359.97621387196705, 359.97621387196705, 359.97610020596767, 359.97610020596767, 359.9756740399753, 359.9756740399753, 359.9755637900089, 359.9755637900089, 359.9754651240073, 359.9754651240073, 359.97535420703935, 359.97535420703935, 359.9752614160534, 359.9752614160534, 359.97514862410026, 359.97514862410026, 359.975056791096, 359.975056791096, 359.97498562408146, 359.97498562408146, 359.97456649906235, 359.97456649906235, 359.9744889990543, 359.9744889990543, 359.97440783306956, 359.97440783306956, 359.9743104170775, 359.9743104170775, 359.9742295840988, 359.9742295840988, 359.97413708409294, 359.97413708409294, 359.9740644590929, 359.9740644590929, 359.97396904206835, 359.97396904206835, 359.9738859170466, 359.9738859170466, 359.973788500065, 359.973788500065, 359.9737063330831, 359.9737063330831, 359.97361387405545, 359.97361387405545, 359.9735358741018, 359.9735358741018, 359.97345812409185, 359.97345812409185, 359.9733794161002, 359.9733794161002], "b_time_left": [360, 359.99657924997155, 359.99657924997155, 359.9948020830052, 359.9948020830052, 359.9915475419839, 359.9915475419839, 359.9902814999805, 359.9902814999805, 359.9895892079803, 359.9895892079803, 359.9881443330087, 359.9881443330087, 359.9871268749703, 359.9871268749703, 359.9867527919705, 359.9867527919705, 359.98643858300056, 359.98643858300056, 359.98613308300264, 359.98613308300264, 359.98602545802714, 359.98602545802714, 359.985914874007, 359.985914874007, 359.9858262910275, 359.9858262910275, 359.9857240410056, 359.9857240410056, 359.9856324160355, 359.9856324160355, 359.9855330410064, 359.9855330410064, 359.98544224898797, 359.98544224898797, 359.98533629102167, 359.98533629102167, 359.9852543739835, 359.9852543739835, 359.9851514570182, 359.9851514570182, 359.98504145699553, 359.98504145699553, 359.9849405820132, 359.9849405820132, 359.9848259980208, 359.9848259980208, 359.9847299979883, 359.9847299979883, 359.98464183101896, 359.98464183101896, 359.9845519150258, 359.9845519150258, 359.9844720400288, 359.9844720400288, 359.9843736240291, 359.9843736240291, 359.9842925830162, 359.9842925830162, 359.98419891600497, 359.98419891600497, 359.98411349998787, 359.98411349998787, 359.984014125017, 359.984014125017, 359.98392579099163, 359.98392579099163, 359.98381670803064, 359.98381670803064, 359.98373016598634, 359.98373016598634, 359.9836205409374, 359.9836205409374, 359.98352033196716, 359.98352033196716, 359.9834173739655, 359.9834173739655, 359.9833207069314, 359.9833207069314, 359.98322895693127], "a_moves_left": [39, 39, 38, 38, 37, 37, 36, 36, 35, 35, 34, 34, 33, 33, 32, 32, 31, 31, 30, 30, 29, 29, 28, 28, 27, 27, 26, 26, 25, 25, 24, 24, 23, 23, 22, 22, 21, 21, 20, 20, 19, 19, 18, 18, 17, 17, 16, 16, 15, 15, 14, 14, 13, 13, 12, 12, 11, 11, 10, 10, 9, 9, 8, 8, 7, 7, 6, 6, 5, 5, 4, 4, 3, 3, 2, 2, 1, 1, 0, 0], "b_moves_left": [40, 39, 39, 38, 38, 37, 37, 36, 36, 35, 35, 34, 34, 33, 33, 32, 32, 31, 31, 30, 30, 29, 29, 28, 28, 27, 27, 26, 26, 25, 25, 24, 24, 23, 23, 22, 22, 21, 21, 20, 20, 19, 19, 18, 18, 17, 17, 16, 16, 15, 15, 14, 14, 13, 13, 12, 12, 11, 11, 10, 10, 9, 9, 8, 8, 7, 7, 6, 6, 5, 5, 4, 4, 3, 3, 2, 2, 1, 1, 0], "trapdoor_triggered": [0, 0, 0, 0, 0, 0, 0, 0, 0, 0, 0, 0, 0, 0, 0, 0, 0, 0, 0, 0, 0, 0, 0, 0, 0, 0, 0, 0, 0, 0, 0, 0, 0, 0, 0, 0, 0, 0, 0, 0, 0, 0, 0, 0, 0, 0, 0, 0, 0, 0, 0, 0, 0, 0, 0, 0, 0, 0, 0, 0, 0, 0, 0, 0, 0, 0, 0, 0, 0, 0, 0, 0, 0, 0, 0, 0, 0, 0, 0, 0], "left_behind": ["egg", "egg", "plain", "plain", "egg", "egg", "plain", "plain", "egg", "egg", "plain", "plain", "egg", "egg", "plain", "plain", "egg", "egg", "plain", "plain", "egg", "egg", "plain", "plain", "egg", "egg", "plain", "plain", "egg", "plain", "plain", "plain", "egg", "plain", "plain", "plain", "egg", "plain", "plain", "plain", "egg", "plain", "plain", "plain", "egg", "egg", "plain", "plain", "egg", "plain", "plain", "plain", "egg", "plain", "plain", "plain", "egg", "plain", "plain", "plain", "egg", "plain", "plain", "plain", "egg", "plain", "plain", "plain", "egg", "egg", "plain", "plain", "egg", "egg", "plain", "plain", "egg", "egg", "plain", "plain"], "errlog_a": "", "errlog_b": "", "start_time": 360, "start_moves": 40, "turn_count": 80, "result": 0, "reason": "EGGS_LAID", "trapdoors": [[4, 4], [3, 4]], "spawn_a": [7, 1], "spawn_b": [0, 1]}