{"pos": [[6, 1], [1, 1], [5, 1], [2, 1], [4, 1], [3, 1], [4, 0], [3, 2], [5, 0], [0, 1], [6, 0], [0, 2], [7, 0], [1, 2], [7, 1], [1, 3], [7, 2], [1, 4], [6, 2], [1, 5], [6, 3], [2, 5], [6, 4], [2, 6], [6, 5], [3, 6], [6, 6], [4, 6], [5, 6], [4, 5], [5, 5], [3, 5], [5, 4], [3, 6], [4, 4], [3, 7], [5, 4], [4, 7], [5, 3], [5, 7], [5, 2], [5, 6], [5, 3], [5, 7], [6, 3], [6, 7], [7, 3], [7, 7], [7, 4], [6, 7], [7, 5], [7, 7], [7, 6], [6, 7], [7, 7], [5, 7], [7, 6], [5, 6], [6, 6], [4, 6], [6, 5], [4, 5], [5, 5], [3, 5], [5, 4], [3, 4], [4, 4], [2, 4], [5, 4], [3, 4], [6, 4], [3, 3], [7, 4], [3, 2], [7, 3], [2, 2], [7, 2], [2, 3], [6, 2], [2, 2]], "a_eggs_laid": [1, 1, 1, 1, 2, 2, 2, 2, 3, 3, 7, 7, 8, 8, 8, 8, 8, 8, 8, 8, 9, 9, 9, 9, 10, 10, 10, 10, 11, 11, 11, 11, 12, 12, 12, 12, 13, 13, 13, 13, 14, 14, 14, 14, 14, 14, 14, 14, 15, 15, 15, 15, 16, 16, 16, 16, 19, 19, 19, 19, 19, 19, 19, 19, 19, 19, 19, 19, 19, 19, 19, 19, 19, 19, 19, 19, 19, 19, 19, 19], "b_eggs_laid": [0, 1, 1, 1, 1, 2, 2, 2, 2, 3, 3, 3, 3, 3, 3, 4, 4, 4, 4, 5, 5, 5, 5, 6, 6, 6, 6, 7, 7, 7, 7, 8, 8, 8, 8, 8, 8, 8, 8, 9, 9, 9, 9, 10, 10, 10, 10, 11, 11, 11, 11, 11, 11, 11, 11, 11, 11, 11, 11, 11, 11, 11, 11, 11, 11, 11, 11, 12, 12, 12, 12, 12, 12, 12, 12, 12, 12, 12, 12, 13], "a_turds_left": [5, 5, 5, 5, 5, 5, 5, 5, 5, 5, 5, 5, 5, 5, 5, 5, 5, 5, 5, 5, 5, 5, 5, 5, 5, 5, 5, 5, 5, 5, 5, 5, 5, 5, 5, 5, 5, 5, 5, 5, 5, 5, 5, 5, 5, 5, 5, 5, 5, 5, 5, 5, 5, 5, 5, 5, 5, 5, 5, 5, 5, 5, 5, 5, 5, 5, 5, 5, 5, 5, 5, 5, 5, 5, 5, 5, 5, 5, 5, 5], "b_turds_left": [5, 5, 5, 4, 4, 4, 4, 3, 3, 3, 3, 3, 3, 2, 2, 2, 2, 1, 1, 1, 1, 0, 0, 0, 0, 0, 0, 0, 0, 0, 0, 0, 0, 0, 0, 0, 0, 0, 0, 0, 0, 0, 0, 0, 0, 0, 0, 0, 0, 0, 0, 0, 0, 0, 0, 0, 0, 0, 0, 0, 0, 0, 0, 0, 0, 0, 0, 0, 0, 0, 0, 0, 0, 0, 0, 0, 0, 0, 0, 0], "a_time_left": [359.99627112498274, 359.99627112498274, 359.9944387919968, 359.9944387919968, 359.9913265830255, 359.9913265830255, 359.9905756250373, 359.9905756250373, 359.9901756250183, 359.9901756250183, 359.9898807919817, 359.9898807919817, 359.9889525839826, 359.9889525839826, 359.9887170009897, 359.9887170009897, 359.9884318339755, 359.9884318339755, 359.98798945895396, 359.98798945895396, 359.9868540839525, 359.9868540839525, 359.986307708954, 359.986307708954, 359.9852952499641, 359.9852952499641, 359.9847155409516, 359.9847155409516, 359.98364629095886, 359.98364629095886, 359.98354449897306, 359.98354449897306, 359.9834482910228, 359.9834482910228, 359.9833516239887, 359.9833516239887, 359.9832612070022, 359.9832612070022, 359.98305574798724, 359.98305574798724, 359.98295778996544, 359.98295778996544, 359.98287483199965, 359.98287483199965, 359.9827435819898, 359.9827435819898, 359.9826150399749, 359.9826150399749, 359.98253458196996, 359.98253458196996, 359.98246824898524, 359.98246824898524, 359.98238379100803, 359.98238379100803, 359.98231683304766, 359.98231683304766, 359.9822576250881, 359.9822576250881, 359.98218183306744, 359.98218183306744, 359.9821116240346, 359.9821116240346, 359.9820158740622, 359.9820158740622, 359.98194741504267, 359.98194741504267, 359.98186033102684, 359.98186033102684, 359.9817864150391, 359.9817864150391, 359.9816969980602, 359.9816969980602, 359.9816065810737, 359.9816065810737, 359.98152949806536, 359.98152949806536, 359.981452415057, 359.981452415057, 359.9813762070262, 359.9813762070262], "b_time_left": [360, 359.9972013339866, 359.9972013339866, 359.99554854194866, 359.99554854194866, 359.9933227089932, 359.9933227089932, 359.9918873339775, 359.9918873339775, 359.99102575099096, 359.99102575099096, 359.99077087600017, 359.99077087600017, 359.9899564179941, 359.9899564179941, 359.9891237929696, 359.9891237929696, 359.9885502519319, 359.9885502519319, 359.9873690849636, 359.9873690849636, 359.98677825101186, 359.98677825101186, 359.9862787510501, 359.9862787510501, 359.98600820905995, 359.98600820905995, 359.9855405840208, 359.9855405840208, 359.9853451670497, 359.9853451670497, 359.9852588750655, 359.9852588750655, 359.9851859170594, 359.9851859170594, 359.98511079204036, 359.98511079204036, 359.9850410420331, 359.9850410420331, 359.984961417038, 359.984961417038, 359.98489437502576, 359.98489437502576, 359.9848209579941, 359.9848209579941, 359.9847575830063, 359.9847575830063, 359.9846841660328, 359.9846841660328, 359.98462695704075, 359.98462695704075, 359.9845656240359, 359.9845656240359, 359.9845107080764, 359.9845107080764, 359.98444887506776, 359.98444887506776, 359.984366083052, 359.984366083052, 359.98430500004906, 359.98430500004906, 359.98424129205523, 359.98424129205523, 359.9841748760664, 359.9841748760664, 359.9841074171127, 359.9841074171127, 359.9840288751293, 359.9840288751293, 359.9839657921111, 359.9839657921111, 359.9838762921281, 359.9838762921281, 359.98381033411715, 359.98381033411715, 359.9837355011259, 359.9837355011259, 359.98367387609323, 359.98367387609323, 359.9835888760863], "a_moves_left": [39, 39, 38, 38, 37, 37, 36, 36, 35, 35, 34, 34, 33, 33, 32, 32, 31, 31, 30, 30, 29, 29, 28, 28, 27, 27, 26, 26, 25, 25, 24, 24, 23, 23, 22, 22, 21, 21, 20, 20, 19, 19, 18, 18, 17, 17, 16, 16, 15, 15, 14, 14, 13, 13, 12, 12, 11, 11, 10, 10, 9, 9, 8, 8, 7, 7, 6, 6, 5, 5, 4, 4, 3, 3, 2, 2, 1, 1, 0, 0], "b_moves_left": [40, 39, 39, 38, 38, 37, 37, 36, 36, 35, 35, 34, 34, 33, 33, 32, 32, 31, 31, 30, 30, 29, 29, 28, 28, 27, 27, 26, 26, 25, 25, 24, 24, 23, 23, 22, 22, 21, 21, 20, 20, 19, 19, 18, 18, 17, 17, 16, 16, 15, 15, 14, 14, 13, 13, 12, 12, 11, 11, 10, 10, 9, 9, 8, 8, 7, 7, 6, 6, 5, 5, 4, 4, 3, 3, 2, 2, 1, 1, 0], "trapdoor_triggered": [0, 0, 0, 0, 0, 0, 0, 0, 0, 1, 0, 0, 0, 0, 0, 0, 0, 0, 0, 0, 0, 0, 0, 0, 0, 0, 0, 0, 0, 0, 0, 0, 0, 0, 0, 0, 0, 0, 0, 0, 0, 0, 0, 0, 0, 0, 0, 0, 0, 0, 0, 0, 0, 0, 0, 0, 0, 0, 0, 0, 0, 0, 0, 0, 0, 0, 0, 0, 0, 0, 0, 0, 0, 0, 0, 0, 0, 0, 0, 0], "left_behind": ["egg", "egg", "plain", "turd", "egg", "egg", "plain", "turd", "egg", "egg", "plain", "plain", "egg", "turd", "plain", "egg", "plain", "turd", "plain", "egg", "egg", "turd", "plain", "egg", "egg", "plain", "plain", "egg", "egg", "plain", "plain", "egg", "egg", "plain", "plain", "plain", "egg", "plain", "plain", "egg", "egg", "plain", "plain", "egg", "plain", "plain", "plain", "egg", "egg", "plain", "plain", "plain", "egg", "plain", "plain", "plain", "egg", "plain", "plain", "plain", "plain", "plain", "plain", "plain", "plain", "plain", "plain", "egg", "plain", "plain", "plain", "plain", "plain", "plain", "plain", "plain", "plain", "plain", "plain", "egg"], "errlog_a": "", "errlog_b": "", "start_time": 360, "start_moves": 40, "turn_count": 80, "result": 0, "reason": "EGGS_LAID", "trapdoors": [[4, 2], [4, 3]], "spawn_a": [7, 1], "spawn_b": [0, 1]}