{"pos": [[7, 0], [1, 1], [6, 0], [1, 2], [6, 1], [0, 2], [6, 2], [0, 3], [7, 2], [1, 3], [7, 3], [1, 4], [6, 3], [0, 4], [6, 4], [0, 5], [7, 4], [1, 5], [7, 5], [1, 6], [6, 5], [0, 6], [6, 6], [0, 7], [7, 6], [1, 7], [7, 7], [2, 7], [6, 7], [2, 6], [5, 7], [3, 6], [5, 6], [3, 7], [4, 6], [4, 7], [5, 6], [3, 7], [5, 5], [3, 6], [5, 4], [3, 5], [5, 5], [2, 5], [5, 4], [2, 4], [6, 4], [2, 3], [6, 3], [2, 2], [6, 2], [3, 2], [5, 2], [3, 1], [5, 1], [4, 1], [5, 0], [3, 1], [4, 0], [3, 0], [5, 0], [2, 0], [6, 0], [2, 1], [6, 1], [2, 2], [7, 1], [2, 1], [7, 0], [1, 1], [7, 1], [1, 0], [7, 2], [0, 0], [7, 3], [1, 0], [6, 3], [2, 0], [5, 3], [3, 0]], "a_eggs_laid": [1, 1, 1, 1, 2, 2, 2, 2, 3, 3, 3, 3, 4, 4, 4, 4, 5, 5, 5, 5, 6, 6, 6, 6, 7, 7, 7, 7, 10, 10, 10, 10, 11, 11, 11, 11, 12, 12, 12, 12, 13, 13, 13, 13, 13, 13, 13, 13, 13, 13, 13, 13, 13, 13, 13, 13, 14, 14, 14, 14, 15, 15, 15, 15, 15, 15, 15, 15, 15, 15, 15, 15, 15, 15, 15, 15, 15, 15, 15, 15], "b_eggs_laid": [0, 1, 1, 1, 1, 2, 2, 2, 2, 3, 3, 3, 3, 4, 4, 4, 4, 5, 5, 5, 5, 6, 6, 6, 6, 9, 9, 9, 9, 10, 10, 10, 10, 11, 11, 11, 11, 12, 12, 12, 12, 12, 12, 12, 12, 13, 13, 13, 13, 14, 14, 14, 14, 15, 15, 15, 15, 16, 16, 16, 16, 17, 17, 17, 17, 18, 18, 18, 18, 18, 18, 18, 18, 19, 19, 19, 19, 19, 19, 19], "a_turds_left": [5, 5, 5, 5, 5, 5, 5, 5, 5, 5, 5, 5, 5, 5, 5, 5, 5, 5, 5, 5, 5, 5, 5, 5, 5, 5, 5, 5, 5, 5, 5, 5, 5, 5, 4, 4, 4, 4, 4, 4, 4, 4, 3, 3, 3, 3, 3, 3, 3, 3, 3, 3, 3, 3, 2, 2, 2, 2, 1, 1, 1, 1, 1, 1, 1, 1, 1, 1, 1, 1, 1, 1, 1, 1, 1, 1, 1, 1, 1, 1], "b_turds_left": [5, 5, 5, 5, 5, 5, 5, 5, 5, 5, 5, 5, 5, 5, 5, 5, 5, 5, 5, 5, 5, 5, 5, 5, 5, 5, 5, 5, 5, 5, 5, 5, 5, 5, 5, 5, 5, 5, 5, 5, 5, 5, 5, 5, 5, 5, 5, 5, 5, 5, 5, 5, 5, 5, 5, 5, 5, 5, 5, 5, 5, 5, 5, 5, 5, 5, 5, 5, 5, 5, 5, 5, 5, 5, 5, 5, 5, 5, 5, 5], "a_time_left": [359.99648537504254, 359.99648537504254, 359.99537000001874, 359.99537000001874, 359.99323329201434, 359.99323329201434, 359.9914034999674, 359.9914034999674, 359.9881296249805, 359.9881296249805, 359.9875319999992, 359.9875319999992, 359.9866668750183, 359.9866668750183, 359.985916500038, 359.985916500038, 359.9848745420459, 359.9848745420459, 359.9846282090293, 359.9846282090293, 359.9844656670466, 359.9844656670466, 359.9843620840111, 359.9843620840111, 359.9842417089967, 359.9842417089967, 359.9841517510358, 359.9841517510358, 359.98406216705916, 359.98406216705916, 359.9839780010516, 359.9839780010516, 359.9838670010795, 359.9838670010795, 359.9837710841093, 359.9837710841093, 359.9836863761302, 359.9836863761302, 359.9833972931374, 359.9833972931374, 359.9832844181219, 359.9832844181219, 359.98319279315183, 359.98319279315183, 359.98297808517236, 359.98297808517236, 359.98256300215144, 359.98256300215144, 359.9823135441402, 359.9823135441402, 359.9816941691679, 359.9816941691679, 359.98141066916287, 359.98141066916287, 359.98131091916, 359.98131091916, 359.9812127101468, 359.9812127101468, 359.9811202521669, 359.9811202521669, 359.9810487521463, 359.9810487521463, 359.9809555861284, 359.9809555861284, 359.9808686700999, 359.9808686700999, 359.98064971208805, 359.98064971208805, 359.9805617951206, 359.9805617951206, 359.98044733610004, 359.98044733610004, 359.98035900312243, 359.98035900312243, 359.98012104508234, 359.98012104508234, 359.98001083609415, 359.98001083609415, 359.97967637708643, 359.97967637708643], "b_time_left": [360, 359.9974027920398, 359.9974027920398, 359.9955567920697, 359.9955567920697, 359.9917407090543, 359.9917407090543, 359.990925292077, 359.990925292077, 359.9883956670528, 359.9883956670528, 359.9878863330232, 359.9878863330232, 359.986670125043, 359.986670125043, 359.98638991604093, 359.98638991604093, 359.9860541240196, 359.9860541240196, 359.9857249990455, 359.9857249990455, 359.9855774990283, 359.9855774990283, 359.985469707055, 359.985469707055, 359.98536354105454, 359.98536354105454, 359.9852553740493, 359.9852553740493, 359.98513716604793, 359.98513716604793, 359.9850219160435, 359.9850219160435, 359.98489474901, 359.98489474901, 359.9847921660403, 359.9847921660403, 359.98470270703547, 359.98470270703547, 359.9846087490441, 359.9846087490441, 359.9845157080563, 359.9845157080563, 359.9844145420939, 359.9844145420939, 359.9843042510911, 359.9843042510911, 359.984182585089, 359.984182585089, 359.9840526680928, 359.9840526680928, 359.9839513760526, 359.9839513760526, 359.9838322100695, 359.9838322100695, 359.983728419058, 359.983728419058, 359.9836447110865, 359.9836447110865, 359.98355762811843, 359.98355762811843, 359.9834799191449, 359.9834799191449, 359.98340266919695, 359.98340266919695, 359.98327475221595, 359.98327475221595, 359.9831837522215, 359.9831837522215, 359.9831058771815, 359.9831058771815, 359.98301650217036, 359.98301650217036, 359.9829240432009, 359.9829240432009, 359.98285125219263, 359.98285125219263, 359.9827812522417, 359.9827812522417, 359.98270325222984], "a_moves_left": [39, 39, 38, 38, 37, 37, 36, 36, 35, 35, 34, 34, 33, 33, 32, 32, 31, 31, 30, 30, 29, 29, 28, 28, 27, 27, 26, 26, 25, 25, 24, 24, 23, 23, 22, 22, 21, 21, 20, 20, 19, 19, 18, 18, 17, 17, 16, 16, 15, 15, 14, 14, 13, 13, 12, 12, 11, 11, 10, 10, 9, 9, 8, 8, 7, 7, 6, 6, 5, 5, 4, 4, 3, 3, 2, 2, 1, 1, 0, 0], "b_moves_left": [40, 39, 39, 38, 38, 37, 37, 36, 36, 35, 35, 34, 34, 33, 33, 32, 32, 31, 31, 30, 30, 29, 29, 28, 28, 27, 27, 26, 26, 25, 25, 24, 24, 23, 23, 22, 22, 21, 21, 20, 20, 19, 19, 18, 18, 17, 17, 16, 16, 15, 15, 14, 14, 13, 13, 12, 12, 11, 11, 10, 10, 9, 9, 8, 8, 7, 7, 6, 6, 5, 5, 4, 4, 3, 3, 2, 2, 1, 1, 0], "trapdoor_triggered": [0, 0, 0, 0, 0, 0, 0, 0, 0, 0, 0, 0, 0, 0, 0, 0, 0, 0, 0, 0, 0, 0, 0, 0, 0, 0, 0, 0, 0, 0, 0, 0, 0, 0, 0, 0, 0, 0, 0, 0, 0, 0, 0, 0, 0, 0, 0, 0, 0, 0, 0, 0, 0, 0, 0, 0, 0, 0, 0, 0, 0, 0, 0, 0, 0, 0, 0, 0, 0, 0, 0, 0, 0, 0, 0, 0, 0, 0, 0, 0], "left_behind": ["egg", "egg", "plain", "plain", "egg", "egg", "plain", "plain", "egg", "egg", "plain", "plain", "egg", "egg", "plain", "plain", "egg", "egg", "plain", "plain", "egg", "egg", "plain", "plain", "egg", "egg", "plain", "plain", "egg", "egg", "plain", "plain", "egg", "egg", "turd", "plain", "egg", "egg", "plain", "plain", "egg", "plain", "turd", "plain", "plain", "egg", "plain", "plain", "plain", "egg", "plain", "plain", "plain", "egg", "turd", "plain", "egg", "egg", "turd", "plain", "egg", "egg", "plain", "plain", "plain", "egg", "plain", "plain", "plain", "plain", "plain", "plain", "plain", "egg", "plain", "plain", "plain", "plain", "plain", "plain"], "errlog_a": "", "errlog_b": "", "start_time": 360, "start_moves": 40, "turn_count": 80, "result": 1, "reason": "EGGS_LAID", "trapdoors": [[4, 2], [3, 4]], "spawn_a": [7, 1], "spawn_b": [0, 1]}