{"pos": [[7, 4], [1, 5], [6, 4], [1, 4], [6, 5], [0, 4], [6, 6], [1, 4], [7, 6], [1, 3], [7, 7], [1, 2], [6, 7], [1, 3], [5, 7], [0, 3], [5, 6], [0, 4], [4, 6], [1, 4], [4, 7], [2, 4], [3, 7], [3, 4], [3, 6], [3, 3], [3, 5], [3, 2], [3, 6], [3, 1], [2, 6], [4, 1], [1, 6], [5, 1], [1, 5], [6, 1], [1, 6], [6, 2], [1, 5], [6, 3], [1, 6], [5, 3], [2, 6], [5, 2], [2, 7], [4, 2], [1, 7], [4, 3], [0, 7], [4, 4], [0, 6], [5, 4], [0, 7], [5, 5], [1, 7], [6, 5], [2, 7], [5, 5], [3, 7], [5, 6], [4, 7], [5, 5], [4, 6], [4, 5], [4, 7], [4, 4], [5, 7], [5, 4], [6, 7], [5, 3], [6, 6], [6, 3], [7, 6], [7, 3], [7, 5], [7, 4], [7, 6], [7, 3], [7, 7], [7, 2]], "a_eggs_laid": [1, 1, 1, 1, 2, 2, 2, 2, 3, 3, 3, 3, 6, 6, 6, 6, 7, 7, 7, 7, 8, 8, 8, 8, 9, 9, 9, 9, 10, 10, 10, 10, 11, 11, 11, 11, 12, 12, 12, 12, 12, 12, 12, 12, 12, 12, 12, 12, 13, 13, 13, 13, 14, 14, 14, 14, 14, 14, 14, 14, 14, 14, 14, 14, 14, 14, 14, 14, 14, 14, 14, 14, 14, 14, 14, 14, 14, 14, 14, 14], "b_eggs_laid": [0, 1, 1, 1, 1, 2, 2, 2, 2, 2, 2, 2, 2, 3, 3, 3, 3, 4, 4, 4, 4, 4, 4, 4, 4, 5, 5, 5, 5, 6, 6, 6, 6, 7, 7, 7, 7, 8, 8, 8, 8, 9, 9, 9, 9, 10, 10, 10, 10, 11, 11, 11, 11, 12, 12, 12, 12, 13, 13, 13, 13, 14, 14, 14, 14, 15, 15, 15, 15, 15, 15, 15, 15, 15, 15, 15, 15, 16, 16, 16], "a_turds_left": [5, 5, 5, 5, 5, 5, 5, 5, 5, 5, 5, 5, 5, 5, 5, 5, 5, 5, 5, 5, 5, 5, 5, 5, 5, 5, 4, 4, 4, 4, 4, 4, 4, 4, 4, 4, 4, 4, 4, 4, 4, 4, 4, 4, 4, 4, 4, 4, 4, 4, 4, 4, 4, 4, 4, 4, 4, 4, 4, 4, 4, 4, 3, 3, 3, 3, 3, 3, 3, 3, 3, 3, 3, 3, 2, 2, 2, 2, 2, 2], "b_turds_left": [5, 5, 5, 5, 5, 5, 5, 5, 5, 5, 5, 5, 5, 5, 5, 5, 5, 5, 5, 5, 5, 5, 5, 5, 5, 5, 5, 5, 5, 5, 5, 5, 5, 5, 5, 5, 5, 5, 5, 5, 5, 5, 5, 5, 5, 5, 5, 5, 5, 5, 5, 5, 5, 5, 5, 5, 5, 5, 5, 5, 5, 5, 5, 5, 5, 5, 5, 5, 5, 5, 5, 5, 5, 5, 5, 5, 5, 5, 5, 5], "a_time_left": [359.9965704579954, 359.9965704579954, 359.9950502500287, 359.9950502500287, 359.99222412501695, 359.99222412501695, 359.99027562502306, 359.99027562502306, 359.986339709023, 359.986339709023, 359.98467862501275, 359.98467862501275, 359.98408274998656, 359.98408274998656, 359.98353516700445, 359.98353516700445, 359.9828090420342, 359.9828090420342, 359.9826962920488, 359.9826962920488, 359.9825611670385, 359.9825611670385, 359.98246283305343, 359.98246283305343, 359.9823524170206, 359.9823524170206, 359.9822452090448, 359.9822452090448, 359.982133459067, 359.982133459067, 359.98177137511084, 359.98177137511084, 359.98165262513794, 359.98165262513794, 359.98156412510434, 359.98156412510434, 359.98147470812546, 359.98147470812546, 359.98106837511295, 359.98106837511295, 359.9809200001182, 359.9809200001182, 359.9805040000938, 359.9805040000938, 359.9803267921088, 359.9803267921088, 359.9802350421087, 359.9802350421087, 359.98013629211346, 359.98013629211346, 359.98006491706474, 359.98006491706474, 359.9799834591104, 359.9799834591104, 359.97987283411203, 359.97987283411203, 359.97979212610517, 359.97979212610517, 359.9795537090977, 359.9795537090977, 359.97946783411317, 359.97946783411317, 359.9793463341193, 359.9793463341193, 359.97927316708956, 359.97927316708956, 359.9791944590979, 359.9791944590979, 359.9791260010679, 359.9791260010679, 359.97901383507997, 359.97901383507997, 359.97894587606424, 359.97894587606424, 359.9788202100317, 359.9788202100317, 359.9787580440752, 359.9787580440752, 359.9786752521177, 359.9786752521177], "b_time_left": [360, 359.99656137498096, 359.99656137498096, 359.9948605840327, 359.9948605840327, 359.9914483760367, 359.9914483760367, 359.99067458405625, 359.99067458405625, 359.9893711670884, 359.9893711670884, 359.9876016670605, 359.9876016670605, 359.9863848760724, 359.9863848760724, 359.98593562608585, 359.98593562608585, 359.98506041808287, 359.98506041808287, 359.9849710430717, 359.9849710430717, 359.9846137930872, 359.9846137930872, 359.9845305021154, 359.9845305021154, 359.9844214190962, 359.9844214190962, 359.9843368350412, 359.9843368350412, 359.9842330440297, 359.9842330440297, 359.9841473780689, 359.9841473780689, 359.98404375306563, 359.98404375306563, 359.98396442004014, 359.98396442004014, 359.98386921104975, 359.98386921104975, 359.98378900205716, 359.98378900205716, 359.9837030850467, 359.9837030850467, 359.9836188760237, 359.9836188760237, 359.98351358401123, 359.98351358401123, 359.9834316250053, 359.9834316250053, 359.98332937498344, 359.98332937498344, 359.9832505409722, 359.9832505409722, 359.9831675000023, 359.9831675000023, 359.98309024999617, 359.98309024999617, 359.9830332500278, 359.9830332500278, 359.9829512499855, 359.9829512499855, 359.9828956249985, 359.9828956249985, 359.98281616700115, 359.98281616700115, 359.9827444169787, 359.9827444169787, 359.9826631670003, 359.9826631670003, 359.98259679198964, 359.98259679198964, 359.9825216259924, 359.9825216259924, 359.98245358403074, 359.98245358403074, 359.9823722510482, 359.9823722510482, 359.9823117090273, 359.9823117090273, 359.98223775002407], "a_moves_left": [39, 39, 38, 38, 37, 37, 36, 36, 35, 35, 34, 34, 33, 33, 32, 32, 31, 31, 30, 30, 29, 29, 28, 28, 27, 27, 26, 26, 25, 25, 24, 24, 23, 23, 22, 22, 21, 21, 20, 20, 19, 19, 18, 18, 17, 17, 16, 16, 15, 15, 14, 14, 13, 13, 12, 12, 11, 11, 10, 10, 9, 9, 8, 8, 7, 7, 6, 6, 5, 5, 4, 4, 3, 3, 2, 2, 1, 1, 0, 0], "b_moves_left": [40, 39, 39, 38, 38, 37, 37, 36, 36, 35, 35, 34, 34, 33, 33, 32, 32, 31, 31, 30, 30, 29, 29, 28, 28, 27, 27, 26, 26, 25, 25, 24, 24, 23, 23, 22, 22, 21, 21, 20, 20, 19, 19, 18, 18, 17, 17, 16, 16, 15, 15, 14, 14, 13, 13, 12, 12, 11, 11, 10, 10, 9, 9, 8, 8, 7, 7, 6, 6, 5, 5, 4, 4, 3, 3, 2, 2, 1, 1, 0], "trapdoor_triggered": [0, 0, 0, 0, 0, 0, 0, 0, 0, 0, 0, 0, 0, 0, 0, 0, 0, 0, 0, 0, 0, 0, 0, 0, 0, 0, 0, 0, 0, 0, 0, 0, 0, 0, 0, 0, 0, 0, 0, 0, 0, 0, 0, 0, 0, 0, 0, 0, 0, 0, 0, 0, 0, 0, 0, 0, 0, 0, 0, 0, 0, 0, 0, 0, 0, 0, 0, 0, 0, 0, 0, 0, 0, 0, 0, 0, 0, 0, 0, 0], "left_behind": ["egg", "egg", "plain", "plain", "egg", "egg", "plain", "plain", "egg", "plain", "plain", "plain", "egg", "egg", "plain", "plain", "egg", "egg", "plain", "plain", "egg", "plain", "plain", "plain", "egg", "egg", "turd", "plain", "egg", "egg", "plain", "plain", "egg", "egg", "plain", "plain", "egg", "egg", "plain", "plain", "plain", "egg", "plain", "plain", "plain", "egg", "plain", "plain", "egg", "egg", "plain", "plain", "egg", "egg", "plain", "plain", "plain", "egg", "plain", "plain", "plain", "egg", "turd", "plain", "plain", "egg", "plain", "plain", "plain", "plain", "plain", "plain", "plain", "plain", "turd", "plain", "plain", "egg", "plain", "plain"], "errlog_a": "", "errlog_b": "", "start_time": 360, "start_moves": 40, "turn_count": 80, "result": 1, "reason": "EGGS_LAID", "trapdoors": [[2, 2], [2, 5]], "spawn_a": [7, 5], "spawn_b": [0, 5]}