{"pos": [[6, 5], [0, 4], [6, 4], [1, 4], [6, 3], [1, 5], [5, 3], [1, 6], [5, 2], [0, 6], [4, 2], [0, 7], [3, 2], [1, 7], [3, 1], [2, 7], [2, 1], [2, 6], [2, 0], [3, 6], [3, 0], [3, 7], [4, 0], [4, 7], [5, 0], [4, 6], [6, 0], [5, 6], [7, 0], [5, 7], [7, 1], [6, 7], [6, 1], [7, 7], [6, 2], [7, 6], [7, 2], [7, 7], [7, 3], [6, 7], [7, 4], [5, 7], [7, 3], [5, 6], [7, 2], [4, 6], [7, 1], [4, 7], [7, 0], [4, 6], [6, 0], [3, 6], [6, 1], [3, 5], [5, 1], [3, 4], [4, 1], [2, 4], [4, 0], [2, 3], [5, 0], [1, 3], [5, 1], [1, 2], [5, 2], [0, 2], [4, 2], [0, 1], [4, 3], [0, 0], [4, 4], [1, 0], [4, 3], [0, 0], [5, 3], [0, 1], [5, 4], [0, 2], [5, 5], [0, 3]], "a_eggs_laid": [1, 1, 1, 1, 2, 2, 2, 2, 3, 3, 3, 3, 4, 4, 4, 4, 5, 5, 5, 5, 6, 6, 6, 6, 7, 7, 7, 7, 8, 8, 8, 8, 9, 9, 9, 9, 10, 10, 10, 10, 11, 11, 11, 11, 11, 11, 11, 11, 11, 11, 11, 11, 11, 11, 11, 11, 12, 12, 12, 12, 12, 12, 12, 12, 12, 12, 12, 12, 12, 12, 12, 12, 13, 13, 13, 13, 13, 13, 13, 13], "b_eggs_laid": [0, 1, 1, 1, 1, 2, 2, 2, 2, 3, 3, 3, 3, 6, 6, 6, 6, 7, 7, 7, 7, 8, 8, 8, 8, 9, 9, 9, 9, 10, 10, 10, 10, 11, 11, 11, 11, 12, 12, 12, 12, 12, 12, 12, 12, 12, 12, 12, 12, 12, 12, 12, 12, 12, 12, 12, 12, 13, 13, 13, 13, 14, 14, 14, 14, 15, 15, 15, 15, 16, 16, 16, 16, 17, 17, 17, 17, 17, 17, 17], "a_turds_left": [5, 5, 4, 4, 4, 4, 3, 3, 3, 3, 2, 2, 2, 2, 1, 1, 1, 1, 0, 0, 0, 0, 0, 0, 0, 0, 0, 0, 0, 0, 0, 0, 0, 0, 0, 0, 0, 0, 0, 0, 0, 0, 0, 0, 0, 0, 0, 0, 0, 0, 0, 0, 0, 0, 0, 0, 0, 0, 0, 0, 0, 0, 0, 0, 0, 0, 0, 0, 0, 0, 0, 0, 0, 0, 0, 0, 0, 0, 0, 0], "b_turds_left": [5, 5, 5, 5, 5, 5, 5, 5, 5, 5, 5, 5, 5, 5, 5, 5, 5, 5, 5, 5, 5, 5, 5, 5, 5, 5, 5, 5, 5, 5, 5, 5, 5, 5, 5, 5, 5, 5, 5, 5, 5, 5, 5, 5, 5, 5, 5, 5, 5, 5, 5, 5, 5, 5, 5, 5, 5, 5, 5, 5, 5, 5, 5, 5, 5, 5, 5, 5, 5, 5, 5, 5, 5, 5, 5, 5, 5, 5, 5, 5], "a_time_left": [359.99686700000893, 359.99686700000893, 359.99607550003566, 359.99607550003566, 359.993508500047, 359.993508500047, 359.9918575830525, 359.9918575830525, 359.99088229209883, 359.99088229209883, 359.98931016708957, 359.98931016708957, 359.9871402081335, 359.9871402081335, 359.9857017491013, 359.9857017491013, 359.9836173320655, 359.9836173320655, 359.9822809990728, 359.9822809990728, 359.98113249905873, 359.98113249905873, 359.9805921240477, 359.9805921240477, 359.9797226660303, 359.9797226660303, 359.9795070820255, 359.9795070820255, 359.9793718320434, 359.9793718320434, 359.97930424904916, 359.97930424904916, 359.97920945705846, 359.97920945705846, 359.9790194990346, 359.9790194990346, 359.97878504003165, 359.97878504003165, 359.9787171650096, 359.9787171650096, 359.978640789981, 359.978640789981, 359.978581956937, 359.978581956937, 359.97851808194537, 359.97851808194537, 359.9784637069679, 359.9784637069679, 359.9783994149766, 359.9783994149766, 359.9783489149413, 359.9783489149413, 359.97827662393684, 359.97827662393684, 359.97821324894903, 359.97821324894903, 359.97812645696104, 359.97812645696104, 359.978063456947, 359.978063456947, 359.9780006239889, 359.9780006239889, 359.9779401239939, 359.9779401239939, 359.97786862397334, 359.97786862397334, 359.97780745697673, 359.97780745697673, 359.9777363729663, 359.9777363729663, 359.97767670598114, 359.97767670598114, 359.9776093729888, 359.9776093729888, 359.97755049797706, 359.97755049797706, 359.9774813729455, 359.9774813729455, 359.9774241229752, 359.9774241229752], "b_time_left": [360, 359.998642541992, 359.998642541992, 359.99694925098447, 359.99694925098447, 359.99583229300333, 359.99583229300333, 359.9939316260279, 359.9939316260279, 359.9928693350521, 359.9928693350521, 359.99140762607567, 359.99140762607567, 359.9899736260413, 359.9899736260413, 359.9885469600558, 359.9885469600558, 359.98646254400956, 359.98646254400956, 359.98617733601714, 359.98617733601714, 359.9857992110192, 359.9857992110192, 359.98553191899555, 359.98553191899555, 359.98539208597504, 359.98539208597504, 359.9852732109721, 359.9852732109721, 359.9851622940041, 359.9851622940041, 359.9848837520112, 359.9848837520112, 359.9845871269936, 359.9845871269936, 359.98434962698957, 359.98434962698957, 359.98426208499586, 359.98426208499586, 359.98413721000543, 359.98413721000543, 359.98404316802043, 359.98404316802043, 359.9836609600461, 359.9836609600461, 359.9835170020815, 359.9835170020815, 359.9829556270852, 359.9829556270852, 359.98282112710876, 359.98282112710876, 359.9822570431279, 359.9822570431279, 359.9819907511119, 359.9819907511119, 359.9818865840789, 359.9818865840789, 359.98178029205883, 359.98178029205883, 359.98168629204156, 359.98168629204156, 359.9816085000639, 359.9816085000639, 359.98151866707485, 359.98151866707485, 359.9814356250572, 359.9814356250572, 359.9813630840508, 359.9813630840508, 359.9812857930665, 359.9812857930665, 359.9812234180863, 359.9812234180863, 359.9811563770636, 359.9811563770636, 359.9810490850941, 359.9810490850941, 359.9809751691064, 359.9809751691064, 359.98081279412145], "a_moves_left": [39, 39, 38, 38, 37, 37, 36, 36, 35, 35, 34, 34, 33, 33, 32, 32, 31, 31, 30, 30, 29, 29, 28, 28, 27, 27, 26, 26, 25, 25, 24, 24, 23, 23, 22, 22, 21, 21, 20, 20, 19, 19, 18, 18, 17, 17, 16, 16, 15, 15, 14, 14, 13, 13, 12, 12, 11, 11, 10, 10, 9, 9, 8, 8, 7, 7, 6, 6, 5, 5, 4, 4, 3, 3, 2, 2, 1, 1, 0, 0], "b_moves_left": [40, 39, 39, 38, 38, 37, 37, 36, 36, 35, 35, 34, 34, 33, 33, 32, 32, 31, 31, 30, 30, 29, 29, 28, 28, 27, 27, 26, 26, 25, 25, 24, 24, 23, 23, 22, 22, 21, 21, 20, 20, 19, 19, 18, 18, 17, 17, 16, 16, 15, 15, 14, 14, 13, 13, 12, 12, 11, 11, 10, 10, 9, 9, 8, 8, 7, 7, 6, 6, 5, 5, 4, 4, 3, 3, 2, 2, 1, 1, 0], "trapdoor_triggered": [0, 0, 0, 0, 0, 0, 0, 0, 0, 0, 0, 0, 0, 0, 0, 0, 0, 0, 0, 0, 0, 0, 0, 0, 0, 0, 0, 0, 0, 0, 0, 0, 0, 0, 0, 0, 0, 0, 0, 0, 0, 0, 0, 0, 0, 0, 0, 0, 0, 0, 0, 0, 0, 0, 0, 0, 0, 0, 0, 0, 0, 0, 0, 0, 0, 0, 0, 0, 0, 0, 0, 0, 0, 0, 0, 0, 0, 0, 0, 0], "left_behind": ["egg", "egg", "turd", "plain", "egg", "egg", "turd", "plain", "egg", "egg", "turd", "plain", "egg", "egg", "turd", "plain", "egg", "egg", "turd", "plain", "egg", "egg", "plain", "plain", "egg", "egg", "plain", "plain", "egg", "egg", "plain", "plain", "egg", "egg", "plain", "plain", "egg", "egg", "plain", "plain", "egg", "plain", "plain", "plain", "plain", "plain", "plain", "plain", "plain", "plain", "plain", "plain", "plain", "plain", "plain", "plain", "egg", "egg", "plain", "plain", "plain", "egg", "plain", "plain", "plain", "egg", "plain", "plain", "plain", "egg", "plain", "plain", "egg", "egg", "plain", "plain", "plain", "plain", "plain", "plain"], "errlog_a": "", "errlog_b": "", "start_time": 360, "start_moves": 40, "turn_count": 80, "result": 1, "reason": "EGGS_LAID", "trapdoors": [[3, 3], [4, 5]], "spawn_a": [7, 5], "spawn_b": [0, 5]}