{"pos": [[7, 4], [1, 5], [6, 4], [1, 4], [6, 5], [1, 3], [6, 6], [2, 3], [7, 6], [2, 4], [7, 7], [3, 4], [6, 7], [3, 5], [5, 7], [4, 5], [5, 6], [4, 4], [4, 6], [4, 3], [4, 7], [4, 2], [3, 7], [4, 1], [2, 7], [3, 1], [2, 6], [3, 2], [2, 7], [2, 2], [1, 7], [2, 1], [0, 7], [2, 0], [0, 6], [3, 0], [0, 7], [4, 0], [1, 7], [5, 0], [2, 7], [6, 0], [3, 7], [7, 0], [4, 7], [7, 1], [5, 7], [7, 2], [5, 6], [7, 3], [6, 6], [7, 4], [5, 6], [7, 3], [6, 6], [6, 3], [5, 6], [6, 2], [6, 6], [6, 1], [5, 6], [5, 1], [5, 7], [5, 2], [5, 6], [5, 3], [5, 7], [5, 4], [5, 6], [5, 3], [6, 6], [5, 2], [5, 6], [5, 1], [5, 7], [5, 0], [5, 6], [6, 0], [6, 6], [7, 0]], "a_eggs_laid": [1, 1, 1, 1, 2, 2, 2, 2, 3, 3, 3, 3, 6, 6, 6, 6, 7, 7, 7, 7, 8, 8, 8, 8, 9, 9, 9, 9, 10, 10, 10, 10, 11, 11, 11, 11, 12, 12, 12, 12, 12, 12, 12, 12, 12, 12, 12, 12, 12, 12, 12, 12, 12, 12, 12, 12, 12, 12, 12, 12, 12, 12, 12, 12, 12, 12, 12, 12, 12, 12, 12, 12, 12, 12, 12, 12, 12, 12, 12, 12], "b_eggs_laid": [0, 1, 1, 1, 1, 2, 2, 2, 2, 3, 3, 3, 3, 4, 4, 4, 4, 5, 5, 5, 5, 6, 6, 6, 6, 7, 7, 7, 7, 8, 8, 8, 8, 9, 9, 9, 9, 10, 10, 10, 10, 11, 11, 11, 11, 14, 14, 14, 14, 15, 15, 15, 15, 16, 16, 16, 16, 17, 17, 17, 17, 18, 18, 18, 18, 19, 19, 19, 19, 20, 20, 20, 20, 20, 20, 20, 20, 20, 20, 20], "a_turds_left": [5, 5, 5, 5, 5, 5, 5, 5, 5, 5, 5, 5, 5, 5, 5, 5, 5, 5, 4, 4, 4, 4, 4, 4, 4, 4, 4, 4, 4, 4, 4, 4, 4, 4, 4, 4, 4, 4, 4, 4, 4, 4, 4, 4, 4, 4, 4, 4, 4, 4, 4, 4, 4, 4, 4, 4, 4, 4, 4, 4, 4, 4, 4, 4, 4, 4, 4, 4, 4, 4, 4, 4, 4, 4, 4, 4, 4, 4, 4, 4], "b_turds_left": [5, 5, 5, 4, 4, 4, 4, 3, 3, 3, 3, 2, 2, 2, 2, 1, 1, 1, 1, 0, 0, 0, 0, 0, 0, 0, 0, 0, 0, 0, 0, 0, 0, 0, 0, 0, 0, 0, 0, 0, 0, 0, 0, 0, 0, 0, 0, 0, 0, 0, 0, 0, 0, 0, 0, 0, 0, 0, 0, 0, 0, 0, 0, 0, 0, 0, 0, 0, 0, 0, 0, 0, 0, 0, 0, 0, 0, 0, 0, 0], "a_time_left": [359.9965141250286, 359.9965141250286, 359.994909666013, 359.994909666013, 359.99195891601266, 359.99195891601266, 359.9898142500315, 359.9898142500315, 359.98871129204053, 359.98871129204053, 359.9881457090378, 359.9881457090378, 359.9875917090103, 359.9875917090103, 359.9870368760312, 359.9870368760312, 359.9848551680334, 359.9848551680334, 359.98472587706055, 359.98472587706055, 359.9846031270572, 359.9846031270572, 359.9844981270144, 359.9844981270144, 359.98437062703306, 359.98437062703306, 359.9842751690303, 359.9842751690303, 359.9841881280299, 359.9841881280299, 359.98400541907176, 359.98400541907176, 359.9839124600403, 359.9839124600403, 359.9838316270616, 359.9838316270616, 359.98375825211406, 359.98375825211406, 359.98365083511453, 359.98365083511453, 359.9835742941359, 359.9835742941359, 359.98344529414317, 359.98344529414317, 359.9833646691404, 359.9833646691404, 359.9832305861637, 359.9832305861637, 359.98311512713553, 359.98311512713553, 359.9829989601276, 359.9829989601276, 359.98289171012584, 359.98289171012584, 359.9827796681202, 359.9827796681202, 359.98267866810784, 359.98267866810784, 359.9825718351058, 359.9825718351058, 359.9824591681245, 359.9824591681245, 359.98235604312504, 359.98235604312504, 359.9822592930868, 359.9822592930868, 359.982144668058, 359.982144668058, 359.98205891804537, 359.98205891804537, 359.9819509590743, 359.9819509590743, 359.9818489170866, 359.9818489170866, 359.9817363760667, 359.9817363760667, 359.9815835010959, 359.9815835010959, 359.98147504311055, 359.98147504311055], "b_time_left": [360, 359.9968774159788, 359.9968774159788, 359.9950434580096, 359.9950434580096, 359.99267887399765, 359.99267887399765, 359.9910634569824, 359.9910634569824, 359.99012870696606, 359.99012870696606, 359.98867062397767, 359.98867062397767, 359.9878462489578, 359.9878462489578, 359.98699529096484, 359.98699529096484, 359.9851902909577, 359.9851902909577, 359.98464308294933, 359.98464308294933, 359.98412441596156, 359.98412441596156, 359.98385987395886, 359.98385987395886, 359.98340129095595, 359.98340129095595, 359.98314591596136, 359.98314591596136, 359.9830388749833, 359.9830388749833, 359.9829819580191, 359.9829819580191, 359.98289779102197, 359.98289779102197, 359.9828445830499, 359.9828445830499, 359.982766458008, 359.982766458008, 359.98270891600987, 359.98270891600987, 359.9826398320147, 359.9826398320147, 359.9825849570334, 359.9825849570334, 359.9825250399881, 359.9825250399881, 359.9824682479957, 359.9824682479957, 359.98240066395374, 359.98240066395374, 359.98234837292694, 359.98234837292694, 359.98227691394277, 359.98227691394277, 359.9822136639268, 359.9822136639268, 359.9821444139234, 359.9821444139234, 359.9820827479125, 359.9820827479125, 359.98200570693007, 359.98200570693007, 359.98194595688256, 359.98194595688256, 359.98186787287705, 359.98186787287705, 359.9818136638496, 359.9818136638496, 359.9817412888515, 359.9817412888515, 359.9816807048628, 359.9816807048628, 359.9816161209019, 359.9816161209019, 359.98155387089355, 359.98155387089355, 359.9814892038703, 359.9814892038703, 359.98143757885555], "a_moves_left": [39, 39, 38, 38, 37, 37, 36, 36, 35, 35, 34, 34, 33, 33, 32, 32, 31, 31, 30, 30, 29, 29, 28, 28, 27, 27, 26, 26, 25, 25, 24, 24, 23, 23, 22, 22, 21, 21, 20, 20, 19, 19, 18, 18, 17, 17, 16, 16, 15, 15, 14, 14, 13, 13, 12, 12, 11, 11, 10, 10, 9, 9, 8, 8, 7, 7, 6, 6, 5, 5, 4, 4, 3, 3, 2, 2, 1, 1, 0, 0], "b_moves_left": [40, 39, 39, 38, 38, 37, 37, 36, 36, 35, 35, 34, 34, 33, 33, 32, 32, 31, 31, 30, 30, 29, 29, 28, 28, 27, 27, 26, 26, 25, 25, 24, 24, 23, 23, 22, 22, 21, 21, 20, 20, 19, 19, 18, 18, 17, 17, 16, 16, 15, 15, 14, 14, 13, 13, 12, 12, 11, 11, 10, 10, 9, 9, 8, 8, 7, 7, 6, 6, 5, 5, 4, 4, 3, 3, 2, 2, 1, 1, 0], "trapdoor_triggered": [0, 0, 0, 0, 0, 0, 0, 0, 0, 0, 0, 0, 0, 0, 0, 0, 0, 0, 0, 0, 0, 0, 0, 0, 0, 0, 0, 0, 0, 0, 0, 0, 0, 0, 0, 0, 0, 0, 0, 0, 0, 0, 0, 0, 0, 0, 0, 0, 0, 0, 0, 0, 0, 0, 0, 0, 0, 0, 0, 0, 0, 0, 0, 0, 0, 0, 0, 0, 0, 0, 0, 0, 0, 0, 0, 0, 0, 0, 0, 0], "left_behind": ["egg", "egg", "plain", "turd", "egg", "egg", "plain", "turd", "egg", "egg", "plain", "turd", "egg", "egg", "plain", "turd", "egg", "egg", "turd", "turd", "egg", "egg", "plain", "plain", "egg", "egg", "plain", "plain", "egg", "egg", "plain", "plain", "egg", "egg", "plain", "plain", "egg", "egg", "plain", "plain", "plain", "egg", "plain", "plain", "plain", "egg", "plain", "plain", "plain", "egg", "plain", "plain", "plain", "egg", "plain", "plain", "plain", "egg", "plain", "plain", "plain", "egg", "plain", "plain", "plain", "egg", "plain", "plain", "plain", "egg", "plain", "plain", "plain", "plain", "plain", "plain", "plain", "plain", "plain", "plain"], "errlog_a": "", "errlog_b": "", "start_time": 360, "start_moves": 40, "turn_count": 80, "result": 1, "reason": "EGGS_LAID", "trapdoors": [[3, 3], [2, 5]], "spawn_a": [7, 5], "spawn_b": [0, 5]}