{"pos": [[1, 4], [6, 4], [1, 3], [6, 3], [1, 2], [6, 2], [1, 1], [5, 2], [2, 1], [5, 3], [3, 1], [5, 4], [4, 1], [5, 3], [5, 1], [4, 3], [5, 0], [3, 3], [4, 0], [3, 2], [3, 0], [2, 2], [2, 0], [1, 2], [1, 0], [0, 2], [0, 0], [0, 3], [0, 1], [0, 2], [1, 1], [0, 3], [0, 1], [0, 2], [0, 0], [1, 2], [1, 0], [2, 2], [2, 0], [2, 3], [3, 0], [2, 4], [3, 1], [1, 4], [4, 1], [1, 5], [4, 2], [0, 5], [4, 1], [0, 6], [5, 1], [1, 6], [5, 0], [2, 6], [6, 0], [2, 7], [7, 0], [3, 7], [7, 1], [3, 6], [7, 0], [3, 5], [7, 1], [2, 5], [7, 0], [2, 4], [6, 0], [3, 4], [5, 0], [3, 3], [4, 0], [3, 2], [3, 0], [3, 3], [3, 1], [4, 3], [4, 1], [5, 3], [4, 2], [5, 4]], "a_eggs_laid": [1, 1, 1, 1, 2, 2, 2, 2, 3, 3, 3, 3, 4, 4, 4, 4, 5, 5, 5, 5, 6, 6, 6, 6, 7, 7, 7, 7, 10, 10, 10, 10, 10, 10, 10, 10, 10, 10, 10, 10, 10, 10, 10, 10, 10, 10, 10, 10, 11, 11, 11, 11, 11, 11, 11, 11, 12, 12, 12, 12, 13, 13, 13, 13, 13, 13, 13, 13, 13, 13, 13, 13, 13, 13, 13, 13, 13, 13, 13, 13], "b_eggs_laid": [0, 1, 1, 1, 1, 2, 2, 2, 2, 3, 3, 3, 3, 4, 4, 4, 4, 5, 5, 5, 5, 6, 6, 6, 6, 7, 7, 7, 7, 8, 8, 8, 8, 8, 8, 8, 8, 8, 8, 8, 8, 9, 9, 9, 9, 10, 10, 10, 10, 11, 11, 11, 11, 12, 12, 12, 12, 13, 13, 13, 13, 14, 14, 14, 14, 15, 15, 15, 15, 16, 16, 16, 16, 16, 16, 16, 16, 16, 16, 16], "a_turds_left": [5, 5, 5, 5, 5, 5, 5, 5, 5, 5, 5, 5, 5, 5, 5, 5, 5, 5, 5, 5, 5, 5, 5, 5, 5, 5, 5, 5, 5, 5, 5, 5, 5, 5, 5, 5, 5, 5, 5, 5, 5, 5, 5, 5, 5, 5, 5, 5, 5, 5, 5, 5, 5, 5, 5, 5, 5, 5, 5, 5, 5, 5, 5, 5, 5, 5, 5, 5, 5, 5, 5, 5, 5, 5, 5, 5, 5, 5, 5, 5], "b_turds_left": [5, 5, 5, 4, 4, 4, 4, 3, 3, 3, 3, 2, 2, 2, 2, 2, 2, 2, 2, 1, 1, 1, 1, 0, 0, 0, 0, 0, 0, 0, 0, 0, 0, 0, 0, 0, 0, 0, 0, 0, 0, 0, 0, 0, 0, 0, 0, 0, 0, 0, 0, 0, 0, 0, 0, 0, 0, 0, 0, 0, 0, 0, 0, 0, 0, 0, 0, 0, 0, 0, 0, 0, 0, 0, 0, 0, 0, 0, 0, 0], "a_time_left": [359.9962412500172, 359.9962412500172, 359.99433141597547, 359.99433141597547, 359.9909831659752, 359.9909831659752, 359.989802082011, 359.989802082011, 359.9866493320442, 359.9866493320442, 359.9849083320005, 359.9849083320005, 359.9832842070027, 359.9832842070027, 359.9814751240192, 359.9814751240192, 359.97972429101355, 359.97972429101355, 359.97920941602206, 359.97920941602206, 359.9785475819954, 359.9785475819954, 359.9781166239409, 359.9781166239409, 359.9778791649733, 359.9778791649733, 359.977756164968, 359.977756164968, 359.97764616500353, 359.97764616500353, 359.97756562399445, 359.97756562399445, 359.9774627489969, 359.9774627489969, 359.9773786239675, 359.9773786239675, 359.9772730820114, 359.9772730820114, 359.9771757910494, 359.9771757910494, 359.9770880831056, 359.9770880831056, 359.9769893741468, 359.9769893741468, 359.97688304114854, 359.97688304114854, 359.97676070715534, 359.97676070715534, 359.97667516517686, 359.97667516517686, 359.97657274920493, 359.97657274920493, 359.9764763741987, 359.9764763741987, 359.9763450832106, 359.9763450832106, 359.9762506671832, 359.9762506671832, 359.9761778762331, 359.9761778762331, 359.9760890012258, 359.9760890012258, 359.976010418206, 359.976010418206, 359.97593212715583, 359.97593212715583, 359.9758570851409, 359.9758570851409, 359.9757731271675, 359.9757731271675, 359.97567437717225, 359.97567437717225, 359.97557841817616, 359.97557841817616, 359.97548945917515, 359.97548945917515, 359.9754018341773, 359.9754018341773, 359.97530125116464, 359.97530125116464], "b_time_left": [360, 359.9968444170081, 359.9968444170081, 359.9950073760119, 359.9950073760119, 359.9926562929759, 359.9926562929759, 359.99113962595584, 359.99113962595584, 359.9887891259277, 359.9887891259277, 359.9871337929508, 359.9871337929508, 359.9848808349343, 359.9848808349343, 359.98415179393487, 359.98415179393487, 359.98328620992834, 359.98328620992834, 359.98268937692046, 359.98268937692046, 359.98152995994315, 359.98152995994315, 359.9811124179978, 359.9811124179978, 359.9809291679994, 359.9809291679994, 359.9808331679669, 359.9808331679669, 359.9807510849787, 359.9807510849787, 359.9806521679857, 359.9806521679857, 359.9805644179578, 359.9805644179578, 359.9804698349908, 359.9804698349908, 359.9803579180152, 359.9803579180152, 359.9802265850594, 359.9802265850594, 359.98014191904804, 359.98014191904804, 359.9800692520803, 359.9800692520803, 359.97999466909096, 359.97999466909096, 359.97992446110584, 359.97992446110584, 359.97984462807653, 359.97984462807653, 359.97977312805597, 359.97977312805597, 359.979680545046, 359.979680545046, 359.97961396106984, 359.97961396106984, 359.9795359200798, 359.9795359200798, 359.9794699610793, 359.9794699610793, 359.9793814611039, 359.9793814611039, 359.9793177530519, 359.9793177530519, 359.97924033604795, 359.97924033604795, 359.97918041906087, 359.97918041906087, 359.9791059611016, 359.9791059611016, 359.9790540020913, 359.9790540020913, 359.97899750212673, 359.97899750212673, 359.978943169117, 359.978943169117, 359.9788716281182, 359.9788716281182, 359.978811087145], "a_moves_left": [39, 39, 38, 38, 37, 37, 36, 36, 35, 35, 34, 34, 33, 33, 32, 32, 31, 31, 30, 30, 29, 29, 28, 28, 27, 27, 26, 26, 25, 25, 24, 24, 23, 23, 22, 22, 21, 21, 20, 20, 19, 19, 18, 18, 17, 17, 16, 16, 15, 15, 14, 14, 13, 13, 12, 12, 11, 11, 10, 10, 9, 9, 8, 8, 7, 7, 6, 6, 5, 5, 4, 4, 3, 3, 2, 2, 1, 1, 0, 0], "b_moves_left": [40, 39, 39, 38, 38, 37, 37, 36, 36, 35, 35, 34, 34, 33, 33, 32, 32, 31, 31, 30, 30, 29, 29, 28, 28, 27, 27, 26, 26, 25, 25, 24, 24, 23, 23, 22, 22, 21, 21, 20, 20, 19, 19, 18, 18, 17, 17, 16, 16, 15, 15, 14, 14, 13, 13, 12, 12, 11, 11, 10, 10, 9, 9, 8, 8, 7, 7, 6, 6, 5, 5, 4, 4, 3, 3, 2, 2, 1, 1, 0], "trapdoor_triggered": [0, 0, 0, 0, 0, 0, 0, 0, 0, 0, 0, 0, 0, 0, 0, 0, 0, 0, 0, 0, 0, 0, 0, 0, 0, 0, 0, 0, 0, 0, 0, 0, 0, 0, 0, 0, 0, 0, 0, 0, 0, 0, 0, 0, 0, 0, 0, 0, 0, 0, 0, 0, 0, 0, 0, 0, 0, 0, 0, 0, 0, 0, 0, 0, 0, 0, 0, 0, 0, 0, 0, 0, 0, 0, 0, 0, 0, 0, 0, 0], "left_behind": ["egg", "egg", "plain", "turd", "egg", "egg", "plain", "turd", "egg", "egg", "plain", "turd", "egg", "egg", "plain", "plain", "egg", "egg", "plain", "turd", "egg", "egg", "plain", "turd", "egg", "egg", "plain", "plain", "egg", "egg", "plain", "plain", "plain", "plain", "plain", "plain", "plain", "plain", "plain", "plain", "plain", "egg", "plain", "plain", "plain", "egg", "plain", "plain", "egg", "egg", "plain", "plain", "plain", "egg", "plain", "plain", "egg", "egg", "plain", "plain", "egg", "egg", "plain", "plain", "plain", "egg", "plain", "plain", "plain", "egg", "plain", "plain", "plain", "plain", "plain", "plain", "plain", "plain", "plain", "plain"], "errlog_a": "", "errlog_b": "", "start_time": 360, "start_moves": 40, "turn_count": 80, "result": 1, "reason": "EGGS_LAID", "trapdoors": [[4, 4], [4, 5]], "spawn_a": [0, 4], "spawn_b": [7, 4]}