{"pos": [[6, 5], [1, 5], [6, 4], [1, 4], [6, 3], [0, 4], [6, 2], [0, 3], [6, 1], [1, 3], [5, 1], [1, 2], [4, 1], [0, 2], [4, 2], [0, 1], [4, 3], [1, 1], [3, 3], [2, 1], [3, 2], [2, 0], [3, 1], [3, 0], [4, 1], [4, 0], [5, 1], [4, 1], [5, 0], [4, 0], [6, 0], [4, 1], [7, 0], [4, 0], [7, 1], [3, 0], [7, 2], [2, 0], [7, 3], [1, 0], [7, 4], [0, 0], [6, 4], [1, 0], [5, 4], [1, 1], [5, 3], [2, 1], [6, 3], [2, 2], [6, 2], [2, 3], [6, 1], [2, 4], [6, 0], [3, 4], [5, 0], [2, 4], [4, 0], [2, 5], [5, 0], [2, 6], [4, 0], [3, 6], [5, 0], [3, 5], [5, 1], [4, 5], [6, 1], [4, 6], [7, 1], [5, 6], [7, 0], [6, 6], [7, 1], [6, 5], [7, 2], [6, 6], [7, 3], [7, 6]], "a_eggs_laid": [1, 1, 1, 1, 2, 2, 2, 2, 3, 3, 3, 3, 4, 4, 4, 4, 5, 5, 5, 5, 6, 6, 6, 6, 7, 7, 7, 7, 7, 7, 7, 7, 8, 8, 8, 8, 9, 9, 9, 9, 10, 10, 10, 10, 10, 10, 10, 10, 11, 11, 11, 11, 11, 11, 11, 11, 11, 11, 11, 11, 12, 12, 12, 12, 12, 12, 12, 12, 12, 12, 12, 12, 12, 12, 12, 12, 12, 12, 12, 12], "b_eggs_laid": [0, 1, 1, 1, 1, 2, 2, 2, 2, 3, 3, 3, 3, 4, 4, 4, 4, 5, 5, 5, 5, 6, 6, 6, 6, 7, 7, 7, 7, 8, 8, 8, 8, 8, 8, 8, 8, 8, 8, 8, 8, 9, 9, 9, 9, 9, 9, 9, 9, 9, 9, 9, 9, 10, 10, 10, 10, 11, 11, 11, 11, 12, 12, 12, 12, 13, 13, 13, 13, 14, 14, 14, 14, 15, 15, 15, 15, 16, 16, 16], "a_turds_left": [5, 5, 5, 5, 5, 5, 5, 5, 5, 5, 5, 5, 5, 5, 5, 5, 5, 5, 5, 5, 5, 5, 5, 5, 5, 5, 5, 5, 5, 5, 5, 5, 5, 5, 5, 5, 5, 5, 5, 5, 5, 5, 5, 5, 5, 5, 5, 5, 5, 5, 5, 5, 5, 5, 5, 5, 5, 5, 5, 5, 5, 5, 5, 5, 5, 5, 5, 5, 5, 5, 5, 5, 5, 5, 5, 5, 5, 5, 5, 5], "b_turds_left": [5, 5, 5, 5, 5, 5, 5, 5, 5, 5, 5, 5, 5, 5, 5, 5, 5, 5, 5, 5, 5, 5, 5, 5, 5, 5, 5, 5, 5, 5, 5, 5, 5, 5, 5, 5, 5, 5, 5, 5, 5, 5, 5, 5, 5, 5, 5, 5, 5, 5, 5, 5, 5, 5, 5, 5, 5, 5, 5, 5, 5, 5, 5, 5, 5, 5, 5, 5, 5, 5, 5, 5, 5, 5, 5, 5, 5, 5, 5, 5], "a_time_left": [359.9983823329676, 359.9983823329676, 359.9977133329958, 359.9977133329958, 359.9941769160214, 359.9941769160214, 359.991677291051, 359.991677291051, 359.98860058304854, 359.98860058304854, 359.9868967080256, 359.9868967080256, 359.98573599901283, 359.98573599901283, 359.98514208203414, 359.98514208203414, 359.98400612402475, 359.98400612402475, 359.983421499026, 359.983421499026, 359.9823196660145, 359.9823196660145, 359.9818907910376, 359.9818907910376, 359.9814866660163, 359.9814866660163, 359.9814215829829, 359.9814215829829, 359.9810934159905, 359.9810934159905, 359.9809442500118, 359.9809442500118, 359.9808278339915, 359.9808278339915, 359.98072375095217, 359.98072375095217, 359.9806183759356, 359.9806183759356, 359.9805325429188, 359.9805325429188, 359.98043516790494, 359.98043516790494, 359.98036020994186, 359.98036020994186, 359.98004141793353, 359.98004141793353, 359.97993308497826, 359.97993308497826, 359.97979425097583, 359.97979425097583, 359.97966954199364, 359.97966954199364, 359.979561333952, 359.979561333952, 359.9794713339652, 359.9794713339652, 359.97937783395173, 359.97937783395173, 359.9792664179113, 359.9792664179113, 359.9791982509196, 359.9791982509196, 359.97911470994586, 359.97911470994586, 359.97905345994513, 359.97905345994513, 359.97897945996374, 359.97897945996374, 359.978898626985, 359.978898626985, 359.97880821098806, 359.97880821098806, 359.9787205029861, 359.9787205029861, 359.97865504497895, 359.97865504497895, 359.9785364199779, 359.9785364199779, 359.9784263370093, 359.9784263370093], "b_time_left": [360, 359.9985261670081, 359.9985261670081, 359.9978403329733, 359.9978403329733, 359.9943777080043, 359.9943777080043, 359.98694858298404, 359.98694858298404, 359.9852505000308, 359.9852505000308, 359.9847524580546, 359.9847524580546, 359.98362179106334, 359.98362179106334, 359.9835097080795, 359.9835097080795, 359.983392666094, 359.983392666094, 359.9832804571488, 359.9832804571488, 359.9831509991782, 359.9831509991782, 359.9830357491737, 359.9830357491737, 359.9829283742001, 359.9829283742001, 359.98281741619576, 359.98281741619576, 359.9827240831801, 359.9827240831801, 359.9826097082114, 359.9826097082114, 359.98250295821344, 359.98250295821344, 359.9823707501637, 359.9823707501637, 359.982285375183, 359.982285375183, 359.9821877081995, 359.9821877081995, 359.9820882912027, 359.9820882912027, 359.9820117072086, 359.9820117072086, 359.98191337421304, 359.98191337421304, 359.98176104121376, 359.98176104121376, 359.9816232082085, 359.9816232082085, 359.9814955412294, 359.9814955412294, 359.98138449923135, 359.98138449923135, 359.98128462425666, 359.98128462425666, 359.98117529129377, 359.98117529129377, 359.9810484162881, 359.9810484162881, 359.9809262492927, 359.9809262492927, 359.98082512425026, 359.98082512425026, 359.9807106242515, 359.9807106242515, 359.98061854124535, 359.98061854124535, 359.9805115002091, 359.9805115002091, 359.98042891721707, 359.98042891721707, 359.98032875120407, 359.98032875120407, 359.98020004318096, 359.98020004318096, 359.98008445918094, 359.98008445918094, 359.97997445915826], "a_moves_left": [39, 39, 38, 38, 37, 37, 36, 36, 35, 35, 34, 34, 33, 33, 32, 32, 31, 31, 30, 30, 29, 29, 28, 28, 27, 27, 26, 26, 25, 25, 24, 24, 23, 23, 22, 22, 21, 21, 20, 20, 19, 19, 18, 18, 17, 17, 16, 16, 15, 15, 14, 14, 13, 13, 12, 12, 11, 11, 10, 10, 9, 9, 8, 8, 7, 7, 6, 6, 5, 5, 4, 4, 3, 3, 2, 2, 1, 1, 0, 0], "b_moves_left": [40, 39, 39, 38, 38, 37, 37, 36, 36, 35, 35, 34, 34, 33, 33, 32, 32, 31, 31, 30, 30, 29, 29, 28, 28, 27, 27, 26, 26, 25, 25, 24, 24, 23, 23, 22, 22, 21, 21, 20, 20, 19, 19, 18, 18, 17, 17, 16, 16, 15, 15, 14, 14, 13, 13, 12, 12, 11, 11, 10, 10, 9, 9, 8, 8, 7, 7, 6, 6, 5, 5, 4, 4, 3, 3, 2, 2, 1, 1, 0], "trapdoor_triggered": [0, 0, 0, 0, 0, 0, 0, 0, 0, 0, 0, 0, 0, 0, 0, 0, 0, 0, 0, 0, 0, 0, 0, 0, 0, 0, 0, 0, 0, 0, 0, 0, 0, 0, 0, 0, 0, 0, 0, 0, 0, 0, 0, 0, 0, 0, 0, 0, 0, 0, 0, 0, 0, 0, 0, 0, 0, 0, 0, 0, 0, 0, 0, 0, 0, 0, 0, 0, 0, 0, 0, 0, 0, 0, 0, 0, 0, 0, 0, 0], "left_behind": ["egg", "egg", "plain", "plain", "egg", "egg", "plain", "plain", "egg", "egg", "plain", "plain", "egg", "egg", "plain", "plain", "egg", "egg", "plain", "plain", "egg", "egg", "plain", "plain", "egg", "egg", "plain", "plain", "plain", "egg", "plain", "plain", "egg", "plain", "plain", "plain", "egg", "plain", "plain", "plain", "egg", "egg", "plain", "plain", "plain", "plain", "plain", "plain", "egg", "plain", "plain", "plain", "plain", "egg", "plain", "plain", "plain", "egg", "plain", "plain", "egg", "egg", "plain", "plain", "plain", "egg", "plain", "plain", "plain", "egg", "plain", "plain", "plain", "egg", "plain", "plain", "plain", "egg", "plain", "plain"], "errlog_a": "", "errlog_b": "", "start_time": 360, "start_moves": 40, "turn_count": 80, "result": 1, "reason": "EGGS_LAID", "trapdoors": [[5, 5], [5, 2]], "spawn_a": [7, 5], "spawn_b": [0, 5]}