{"pos": [[6, 5], [1, 5], [6, 4], [1, 4], [6, 3], [0, 4], [6, 2], [0, 3], [6, 1], [1, 3], [5, 1], [1, 2], [4, 1], [0, 2], [3, 1], [0, 1], [3, 2], [1, 1], [4, 2], [2, 1], [4, 1], [2, 0], [4, 0], [3, 0], [5, 0], [2, 0], [6, 0], [1, 0], [7, 0], [0, 0], [7, 1], [1, 0], [7, 2], [1, 1], [7, 3], [2, 1], [7, 4], [2, 2], [6, 4], [2, 3], [5, 4], [2, 4], [4, 4], [2, 5], [4, 5], [2, 6], [4, 6], [3, 6], [5, 6], [3, 7], [5, 7], [4, 7], [6, 7], [3, 7], [6, 6], [2, 7], [7, 6], [1, 7], [7, 7], [1, 6], [7, 6], [0, 6], [6, 6], [0, 7], [6, 5], [1, 7], [5, 5], [1, 6], [5, 4], [2, 6], [5, 3], [3, 6], [6, 3], [3, 5], [5, 3], [3, 4], [4, 3], [0, 5], [4, 2], [1, 5]], "a_eggs_laid": [1, 1, 1, 1, 2, 2, 2, 2, 3, 3, 3, 3, 4, 4, 4, 4, 5, 5, 5, 5, 6, 6, 6, 6, 7, 7, 7, 7, 8, 8, 8, 8, 9, 9, 9, 9, 10, 10, 10, 10, 10, 10, 10, 10, 11, 11, 11, 11, 12, 12, 12, 12, 13, 13, 13, 13, 14, 14, 14, 14, 17, 17, 17, 17, 17, 17, 17, 17, 18, 18, 18, 18, 19, 19, 19, 19, 19, 19, 23, 23], "b_eggs_laid": [0, 1, 1, 1, 1, 2, 2, 2, 2, 3, 3, 3, 3, 4, 4, 4, 4, 5, 5, 5, 5, 6, 6, 6, 6, 7, 7, 7, 7, 8, 8, 8, 8, 8, 8, 8, 8, 8, 8, 8, 8, 9, 9, 9, 9, 10, 10, 10, 10, 11, 11, 11, 11, 12, 12, 12, 12, 13, 13, 13, 13, 14, 14, 14, 14, 17, 17, 17, 17, 17, 17, 17, 17, 17, 17, 17, 17, 18, 18, 18], "a_turds_left": [5, 5, 5, 5, 5, 5, 5, 5, 5, 5, 5, 5, 5, 5, 5, 5, 5, 5, 5, 5, 5, 5, 5, 5, 5, 5, 5, 5, 5, 5, 5, 5, 5, 5, 5, 5, 5, 5, 5, 5, 5, 5, 5, 5, 5, 5, 5, 5, 5, 5, 5, 5, 5, 5, 5, 5, 5, 5, 5, 5, 5, 5, 5, 5, 5, 5, 5, 5, 5, 5, 5, 5, 5, 5, 5, 5, 5, 5, 5, 5], "b_turds_left": [5, 5, 5, 5, 5, 5, 5, 5, 5, 5, 5, 5, 5, 5, 5, 5, 5, 5, 5, 5, 5, 5, 5, 5, 5, 5, 5, 5, 5, 5, 5, 5, 5, 5, 5, 5, 5, 5, 5, 5, 5, 5, 5, 5, 5, 5, 5, 5, 5, 5, 5, 5, 5, 5, 5, 5, 5, 5, 5, 5, 5, 5, 5, 5, 5, 5, 5, 5, 5, 5, 5, 5, 5, 5, 5, 5, 5, 5, 5, 5], "a_time_left": [359.9963270419976, 359.9963270419976, 359.99455720797414, 359.99455720797414, 359.9914080409799, 359.9914080409799, 359.9896842499729, 359.9896842499729, 359.9866187089938, 359.9866187089938, 359.9847665009438, 359.9847665009438, 359.9835797509295, 359.9835797509295, 359.9829226679285, 359.9829226679285, 359.98177504289197, 359.98177504289197, 359.98118029290345, 359.98118029290345, 359.98007525189314, 359.98007525189314, 359.979811251862, 359.979811251862, 359.9794147099019, 359.9794147099019, 359.9791750849108, 359.9791750849108, 359.97837466787314, 359.97837466787314, 359.9783092509024, 359.9783092509024, 359.9782188759418, 359.9782188759418, 359.9781475009513, 359.9781475009513, 359.9780623759725, 359.9780623759725, 359.9779927089694, 359.9779927089694, 359.97765670897206, 359.97765670897206, 359.97756595897954, 359.97756595897954, 359.9774651249754, 359.9774651249754, 359.97737916593906, 359.97737916593906, 359.9773062489112, 359.9773062489112, 359.9772289159009, 359.9772289159009, 359.9771635409561, 359.9771635409561, 359.9770907489583, 359.9770907489583, 359.9769892899785, 359.9769892899785, 359.97692245600047, 359.97692245600047, 359.9768517059856, 359.9768517059856, 359.9767736639478, 359.9767736639478, 359.9766112889629, 359.9766112889629, 359.97644403896993, 359.97644403896993, 359.97634328895947, 359.97634328895947, 359.97619278897764, 359.97619278897764, 359.97609416395426, 359.97609416395426, 359.9760063729482, 359.9760063729482, 359.9759060399374, 359.9759060399374, 359.9758144149091, 359.9758144149091], "b_time_left": [360, 359.99644187500235, 359.99644187500235, 359.99469533300726, 359.99469533300726, 359.99151195801096, 359.99151195801096, 359.9907519160188, 359.9907519160188, 359.9897945410339, 359.9897945410339, 359.9883501660079, 359.9883501660079, 359.9850627909764, 359.9850627909764, 359.98494687402854, 359.98494687402854, 359.9848168740282, 359.9848168740282, 359.98470579105197, 359.98470579105197, 359.9845876660547, 359.9845876660547, 359.9844881660538, 359.9844881660538, 359.9843965410255, 359.9843965410255, 359.984288208012, 359.984288208012, 359.9841740410193, 359.9841740410193, 359.9840749159921, 359.9840749159921, 359.9839818330365, 359.9839818330365, 359.98387083306443, 359.98387083306443, 359.9837768750731, 359.9837768750731, 359.98366820806405, 359.98366820806405, 359.9835406660568, 359.9835406660568, 359.98342879104894, 359.98342879104894, 359.9832965830574, 359.9832965830574, 359.98318504105555, 359.98318504105555, 359.9830727491062, 359.9830727491062, 359.98297195805935, 359.98297195805935, 359.9828845000593, 359.9828845000593, 359.9827847920242, 359.9827847920242, 359.98267220903654, 359.98267220903654, 359.9825737090432, 359.9825737090432, 359.9824498340022, 359.9824498340022, 359.98234791797586, 359.98234791797586, 359.98224871000275, 359.98224871000275, 359.9821479600505, 359.9821479600505, 359.9820478350739, 359.9820478350739, 359.9819408771, 359.9819408771, 359.98185012710746, 359.98185012710746, 359.98174687707797, 359.98174687707797, 359.9816347520682, 359.9816347520682, 359.9815411270247], "a_moves_left": [39, 39, 38, 38, 37, 37, 36, 36, 35, 35, 34, 34, 33, 33, 32, 32, 31, 31, 30, 30, 29, 29, 28, 28, 27, 27, 26, 26, 25, 25, 24, 24, 23, 23, 22, 22, 21, 21, 20, 20, 19, 19, 18, 18, 17, 17, 16, 16, 15, 15, 14, 14, 13, 13, 12, 12, 11, 11, 10, 10, 9, 9, 8, 8, 7, 7, 6, 6, 5, 5, 4, 4, 3, 3, 2, 2, 1, 1, 0, 0], "b_moves_left": [40, 39, 39, 38, 38, 37, 37, 36, 36, 35, 35, 34, 34, 33, 33, 32, 32, 31, 31, 30, 30, 29, 29, 28, 28, 27, 27, 26, 26, 25, 25, 24, 24, 23, 23, 22, 22, 21, 21, 20, 20, 19, 19, 18, 18, 17, 17, 16, 16, 15, 15, 14, 14, 13, 13, 12, 12, 11, 11, 10, 10, 9, 9, 8, 8, 7, 7, 6, 6, 5, 5, 4, 4, 3, 3, 2, 2, 1, 1, 0], "trapdoor_triggered": [0, 0, 0, 0, 0, 0, 0, 0, 0, 0, 0, 0, 0, 0, 0, 0, 0, 0, 0, 0, 0, 0, 0, 0, 0, 0, 0, 0, 0, 0, 0, 0, 0, 0, 0, 0, 0, 0, 0, 0, 0, 0, 0, 0, 0, 0, 0, 0, 0, 0, 0, 0, 0, 0, 0, 0, 0, 0, 0, 0, 0, 0, 0, 0, 0, 0, 0, 0, 0, 0, 0, 0, 0, 0, 0, 0, 0, 1, 0, 0], "left_behind": ["egg", "egg", "plain", "plain", "egg", "egg", "plain", "plain", "egg", "egg", "plain", "plain", "egg", "egg", "plain", "plain", "egg", "egg", "plain", "plain", "egg", "egg", "plain", "plain", "egg", "egg", "plain", "plain", "egg", "egg", "plain", "plain", "egg", "plain", "plain", "plain", "egg", "plain", "plain", "plain", "plain", "egg", "plain", "plain", "egg", "egg", "plain", "plain", "egg", "egg", "plain", "plain", "egg", "egg", "plain", "plain", "egg", "egg", "plain", "plain", "egg", "egg", "plain", "plain", "plain", "egg", "plain", "plain", "egg", "plain", "plain", "plain", "egg", "plain", "plain", "plain", "plain", "egg", "plain", "plain"], "errlog_a": "", "errlog_b": "", "start_time": 360, "start_moves": 40, "turn_count": 80, "result": 0, "reason": "EGGS_LAID", "trapdoors": [[3, 3], [5, 2]], "spawn_a": [7, 5], "spawn_b": [0, 5]}