{"pos": [[6, 5], [1, 5], [6, 4], [1, 4], [6, 3], [1, 3], [6, 2], [1, 2], [6, 1], [1, 1], [5, 1], [2, 1], [4, 1], [3, 1], [4, 0], [2, 1], [5, 0], [2, 2], [6, 0], [2, 3], [7, 0], [2, 4], [7, 1], [3, 4], [7, 2], [4, 4], [7, 3], [5, 4], [7, 4], [5, 5], [6, 4], [6, 5], [6, 3], [6, 6], [5, 3], [7, 6], [4, 3], [7, 7], [5, 3], [6, 7], [4, 3], [5, 7], [4, 2], [5, 6], [4, 3], [4, 6], [4, 2], [4, 5], [4, 3], [3, 5], [4, 4], [3, 6], [4, 3], [3, 7], [4, 4], [4, 7], [4, 3], [4, 6], [4, 4], [5, 6], [4, 3], [5, 5], [5, 3], [6, 5], [6, 3], [6, 6], [6, 2], [7, 6], [7, 2], [7, 7], [7, 3], [6, 7], [7, 4], [5, 7], [7, 5], [4, 7], [7, 4], [3, 7], [6, 4], [2, 7]], "a_eggs_laid": [1, 1, 1, 1, 2, 2, 2, 2, 3, 3, 3, 3, 4, 4, 4, 4, 5, 5, 5, 5, 6, 6, 6, 6, 7, 7, 7, 7, 8, 8, 8, 8, 8, 8, 8, 8, 9, 9, 9, 9, 9, 9, 9, 9, 10, 10, 10, 10, 10, 10, 10, 10, 11, 11, 11, 11, 11, 11, 11, 11, 11, 11, 11, 11, 11, 11, 11, 11, 11, 11, 11, 11, 11, 11, 11, 11, 11, 11, 11, 11], "b_eggs_laid": [0, 1, 1, 1, 1, 2, 2, 2, 2, 3, 3, 3, 3, 4, 4, 4, 4, 4, 4, 4, 4, 5, 5, 5, 5, 6, 6, 6, 6, 7, 7, 7, 7, 8, 8, 8, 8, 9, 9, 9, 9, 10, 10, 10, 10, 11, 11, 11, 11, 12, 12, 12, 12, 13, 13, 13, 13, 14, 14, 14, 14, 14, 14, 14, 14, 14, 14, 14, 14, 14, 14, 14, 14, 14, 14, 14, 14, 14, 14, 14], "a_turds_left": [5, 5, 5, 5, 5, 5, 5, 5, 5, 5, 5, 5, 5, 5, 5, 5, 5, 5, 5, 5, 5, 5, 5, 5, 5, 5, 5, 5, 5, 5, 5, 5, 5, 5, 5, 5, 5, 5, 5, 5, 5, 5, 5, 5, 5, 5, 5, 5, 5, 5, 5, 5, 5, 5, 5, 5, 5, 5, 5, 5, 5, 5, 5, 5, 5, 5, 5, 5, 5, 5, 5, 5, 5, 5, 5, 5, 5, 5, 5, 5], "b_turds_left": [5, 5, 5, 4, 4, 4, 4, 3, 3, 3, 3, 2, 2, 2, 2, 1, 1, 1, 1, 0, 0, 0, 0, 0, 0, 0, 0, 0, 0, 0, 0, 0, 0, 0, 0, 0, 0, 0, 0, 0, 0, 0, 0, 0, 0, 0, 0, 0, 0, 0, 0, 0, 0, 0, 0, 0, 0, 0, 0, 0, 0, 0, 0, 0, 0, 0, 0, 0, 0, 0, 0, 0, 0, 0, 0, 0, 0, 0, 0, 0], "a_time_left": [359.9965525419684, 359.9965525419684, 359.9947954589734, 359.9947954589734, 359.9915787089849, 359.9915787089849, 359.9899210840231, 359.9899210840231, 359.9887024180498, 359.9887024180498, 359.98802833404625, 359.98802833404625, 359.9866954170284, 359.9866954170284, 359.9864038340165, 359.9864038340165, 359.98604445904493, 359.98604445904493, 359.9857765000779, 359.9857765000779, 359.984950125101, 359.984950125101, 359.98472054110607, 359.98472054110607, 359.983925125096, 359.983925125096, 359.9836801670608, 359.9836801670608, 359.9835734590888, 359.9835734590888, 359.983488875092, 359.983488875092, 359.9833332080743, 359.9833332080743, 359.98306383308955, 359.98306383308955, 359.98297075007576, 359.98297075007576, 359.98288029205287, 359.98288029205287, 359.9826890840777, 359.9826890840777, 359.9822590840631, 359.9822590840631, 359.98216533410596, 359.98216533410596, 359.9819034591201, 359.9819034591201, 359.98182241711766, 359.98182241711766, 359.9817008750979, 359.9817008750979, 359.9816433330998, 359.9816433330998, 359.98154216707917, 359.98154216707917, 359.98148379207123, 359.98148379207123, 359.98138516704785, 359.98138516704785, 359.98132512607845, 359.98132512607845, 359.98122475109994, 359.98122475109994, 359.9811426260858, 359.9811426260858, 359.98105500108795, 359.98105500108795, 359.9809664171189, 359.9809664171189, 359.980891875166, 359.980891875166, 359.98081612517126, 359.98081612517126, 359.98073875019327, 359.98073875019327, 359.9806848751614, 359.9806848751614, 359.9806030841428, 359.9806030841428], "b_time_left": [360, 359.9966168339597, 359.9966168339597, 359.9946029589628, 359.9946029589628, 359.9920304179541, 359.9920304179541, 359.99125562695554, 359.99125562695554, 359.9890943769715, 359.9890943769715, 359.9876414599712, 359.9876414599712, 359.9867973770015, 359.9867973770015, 359.98629416903714, 359.98629416903714, 359.98607387702214, 359.98607387702214, 359.9856196269975, 359.9856196269975, 359.9851787110092, 359.9851787110092, 359.9849114190438, 359.9849114190438, 359.984487002017, 359.984487002017, 359.9842530020396, 359.9842530020396, 359.9839467940619, 359.9839467940619, 359.9838727940223, 359.9838727940223, 359.98380396101857, 359.98380396101857, 359.9837395020295, 359.9837395020295, 359.9836744610802, 359.9836744610802, 359.9836168771144, 359.9836168771144, 359.9835428360966, 359.9835428360966, 359.9834861701238, 359.9834861701238, 359.9834066701005, 359.9834066701005, 359.9833473780891, 359.9833473780891, 359.9832635031198, 359.9832635031198, 359.9832015451393, 359.9832015451393, 359.98312296113, 359.98312296113, 359.98306671116734, 359.98306671116734, 359.98298108618474, 359.98298108618474, 359.9829205031856, 359.9829205031856, 359.9828522531898, 359.9828522531898, 359.9827921281685, 359.9827921281685, 359.98273804516066, 359.98273804516066, 359.9826694201329, 359.9826694201329, 359.9826121291844, 359.9826121291844, 359.98256096220575, 359.98256096220575, 359.9824950871989, 359.9824950871989, 359.9824350042036, 359.9824350042036, 359.9823751702206, 359.9823751702206, 359.98231787921395], "a_moves_left": [39, 39, 38, 38, 37, 37, 36, 36, 35, 35, 34, 34, 33, 33, 32, 32, 31, 31, 30, 30, 29, 29, 28, 28, 27, 27, 26, 26, 25, 25, 24, 24, 23, 23, 22, 22, 21, 21, 20, 20, 19, 19, 18, 18, 17, 17, 16, 16, 15, 15, 14, 14, 13, 13, 12, 12, 11, 11, 10, 10, 9, 9, 8, 8, 7, 7, 6, 6, 5, 5, 4, 4, 3, 3, 2, 2, 1, 1, 0, 0], "b_moves_left": [40, 39, 39, 38, 38, 37, 37, 36, 36, 35, 35, 34, 34, 33, 33, 32, 32, 31, 31, 30, 30, 29, 29, 28, 28, 27, 27, 26, 26, 25, 25, 24, 24, 23, 23, 22, 22, 21, 21, 20, 20, 19, 19, 18, 18, 17, 17, 16, 16, 15, 15, 14, 14, 13, 13, 12, 12, 11, 11, 10, 10, 9, 9, 8, 8, 7, 7, 6, 6, 5, 5, 4, 4, 3, 3, 2, 2, 1, 1, 0], "trapdoor_triggered": [0, 0, 0, 0, 0, 0, 0, 0, 0, 0, 0, 0, 0, 0, 0, 0, 0, 0, 0, 0, 0, 0, 0, 0, 0, 0, 0, 0, 0, 0, 0, 0, 0, 0, 0, 0, 0, 0, 0, 0, 0, 0, 0, 0, 0, 0, 0, 0, 0, 0, 0, 0, 0, 0, 0, 0, 0, 0, 0, 0, 0, 0, 0, 0, 0, 0, 0, 0, 0, 0, 0, 0, 0, 0, 0, 0, 0, 0, 0, 0], "left_behind": ["egg", "egg", "plain", "turd", "egg", "egg", "plain", "turd", "egg", "egg", "plain", "turd", "egg", "egg", "plain", "turd", "egg", "plain", "plain", "turd", "egg", "egg", "plain", "plain", "egg", "egg", "plain", "plain", "egg", "egg", "plain", "plain", "plain", "egg", "plain", "plain", "egg", "egg", "plain", "plain", "plain", "egg", "plain", "plain", "egg", "egg", "plain", "plain", "plain", "egg", "plain", "plain", "egg", "egg", "plain", "plain", "plain", "egg", "plain", "plain", "plain", "plain", "plain", "plain", "plain", "plain", "plain", "plain", "plain", "plain", "plain", "plain", "plain", "plain", "plain", "plain", "plain", "plain", "plain", "plain"], "errlog_a": "", "errlog_b": "", "start_time": 360, "start_moves": 40, "turn_count": 80, "result": 1, "reason": "EGGS_LAID", "trapdoors": [[3, 3], [5, 2]], "spawn_a": [7, 5], "spawn_b": [0, 5]}