{"pos": [[6, 1], [1, 1], [5, 1], [2, 1], [4, 1], [2, 0], [3, 1], [3, 0], [4, 1], [4, 0], [4, 2], [4, 1], [5, 2], [4, 0], [6, 2], [5, 0], [6, 3], [6, 0], [6, 4], [6, 1], [6, 5], [6, 0], [6, 6], [7, 0], [5, 6], [6, 0], [4, 6], [6, 1], [4, 5], [6, 0], [3, 5], [5, 0], [3, 6], [4, 0], [2, 6], [4, 1], [2, 5], [4, 0], [2, 4], [3, 0], [1, 4], [2, 0], [1, 3], [1, 0], [1, 2], [0, 0], [1, 1], [1, 0], [1, 2], [0, 0], [0, 2], [0, 1], [0, 3], [0, 0], [0, 4], [0, 1], [0, 5], [0, 0], [1, 5], [1, 0], [1, 6], [2, 0], [1, 7], [2, 1], [2, 7], [2, 2], [3, 7], [1, 2], [4, 7], [2, 2], [5, 7], [3, 2], [6, 7], [3, 3], [7, 7], [3, 4], [7, 6], [3, 3], [7, 5], [3, 2]], "a_eggs_laid": [1, 1, 1, 1, 2, 2, 2, 2, 3, 3, 3, 3, 4, 4, 4, 4, 5, 5, 5, 5, 6, 6, 6, 6, 7, 7, 7, 7, 8, 8, 8, 8, 9, 9, 9, 9, 10, 10, 10, 10, 11, 11, 11, 11, 12, 12, 12, 12, 13, 13, 13, 13, 14, 14, 14, 14, 15, 15, 15, 15, 16, 16, 16, 16, 17, 17, 17, 17, 18, 18, 18, 18, 19, 19, 19, 19, 22, 22, 22, 22], "b_eggs_laid": [0, 1, 1, 1, 1, 2, 2, 2, 2, 3, 3, 3, 3, 4, 4, 4, 4, 5, 5, 5, 5, 6, 6, 6, 6, 9, 9, 9, 9, 9, 9, 9, 9, 9, 9, 9, 9, 9, 9, 9, 9, 9, 9, 9, 9, 10, 10, 10, 10, 10, 10, 10, 10, 10, 10, 10, 10, 10, 10, 10, 10, 10, 10, 10, 10, 10, 10, 10, 10, 11, 11, 11, 11, 12, 12, 12, 12, 13, 13, 13], "a_turds_left": [5, 5, 5, 5, 5, 5, 5, 5, 5, 5, 5, 5, 5, 5, 5, 5, 5, 5, 5, 5, 5, 5, 5, 5, 5, 5, 5, 5, 5, 5, 5, 5, 5, 5, 5, 5, 5, 5, 5, 5, 5, 5, 5, 5, 5, 5, 5, 5, 5, 5, 5, 5, 5, 5, 5, 5, 5, 5, 5, 5, 5, 5, 5, 5, 5, 5, 5, 5, 5, 5, 5, 5, 5, 5, 5, 5, 5, 5, 5, 5], "b_turds_left": [5, 5, 5, 5, 5, 5, 5, 5, 5, 5, 5, 5, 5, 5, 5, 5, 5, 5, 5, 5, 5, 5, 5, 5, 5, 5, 5, 5, 5, 5, 5, 5, 5, 5, 5, 5, 5, 5, 5, 5, 5, 5, 5, 5, 5, 5, 5, 5, 5, 5, 5, 5, 5, 5, 5, 5, 5, 5, 5, 5, 5, 5, 5, 5, 5, 5, 5, 5, 5, 5, 5, 5, 5, 5, 5, 5, 5, 5, 5, 5], "a_time_left": [359.99638362502446, 359.99638362502446, 359.99460120900767, 359.99460120900767, 359.9912925430108, 359.9912925430108, 359.9895532930386, 359.9895532930386, 359.98831316805445, 359.98831316805445, 359.98776958405506, 359.98776958405506, 359.9860762510798, 359.9860762510798, 359.98482987610623, 359.98482987610623, 359.98173962609144, 359.98173962609144, 359.9800821681274, 359.9800821681274, 359.97892750112806, 359.97892750112806, 359.9783657931257, 359.9783657931257, 359.97734258515993, 359.97734258515993, 359.97676733514527, 359.97676733514527, 359.9757206691429, 359.9757206691429, 359.97563250217354, 359.97563250217354, 359.9755334191723, 359.9755334191723, 359.97544308612123, 359.97544308612123, 359.97534062713385, 359.97534062713385, 359.9752554601291, 359.9752554601291, 359.9751501681749, 359.9751501681749, 359.9750628351467, 359.9750628351467, 359.9749559601769, 359.9749559601769, 359.9748663351638, 359.9748663351638, 359.9748028771719, 359.9748028771719, 359.9743521271739, 359.9743521271739, 359.9742847941816, 359.9742847941816, 359.97420441918075, 359.97420441918075, 359.9741179192206, 359.9741179192206, 359.97404337720945, 359.97404337720945, 359.9739411272458, 359.9739411272458, 359.9738529602182, 359.9738529602182, 359.9737600022345, 359.9737600022345, 359.97368908522185, 359.97368908522185, 359.9735999602126, 359.9735999602126, 359.97352529421914, 359.97352529421914, 359.9734315861715, 359.9734315861715, 359.97335696121445, 359.97335696121445, 359.9732812112197, 359.9732812112197, 359.9732105031726, 359.9732105031726], "b_time_left": [360, 359.9966192499851, 359.9966192499851, 359.9948173330049, 359.9948173330049, 359.99129745800747, 359.99129745800747, 359.99005745799514, 359.99005745799514, 359.9883098329883, 359.9883098329883, 359.98708787496435, 359.98708787496435, 359.98611324996455, 359.98611324996455, 359.98570362495957, 359.98570362495957, 359.9853975419537, 359.9853975419537, 359.98511508398224, 359.98511508398224, 359.98500537493965, 359.98500537493965, 359.9848947499413, 359.9848947499413, 359.9848054169561, 359.9848054169561, 359.9846964169992, 359.9846964169992, 359.9846107499907, 359.9846107499907, 359.9845114169875, 359.9845114169875, 359.9844134169398, 359.9844134169398, 359.9843111669761, 359.9843111669761, 359.9842315009446, 359.9842315009446, 359.98413133394206, 359.98413133394206, 359.98404350096826, 359.98404350096826, 359.9839405429666, 359.9839405429666, 359.98381812596926, 359.98381812596926, 359.98372500098776, 359.98372500098776, 359.98363912600325, 359.98363912600325, 359.9835471670376, 359.9835471670376, 359.98346070805565, 359.98346070805565, 359.9833711660467, 359.9833711660467, 359.983278041007, 359.983278041007, 359.983188541024, 359.983188541024, 359.98309891601093, 359.98309891601093, 359.98299566603964, 359.98299566603964, 359.9829067910323, 359.9829067910323, 359.9827973320498, 359.9827973320498, 359.9827088320744, 359.9827088320744, 359.98260449810186, 359.98260449810186, 359.9825088320649, 359.9825088320649, 359.9824168740888, 359.9824168740888, 359.98233399912715, 359.98233399912715, 359.9822396241361], "a_moves_left": [39, 39, 38, 38, 37, 37, 36, 36, 35, 35, 34, 34, 33, 33, 32, 32, 31, 31, 30, 30, 29, 29, 28, 28, 27, 27, 26, 26, 25, 25, 24, 24, 23, 23, 22, 22, 21, 21, 20, 20, 19, 19, 18, 18, 17, 17, 16, 16, 15, 15, 14, 14, 13, 13, 12, 12, 11, 11, 10, 10, 9, 9, 8, 8, 7, 7, 6, 6, 5, 5, 4, 4, 3, 3, 2, 2, 1, 1, 0, 0], "b_moves_left": [40, 39, 39, 38, 38, 37, 37, 36, 36, 35, 35, 34, 34, 33, 33, 32, 32, 31, 31, 30, 30, 29, 29, 28, 28, 27, 27, 26, 26, 25, 25, 24, 24, 23, 23, 22, 22, 21, 21, 20, 20, 19, 19, 18, 18, 17, 17, 16, 16, 15, 15, 14, 14, 13, 13, 12, 12, 11, 11, 10, 10, 9, 9, 8, 8, 7, 7, 6, 6, 5, 5, 4, 4, 3, 3, 2, 2, 1, 1, 0], "trapdoor_triggered": [0, 0, 0, 0, 0, 0, 0, 0, 0, 0, 0, 0, 0, 0, 0, 0, 0, 0, 0, 0, 0, 0, 0, 0, 0, 0, 0, 0, 0, 0, 0, 0, 0, 0, 0, 0, 0, 0, 0, 0, 0, 0, 0, 0, 0, 0, 0, 0, 0, 0, 0, 0, 0, 0, 0, 0, 0, 0, 0, 0, 0, 0, 0, 0, 0, 0, 0, 0, 0, 0, 0, 0, 0, 0, 0, 0, 0, 0, 0, 0], "left_behind": ["egg", "egg", "plain", "plain", "egg", "egg", "plain", "plain", "egg", "egg", "plain", "plain", "egg", "egg", "plain", "plain", "egg", "egg", "plain", "plain", "egg", "egg", "plain", "plain", "egg", "egg", "plain", "plain", "egg", "plain", "plain", "plain", "egg", "plain", "plain", "plain", "egg", "plain", "plain", "plain", "egg", "plain", "plain", "plain", "egg", "egg", "plain", "plain", "egg", "plain", "plain", "plain", "egg", "plain", "plain", "plain", "egg", "plain", "plain", "plain", "egg", "plain", "plain", "plain", "egg", "plain", "plain", "plain", "egg", "egg", "plain", "plain", "egg", "egg", "plain", "plain", "egg", "egg", "plain", "plain"], "errlog_a": "", "errlog_b": "", "start_time": 360, "start_moves": 40, "turn_count": 80, "result": 0, "reason": "EGGS_LAID", "trapdoors": [[5, 5], [4, 3]], "spawn_a": [7, 1], "spawn_b": [0, 1]}