{"pos": [[6, 1], [1, 1], [5, 1], [2, 1], [4, 1], [2, 0], [3, 1], [3, 0], [4, 1], [4, 0], [4, 2], [4, 1], [5, 2], [4, 0], [6, 2], [5, 0], [6, 3], [6, 0], [6, 4], [6, 1], [6, 5], [6, 0], [6, 6], [7, 0], [5, 6], [6, 0], [4, 6], [6, 1], [3, 6], [6, 0], [3, 5], [5, 0], [3, 6], [4, 0], [2, 6], [4, 1], [1, 6], [4, 0], [1, 5], [3, 0], [1, 4], [2, 0], [1, 3], [1, 0], [1, 2], [0, 0], [1, 1], [1, 0], [1, 2], [0, 0], [0, 2], [0, 1], [0, 3], [0, 0], [0, 4], [0, 1], [0, 5], [0, 0], [0, 6], [1, 0], [0, 7], [2, 0], [1, 7], [2, 1], [2, 7], [2, 2], [3, 7], [1, 2], [4, 7], [2, 2], [5, 7], [3, 2], [6, 7], [3, 3], [7, 7], [2, 3], [7, 6], [3, 3], [7, 5], [3, 2]], "a_eggs_laid": [1, 1, 1, 1, 2, 2, 2, 2, 3, 3, 3, 3, 4, 4, 4, 4, 5, 5, 5, 5, 6, 6, 6, 6, 7, 7, 7, 7, 8, 8, 8, 8, 9, 9, 9, 9, 10, 10, 10, 10, 11, 11, 11, 11, 12, 12, 12, 12, 13, 13, 13, 13, 14, 14, 14, 14, 15, 15, 15, 15, 16, 16, 16, 16, 17, 17, 17, 17, 18, 18, 18, 18, 19, 19, 19, 19, 22, 22, 22, 22], "b_eggs_laid": [0, 1, 1, 1, 1, 2, 2, 2, 2, 3, 3, 3, 3, 4, 4, 4, 4, 5, 5, 5, 5, 6, 6, 6, 6, 9, 9, 9, 9, 9, 9, 9, 9, 9, 9, 9, 9, 9, 9, 9, 9, 9, 9, 9, 9, 10, 10, 10, 10, 10, 10, 10, 10, 10, 10, 10, 10, 10, 10, 10, 10, 10, 10, 10, 10, 10, 10, 10, 10, 11, 11, 11, 11, 12, 12, 12, 12, 13, 13, 13], "a_turds_left": [5, 5, 5, 5, 5, 5, 5, 5, 5, 5, 5, 5, 5, 5, 5, 5, 5, 5, 5, 5, 5, 5, 5, 5, 5, 5, 5, 5, 5, 5, 5, 5, 5, 5, 5, 5, 5, 5, 5, 5, 5, 5, 5, 5, 5, 5, 5, 5, 5, 5, 5, 5, 5, 5, 5, 5, 5, 5, 5, 5, 5, 5, 5, 5, 5, 5, 5, 5, 5, 5, 5, 5, 5, 5, 5, 5, 5, 5, 5, 5], "b_turds_left": [5, 5, 5, 5, 5, 5, 5, 5, 5, 5, 5, 5, 5, 5, 5, 5, 5, 5, 5, 5, 5, 5, 5, 5, 5, 5, 5, 5, 5, 5, 5, 5, 5, 5, 5, 5, 5, 5, 5, 5, 5, 5, 5, 5, 5, 5, 5, 5, 5, 5, 5, 5, 5, 5, 5, 5, 5, 5, 5, 5, 5, 5, 5, 5, 5, 5, 5, 5, 5, 5, 5, 5, 5, 5, 5, 5, 5, 5, 5, 5], "a_time_left": [359.9963764579734, 359.9963764579734, 359.99463737395126, 359.99463737395126, 359.99147766595706, 359.99147766595706, 359.9894675829564, 359.9894675829564, 359.98820737493224, 359.98820737493224, 359.9875842499314, 359.9875842499314, 359.9869206249132, 359.9869206249132, 359.98645883391146, 359.98645883391146, 359.9853855429101, 359.9853855429101, 359.9847938349121, 359.9847938349121, 359.98374245991, 359.98374245991, 359.9831857929239, 359.9831857929239, 359.9821687929216, 359.9821687929216, 359.9816011679359, 359.9816011679359, 359.9805636679521, 359.9805636679521, 359.98046666791197, 359.98046666791197, 359.9803508758778, 359.9803508758778, 359.97994595987257, 359.97994595987257, 359.9798386268667, 359.9798386268667, 359.97975312685594, 359.97975312685594, 359.9796506688581, 359.9796506688581, 359.97956154384883, 359.97956154384883, 359.97945446084486, 359.97945446084486, 359.97936350281816, 359.97936350281816, 359.9793052528403, 359.9793052528403, 359.97889158688486, 359.97889158688486, 359.978819377895, 359.978819377895, 359.97874658589717, 359.97874658589717, 359.97865583584644, 359.97865583584644, 359.9785836688825, 359.9785836688825, 359.9784958358505, 359.9784958358505, 359.97843266889686, 359.97843266889686, 359.97834441886516, 359.97834441886516, 359.9782625018852, 359.9782625018852, 359.9781763358624, 359.9781763358624, 359.9781015018816, 359.9781015018816, 359.97799470985774, 359.97799470985774, 359.9779239598429, 359.9779239598429, 359.9778543348075, 359.9778543348075, 359.97778220981127, 359.97778220981127], "b_time_left": [360, 359.996576540987, 359.996576540987, 359.99477249901975, 359.99477249901975, 359.9914736240171, 359.9914736240171, 359.9901812070166, 359.9901812070166, 359.9884152900195, 359.9884152900195, 359.9879159980337, 359.9879159980337, 359.98753199807834, 359.98753199807834, 359.9873851230368, 359.9873851230368, 359.9872741230647, 359.9872741230647, 359.9871459150454, 359.9871459150454, 359.9870380810462, 359.9870380810462, 359.9869249560288, 359.9869249560288, 359.9868296640343, 359.9868296640343, 359.98672603903105, 359.98672603903105, 359.98664216400357, 359.98664216400357, 359.98653066402767, 359.98653066402767, 359.9864441640675, 359.9864441640675, 359.9863391640829, 359.9863391640829, 359.98625203908887, 359.98625203908887, 359.9861498301034, 359.9861498301034, 359.9860610800679, 359.9860610800679, 359.9859592880239, 359.9859592880239, 359.9858477039961, 359.9858477039961, 359.98575241299113, 359.98575241299113, 359.98566170496633, 359.98566170496633, 359.98556857998483, 359.98556857998483, 359.98548395500984, 359.98548395500984, 359.98538820503745, 359.98538820503745, 359.98530278808903, 359.98530278808903, 359.9852104540332, 359.9852104540332, 359.9851207450265, 359.9851207450265, 359.98502145305974, 359.98502145305974, 359.98493337002583, 359.98493337002583, 359.98482003598474, 359.98482003598474, 359.98472861899063, 359.98472861899063, 359.9846201610053, 359.9846201610053, 359.9845196189708, 359.9845196189708, 359.9844129109988, 359.9844129109988, 359.9843002019916, 359.9843002019916, 359.9841955360025], "a_moves_left": [39, 39, 38, 38, 37, 37, 36, 36, 35, 35, 34, 34, 33, 33, 32, 32, 31, 31, 30, 30, 29, 29, 28, 28, 27, 27, 26, 26, 25, 25, 24, 24, 23, 23, 22, 22, 21, 21, 20, 20, 19, 19, 18, 18, 17, 17, 16, 16, 15, 15, 14, 14, 13, 13, 12, 12, 11, 11, 10, 10, 9, 9, 8, 8, 7, 7, 6, 6, 5, 5, 4, 4, 3, 3, 2, 2, 1, 1, 0, 0], "b_moves_left": [40, 39, 39, 38, 38, 37, 37, 36, 36, 35, 35, 34, 34, 33, 33, 32, 32, 31, 31, 30, 30, 29, 29, 28, 28, 27, 27, 26, 26, 25, 25, 24, 24, 23, 23, 22, 22, 21, 21, 20, 20, 19, 19, 18, 18, 17, 17, 16, 16, 15, 15, 14, 14, 13, 13, 12, 12, 11, 11, 10, 10, 9, 9, 8, 8, 7, 7, 6, 6, 5, 5, 4, 4, 3, 3, 2, 2, 1, 1, 0], "trapdoor_triggered": [0, 0, 0, 0, 0, 0, 0, 0, 0, 0, 0, 0, 0, 0, 0, 0, 0, 0, 0, 0, 0, 0, 0, 0, 0, 0, 0, 0, 0, 0, 0, 0, 0, 0, 0, 0, 0, 0, 0, 0, 0, 0, 0, 0, 0, 0, 0, 0, 0, 0, 0, 0, 0, 0, 0, 0, 0, 0, 0, 0, 0, 0, 0, 0, 0, 0, 0, 0, 0, 0, 0, 0, 0, 0, 0, 0, 0, 0, 0, 0], "left_behind": ["egg", "egg", "plain", "plain", "egg", "egg", "plain", "plain", "egg", "egg", "plain", "plain", "egg", "egg", "plain", "plain", "egg", "egg", "plain", "plain", "egg", "egg", "plain", "plain", "egg", "egg", "plain", "plain", "egg", "plain", "plain", "plain", "egg", "plain", "plain", "plain", "egg", "plain", "plain", "plain", "egg", "plain", "plain", "plain", "egg", "egg", "plain", "plain", "egg", "plain", "plain", "plain", "egg", "plain", "plain", "plain", "egg", "plain", "plain", "plain", "egg", "plain", "plain", "plain", "egg", "plain", "plain", "plain", "egg", "egg", "plain", "plain", "egg", "egg", "plain", "plain", "egg", "egg", "plain", "plain"], "errlog_a": "", "errlog_b": "", "start_time": 360, "start_moves": 40, "turn_count": 80, "result": 0, "reason": "EGGS_LAID", "trapdoors": [[4, 4], [4, 5]], "spawn_a": [7, 1], "spawn_b": [0, 1]}