{"pos": [[7, 0], [1, 1], [6, 0], [1, 2], [6, 1], [0, 2], [6, 2], [0, 3], [7, 2], [1, 3], [7, 3], [1, 4], [6, 3], [0, 4], [6, 4], [0, 5], [7, 4], [1, 5], [7, 5], [1, 6], [6, 5], [0, 6], [6, 6], [0, 7], [7, 6], [1, 7], [7, 7], [2, 7], [6, 7], [2, 6], [5, 7], [3, 6], [5, 6], [3, 7], [4, 6], [4, 7], [5, 6], [3, 7], [5, 5], [3, 6], [6, 5], [3, 5], [5, 5], [2, 5], [5, 4], [2, 6], [6, 4], [1, 6], [6, 3], [1, 5], [5, 3], [1, 4], [5, 2], [2, 4], [5, 1], [2, 3], [5, 0], [2, 2], [4, 0], [2, 1], [4, 1], [3, 1], [4, 0], [3, 0], [4, 1], [2, 0], [3, 1], [1, 0], [3, 2], [0, 0], [2, 2], [1, 0], [3, 2], [1, 1], [3, 1], [2, 1], [4, 1], [2, 0], [5, 1], [3, 0]], "a_eggs_laid": [1, 1, 1, 1, 2, 2, 2, 2, 3, 3, 3, 3, 4, 4, 4, 4, 5, 5, 5, 5, 6, 6, 6, 6, 7, 7, 7, 7, 10, 10, 10, 10, 11, 11, 11, 11, 12, 12, 12, 12, 13, 13, 13, 13, 13, 13, 13, 13, 13, 13, 13, 13, 14, 14, 14, 14, 15, 15, 15, 15, 16, 16, 16, 16, 16, 16, 16, 16, 17, 17, 17, 17, 18, 18, 18, 18, 18, 18, 18, 18], "b_eggs_laid": [0, 1, 1, 1, 1, 2, 2, 2, 2, 3, 3, 3, 3, 4, 4, 4, 4, 5, 5, 5, 5, 6, 6, 6, 6, 9, 9, 9, 9, 10, 10, 10, 10, 11, 11, 11, 11, 12, 12, 12, 12, 12, 12, 12, 12, 13, 13, 13, 13, 13, 13, 13, 13, 13, 13, 13, 13, 14, 14, 14, 14, 15, 15, 15, 15, 16, 16, 16, 16, 17, 17, 17, 17, 17, 17, 17, 17, 17, 17, 17], "a_turds_left": [5, 5, 5, 5, 5, 5, 5, 5, 5, 5, 5, 5, 5, 5, 5, 5, 5, 5, 5, 5, 5, 5, 5, 5, 5, 5, 5, 5, 5, 5, 5, 5, 5, 5, 4, 4, 4, 4, 4, 4, 4, 4, 3, 3, 3, 3, 3, 3, 3, 3, 3, 3, 3, 3, 3, 3, 3, 3, 3, 3, 3, 3, 3, 3, 3, 3, 2, 2, 2, 2, 2, 2, 2, 2, 1, 1, 1, 1, 1, 1], "b_turds_left": [5, 5, 5, 5, 5, 5, 5, 5, 5, 5, 5, 5, 5, 5, 5, 5, 5, 5, 5, 5, 5, 5, 5, 5, 5, 5, 5, 5, 5, 5, 5, 5, 5, 5, 5, 5, 5, 5, 5, 5, 5, 5, 5, 5, 5, 5, 5, 5, 5, 5, 5, 5, 5, 5, 5, 5, 5, 5, 5, 5, 5, 5, 5, 5, 5, 5, 5, 5, 5, 5, 5, 5, 5, 5, 5, 5, 5, 5, 5, 5], "a_time_left": [359.99657662498066, 359.99657662498066, 359.99549458298134, 359.99549458298134, 359.9933648330043, 359.9933648330043, 359.9915000000037, 359.9915000000037, 359.98872908303747, 359.98872908303747, 359.98726612504106, 359.98726612504106, 359.9855933750514, 359.9855933750514, 359.98367670807056, 359.98367670807056, 359.98261216602987, 359.98261216602987, 359.98250454105437, 359.98250454105437, 359.98239162407117, 359.98239162407117, 359.98228149907663, 359.98228149907663, 359.9821502910927, 359.9821502910927, 359.98204587510554, 359.98204587510554, 359.98194408311974, 359.98194408311974, 359.98185483308043, 359.98185483308043, 359.9817442910862, 359.9817442910862, 359.9816431240761, 359.9816431240761, 359.9815350411227, 359.9815350411227, 359.98124295810703, 359.98124295810703, 359.98112054215744, 359.98112054215744, 359.98073816718534, 359.98073816718534, 359.98052654217463, 359.98052654217463, 359.9804386261385, 359.9804386261385, 359.98023437615484, 359.98023437615484, 359.9796604591538, 359.9796604591538, 359.9795581251383, 359.9795581251383, 359.97947458416456, 359.97947458416456, 359.9793721261667, 359.9793721261667, 359.97930062614614, 359.97930062614614, 359.97920875117416, 359.97920875117416, 359.97914662619587, 359.97914662619587, 359.9790516681969, 359.9790516681969, 359.9786855431739, 359.9786855431739, 359.97860991815105, 359.97860991815105, 359.9785292521701, 359.9785292521701, 359.97846654313616, 359.97846654313616, 359.9781723340857, 359.9781723340857, 359.97806037508417, 359.97806037508417, 359.97793675004505, 359.97793675004505], "b_time_left": [360, 359.9965016670176, 359.9965016670176, 359.9945539999753, 359.9945539999753, 359.9913075839868, 359.9913075839868, 359.9904948339681, 359.9904948339681, 359.987984708976, 359.987984708976, 359.9866548340069, 359.9866548340069, 359.98331650102045, 359.98331650102045, 359.98307808401296, 359.98307808401296, 359.9829465840594, 359.9829465840594, 359.9828325010021, 359.9828325010021, 359.982701793022, 359.982701793022, 359.9825845010346, 359.9825845010346, 359.9824723760248, 359.9824723760248, 359.9823642920819, 359.9823642920819, 359.98223841708386, 359.98223841708386, 359.9821223760955, 359.9821223760955, 359.9819937091088, 359.9819937091088, 359.9818865841371, 359.9818865841371, 359.9817936671898, 359.9817936671898, 359.981688792177, 359.981688792177, 359.98159350117203, 359.98159350117203, 359.9814872931456, 359.9814872931456, 359.9813629591372, 359.9813629591372, 359.9812570011127, 359.9812570011127, 359.9811615840881, 359.9811615840881, 359.98103575006826, 359.98103575006826, 359.9809340420761, 359.9809340420761, 359.98083687509643, 359.98083687509643, 359.9807173330919, 359.9807173330919, 359.98061887407675, 359.98061887407675, 359.98049120703945, 359.98049120703945, 359.98039008205524, 359.98039008205524, 359.9803019570536, 359.9803019570536, 359.9802025400568, 359.9802025400568, 359.98009720706614, 359.98009720706614, 359.9800147070782, 359.9800147070782, 359.9799294990953, 359.9799294990953, 359.9798138741171, 359.9798138741171, 359.97973654110683, 359.97973654110683, 359.97964487510035], "a_moves_left": [39, 39, 38, 38, 37, 37, 36, 36, 35, 35, 34, 34, 33, 33, 32, 32, 31, 31, 30, 30, 29, 29, 28, 28, 27, 27, 26, 26, 25, 25, 24, 24, 23, 23, 22, 22, 21, 21, 20, 20, 19, 19, 18, 18, 17, 17, 16, 16, 15, 15, 14, 14, 13, 13, 12, 12, 11, 11, 10, 10, 9, 9, 8, 8, 7, 7, 6, 6, 5, 5, 4, 4, 3, 3, 2, 2, 1, 1, 0, 0], "b_moves_left": [40, 39, 39, 38, 38, 37, 37, 36, 36, 35, 35, 34, 34, 33, 33, 32, 32, 31, 31, 30, 30, 29, 29, 28, 28, 27, 27, 26, 26, 25, 25, 24, 24, 23, 23, 22, 22, 21, 21, 20, 20, 19, 19, 18, 18, 17, 17, 16, 16, 15, 15, 14, 14, 13, 13, 12, 12, 11, 11, 10, 10, 9, 9, 8, 8, 7, 7, 6, 6, 5, 5, 4, 4, 3, 3, 2, 2, 1, 1, 0], "trapdoor_triggered": [0, 0, 0, 0, 0, 0, 0, 0, 0, 0, 0, 0, 0, 0, 0, 0, 0, 0, 0, 0, 0, 0, 0, 0, 0, 0, 0, 0, 0, 0, 0, 0, 0, 0, 0, 0, 0, 0, 0, 0, 0, 0, 0, 0, 0, 0, 0, 0, 0, 0, 0, 0, 0, 0, 0, 0, 0, 0, 0, 0, 0, 0, 0, 0, 0, 0, 0, 0, 0, 0, 0, 0, 0, 0, 0, 0, 0, 0, 0, 0], "left_behind": ["egg", "egg", "plain", "plain", "egg", "egg", "plain", "plain", "egg", "egg", "plain", "plain", "egg", "egg", "plain", "plain", "egg", "egg", "plain", "plain", "egg", "egg", "plain", "plain", "egg", "egg", "plain", "plain", "egg", "egg", "plain", "plain", "egg", "egg", "turd", "plain", "egg", "egg", "plain", "plain", "egg", "plain", "turd", "plain", "plain", "egg", "plain", "plain", "plain", "plain", "plain", "plain", "egg", "plain", "plain", "plain", "egg", "egg", "plain", "plain", "egg", "egg", "plain", "plain", "plain", "egg", "turd", "plain", "egg", "egg", "plain", "plain", "egg", "plain", "turd", "plain", "plain", "plain", "plain", "plain"], "errlog_a": "", "errlog_b": "", "start_time": 360, "start_moves": 40, "turn_count": 80, "result": 0, "reason": "EGGS_LAID", "trapdoors": [[4, 4], [4, 3]], "spawn_a": [7, 1], "spawn_b": [0, 1]}