{"pos": [[6, 5], [1, 5], [6, 4], [1, 4], [6, 3], [1, 3], [6, 2], [1, 2], [6, 1], [2, 2], [5, 1], [2, 3], [4, 1], [2, 4], [4, 2], [2, 5], [4, 3], [2, 6], [3, 3], [3, 6], [4, 3], [4, 6], [5, 3], [5, 6], [5, 4], [5, 7], [4, 4], [4, 7], [4, 5], [3, 7], [4, 6], [2, 7], [4, 5], [1, 7], [3, 5], [1, 6], [4, 5], [0, 6], [4, 6], [0, 7], [4, 5], [0, 6], [3, 5], [0, 5], [4, 5], [0, 4], [4, 4], [0, 3], [5, 4], [0, 2], [5, 3], [0, 1], [6, 3], [0, 0], [7, 3], [1, 0], [7, 2], [2, 0], [7, 1], [2, 1], [7, 0], [3, 1], [6, 0], [3, 0], [5, 0], [4, 0], [5, 1], [3, 0], [4, 1], [2, 0], [3, 1], [1, 0], [4, 1], [1, 1], [4, 0], [2, 1], [5, 0], [2, 2], [4, 0], [3, 2]], "a_eggs_laid": [1, 1, 1, 1, 2, 2, 2, 2, 3, 3, 3, 3, 4, 4, 4, 4, 5, 5, 5, 5, 6, 6, 6, 6, 7, 7, 7, 7, 8, 8, 8, 8, 9, 9, 9, 9, 10, 10, 10, 10, 10, 10, 10, 10, 10, 10, 10, 10, 10, 10, 10, 10, 10, 10, 10, 10, 11, 11, 11, 11, 12, 12, 12, 12, 13, 13, 13, 13, 13, 13, 13, 13, 14, 14, 14, 14, 15, 15, 15, 15], "b_eggs_laid": [0, 1, 1, 1, 1, 2, 2, 2, 2, 3, 3, 3, 3, 4, 4, 4, 4, 5, 5, 5, 5, 6, 6, 6, 6, 7, 7, 7, 7, 8, 8, 8, 8, 9, 9, 9, 9, 10, 10, 10, 10, 13, 13, 13, 13, 13, 13, 13, 13, 14, 14, 14, 14, 15, 15, 15, 15, 16, 16, 16, 16, 17, 17, 17, 17, 18, 18, 18, 18, 18, 18, 18, 18, 18, 18, 18, 18, 18, 18, 18], "a_turds_left": [5, 5, 5, 5, 5, 5, 5, 5, 5, 5, 5, 5, 5, 5, 5, 5, 5, 5, 5, 5, 5, 5, 5, 5, 5, 5, 5, 5, 5, 5, 5, 5, 5, 5, 5, 5, 5, 5, 5, 5, 5, 5, 5, 5, 5, 5, 5, 5, 5, 5, 5, 5, 5, 5, 5, 5, 5, 5, 5, 5, 5, 5, 5, 5, 5, 5, 5, 5, 5, 5, 5, 5, 5, 5, 5, 5, 5, 5, 5, 5], "b_turds_left": [5, 5, 5, 4, 4, 4, 4, 3, 3, 3, 3, 2, 2, 2, 2, 1, 1, 1, 1, 0, 0, 0, 0, 0, 0, 0, 0, 0, 0, 0, 0, 0, 0, 0, 0, 0, 0, 0, 0, 0, 0, 0, 0, 0, 0, 0, 0, 0, 0, 0, 0, 0, 0, 0, 0, 0, 0, 0, 0, 0, 0, 0, 0, 0, 0, 0, 0, 0, 0, 0, 0, 0, 0, 0, 0, 0, 0, 0, 0, 0], "a_time_left": [359.9983668330242, 359.9983668330242, 359.99758358305553, 359.99758358305553, 359.9963376240921, 359.9963376240921, 359.9956823740504, 359.9956823740504, 359.99445862404536, 359.99445862404536, 359.9927767900517, 359.9927767900517, 359.98951291502453, 359.98951291502453, 359.98771241499344, 359.98771241499344, 359.9850452069659, 359.9850452069659, 359.9834387489245, 359.9834387489245, 359.98306391591905, 359.98306391591905, 359.9825992488768, 359.9825992488768, 359.98139187385095, 359.98139187385095, 359.98114345688373, 359.98114345688373, 359.98071574786445, 359.98071574786445, 359.98061899788445, 359.98061899788445, 359.9805526228738, 359.9805526228738, 359.9803579978761, 359.9803579978761, 359.980295788846, 359.980295788846, 359.9801509558456, 359.9801509558456, 359.98006058088504, 359.98006058088504, 359.97992445586715, 359.97992445586715, 359.97984083084157, 359.97984083084157, 359.9797013308271, 359.9797013308271, 359.9795728728641, 359.9795728728641, 359.9794341228553, 359.9794341228553, 359.9792762478464, 359.9792762478464, 359.97908524784725, 359.97908524784725, 359.97900278982706, 359.97900278982706, 359.97893016482703, 359.97893016482703, 359.97883928980445, 359.97883928980445, 359.97877766477177, 359.97877766477177, 359.97869062278187, 359.97869062278187, 359.978637788794, 359.978637788794, 359.97852953878464, 359.97852953878464, 359.9783801637823, 359.9783801637823, 359.9783127467963, 359.9783127467963, 359.97820795478765, 359.97820795478765, 359.97813541279174, 359.97813541279174, 359.97805995476665, 359.97805995476665], "b_time_left": [360, 359.99856820801506, 359.99856820801506, 359.99779387406306, 359.99779387406306, 359.99671358207706, 359.99671358207706, 359.9960224570823, 359.9960224570823, 359.99340195709374, 359.99340195709374, 359.99186562310206, 359.99186562310206, 359.98971299809637, 359.98971299809637, 359.98816816409817, 359.98816816409817, 359.9861439971137, 359.9861439971137, 359.9854296221165, 359.9854296221165, 359.9843369970913, 359.9843369970913, 359.98384549707407, 359.98384549707407, 359.9835274970974, 359.9835274970974, 359.98337728809565, 359.98337728809565, 359.9832886210643, 359.9832886210643, 359.9832204550621, 359.9832204550621, 359.983127789048, 359.983127789048, 359.9830528300372, 359.9830528300372, 359.98296420503175, 359.98296420503175, 359.9828927469789, 359.9828927469789, 359.98281012196094, 359.98281012196094, 359.9827495389618, 359.9827495389618, 359.9826771639637, 359.9826771639637, 359.98260578897316, 359.98260578897316, 359.9825233719894, 359.9825233719894, 359.9824511219631, 359.9824511219631, 359.98237020499073, 359.98237020499073, 359.98230399697786, 359.98230399697786, 359.98221666400786, 359.98221666400786, 359.98215012199944, 359.98215012199944, 359.9820559550426, 359.9820559550426, 359.981991705019, 359.981991705019, 359.9819113300182, 359.9819113300182, 359.9818424140103, 359.9818424140103, 359.98177358100656, 359.98177358100656, 359.9817071229918, 359.9817071229918, 359.9816343729617, 359.9816343729617, 359.981570039934, 359.981570039934, 359.98149808193557, 359.98149808193557, 359.98142908193404], "a_moves_left": [39, 39, 38, 38, 37, 37, 36, 36, 35, 35, 34, 34, 33, 33, 32, 32, 31, 31, 30, 30, 29, 29, 28, 28, 27, 27, 26, 26, 25, 25, 24, 24, 23, 23, 22, 22, 21, 21, 20, 20, 19, 19, 18, 18, 17, 17, 16, 16, 15, 15, 14, 14, 13, 13, 12, 12, 11, 11, 10, 10, 9, 9, 8, 8, 7, 7, 6, 6, 5, 5, 4, 4, 3, 3, 2, 2, 1, 1, 0, 0], "b_moves_left": [40, 39, 39, 38, 38, 37, 37, 36, 36, 35, 35, 34, 34, 33, 33, 32, 32, 31, 31, 30, 30, 29, 29, 28, 28, 27, 27, 26, 26, 25, 25, 24, 24, 23, 23, 22, 22, 21, 21, 20, 20, 19, 19, 18, 18, 17, 17, 16, 16, 15, 15, 14, 14, 13, 13, 12, 12, 11, 11, 10, 10, 9, 9, 8, 8, 7, 7, 6, 6, 5, 5, 4, 4, 3, 3, 2, 2, 1, 1, 0], "trapdoor_triggered": [0, 0, 0, 0, 0, 0, 0, 0, 0, 0, 0, 0, 0, 0, 0, 0, 0, 0, 0, 0, 0, 0, 0, 0, 0, 0, 0, 0, 0, 0, 0, 0, 0, 0, 0, 0, 0, 0, 0, 0, 0, 0, 0, 0, 0, 0, 0, 0, 0, 0, 0, 0, 0, 0, 0, 0, 0, 0, 0, 0, 0, 0, 0, 0, 0, 0, 0, 0, 0, 0, 0, 0, 0, 0, 0, 0, 0, 0, 0, 0], "left_behind": ["egg", "egg", "plain", "turd", "egg", "egg", "plain", "turd", "egg", "egg", "plain", "turd", "egg", "egg", "plain", "turd", "egg", "egg", "plain", "turd", "egg", "egg", "plain", "plain", "egg", "egg", "plain", "plain", "egg", "egg", "plain", "plain", "egg", "egg", "plain", "plain", "egg", "egg", "plain", "plain", "plain", "egg", "plain", "plain", "plain", "plain", "plain", "plain", "plain", "egg", "plain", "plain", "plain", "egg", "plain", "plain", "egg", "egg", "plain", "plain", "egg", "egg", "plain", "plain", "egg", "egg", "plain", "plain", "plain", "plain", "plain", "plain", "egg", "plain", "plain", "plain", "egg", "plain", "plain", "plain"], "errlog_a": "", "errlog_b": "", "start_time": 360, "start_moves": 40, "turn_count": 80, "result": 1, "reason": "EGGS_LAID", "trapdoors": [[5, 5], [5, 2]], "spawn_a": [7, 5], "spawn_b": [0, 5]}