{"pos": [[1, 4], [6, 4], [1, 3], [6, 3], [1, 2], [7, 3], [1, 1], [7, 2], [2, 1], [6, 2], [3, 1], [6, 1], [4, 1], [7, 1], [5, 1], [7, 0], [5, 0], [6, 0], [4, 0], [5, 0], [3, 0], [6, 0], [2, 0], [5, 0], [1, 0], [6, 0], [0, 0], [6, 1], [0, 1], [6, 2], [0, 2], [5, 2], [0, 3], [6, 2], [1, 3], [6, 3], [2, 3], [5, 3], [2, 2], [5, 4], [3, 2], [5, 5], [4, 2], [6, 5], [4, 1], [6, 6], [5, 1], [7, 6], [4, 1], [7, 5], [4, 2], [6, 5], [3, 2], [6, 6], [3, 3], [5, 6], [2, 3], [4, 6], [2, 4], [3, 6], [2, 5], [3, 5], [2, 6], [2, 5], [1, 6], [1, 5], [1, 7], [1, 6], [2, 7], [0, 6], [3, 7], [0, 7], [4, 7], [0, 6], [4, 6], [0, 5], [4, 5], [1, 5], [3, 5], [1, 4]], "a_eggs_laid": [1, 1, 1, 1, 2, 2, 2, 2, 3, 3, 3, 3, 4, 4, 4, 4, 5, 5, 5, 5, 6, 6, 6, 6, 7, 7, 7, 7, 10, 10, 10, 10, 11, 11, 11, 11, 11, 11, 11, 11, 12, 12, 12, 12, 13, 13, 13, 13, 13, 13, 13, 13, 13, 13, 13, 13, 14, 14, 14, 14, 15, 15, 15, 15, 16, 16, 16, 16, 17, 17, 17, 17, 18, 18, 18, 18, 19, 19, 19, 19], "b_eggs_laid": [0, 1, 1, 1, 1, 2, 2, 2, 2, 3, 3, 3, 3, 4, 4, 4, 4, 7, 7, 7, 7, 8, 8, 8, 8, 8, 8, 8, 8, 8, 8, 8, 8, 9, 9, 9, 9, 9, 9, 9, 9, 10, 10, 10, 10, 11, 11, 11, 11, 12, 12, 12, 12, 12, 12, 12, 12, 13, 13, 13, 13, 14, 14, 14, 14, 15, 15, 15, 15, 16, 16, 16, 16, 19, 19, 19, 19, 20, 20, 20], "a_turds_left": [5, 5, 5, 5, 5, 5, 5, 5, 5, 5, 5, 5, 5, 5, 5, 5, 5, 5, 5, 5, 5, 5, 5, 5, 5, 5, 5, 5, 5, 5, 5, 5, 5, 5, 5, 5, 5, 5, 5, 5, 5, 5, 5, 5, 5, 5, 5, 5, 5, 5, 5, 5, 5, 5, 5, 5, 5, 5, 5, 5, 5, 5, 5, 5, 5, 5, 5, 5, 5, 5, 5, 5, 5, 5, 5, 5, 5, 5, 5, 5], "b_turds_left": [5, 5, 5, 5, 5, 5, 5, 5, 5, 5, 5, 5, 5, 5, 5, 5, 5, 5, 5, 5, 5, 5, 5, 5, 5, 5, 5, 5, 5, 5, 5, 5, 5, 5, 5, 5, 5, 5, 5, 5, 5, 5, 5, 5, 5, 5, 5, 5, 5, 5, 5, 5, 5, 5, 5, 5, 5, 5, 5, 5, 5, 5, 5, 5, 5, 5, 5, 5, 5, 5, 5, 5, 5, 5, 5, 5, 5, 5, 5, 5], "a_time_left": [359.9983614170342, 359.9983614170342, 359.9965599999996, 359.9965599999996, 359.99338854203233, 359.99338854203233, 359.99163516703993, 359.99163516703993, 359.9883075830294, 359.9883075830294, 359.98662795801647, 359.98662795801647, 359.98352266603615, 359.98352266603615, 359.981781041075, 359.981781041075, 359.97932570707053, 359.97932570707053, 359.9788712490699, 359.9788712490699, 359.9784007490962, 359.9784007490962, 359.9781289990642, 359.9781289990642, 359.97726645704824, 359.97726645704824, 359.9770041650627, 359.9770041650627, 359.9769062490668, 359.9769062490668, 359.97681441606255, 359.97681441606255, 359.9767060831073, 359.9767060831073, 359.97660279111005, 359.97660279111005, 359.976266249083, 359.976266249083, 359.9761603320949, 359.9761603320949, 359.97604391607456, 359.97604391607456, 359.97594429110177, 359.97594429110177, 359.97585300006904, 359.97585300006904, 359.9757638750598, 359.9757638750598, 359.9757019170793, 359.9757019170793, 359.9756147500593, 359.9756147500593, 359.9753931250889, 359.9753931250889, 359.97516045806697, 359.97516045806697, 359.9750635410892, 359.9750635410892, 359.97483925009146, 359.97483925009146, 359.97473500011256, 359.97473500011256, 359.97467641712865, 359.97467641712865, 359.97460783313727, 359.97460783313727, 359.9745454581571, 359.9745454581571, 359.9744789581746, 359.9744789581746, 359.97440583317075, 359.97440583317075, 359.97433662519325, 359.97433662519325, 359.97426208422985, 359.97426208422985, 359.9741914172773, 359.9741914172773, 359.97411291731987, 359.97411291731987], "b_time_left": [360, 359.99849466700107, 359.99849466700107, 359.99662879196694, 359.99662879196694, 359.9932528749923, 359.9932528749923, 359.99235491699073, 359.99235491699073, 359.98993216699455, 359.98993216699455, 359.9886283329688, 359.9886283329688, 359.98499699897366, 359.98499699897366, 359.98470220697345, 359.98470220697345, 359.98440774792107, 359.98440774792107, 359.98413662292296, 359.98413662292296, 359.984020122909, 359.984020122909, 359.98391266493127, 359.98391266493127, 359.983820831927, 359.983820831927, 359.9837160819443, 359.9837160819443, 359.983622997941, 359.983622997941, 359.9835055809235, 359.9835055809235, 359.9833860809449, 359.9833860809449, 359.9832815399277, 359.9832815399277, 359.9831753739272, 359.9831753739272, 359.9830683739274, 359.9830683739274, 359.9829513739678, 359.9829513739678, 359.9828594579594, 359.9828594579594, 359.9827507909504, 359.9827507909504, 359.98266466596397, 359.98266466596397, 359.9825764569687, 359.9825764569687, 359.9824995819945, 359.9824995819945, 359.9824195399997, 359.9824195399997, 359.98232895700494, 359.98232895700494, 359.98222312302096, 359.98222312302096, 359.98213824798586, 359.98213824798586, 359.98202912299894, 359.98202912299894, 359.9819419570267, 359.9819419570267, 359.9818591240328, 359.9818591240328, 359.98177512403345, 359.98177512403345, 359.9817034570151, 359.9817034570151, 359.9816296650097, 359.9816296650097, 359.98157083202386, 359.98157083202386, 359.981500082009, 359.981500082009, 359.98142837401247, 359.98142837401247, 359.98134520702297], "a_moves_left": [39, 39, 38, 38, 37, 37, 36, 36, 35, 35, 34, 34, 33, 33, 32, 32, 31, 31, 30, 30, 29, 29, 28, 28, 27, 27, 26, 26, 25, 25, 24, 24, 23, 23, 22, 22, 21, 21, 20, 20, 19, 19, 18, 18, 17, 17, 16, 16, 15, 15, 14, 14, 13, 13, 12, 12, 11, 11, 10, 10, 9, 9, 8, 8, 7, 7, 6, 6, 5, 5, 4, 4, 3, 3, 2, 2, 1, 1, 0, 0], "b_moves_left": [40, 39, 39, 38, 38, 37, 37, 36, 36, 35, 35, 34, 34, 33, 33, 32, 32, 31, 31, 30, 30, 29, 29, 28, 28, 27, 27, 26, 26, 25, 25, 24, 24, 23, 23, 22, 22, 21, 21, 20, 20, 19, 19, 18, 18, 17, 17, 16, 16, 15, 15, 14, 14, 13, 13, 12, 12, 11, 11, 10, 10, 9, 9, 8, 8, 7, 7, 6, 6, 5, 5, 4, 4, 3, 3, 2, 2, 1, 1, 0], "trapdoor_triggered": [0, 0, 0, 0, 0, 0, 0, 0, 0, 0, 0, 0, 0, 0, 0, 0, 0, 0, 0, 0, 0, 0, 0, 0, 0, 0, 0, 0, 0, 0, 0, 0, 0, 0, 0, 0, 0, 0, 0, 0, 0, 0, 0, 0, 0, 0, 0, 0, 0, 0, 0, 0, 0, 0, 0, 0, 0, 0, 0, 0, 0, 0, 0, 0, 0, 0, 0, 0, 0, 0, 0, 0, 0, 0, 0, 0, 0, 0, 0, 0], "left_behind": ["egg", "egg", "plain", "plain", "egg", "egg", "plain", "plain", "egg", "egg", "plain", "plain", "egg", "egg", "plain", "plain", "egg", "egg", "plain", "plain", "egg", "egg", "plain", "plain", "egg", "plain", "plain", "plain", "egg", "plain", "plain", "plain", "egg", "egg", "plain", "plain", "plain", "plain", "plain", "plain", "egg", "egg", "plain", "plain", "egg", "egg", "plain", "plain", "plain", "egg", "plain", "plain", "plain", "plain", "plain", "plain", "egg", "egg", "plain", "plain", "egg", "egg", "plain", "plain", "egg", "egg", "plain", "plain", "egg", "egg", "plain", "plain", "egg", "egg", "plain", "plain", "egg", "egg", "plain", "plain"], "errlog_a": "", "errlog_b": "", "start_time": 360, "start_moves": 40, "turn_count": 80, "result": 1, "reason": "EGGS_LAID", "trapdoors": [[4, 4], [3, 4]], "spawn_a": [0, 4], "spawn_b": [7, 4]}