{"pos": [[1, 2], [6, 2], [1, 1], [6, 3], [2, 1], [5, 3], [3, 1], [5, 4], [4, 1], [6, 4], [5, 1], [6, 5], [5, 0], [5, 5], [6, 0], [5, 6], [7, 0], [4, 6], [7, 1], [4, 5], [7, 0], [4, 4], [7, 1], [4, 3], [7, 0], [4, 4], [6, 0], [4, 3], [5, 0], [4, 2], [4, 0], [3, 2], [3, 0], [2, 2], [2, 0], [2, 3], [1, 0], [2, 4], [0, 0], [2, 5], [0, 1], [3, 5], [1, 1], [3, 6], [2, 1], [3, 7], [2, 2], [4, 7], [1, 2], [5, 7], [1, 3], [6, 7], [1, 4], [6, 6], [2, 4], [7, 6], [1, 4], [7, 5], [1, 5], [7, 4], [1, 6], [7, 3], [2, 6], [7, 2], [2, 7], [7, 3], [3, 7], [7, 4], [2, 7], [7, 5], [1, 7], [7, 6], [0, 7], [7, 7], [0, 6], [6, 7], [0, 5], [6, 6], [0, 4], [6, 5]], "a_eggs_laid": [1, 1, 1, 1, 2, 2, 2, 2, 3, 3, 3, 3, 4, 4, 4, 4, 5, 5, 5, 5, 6, 6, 6, 6, 6, 6, 6, 6, 6, 6, 6, 6, 7, 7, 7, 7, 8, 8, 8, 8, 11, 11, 11, 11, 11, 11, 11, 11, 12, 12, 12, 12, 13, 13, 13, 13, 14, 14, 14, 14, 15, 15, 15, 15, 16, 16, 16, 16, 17, 17, 17, 17, 18, 18, 18, 18, 19, 19, 19, 19], "b_eggs_laid": [0, 1, 1, 1, 1, 2, 2, 2, 2, 3, 3, 3, 3, 4, 4, 4, 4, 5, 5, 5, 5, 6, 6, 6, 6, 7, 7, 7, 7, 7, 7, 7, 7, 8, 8, 8, 8, 9, 9, 9, 9, 10, 10, 10, 10, 11, 11, 11, 11, 12, 12, 12, 12, 13, 13, 13, 13, 14, 14, 14, 14, 15, 15, 15, 15, 15, 15, 15, 15, 15, 15, 15, 15, 15, 15, 15, 15, 15, 15, 15], "a_turds_left": [5, 5, 5, 5, 5, 5, 5, 5, 5, 5, 5, 5, 5, 5, 5, 5, 5, 5, 5, 5, 5, 5, 5, 5, 5, 5, 5, 5, 5, 5, 5, 5, 5, 5, 5, 5, 5, 5, 5, 5, 5, 5, 5, 5, 5, 5, 5, 5, 5, 5, 5, 5, 5, 5, 5, 5, 5, 5, 5, 5, 5, 5, 5, 5, 5, 5, 5, 5, 5, 5, 5, 5, 5, 5, 5, 5, 5, 5, 5, 5], "b_turds_left": [5, 5, 5, 4, 4, 4, 4, 3, 3, 3, 3, 2, 2, 2, 2, 1, 1, 1, 1, 0, 0, 0, 0, 0, 0, 0, 0, 0, 0, 0, 0, 0, 0, 0, 0, 0, 0, 0, 0, 0, 0, 0, 0, 0, 0, 0, 0, 0, 0, 0, 0, 0, 0, 0, 0, 0, 0, 0, 0, 0, 0, 0, 0, 0, 0, 0, 0, 0, 0, 0, 0, 0, 0, 0, 0, 0, 0, 0, 0, 0], "a_time_left": [359.99612995801726, 359.99612995801726, 359.99428970803274, 359.99428970803274, 359.99092883308185, 359.99092883308185, 359.9891371250851, 359.9891371250851, 359.98578312504105, 359.98578312504105, 359.98389583308017, 359.98389583308017, 359.9820429580868, 359.9820429580868, 359.9815382080851, 359.9815382080851, 359.9797698330367, 359.9797698330367, 359.97965829103487, 359.97965829103487, 359.9795456660795, 359.9795456660795, 359.9794658740866, 359.9794658740866, 359.9793911651359, 359.9793911651359, 359.97929874813417, 359.97929874813417, 359.9791268731351, 359.9791268731351, 359.97883333213395, 359.97883333213395, 359.97800670709694, 359.97800670709694, 359.9778774160659, 359.9778774160659, 359.97714066610206, 359.97714066610206, 359.9770531661343, 359.9770531661343, 359.9769614581601, 359.9769614581601, 359.9768763331231, 359.9768763331231, 359.97666808310896, 359.97666808310896, 359.9764580001356, 359.9764580001356, 359.97637208312517, 359.97637208312517, 359.9761704171542, 359.9761704171542, 359.9760705421795, 359.9760705421795, 359.97597829217557, 359.97597829217557, 359.9758920421591, 359.9758920421591, 359.9756818751921, 359.9756818751921, 359.9755897081923, 359.9755897081923, 359.9755010411609, 359.9755010411609, 359.9754246252123, 359.9754246252123, 359.97534891718533, 359.97534891718533, 359.97527716716286, 359.97527716716286, 359.9751452501514, 359.9751452501514, 359.97505037515657, 359.97505037515657, 359.9749829591601, 359.9749829591601, 359.97489500115626, 359.97489500115626, 359.9748234601575, 359.9748234601575], "b_time_left": [360, 359.996992875007, 359.996992875007, 359.9951903340407, 359.9951903340407, 359.99366287502926, 359.99366287502926, 359.9917615840677, 359.9917615840677, 359.9894481250667, 359.9894481250667, 359.9869737920235, 359.9869737920235, 359.98489379201783, 359.98489379201783, 359.98326208401704, 359.98326208401704, 359.9814610420144, 359.9814610420144, 359.9808982090326, 359.9808982090326, 359.98041633400135, 359.98041633400135, 359.9801528759999, 359.9801528759999, 359.9797489179764, 359.9797489179764, 359.979485585005, 359.979485585005, 359.97923879296286, 359.97923879296286, 359.97902937594336, 359.97902937594336, 359.9789590839646, 359.9789590839646, 359.9788992929389, 359.9788992929389, 359.97882325196406, 359.97882325196406, 359.9787623359589, 359.9787623359589, 359.97868579498027, 359.97868579498027, 359.9786271280027, 359.9786271280027, 359.97855442005675, 359.97855442005675, 359.9784991280758, 359.9784991280758, 359.9784247940988, 359.9784247940988, 359.9783684600843, 359.9783684600843, 359.978304543125, 359.978304543125, 359.9782521261368, 359.9782521261368, 359.9781895421911, 359.9781895421911, 359.9781385422102, 359.9781385422102, 359.978073667211, 359.978073667211, 359.9780241671833, 359.9780241671833, 359.97796812519664, 359.97796812519664, 359.9779152921983, 359.9779152921983, 359.9778575001983, 359.9778575001983, 359.9778057921794, 359.9778057921794, 359.97774829214904, 359.97774829214904, 359.9776979171438, 359.9776979171438, 359.97764070815174, 359.97764070815174, 359.97758537414484], "a_moves_left": [39, 39, 38, 38, 37, 37, 36, 36, 35, 35, 34, 34, 33, 33, 32, 32, 31, 31, 30, 30, 29, 29, 28, 28, 27, 27, 26, 26, 25, 25, 24, 24, 23, 23, 22, 22, 21, 21, 20, 20, 19, 19, 18, 18, 17, 17, 16, 16, 15, 15, 14, 14, 13, 13, 12, 12, 11, 11, 10, 10, 9, 9, 8, 8, 7, 7, 6, 6, 5, 5, 4, 4, 3, 3, 2, 2, 1, 1, 0, 0], "b_moves_left": [40, 39, 39, 38, 38, 37, 37, 36, 36, 35, 35, 34, 34, 33, 33, 32, 32, 31, 31, 30, 30, 29, 29, 28, 28, 27, 27, 26, 26, 25, 25, 24, 24, 23, 23, 22, 22, 21, 21, 20, 20, 19, 19, 18, 18, 17, 17, 16, 16, 15, 15, 14, 14, 13, 13, 12, 12, 11, 11, 10, 10, 9, 9, 8, 8, 7, 7, 6, 6, 5, 5, 4, 4, 3, 3, 2, 2, 1, 1, 0], "trapdoor_triggered": [0, 0, 0, 0, 0, 0, 0, 0, 0, 0, 0, 0, 0, 0, 0, 0, 0, 0, 0, 0, 0, 0, 0, 0, 0, 0, 0, 0, 0, 0, 0, 0, 0, 0, 0, 0, 0, 0, 0, 0, 0, 0, 0, 0, 0, 0, 0, 0, 0, 0, 0, 0, 0, 0, 0, 0, 0, 0, 0, 0, 0, 0, 0, 0, 0, 0, 0, 0, 0, 0, 0, 0, 0, 0, 0, 0, 0, 0, 0, 0], "left_behind": ["egg", "egg", "plain", "turd", "egg", "egg", "plain", "turd", "egg", "egg", "plain", "turd", "egg", "egg", "plain", "turd", "egg", "egg", "plain", "turd", "egg", "egg", "plain", "plain", "plain", "egg", "plain", "plain", "plain", "plain", "plain", "plain", "egg", "egg", "plain", "plain", "egg", "egg", "plain", "plain", "egg", "egg", "plain", "plain", "plain", "egg", "plain", "plain", "egg", "egg", "plain", "plain", "egg", "egg", "plain", "plain", "egg", "egg", "plain", "plain", "egg", "egg", "plain", "plain", "egg", "plain", "plain", "plain", "egg", "plain", "plain", "plain", "egg", "plain", "plain", "plain", "egg", "plain", "plain", "plain"], "errlog_a": "", "errlog_b": "", "start_time": 360, "start_moves": 40, "turn_count": 80, "result": 0, "reason": "EGGS_LAID", "trapdoors": [[3, 3], [3, 4]], "spawn_a": [0, 2], "spawn_b": [7, 2]}