{"pos": [[1, 6], [6, 6], [2, 6], [5, 6], [3, 6], [4, 6], [3, 7], [4, 5], [2, 7], [4, 4], [1, 7], [5, 4], [0, 7], [5, 3], [0, 6], [6, 3], [0, 5], [6, 2], [1, 5], [6, 1], [1, 4], [5, 1], [1, 3], [5, 0], [1, 2], [4, 0], [1, 1], [3, 0], [2, 1], [3, 1], [2, 0], [4, 1], [1, 0], [4, 2], [0, 0], [5, 2], [0, 1], [5, 1], [0, 2], [5, 0], [0, 3], [6, 0], [0, 4], [7, 0], [1, 4], [7, 1], [2, 4], [7, 2], [2, 3], [7, 3], [2, 2], [7, 4], [3, 2], [7, 5], [3, 1], [6, 5], [3, 2], [6, 4], [3, 3], [6, 3], [2, 3], [5, 3], [3, 3], [4, 3], [3, 2], [4, 2], [3, 1], [5, 2], [2, 1], [6, 2], [2, 2], [6, 1], [1, 2], [6, 0], [1, 1], [7, 0], [1, 0], [7, 1], [2, 0], [7, 2]], "a_eggs_laid": [1, 1, 1, 1, 2, 2, 2, 2, 3, 3, 3, 3, 4, 4, 4, 4, 4, 4, 4, 4, 5, 5, 5, 5, 6, 6, 6, 6, 7, 7, 7, 7, 8, 8, 8, 8, 11, 11, 11, 11, 12, 12, 12, 12, 13, 13, 13, 13, 14, 14, 14, 14, 15, 15, 15, 15, 16, 16, 16, 16, 17, 17, 17, 17, 17, 17, 17, 17, 17, 17, 17, 17, 17, 17, 17, 17, 17, 17, 17, 17], "b_eggs_laid": [0, 1, 1, 1, 1, 2, 2, 2, 2, 3, 3, 3, 3, 4, 4, 4, 4, 5, 5, 5, 5, 6, 6, 6, 6, 7, 7, 7, 7, 8, 8, 8, 8, 9, 9, 9, 9, 10, 10, 10, 10, 10, 10, 10, 10, 13, 13, 13, 13, 14, 14, 14, 14, 15, 15, 15, 15, 16, 16, 16, 16, 16, 16, 16, 16, 17, 17, 17, 17, 17, 17, 17, 17, 17, 17, 17, 17, 17, 17, 17], "a_turds_left": [5, 5, 5, 5, 5, 5, 5, 5, 5, 5, 5, 5, 5, 5, 5, 5, 5, 5, 5, 5, 5, 5, 5, 5, 5, 5, 5, 5, 5, 5, 5, 5, 5, 5, 5, 5, 5, 5, 5, 5, 5, 5, 5, 5, 5, 5, 5, 5, 5, 5, 5, 5, 5, 5, 5, 5, 5, 5, 5, 5, 5, 5, 5, 5, 5, 5, 5, 5, 5, 5, 5, 5, 5, 5, 5, 5, 5, 5, 5, 5], "b_turds_left": [5, 5, 5, 4, 4, 4, 4, 3, 3, 3, 3, 2, 2, 2, 2, 1, 1, 1, 1, 0, 0, 0, 0, 0, 0, 0, 0, 0, 0, 0, 0, 0, 0, 0, 0, 0, 0, 0, 0, 0, 0, 0, 0, 0, 0, 0, 0, 0, 0, 0, 0, 0, 0, 0, 0, 0, 0, 0, 0, 0, 0, 0, 0, 0, 0, 0, 0, 0, 0, 0, 0, 0, 0, 0, 0, 0, 0, 0, 0, 0], "a_time_left": [359.99637320800684, 359.99637320800684, 359.9946320829913, 359.9946320829913, 359.9915197499795, 359.9915197499795, 359.9906862920034, 359.9906862920034, 359.989686041954, 359.989686041954, 359.98894233291503, 359.98894233291503, 359.9859271658934, 359.9859271658934, 359.9858127908665, 359.9858127908665, 359.9855366658885, 359.9855366658885, 359.98509658291005, 359.98509658291005, 359.9839945829008, 359.9839945829008, 359.9834168329253, 359.9834168329253, 359.9824937079102, 359.9824937079102, 359.98200504190754, 359.98200504190754, 359.98107725090813, 359.98107725090813, 359.9810022919555, 359.9810022919555, 359.98091049998766, 359.98091049998766, 359.98082658299245, 359.98082658299245, 359.98074079101207, 359.98074079101207, 359.98065399902407, 359.98065399902407, 359.9805561240064, 359.9805561240064, 359.9804751239717, 359.9804751239717, 359.9803781239316, 359.9803781239316, 359.9802054579486, 359.9802054579486, 359.98011054098606, 359.98011054098606, 359.98001233296236, 359.98001233296236, 359.97990641597426, 359.97990641597426, 359.97981637495104, 359.97981637495104, 359.9797354589682, 359.9797354589682, 359.9795797090046, 359.9795797090046, 359.9794918340049, 359.9794918340049, 359.97940250101965, 359.97940250101965, 359.979323793028, 359.979323793028, 359.979251168028, 359.979251168028, 359.9791460430133, 359.9791460430133, 359.97904958500294, 359.97904958500294, 359.97894779301714, 359.97894779301714, 359.9788557510474, 359.9788557510474, 359.9787600430427, 359.9787600430427, 359.9786801680457, 359.9786801680457], "b_time_left": [360, 359.9971617499832, 359.9971617499832, 359.9955445409869, 359.9955445409869, 359.9933981660288, 359.9933981660288, 359.991987999063, 359.991987999063, 359.98995208303677, 359.98995208303677, 359.98847795801703, 359.98847795801703, 359.98772345803445, 359.98772345803445, 359.9871324170381, 359.9871324170381, 359.9863425420481, 359.9863425420481, 359.9857841670746, 359.9857841670746, 359.9852763330564, 359.9852763330564, 359.98499133303994, 359.98499133303994, 359.98465008306084, 359.98465008306084, 359.98445324908243, 359.98445324908243, 359.9843655410805, 359.9843655410805, 359.9843003740534, 359.9843003740534, 359.9842074990738, 359.9842074990738, 359.9841294991202, 359.9841294991202, 359.984042832104, 359.984042832104, 359.9839775401051, 359.9839775401051, 359.9839052070747, 359.9839052070747, 359.9838382070884, 359.9838382070884, 359.98376724810805, 359.98376724810805, 359.9837028310867, 359.9837028310867, 359.9836262060562, 359.9836262060562, 359.9835625810665, 359.9835625810665, 359.9834874980734, 359.9834874980734, 359.9834272901062, 359.9834272901062, 359.983342124091, 359.983342124091, 359.98327279108344, 359.98327279108344, 359.9832054160652, 359.9832054160652, 359.98314220807515, 359.98314220807515, 359.9830642910674, 359.9830642910674, 359.9829967080732, 359.9829967080732, 359.9829140001093, 359.9829140001093, 359.98285558307543, 359.98285558307543, 359.98278762504924, 359.98278762504924, 359.9827292080736, 359.9827292080736, 359.9826709170593, 359.9826709170593, 359.9826140420628], "a_moves_left": [39, 39, 38, 38, 37, 37, 36, 36, 35, 35, 34, 34, 33, 33, 32, 32, 31, 31, 30, 30, 29, 29, 28, 28, 27, 27, 26, 26, 25, 25, 24, 24, 23, 23, 22, 22, 21, 21, 20, 20, 19, 19, 18, 18, 17, 17, 16, 16, 15, 15, 14, 14, 13, 13, 12, 12, 11, 11, 10, 10, 9, 9, 8, 8, 7, 7, 6, 6, 5, 5, 4, 4, 3, 3, 2, 2, 1, 1, 0, 0], "b_moves_left": [40, 39, 39, 38, 38, 37, 37, 36, 36, 35, 35, 34, 34, 33, 33, 32, 32, 31, 31, 30, 30, 29, 29, 28, 28, 27, 27, 26, 26, 25, 25, 24, 24, 23, 23, 22, 22, 21, 21, 20, 20, 19, 19, 18, 18, 17, 17, 16, 16, 15, 15, 14, 14, 13, 13, 12, 12, 11, 11, 10, 10, 9, 9, 8, 8, 7, 7, 6, 6, 5, 5, 4, 4, 3, 3, 2, 2, 1, 1, 0], "trapdoor_triggered": [0, 0, 0, 0, 0, 0, 0, 0, 0, 0, 0, 0, 0, 0, 0, 0, 0, 0, 0, 0, 0, 0, 0, 0, 0, 0, 0, 0, 0, 0, 0, 0, 0, 0, 0, 0, 0, 0, 0, 0, 0, 0, 0, 0, 0, 0, 0, 0, 0, 0, 0, 0, 0, 0, 0, 0, 0, 0, 0, 0, 0, 0, 0, 0, 0, 0, 0, 0, 0, 0, 0, 0, 0, 0, 0, 0, 0, 0, 0, 0], "left_behind": ["egg", "egg", "plain", "turd", "egg", "egg", "plain", "turd", "egg", "egg", "plain", "turd", "egg", "egg", "plain", "turd", "plain", "egg", "plain", "turd", "egg", "egg", "plain", "plain", "egg", "egg", "plain", "plain", "egg", "egg", "plain", "plain", "egg", "egg", "plain", "plain", "egg", "egg", "plain", "plain", "egg", "plain", "plain", "plain", "egg", "egg", "plain", "plain", "egg", "egg", "plain", "plain", "egg", "egg", "plain", "plain", "egg", "egg", "plain", "plain", "egg", "plain", "plain", "plain", "plain", "egg", "plain", "plain", "plain", "plain", "plain", "plain", "plain", "plain", "plain", "plain", "plain", "plain", "plain", "plain"], "errlog_a": "", "errlog_b": "", "start_time": 360, "start_moves": 40, "turn_count": 80, "result": 2, "reason": "EGGS_LAID", "trapdoors": [[5, 5], [2, 5]], "spawn_a": [0, 6], "spawn_b": [7, 6]}