{"pos": [[1, 4], [6, 4], [1, 3], [6, 3], [1, 2], [7, 3], [1, 1], [7, 2], [2, 1], [6, 2], [3, 1], [6, 1], [4, 1], [7, 1], [5, 1], [7, 0], [5, 2], [6, 0], [6, 2], [5, 0], [5, 2], [4, 0], [4, 2], [4, 1], [4, 3], [4, 0], [5, 3], [3, 0], [5, 4], [2, 0], [6, 4], [2, 1], [6, 5], [2, 0], [6, 6], [1, 0], [5, 6], [0, 0], [5, 5], [0, 1], [4, 5], [0, 2], [4, 6], [0, 3], [3, 6], [0, 2], [3, 5], [1, 2], [3, 4], [2, 2], [2, 4], [2, 1], [2, 5], [2, 2], [2, 6], [1, 2], [1, 6], [2, 2], [1, 5], [2, 1], [0, 5], [2, 0], [0, 6], [3, 0], [0, 7], [4, 0], [1, 7], [4, 1], [2, 7], [4, 0], [3, 7], [5, 0], [4, 7], [6, 0], [5, 7], [6, 1], [6, 7], [7, 1], [7, 7], [7, 0]], "a_eggs_laid": [1, 1, 1, 1, 2, 2, 2, 2, 3, 3, 3, 3, 4, 4, 4, 4, 5, 5, 5, 5, 6, 6, 6, 6, 7, 7, 7, 7, 8, 8, 8, 8, 9, 9, 9, 9, 10, 10, 10, 10, 11, 11, 11, 11, 12, 12, 12, 12, 13, 13, 13, 13, 14, 14, 14, 14, 15, 15, 15, 15, 16, 16, 16, 16, 17, 17, 17, 17, 18, 18, 18, 18, 19, 19, 19, 19, 20, 20, 20, 20], "b_eggs_laid": [0, 1, 1, 1, 1, 2, 2, 2, 2, 3, 3, 3, 3, 4, 4, 4, 4, 7, 7, 7, 7, 8, 8, 8, 8, 9, 9, 9, 9, 10, 10, 10, 10, 11, 11, 11, 11, 12, 12, 12, 12, 13, 13, 13, 13, 14, 14, 14, 14, 15, 15, 15, 15, 15, 15, 15, 15, 15, 15, 15, 15, 15, 15, 15, 15, 15, 15, 15, 15, 15, 15, 15, 15, 15, 15, 15, 15, 15, 15, 15], "a_turds_left": [5, 5, 5, 5, 5, 5, 5, 5, 5, 5, 5, 5, 5, 5, 5, 5, 5, 5, 5, 5, 5, 5, 5, 5, 5, 5, 5, 5, 5, 5, 5, 5, 5, 5, 5, 5, 5, 5, 5, 5, 5, 5, 5, 5, 5, 5, 5, 5, 5, 5, 5, 5, 5, 5, 5, 5, 5, 5, 5, 5, 5, 5, 5, 5, 5, 5, 5, 5, 5, 5, 5, 5, 5, 5, 5, 5, 5, 5, 5, 5], "b_turds_left": [5, 5, 5, 5, 5, 5, 5, 5, 5, 5, 5, 5, 5, 5, 5, 5, 5, 5, 5, 5, 5, 5, 5, 5, 5, 5, 5, 5, 5, 5, 5, 5, 5, 5, 5, 5, 5, 5, 5, 5, 5, 5, 5, 5, 5, 5, 5, 5, 5, 5, 5, 5, 5, 5, 5, 5, 5, 5, 5, 5, 5, 5, 5, 5, 5, 5, 5, 5, 5, 5, 5, 5, 5, 5, 5, 5, 5, 5, 5, 5], "a_time_left": [359.9962577499682, 359.9962577499682, 359.99447166593745, 359.99447166593745, 359.9912289578933, 359.9912289578933, 359.9895204578643, 359.9895204578643, 359.9864851248567, 359.9864851248567, 359.98482141585555, 359.98482141585555, 359.9817237078678, 359.9817237078678, 359.98102366685634, 359.98102366685634, 359.9785110828816, 359.9785110828816, 359.9767416238319, 359.9767416238319, 359.9763702907949, 359.9763702907949, 359.97591058176477, 359.97591058176477, 359.97531312378123, 359.97531312378123, 359.9746884147753, 359.9746884147753, 359.97385928977747, 359.97385928977747, 359.97377291478915, 359.97377291478915, 359.9736988727818, 359.9736988727818, 359.973618289805, 359.973618289805, 359.9735115398071, 359.9735115398071, 359.9734295817907, 359.9734295817907, 359.9733264988172, 359.9733264988172, 359.97323958185734, 359.97323958185734, 359.97314062382793, 359.97314062382793, 359.9730571238324, 359.9730571238324, 359.9729615408578, 359.9729615408578, 359.9728645408177, 359.9728645408177, 359.97276554082055, 359.97276554082055, 359.97268212382914, 359.97268212382914, 359.97258562385105, 359.97258562385105, 359.97250604082365, 359.97250604082365, 359.9723970408086, 359.9723970408086, 359.97232445684494, 359.97232445684494, 359.9722390398383, 359.9722390398383, 359.97216633183416, 359.97216633183416, 359.9720799148199, 359.9720799148199, 359.97200462280307, 359.97200462280307, 359.9719171228353, 359.9719171228353, 359.9718406648608, 359.9718406648608, 359.9717535818345, 359.9717535818345, 359.971677456866, 359.971677456866], "b_time_left": [360, 359.99624458298786, 359.99624458298786, 359.9944403739646, 359.9944403739646, 359.99179283197736, 359.99179283197736, 359.9910025399877, 359.9910025399877, 359.9900504979887, 359.9900504979887, 359.9887273730128, 359.9887273730128, 359.9854725400219, 359.9854725400219, 359.98518449801486, 359.98518449801486, 359.9848806230002, 359.9848806230002, 359.9847471229732, 359.9847471229732, 359.9846340820077, 359.9846340820077, 359.9845310820383, 359.9845310820383, 359.98442412307486, 359.98442412307486, 359.98431429010816, 359.98431429010816, 359.9842036230839, 359.9842036230839, 359.98410058108857, 359.98410058108857, 359.9839950390742, 359.9839950390742, 359.98390895605553, 359.98390895605553, 359.9838169560535, 359.9838169560535, 359.98372929001926, 359.98372929001926, 359.98363712400896, 359.98363712400896, 359.98355174902827, 359.98355174902827, 359.98347716603894, 359.98347716603894, 359.983387291024, 359.983387291024, 359.9832905000658, 359.9832905000658, 359.98318595805904, 359.98318595805904, 359.9831110831001, 359.9831110831001, 359.98301400005585, 359.98301400005585, 359.9829520000494, 359.9829520000494, 359.98286641703453, 359.98286641703453, 359.98280454205815, 359.98280454205815, 359.9827266251086, 359.9827266251086, 359.98266675008927, 359.98266675008927, 359.98259004211286, 359.98259004211286, 359.98253266711254, 359.98253266711254, 359.98245341709116, 359.98245341709116, 359.9823954591411, 359.9823954591411, 359.98232345911674, 359.98232345911674, 359.98226179211633, 359.98226179211633, 359.9821871261229], "a_moves_left": [39, 39, 38, 38, 37, 37, 36, 36, 35, 35, 34, 34, 33, 33, 32, 32, 31, 31, 30, 30, 29, 29, 28, 28, 27, 27, 26, 26, 25, 25, 24, 24, 23, 23, 22, 22, 21, 21, 20, 20, 19, 19, 18, 18, 17, 17, 16, 16, 15, 15, 14, 14, 13, 13, 12, 12, 11, 11, 10, 10, 9, 9, 8, 8, 7, 7, 6, 6, 5, 5, 4, 4, 3, 3, 2, 2, 1, 1, 0, 0], "b_moves_left": [40, 39, 39, 38, 38, 37, 37, 36, 36, 35, 35, 34, 34, 33, 33, 32, 32, 31, 31, 30, 30, 29, 29, 28, 28, 27, 27, 26, 26, 25, 25, 24, 24, 23, 23, 22, 22, 21, 21, 20, 20, 19, 19, 18, 18, 17, 17, 16, 16, 15, 15, 14, 14, 13, 13, 12, 12, 11, 11, 10, 10, 9, 9, 8, 8, 7, 7, 6, 6, 5, 5, 4, 4, 3, 3, 2, 2, 1, 1, 0], "trapdoor_triggered": [0, 0, 0, 0, 0, 0, 0, 0, 0, 0, 0, 0, 0, 0, 0, 0, 0, 0, 0, 0, 0, 0, 0, 0, 0, 0, 0, 0, 0, 0, 0, 0, 0, 0, 0, 0, 0, 0, 0, 0, 0, 0, 0, 0, 0, 0, 0, 0, 0, 0, 0, 0, 0, 0, 0, 0, 0, 0, 0, 0, 0, 0, 0, 0, 0, 0, 0, 0, 0, 0, 0, 0, 0, 0, 0, 0, 0, 0, 0, 0], "left_behind": ["egg", "egg", "plain", "plain", "egg", "egg", "plain", "plain", "egg", "egg", "plain", "plain", "egg", "egg", "plain", "plain", "egg", "egg", "plain", "plain", "egg", "egg", "plain", "plain", "egg", "egg", "plain", "plain", "egg", "egg", "plain", "plain", "egg", "egg", "plain", "plain", "egg", "egg", "plain", "plain", "egg", "egg", "plain", "plain", "egg", "egg", "plain", "plain", "egg", "egg", "plain", "plain", "egg", "plain", "plain", "plain", "egg", "plain", "plain", "plain", "egg", "plain", "plain", "plain", "egg", "plain", "plain", "plain", "egg", "plain", "plain", "plain", "egg", "plain", "plain", "plain", "egg", "plain", "plain", "plain"], "errlog_a": "", "errlog_b": "", "start_time": 360, "start_moves": 40, "turn_count": 80, "result": 0, "reason": "EGGS_LAID", "trapdoors": [[3, 3], [2, 3]], "spawn_a": [0, 4], "spawn_b": [7, 4]}