{"pos": [[1, 2], [7, 1], [1, 3], [6, 1], [1, 4], [6, 2], [1, 5], [6, 3], [2, 5], [7, 3], [2, 4], [7, 4], [2, 3], [7, 5], [2, 2], [6, 5], [3, 2], [6, 6], [3, 3], [7, 6], [3, 4], [7, 7], [3, 5], [6, 7], [4, 5], [5, 7], [4, 4], [5, 6], [5, 4], [5, 5], [6, 4], [5, 4]], "a_eggs_laid": [1, 1, 1, 1, 2, 2, 2, 2, 3, 3, 3, 3, 4, 4, 4, 4, 5, 5, 5, 5, 6, 6, 6, 6, 7, 7, 7, 7, 8, 8, 8, 8], "b_eggs_laid": [0, 1, 1, 1, 1, 2, 2, 2, 2, 3, 3, 3, 3, 4, 4, 4, 4, 5, 5, 5, 5, 6, 6, 6, 6, 7, 7, 7, 7, 8, 8, 13], "a_turds_left": [5, 5, 4, 4, 4, 4, 3, 3, 3, 3, 2, 2, 2, 2, 1, 1, 1, 1, 0, 0, 0, 0, 0, 0, 0, 0, 0, 0, 0, 0, 0, 0], "b_turds_left": [5, 5, 5, 5, 5, 5, 5, 5, 5, 5, 5, 5, 5, 5, 5, 5, 5, 5, 5, 5, 5, 5, 5, 5, 5, 5, 5, 5, 5, 5, 5, 4], "a_time_left": [359.99797158298315, 359.99797158298315, 359.9960360409459, 359.9960360409459, 359.99339620792307, 359.99339620792307, 359.99166949890787, 359.99166949890787, 359.9893554158625, 359.9893554158625, 359.98786662484054, 359.98786662484054, 359.9855714588193, 359.9855714588193, 359.98412970878417, 359.98412970878417, 359.98329937580274, 359.98329937580274, 359.98274633375695, 359.98274633375695, 359.9822594167199, 359.9822594167199, 359.9820069576963, 359.9820069576963, 359.98157545772847, 359.98157545772847, 359.98134366673185, 359.98134366673185, 359.98125387576874, 359.98125387576874, 359.98119925078936, 359.98119925078936], "b_time_left": [360, 359.9977782089845, 359.9977782089845, 359.99623916693963, 359.99623916693963, 359.9951082089101, 359.9951082089101, 359.99310254189186, 359.99310254189186, 359.9902354578953, 359.9902354578953, 359.98873783287127, 359.98873783287127, 359.98792133282404, 359.98792133282404, 359.9873478328227, 359.9873478328227, 359.9863722908194, 359.9863722908194, 359.98627654084703, 359.98627654084703, 359.98616604082054, 359.98616604082054, 359.9860876238672, 359.9860876238672, 359.9859807488974, 359.9859807488974, 359.9858903319109, 359.9858903319109, 359.9857802899205, 359.9857802899205, 359.9856885399204], "a_moves_left": [39, 39, 38, 38, 37, 37, 36, 36, 35, 35, 34, 34, 33, 33, 32, 32, 31, 31, 30, 30, 29, 29, 28, 28, 27, 27, 26, 26, 25, 25, 24, 24], "b_moves_left": [40, 39, 39, 38, 38, 37, 37, 36, 36, 35, 35, 34, 34, 33, 33, 32, 32, 31, 31, 30, 30, 29, 29, 28, 28, 27, 27, 26, 26, 25, 25, 24], "trapdoor_triggered": [0, 0, 0, 0, 0, 0, 0, 0, 0, 0, 0, 0, 0, 0, 0, 0, 0, 0, 0, 0, 0, 0, 0, 0, 0, 0, 0, 0, 0, 0, 0, 0], "left_behind": ["egg", "egg", "turd", "plain", "egg", "egg", "turd", "plain", "egg", "egg", "turd", "plain", "egg", "egg", "turd", "plain", "egg", "egg", "turd", "plain", "egg", "egg", "plain", "plain", "egg", "egg", "plain", "plain", "egg", "egg", "plain", "turd"], "errlog_a": "", "errlog_b": "", "start_time": 360, "start_moves": 40, "turn_count": 32, "result": 1, "reason": "BLOCKING_END", "trapdoors": [[5, 3], [4, 3]], "spawn_a": [0, 2], "spawn_b": [7, 2]}