{"pos": [[6, 1], [1, 1], [5, 1], [2, 1], [4, 1], [2, 0], [3, 1], [3, 0], [3, 2], [4, 0], [4, 2], [4, 1], [4, 3], [4, 0], [3, 3], [5, 0], [3, 4], [6, 0], [3, 3], [6, 1], [2, 3], [6, 2], [2, 2], [6, 1], [1, 2], [6, 2], [1, 1], [6, 1], [1, 0], [6, 0], [2, 0], [7, 0], [1, 0], [6, 0], [0, 0], [7, 0], [1, 0], [6, 0], [2, 0], [5, 0], [1, 0], [4, 0], [1, 1], [4, 1], [1, 2], [4, 0], [1, 3], [3, 0], [1, 4], [4, 0], [1, 5], [4, 1], [2, 5], [4, 0], [3, 5], [5, 0], [4, 5], [6, 0], [4, 4], [7, 0], [5, 4], [6, 0], [5, 3], [6, 1], [6, 3], [6, 2], [6, 4], [6, 3], [6, 5], [7, 3], [7, 5], [7, 4], [7, 6], [7, 3], [6, 6], [7, 2], [5, 6], [7, 3], [5, 5], [6, 3]], "a_eggs_laid": [1, 1, 1, 1, 2, 2, 2, 2, 3, 3, 3, 3, 4, 4, 4, 4, 5, 5, 5, 5, 5, 5, 5, 5, 6, 6, 6, 6, 7, 7, 7, 7, 8, 8, 8, 8, 11, 11, 11, 11, 11, 11, 11, 11, 11, 11, 11, 11, 12, 12, 12, 12, 13, 13, 13, 13, 14, 14, 14, 14, 15, 15, 15, 15, 16, 16, 16, 16, 17, 17, 17, 17, 18, 18, 18, 18, 19, 19, 19, 19], "b_eggs_laid": [0, 1, 1, 1, 1, 2, 2, 2, 2, 3, 3, 3, 3, 4, 4, 4, 4, 5, 5, 5, 5, 6, 6, 6, 6, 6, 6, 6, 6, 6, 6, 6, 6, 9, 9, 9, 9, 9, 9, 9, 9, 9, 9, 9, 9, 9, 9, 9, 9, 9, 9, 9, 9, 9, 9, 9, 9, 9, 9, 9, 9, 9, 9, 9, 9, 9, 9, 9, 9, 10, 10, 10, 10, 11, 11, 11, 11, 12, 12, 12], "a_turds_left": [5, 5, 5, 5, 5, 5, 5, 5, 5, 5, 5, 5, 5, 5, 5, 5, 5, 5, 5, 5, 5, 5, 5, 5, 5, 5, 5, 5, 5, 5, 5, 5, 5, 5, 5, 5, 5, 5, 5, 5, 5, 5, 5, 5, 5, 5, 5, 5, 5, 5, 5, 5, 5, 5, 5, 5, 5, 5, 5, 5, 5, 5, 5, 5, 5, 5, 5, 5, 5, 5, 5, 5, 5, 5, 5, 5, 5, 5, 5, 5], "b_turds_left": [5, 5, 5, 5, 5, 5, 5, 5, 5, 5, 5, 5, 5, 5, 5, 5, 5, 5, 5, 5, 5, 5, 5, 5, 5, 5, 5, 5, 5, 5, 5, 5, 5, 5, 5, 5, 5, 5, 5, 5, 5, 5, 5, 5, 5, 5, 5, 5, 5, 5, 5, 5, 5, 5, 5, 5, 5, 5, 5, 5, 5, 5, 5, 5, 5, 5, 5, 5, 5, 5, 5, 5, 5, 5, 5, 5, 5, 5, 5, 5], "a_time_left": [359.9963161670021, 359.9963161670021, 359.9946001250064, 359.9946001250064, 359.99146541696973, 359.99146541696973, 359.9897334589623, 359.9897334589623, 359.98851637594635, 359.98851637594635, 359.98682879295666, 359.98682879295666, 359.9849144589389, 359.9849144589389, 359.98315016698325, 359.98315016698325, 359.9796986669535, 359.9796986669535, 359.9790547499433, 359.9790547499433, 359.9786346249166, 359.9786346249166, 359.97807266691234, 359.97807266691234, 359.97726612491533, 359.97726612491533, 359.97667358396575, 359.97667358396575, 359.9761234589387, 359.9761234589387, 359.97603950096527, 359.97603950096527, 359.975975000998, 359.975975000998, 359.9758724179701, 359.9758724179701, 359.97580950096017, 359.97580950096017, 359.97572629293427, 359.97572629293427, 359.97567125194473, 359.97567125194473, 359.97559079295024, 359.97559079295024, 359.9754380429513, 359.9754380429513, 359.9750083760009, 359.9750083760009, 359.974906293035, 359.974906293035, 359.974823710043, 359.974823710043, 359.97471796005266, 359.97471796005266, 359.97463525104104, 359.97463525104104, 359.97453345905524, 359.97453345905524, 359.97444645909127, 359.97444645909127, 359.9743529590778, 359.9743529590778, 359.9742704590899, 359.9742704590899, 359.9741708341171, 359.9741708341171, 359.9741070011514, 359.9741070011514, 359.9740350851207, 359.9740350851207, 359.97395196015714, 359.97395196015714, 359.9738887931453, 359.9738887931453, 359.9738159181434, 359.9738159181434, 359.97371621010825, 359.97371621010825, 359.9736369191087, 359.9736369191087], "b_time_left": [360, 359.9965476249927, 359.9965476249927, 359.9947575830156, 359.9947575830156, 359.99147954100044, 359.99147954100044, 359.99020262499107, 359.99020262499107, 359.98847366694827, 359.98847366694827, 359.9871586249792, 359.9871586249792, 359.98674979101634, 359.98674979101634, 359.9859129990218, 359.9859129990218, 359.9855194570264, 359.9855194570264, 359.9854110410088, 359.9854110410088, 359.9853037080611, 359.9853037080611, 359.98517779109534, 359.98517779109534, 359.9850935830618, 359.9850935830618, 359.98499620804796, 359.98499620804796, 359.9849209160311, 359.9849209160311, 359.9848227080074, 359.9848227080074, 359.9847455830313, 359.9847455830313, 359.9846529160859, 359.9846529160859, 359.9845810820698, 359.9845810820698, 359.98448737408035, 359.98448737408035, 359.98440787405707, 359.98440787405707, 359.98432145710103, 359.98432145710103, 359.984239415091, 359.984239415091, 359.98415487312013, 359.98415487312013, 359.98407412314555, 359.98407412314555, 359.98398783116136, 359.98398783116136, 359.9839228311903, 359.9839228311903, 359.9838379561552, 359.9838379561552, 359.9837616641307, 359.9837616641307, 359.9836726641515, 359.9836726641515, 359.98360499815317, 359.98360499815317, 359.9835196651402, 359.9835196651402, 359.9834397061495, 359.9834397061495, 359.983337872196, 359.983337872196, 359.9832492052228, 359.9832492052228, 359.98316120525124, 359.98316120525124, 359.98308612126857, 359.98308612126857, 359.98299995425623, 359.98299995425623, 359.98291174625047, 359.98291174625047, 359.9828290792648], "a_moves_left": [39, 39, 38, 38, 37, 37, 36, 36, 35, 35, 34, 34, 33, 33, 32, 32, 31, 31, 30, 30, 29, 29, 28, 28, 27, 27, 26, 26, 25, 25, 24, 24, 23, 23, 22, 22, 21, 21, 20, 20, 19, 19, 18, 18, 17, 17, 16, 16, 15, 15, 14, 14, 13, 13, 12, 12, 11, 11, 10, 10, 9, 9, 8, 8, 7, 7, 6, 6, 5, 5, 4, 4, 3, 3, 2, 2, 1, 1, 0, 0], "b_moves_left": [40, 39, 39, 38, 38, 37, 37, 36, 36, 35, 35, 34, 34, 33, 33, 32, 32, 31, 31, 30, 30, 29, 29, 28, 28, 27, 27, 26, 26, 25, 25, 24, 24, 23, 23, 22, 22, 21, 21, 20, 20, 19, 19, 18, 18, 17, 17, 16, 16, 15, 15, 14, 14, 13, 13, 12, 12, 11, 11, 10, 10, 9, 9, 8, 8, 7, 7, 6, 6, 5, 5, 4, 4, 3, 3, 2, 2, 1, 1, 0], "trapdoor_triggered": [0, 0, 0, 0, 0, 0, 0, 0, 0, 0, 0, 0, 0, 0, 0, 0, 0, 0, 0, 0, 0, 0, 0, 0, 0, 0, 0, 0, 0, 0, 0, 0, 0, 0, 0, 0, 0, 0, 0, 0, 0, 0, 0, 0, 0, 0, 0, 0, 0, 0, 0, 0, 0, 0, 0, 0, 0, 0, 0, 0, 0, 0, 0, 0, 0, 0, 0, 0, 0, 0, 0, 0, 0, 0, 0, 0, 0, 0, 0, 0], "left_behind": ["egg", "egg", "plain", "plain", "egg", "egg", "plain", "plain", "egg", "egg", "plain", "plain", "egg", "egg", "plain", "plain", "egg", "egg", "plain", "plain", "plain", "egg", "plain", "plain", "egg", "plain", "plain", "plain", "egg", "plain", "plain", "plain", "egg", "egg", "plain", "plain", "egg", "plain", "plain", "plain", "plain", "plain", "plain", "plain", "plain", "plain", "plain", "plain", "egg", "plain", "plain", "plain", "egg", "plain", "plain", "plain", "egg", "plain", "plain", "plain", "egg", "plain", "plain", "plain", "egg", "plain", "plain", "plain", "egg", "egg", "plain", "plain", "egg", "egg", "plain", "plain", "egg", "egg", "plain", "plain"], "errlog_a": "", "errlog_b": "", "start_time": 360, "start_moves": 40, "turn_count": 80, "result": 0, "reason": "EGGS_LAID", "trapdoors": [[2, 4], [5, 2]], "spawn_a": [7, 1], "spawn_b": [0, 1]}