{"pos": [[1, 2], [6, 2], [1, 1], [6, 1], [2, 1], [7, 1], [3, 1], [7, 0], [4, 1], [6, 0], [5, 1], [5, 0], [4, 1], [4, 0], [4, 2], [4, 1], [3, 2], [4, 0], [2, 2], [3, 0], [2, 1], [2, 0], [3, 1], [2, 1], [3, 2], [2, 0], [3, 3], [1, 0], [2, 3], [0, 0], [1, 3], [0, 1], [1, 4], [0, 0], [0, 4], [0, 1], [0, 3], [0, 0], [0, 2], [1, 0], [1, 2], [2, 0], [1, 1], [2, 1], [1, 2], [2, 0], [2, 2], [3, 0], [2, 3], [4, 0], [2, 4], [4, 1], [1, 4], [4, 0], [1, 5], [5, 0], [1, 6], [6, 0], [2, 6], [6, 1], [3, 6], [6, 2], [4, 6], [7, 2], [5, 6], [7, 3], [6, 6], [6, 3], [6, 5], [6, 4], [7, 5], [6, 5], [7, 4], [6, 4], [7, 3], [6, 5], [7, 4], [6, 4], [7, 3], [7, 4]], "a_eggs_laid": [1, 1, 1, 1, 2, 2, 2, 2, 3, 3, 3, 3, 4, 4, 4, 4, 5, 5, 5, 5, 6, 6, 6, 6, 6, 6, 6, 6, 7, 7, 7, 7, 8, 8, 8, 8, 9, 9, 9, 9, 9, 9, 9, 9, 9, 9, 9, 9, 9, 9, 9, 9, 10, 10, 10, 10, 11, 11, 11, 11, 12, 12, 12, 12, 13, 13, 13, 13, 14, 14, 14, 14, 15, 15, 15, 15, 16, 16, 16, 16], "b_eggs_laid": [0, 1, 1, 1, 1, 2, 2, 2, 2, 5, 5, 5, 5, 6, 6, 6, 6, 7, 7, 7, 7, 8, 8, 8, 8, 9, 9, 9, 9, 10, 10, 10, 10, 11, 11, 11, 11, 11, 11, 11, 11, 11, 11, 11, 11, 11, 11, 11, 11, 11, 11, 11, 11, 11, 11, 11, 11, 11, 11, 11, 11, 11, 11, 11, 11, 11, 11, 11, 11, 12, 12, 12, 12, 13, 13, 13, 13, 13, 13, 13], "a_turds_left": [5, 5, 5, 5, 5, 5, 5, 5, 5, 5, 5, 5, 5, 5, 5, 5, 5, 5, 5, 5, 5, 5, 5, 5, 5, 5, 5, 5, 5, 5, 5, 5, 5, 5, 5, 5, 5, 5, 5, 5, 5, 5, 5, 5, 5, 5, 5, 5, 5, 5, 5, 5, 5, 5, 5, 5, 5, 5, 5, 5, 5, 5, 5, 5, 5, 5, 5, 5, 5, 5, 5, 5, 5, 5, 5, 5, 5, 5, 5, 5], "b_turds_left": [5, 5, 5, 5, 5, 5, 5, 5, 5, 5, 5, 5, 5, 5, 5, 5, 5, 5, 5, 5, 5, 5, 5, 5, 5, 5, 5, 5, 5, 5, 5, 5, 5, 5, 5, 5, 5, 5, 5, 5, 5, 5, 5, 5, 5, 5, 5, 5, 5, 5, 5, 5, 5, 5, 5, 5, 5, 5, 5, 5, 5, 5, 5, 5, 5, 5, 5, 5, 5, 5, 5, 5, 5, 5, 5, 5, 5, 5, 5, 5], "a_time_left": [359.9949559579836, 359.9949559579836, 359.99321233294904, 359.99321233294904, 359.9899920419557, 359.9899920419557, 359.98830287496094, 359.98830287496094, 359.98501745896647, 359.98501745896647, 359.98432879295433, 359.98432879295433, 359.9830747929518, 359.9830747929518, 359.98288095992757, 359.98288095992757, 359.98226487694774, 359.98226487694774, 359.9818161689327, 359.9818161689327, 359.9806809189031, 359.9806809189031, 359.98059425194515, 359.98059425194515, 359.98043804295594, 359.98043804295594, 359.9801627099514, 359.9801627099514, 359.97909662593156, 359.97909662593156, 359.97867362597026, 359.97867362597026, 359.97762941697147, 359.97762941697147, 359.9770594169968, 359.9770594169968, 359.976951833989, 359.976951833989, 359.97686775098555, 359.97686775098555, 359.97678558400366, 359.97678558400366, 359.9766866249847, 359.9766866249847, 359.976620499976, 359.976620499976, 359.97652295895386, 359.97652295895386, 359.9763601249433, 359.9763601249433, 359.97610241698567, 359.97610241698567, 359.97599499998614, 359.97599499998614, 359.9757424580166, 359.9757424580166, 359.9756361669861, 359.9756361669861, 359.97553087602137, 359.97553087602137, 359.9754237510497, 359.9754237510497, 359.9753311670502, 359.9753311670502, 359.9752250420279, 359.9752250420279, 359.9751386670396, 359.9751386670396, 359.97504187503364, 359.97504187503364, 359.9749692500336, 359.9749692500336, 359.9749041250325, 359.9749041250325, 359.9748485420714, 359.9748485420714, 359.974791417073, 359.974791417073, 359.9747360840556, 359.9747360840556], "b_time_left": [360, 359.9963937079883, 359.9963937079883, 359.9945957909804, 359.9945957909804, 359.9914192070137, 359.9914192070137, 359.99060562299564, 359.99060562299564, 359.9899169980199, 359.9899169980199, 359.9895937900292, 359.9895937900292, 359.9890010820236, 359.9890010820236, 359.98889458202757, 359.98889458202757, 359.98879270703765, 359.98879270703765, 359.9886905820458, 359.9886905820458, 359.98858087405097, 359.98858087405097, 359.9884695400833, 359.9884695400833, 359.9883799980744, 359.9883799980744, 359.98826941504376, 359.98826941504376, 359.9881612070021, 359.9881612070021, 359.9880644570221, 359.9880644570221, 359.98795454006176, 359.98795454006176, 359.98786212306004, 359.98786212306004, 359.9877741650562, 359.9877741650562, 359.98767808108823, 359.98767808108823, 359.98758749710396, 359.98758749710396, 359.98747978912434, 359.98747978912434, 359.98740137310233, 359.98740137310233, 359.9872958731139, 359.9872958731139, 359.98720749811037, 359.98720749811037, 359.9871110811364, 359.9871110811364, 359.9870312891435, 359.9870312891435, 359.9869311231887, 359.9869311231887, 359.9868445812026, 359.9868445812026, 359.98674487217795, 359.98674487217795, 359.9866494971793, 359.9866494971793, 359.98653841321357, 359.98653841321357, 359.9864555381937, 359.9864555381937, 359.986369955237, 359.986369955237, 359.98625058023026, 359.98625058023026, 359.9861477052327, 359.9861477052327, 359.986062330252, 359.986062330252, 359.9859800382983, 359.9859800382983, 359.98591712128837, 359.98591712128837, 359.98583370423876], "a_moves_left": [39, 39, 38, 38, 37, 37, 36, 36, 35, 35, 34, 34, 33, 33, 32, 32, 31, 31, 30, 30, 29, 29, 28, 28, 27, 27, 26, 26, 25, 25, 24, 24, 23, 23, 22, 22, 21, 21, 20, 20, 19, 19, 18, 18, 17, 17, 16, 16, 15, 15, 14, 14, 13, 13, 12, 12, 11, 11, 10, 10, 9, 9, 8, 8, 7, 7, 6, 6, 5, 5, 4, 4, 3, 3, 2, 2, 1, 1, 0, 0], "b_moves_left": [40, 39, 39, 38, 38, 37, 37, 36, 36, 35, 35, 34, 34, 33, 33, 32, 32, 31, 31, 30, 30, 29, 29, 28, 28, 27, 27, 26, 26, 25, 25, 24, 24, 23, 23, 22, 22, 21, 21, 20, 20, 19, 19, 18, 18, 17, 17, 16, 16, 15, 15, 14, 14, 13, 13, 12, 12, 11, 11, 10, 10, 9, 9, 8, 8, 7, 7, 6, 6, 5, 5, 4, 4, 3, 3, 2, 2, 1, 1, 0], "trapdoor_triggered": [0, 0, 0, 0, 0, 0, 0, 0, 0, 0, 0, 0, 0, 0, 0, 0, 0, 0, 0, 0, 0, 0, 0, 0, 0, 0, 0, 0, 0, 0, 0, 0, 0, 0, 0, 0, 0, 0, 0, 0, 0, 0, 0, 0, 0, 0, 0, 0, 0, 0, 0, 0, 0, 0, 0, 0, 0, 0, 0, 0, 0, 0, 0, 0, 0, 0, 0, 0, 0, 0, 0, 0, 0, 0, 0, 0, 0, 0, 0, 0], "left_behind": ["egg", "egg", "plain", "plain", "egg", "egg", "plain", "plain", "egg", "egg", "plain", "plain", "egg", "egg", "plain", "plain", "egg", "egg", "plain", "plain", "egg", "egg", "plain", "plain", "plain", "egg", "plain", "plain", "egg", "egg", "plain", "plain", "egg", "egg", "plain", "plain", "egg", "plain", "plain", "plain", "plain", "plain", "plain", "plain", "plain", "plain", "plain", "plain", "plain", "plain", "plain", "plain", "egg", "plain", "plain", "plain", "egg", "plain", "plain", "plain", "egg", "plain", "plain", "plain", "egg", "plain", "plain", "plain", "egg", "egg", "plain", "plain", "egg", "egg", "plain", "plain", "egg", "plain", "plain", "plain"], "errlog_a": "", "errlog_b": "", "start_time": 360, "start_moves": 40, "turn_count": 80, "result": 0, "reason": "EGGS_LAID", "trapdoors": [[5, 5], [5, 4]], "spawn_a": [0, 2], "spawn_b": [7, 2]}