{"pos": [[1, 4], [6, 4], [1, 3], [6, 3], [1, 2], [6, 2], [1, 1], [5, 2], [2, 1], [5, 3], [3, 1], [5, 4], [4, 1], [5, 5], [5, 1], [5, 6], [5, 0], [4, 6], [6, 0], [3, 6], [7, 0], [2, 6], [7, 1], [2, 5], [7, 0], [1, 5], [7, 1], [1, 4], [7, 0], [2, 4], [6, 0], [2, 3], [5, 0], [2, 2], [4, 0], [2, 1], [3, 0], [2, 0], [3, 1], [1, 0], [3, 2], [0, 0], [4, 2], [0, 1], [4, 1], [0, 2], [4, 2], [1, 2], [3, 2], [2, 2], [3, 1], [2, 3], [3, 2], [2, 4], [2, 2], [3, 4], [3, 2], [4, 4], [2, 2], [4, 3], [3, 2], [5, 3], [4, 2], [5, 2], [4, 1], [6, 2], [5, 1], [7, 2], [5, 0], [7, 3], [4, 0], [7, 2], [3, 0], [7, 3], [2, 0], [7, 4], [3, 0], [7, 5], [2, 0], [7, 6]], "a_eggs_laid": [1, 1, 1, 1, 2, 2, 2, 2, 3, 3, 3, 3, 4, 4, 4, 4, 5, 5, 5, 5, 6, 6, 6, 6, 7, 7, 7, 7, 7, 7, 7, 7, 7, 7, 7, 7, 8, 8, 8, 8, 8, 8, 8, 8, 9, 9, 9, 9, 9, 9, 9, 9, 9, 9, 9, 9, 10, 10, 10, 10, 10, 10, 10, 10, 10, 10, 10, 10, 10, 10, 10, 10, 10, 10, 10, 10, 11, 11, 11, 11], "b_eggs_laid": [0, 1, 1, 1, 1, 2, 2, 2, 2, 3, 3, 3, 3, 4, 4, 4, 4, 5, 5, 5, 5, 6, 6, 6, 6, 7, 7, 7, 7, 8, 8, 8, 8, 9, 9, 9, 9, 10, 10, 10, 10, 11, 11, 11, 11, 12, 12, 12, 12, 13, 13, 13, 13, 13, 13, 13, 13, 14, 14, 14, 14, 15, 15, 15, 15, 15, 15, 15, 15, 16, 16, 16, 16, 16, 16, 16, 16, 16, 16, 16], "a_turds_left": [5, 5, 5, 5, 5, 5, 5, 5, 5, 5, 5, 5, 5, 5, 5, 5, 5, 5, 5, 5, 5, 5, 5, 5, 5, 5, 5, 5, 5, 5, 5, 5, 5, 5, 5, 5, 5, 5, 5, 5, 5, 5, 5, 5, 5, 5, 5, 5, 5, 5, 5, 5, 5, 5, 5, 5, 5, 5, 5, 5, 5, 5, 5, 5, 5, 5, 5, 5, 5, 5, 5, 5, 5, 5, 5, 5, 5, 5, 5, 5], "b_turds_left": [5, 5, 5, 4, 4, 4, 4, 3, 3, 3, 3, 2, 2, 2, 2, 1, 1, 1, 1, 0, 0, 0, 0, 0, 0, 0, 0, 0, 0, 0, 0, 0, 0, 0, 0, 0, 0, 0, 0, 0, 0, 0, 0, 0, 0, 0, 0, 0, 0, 0, 0, 0, 0, 0, 0, 0, 0, 0, 0, 0, 0, 0, 0, 0, 0, 0, 0, 0, 0, 0, 0, 0, 0, 0, 0, 0, 0, 0, 0, 0], "a_time_left": [359.9961151670432, 359.9961151670432, 359.99431704205927, 359.99431704205927, 359.9910455420031, 359.9910455420031, 359.9891997090308, 359.9891997090308, 359.9860290000215, 359.9860290000215, 359.98420616600197, 359.98420616600197, 359.9808772489778, 359.9808772489778, 359.97908437397564, 359.97908437397564, 359.9770725819981, 359.9770725819981, 359.9765536240302, 359.9765536240302, 359.97586945805233, 359.97586945805233, 359.97576266602846, 359.97576266602846, 359.9756417910103, 359.9756417910103, 359.97555374901276, 359.97555374901276, 359.9754437490483, 359.9754437490483, 359.975362249068, 359.975362249068, 359.9752193740569, 359.9752193740569, 359.97501783206826, 359.97501783206826, 359.9744335820433, 359.9744335820433, 359.97436416504206, 359.97436416504206, 359.97418583207764, 359.97418583207764, 359.9740907490486, 359.9740907490486, 359.97400058206404, 359.97400058206404, 359.97390579007333, 359.97390579007333, 359.97379695711425, 359.97379695711425, 359.9736911241198, 359.9736911241198, 359.9735780830961, 359.9735780830961, 359.97339787409874, 359.97339787409874, 359.9733312491444, 359.9733312491444, 359.97321937413653, 359.97321937413653, 359.97314662410645, 359.97314662410645, 359.9730350400787, 359.9730350400787, 359.9729554980877, 359.9729554980877, 359.9728559151408, 359.9728559151408, 359.9727622900973, 359.9727622900973, 359.972675707133, 359.972675707133, 359.97255991515703, 359.97255991515703, 359.97246320714476, 359.97246320714476, 359.9723946241429, 359.9723946241429, 359.97230891510844, 359.97230891510844], "b_time_left": [360, 359.9969257499906, 359.9969257499906, 359.99498504097573, 359.99498504097573, 359.9925710829557, 359.9925710829557, 359.99104474898195, 359.99104474898195, 359.98995233199093, 359.98995233199093, 359.98837070696754, 359.98837070696754, 359.98620433197357, 359.98620433197357, 359.98473103996366, 359.98473103996366, 359.98268691496924, 359.98268691496924, 359.98125912301475, 359.98125912301475, 359.98072579002474, 359.98072579002474, 359.980458207021, 359.980458207021, 359.98004849802237, 359.98004849802237, 359.97979908104753, 359.97979908104753, 359.9797265390516, 359.9797265390516, 359.97964216402033, 359.97964216402033, 359.97955803899094, 359.97955803899094, 359.9794979559956, 359.9794979559956, 359.97943441401003, 359.97943441401003, 359.9793745810166, 359.9793745810166, 359.9793155390071, 359.9793155390071, 359.9792678299709, 359.9792678299709, 359.9792074969737, 359.9792074969737, 359.97914787201444, 359.97914787201444, 359.97908524703234, 359.97908524703234, 359.97902278904803, 359.97902278904803, 359.97895833005896, 359.97895833005896, 359.97889758006204, 359.97889758006204, 359.97882341308286, 359.97882341308286, 359.9787622470758, 359.9787622470758, 359.9786894140998, 359.9786894140998, 359.97863399708876, 359.97863399708876, 359.97858099709265, 359.97858099709265, 359.9785263311351, 359.9785263311351, 359.9784669561195, 359.9784669561195, 359.9784157471149, 359.9784157471149, 359.9783586221165, 359.9783586221165, 359.9782967061619, 359.9782967061619, 359.9782393721398, 359.9782393721398, 359.97818537213607], "a_moves_left": [39, 39, 38, 38, 37, 37, 36, 36, 35, 35, 34, 34, 33, 33, 32, 32, 31, 31, 30, 30, 29, 29, 28, 28, 27, 27, 26, 26, 25, 25, 24, 24, 23, 23, 22, 22, 21, 21, 20, 20, 19, 19, 18, 18, 17, 17, 16, 16, 15, 15, 14, 14, 13, 13, 12, 12, 11, 11, 10, 10, 9, 9, 8, 8, 7, 7, 6, 6, 5, 5, 4, 4, 3, 3, 2, 2, 1, 1, 0, 0], "b_moves_left": [40, 39, 39, 38, 38, 37, 37, 36, 36, 35, 35, 34, 34, 33, 33, 32, 32, 31, 31, 30, 30, 29, 29, 28, 28, 27, 27, 26, 26, 25, 25, 24, 24, 23, 23, 22, 22, 21, 21, 20, 20, 19, 19, 18, 18, 17, 17, 16, 16, 15, 15, 14, 14, 13, 13, 12, 12, 11, 11, 10, 10, 9, 9, 8, 8, 7, 7, 6, 6, 5, 5, 4, 4, 3, 3, 2, 2, 1, 1, 0], "trapdoor_triggered": [0, 0, 0, 0, 0, 0, 0, 0, 0, 0, 0, 0, 0, 0, 0, 0, 0, 0, 0, 0, 0, 0, 0, 0, 0, 0, 0, 0, 0, 0, 0, 0, 0, 0, 0, 0, 0, 0, 0, 0, 0, 0, 0, 0, 0, 0, 0, 0, 0, 0, 0, 0, 0, 0, 0, 0, 0, 0, 0, 0, 0, 0, 0, 0, 0, 0, 0, 0, 0, 0, 0, 0, 0, 0, 0, 0, 0, 0, 0, 0], "left_behind": ["egg", "egg", "plain", "turd", "egg", "egg", "plain", "turd", "egg", "egg", "plain", "turd", "egg", "egg", "plain", "turd", "egg", "egg", "plain", "turd", "egg", "egg", "plain", "plain", "egg", "egg", "plain", "plain", "plain", "egg", "plain", "plain", "plain", "egg", "plain", "plain", "egg", "egg", "plain", "plain", "plain", "egg", "plain", "plain", "egg", "egg", "plain", "plain", "plain", "egg", "plain", "plain", "plain", "plain", "plain", "plain", "egg", "egg", "plain", "plain", "plain", "egg", "plain", "plain", "plain", "plain", "plain", "plain", "plain", "egg", "plain", "plain", "plain", "plain", "plain", "plain", "egg", "plain", "plain", "plain"], "errlog_a": "", "errlog_b": "", "start_time": 360, "start_moves": 40, "turn_count": 80, "result": 1, "reason": "EGGS_LAID", "trapdoors": [[3, 3], [4, 5]], "spawn_a": [0, 4], "spawn_b": [7, 4]}