{"pos": [[1, 2], [6, 2], [1, 1], [6, 3], [2, 1], [6, 4], [3, 1], [6, 5], [4, 1], [6, 6], [5, 1], [5, 6], [5, 0], [4, 6], [4, 0], [4, 5], [3, 0], [3, 5], [2, 0], [3, 4], [1, 0], [2, 4], [0, 0], [2, 5], [0, 1], [2, 6], [1, 1], [1, 6], [1, 2], [1, 5], [1, 3], [0, 5], [2, 3], [0, 4], [2, 2], [0, 3], [3, 2], [0, 4], [4, 2], [1, 4], [4, 1], [2, 4], [4, 2], [2, 3], [3, 2], [3, 3], [3, 1], [3, 4], [3, 2], [3, 5], [3, 3], [3, 6], [4, 3], [3, 7], [3, 3], [4, 7], [4, 3], [5, 7], [4, 2], [6, 7], [4, 3], [7, 7], [3, 3], [7, 6], [4, 3], [7, 5], [5, 3], [7, 4], [4, 3], [7, 3], [5, 3], [7, 2], [4, 3], [7, 1], [5, 3], [7, 0], [4, 3], [6, 0], [4, 2], [5, 0]], "a_eggs_laid": [1, 1, 1, 1, 2, 2, 2, 2, 3, 3, 3, 3, 4, 4, 4, 4, 5, 5, 5, 5, 6, 6, 6, 6, 9, 9, 9, 9, 9, 9, 9, 9, 10, 10, 10, 10, 11, 11, 11, 11, 12, 12, 12, 12, 12, 12, 12, 12, 12, 12, 12, 12, 13, 13, 13, 13, 13, 13, 13, 13, 13, 13, 13, 13, 13, 13, 13, 13, 14, 14, 14, 14, 14, 14, 14, 14, 14, 14, 14, 14], "b_eggs_laid": [0, 1, 1, 1, 1, 2, 2, 2, 2, 3, 3, 3, 3, 4, 4, 4, 4, 5, 5, 5, 5, 6, 6, 6, 6, 7, 7, 7, 7, 8, 8, 8, 8, 9, 9, 9, 9, 10, 10, 10, 10, 11, 11, 11, 11, 12, 12, 12, 12, 12, 12, 12, 12, 13, 13, 13, 13, 14, 14, 14, 14, 15, 15, 15, 15, 16, 16, 16, 16, 17, 17, 17, 17, 17, 17, 17, 17, 20, 20, 20], "a_turds_left": [5, 5, 5, 5, 5, 5, 5, 5, 5, 5, 5, 5, 5, 5, 5, 5, 5, 5, 5, 5, 5, 5, 5, 5, 5, 5, 5, 5, 5, 5, 5, 5, 5, 5, 5, 5, 5, 5, 5, 5, 5, 5, 5, 5, 5, 5, 5, 5, 5, 5, 5, 5, 5, 5, 5, 5, 5, 5, 5, 5, 5, 5, 5, 5, 5, 5, 5, 5, 5, 5, 5, 5, 5, 5, 5, 5, 5, 5, 5, 5], "b_turds_left": [5, 5, 5, 4, 4, 4, 4, 3, 3, 3, 3, 2, 2, 2, 2, 1, 1, 1, 1, 0, 0, 0, 0, 0, 0, 0, 0, 0, 0, 0, 0, 0, 0, 0, 0, 0, 0, 0, 0, 0, 0, 0, 0, 0, 0, 0, 0, 0, 0, 0, 0, 0, 0, 0, 0, 0, 0, 0, 0, 0, 0, 0, 0, 0, 0, 0, 0, 0, 0, 0, 0, 0, 0, 0, 0, 0, 0, 0, 0, 0], "a_time_left": [359.99622950004414, 359.99622950004414, 359.9945166250691, 359.9945166250691, 359.9913030000753, 359.9913030000753, 359.9893787080655, 359.9893787080655, 359.9860344580957, 359.9860344580957, 359.97677229112014, 359.97677229112014, 359.9760343331145, 359.9760343331145, 359.9755849580979, 359.9755849580979, 359.974698624108, 359.974698624108, 359.974443916115, 359.974443916115, 359.9736255411408, 359.9736255411408, 359.9734760001302, 359.9734760001302, 359.9733345831046, 359.9733345831046, 359.97324812511215, 359.97324812511215, 359.97301158314804, 359.97301158314804, 359.97265920817154, 359.97265920817154, 359.97254491614876, 359.97254491614876, 359.97245304111857, 359.97245304111857, 359.9723422910902, 359.9723422910902, 359.97224720707163, 359.97224720707163, 359.9721522910986, 359.9721522910986, 359.9720528750913, 359.9720528750913, 359.97192962508416, 359.97192962508416, 359.9718600420747, 359.9718600420747, 359.9717441670946, 359.9717441670946, 359.97161833406426, 359.97161833406426, 359.9715369590558, 359.9715369590558, 359.97144254209707, 359.97144254209707, 359.9713644590811, 359.9713644590811, 359.9712339590769, 359.9712339590769, 359.97114620904904, 359.97114620904904, 359.9710181260598, 359.9710181260598, 359.9709448760841, 359.9709448760841, 359.97081408509985, 359.97081408509985, 359.9707523350953, 359.9707523350953, 359.9706548770773, 359.9706548770773, 359.9705844190321, 359.9705844190321, 359.970479961019, 359.970479961019, 359.97041492001154, 359.97041492001154, 359.97031729499577, 359.97031729499577], "b_time_left": [360, 359.9967573750182, 359.9967573750182, 359.9950647500227, 359.9950647500227, 359.9926528330543, 359.9926528330543, 359.99104612506926, 359.99104612506926, 359.9888062500977, 359.9888062500977, 359.98727654112736, 359.98727654112736, 359.9864107911708, 359.9864107911708, 359.9858342082007, 359.9858342082007, 359.9851394582074, 359.9851394582074, 359.9846565002226, 359.9846565002226, 359.9842341251788, 359.9842341251788, 359.98400408314774, 359.98400408314774, 359.98362054210156, 359.98362054210156, 359.98338766710367, 359.98338766710367, 359.983299417072, 359.983299417072, 359.9832411670941, 359.9832411670941, 359.9831606670632, 359.9831606670632, 359.98310341709293, 359.98310341709293, 359.98304829210974, 359.98304829210974, 359.9829960000934, 359.9829960000934, 359.9829231250915, 359.9829231250915, 359.9828632081044, 359.9828632081044, 359.9827973751235, 359.9827973751235, 359.98273991711903, 359.98273991711903, 359.98267566715367, 359.98267566715367, 359.98261804215144, 359.98261804215144, 359.98254041717155, 359.98254041717155, 359.98248720914125, 359.98248720914125, 359.98241775110364, 359.98241775110364, 359.98236546013504, 359.98236546013504, 359.98229946015636, 359.98229946015636, 359.98224871011917, 359.98224871011917, 359.98217975214357, 359.98217975214357, 359.98212675214745, 359.98212675214745, 359.98205979313934, 359.98205979313934, 359.98200491815805, 359.98200491815805, 359.98194712615805, 359.98194712615805, 359.9818882101099, 359.9818882101099, 359.9818260441534, 359.9818260441534, 359.9817720031715], "a_moves_left": [39, 39, 38, 38, 37, 37, 36, 36, 35, 35, 34, 34, 33, 33, 32, 32, 31, 31, 30, 30, 29, 29, 28, 28, 27, 27, 26, 26, 25, 25, 24, 24, 23, 23, 22, 22, 21, 21, 20, 20, 19, 19, 18, 18, 17, 17, 16, 16, 15, 15, 14, 14, 13, 13, 12, 12, 11, 11, 10, 10, 9, 9, 8, 8, 7, 7, 6, 6, 5, 5, 4, 4, 3, 3, 2, 2, 1, 1, 0, 0], "b_moves_left": [40, 39, 39, 38, 38, 37, 37, 36, 36, 35, 35, 34, 34, 33, 33, 32, 32, 31, 31, 30, 30, 29, 29, 28, 28, 27, 27, 26, 26, 25, 25, 24, 24, 23, 23, 22, 22, 21, 21, 20, 20, 19, 19, 18, 18, 17, 17, 16, 16, 15, 15, 14, 14, 13, 13, 12, 12, 11, 11, 10, 10, 9, 9, 8, 8, 7, 7, 6, 6, 5, 5, 4, 4, 3, 3, 2, 2, 1, 1, 0], "trapdoor_triggered": [0, 0, 0, 0, 0, 0, 0, 0, 0, 0, 0, 0, 0, 0, 0, 0, 0, 0, 0, 0, 0, 0, 0, 0, 0, 0, 0, 0, 0, 0, 0, 0, 0, 0, 0, 0, 0, 0, 0, 0, 0, 0, 0, 0, 0, 0, 0, 0, 0, 0, 0, 0, 0, 0, 0, 0, 0, 0, 0, 0, 0, 0, 0, 0, 0, 0, 0, 0, 0, 0, 0, 0, 0, 0, 0, 0, 0, 0, 0, 0], "left_behind": ["egg", "egg", "plain", "turd", "egg", "egg", "plain", "turd", "egg", "egg", "plain", "turd", "egg", "egg", "plain", "turd", "egg", "egg", "plain", "turd", "egg", "egg", "plain", "plain", "egg", "egg", "plain", "plain", "plain", "egg", "plain", "plain", "egg", "egg", "plain", "plain", "egg", "egg", "plain", "plain", "egg", "egg", "plain", "plain", "plain", "egg", "plain", "plain", "plain", "plain", "plain", "plain", "egg", "egg", "plain", "plain", "plain", "egg", "plain", "plain", "plain", "egg", "plain", "plain", "plain", "egg", "plain", "plain", "egg", "egg", "plain", "plain", "plain", "plain", "plain", "plain", "plain", "egg", "plain", "plain"], "errlog_a": "", "errlog_b": "", "start_time": 360, "start_moves": 40, "turn_count": 80, "result": 1, "reason": "EGGS_LAID", "trapdoors": [[4, 4], [5, 2]], "spawn_a": [0, 2], "spawn_b": [7, 2]}