{"pos": [[6, 1], [1, 1], [5, 1], [2, 1], [4, 1], [2, 0], [3, 1], [3, 0], [4, 1], [4, 0], [4, 2], [4, 1], [5, 2], [4, 0], [6, 2], [5, 0], [6, 3], [6, 0], [6, 4], [6, 1], [6, 5], [6, 0], [6, 6], [7, 0], [5, 6], [6, 0], [4, 6], [6, 1], [3, 6], [6, 0], [2, 6], [5, 0], [1, 6], [4, 0], [1, 5], [4, 1], [1, 4], [4, 0], [1, 3], [3, 0], [1, 2], [2, 0], [1, 1], [1, 0], [1, 2], [0, 0], [0, 2], [0, 1], [0, 3], [0, 0], [0, 4], [1, 0], [0, 5], [2, 0], [0, 6], [2, 1], [0, 7], [2, 2], [1, 7], [1, 2], [2, 7], [2, 2], [3, 7], [3, 2], [4, 7], [3, 3], [5, 7], [2, 3], [6, 7], [3, 3], [7, 7], [3, 2], [7, 6], [3, 3], [7, 5], [2, 3], [7, 4], [2, 2], [7, 3], [1, 2]], "a_eggs_laid": [1, 1, 1, 1, 2, 2, 2, 2, 3, 3, 3, 3, 4, 4, 4, 4, 5, 5, 5, 5, 6, 6, 6, 6, 7, 7, 7, 7, 8, 8, 8, 8, 9, 9, 9, 9, 10, 10, 10, 10, 11, 11, 11, 11, 12, 12, 12, 12, 13, 13, 13, 13, 14, 14, 14, 14, 15, 15, 15, 15, 16, 16, 16, 16, 17, 17, 17, 17, 18, 18, 18, 18, 21, 21, 21, 21, 22, 22, 22, 22], "b_eggs_laid": [0, 1, 1, 1, 1, 2, 2, 2, 2, 3, 3, 3, 3, 4, 4, 4, 4, 5, 5, 5, 5, 6, 6, 6, 6, 9, 9, 9, 9, 9, 9, 9, 9, 9, 9, 9, 9, 9, 9, 9, 9, 9, 9, 9, 9, 10, 10, 10, 10, 10, 10, 10, 10, 10, 10, 10, 10, 10, 10, 10, 10, 11, 11, 11, 11, 12, 12, 12, 12, 13, 13, 13, 13, 13, 13, 13, 13, 13, 13, 13], "a_turds_left": [5, 5, 5, 5, 5, 5, 5, 5, 5, 5, 5, 5, 5, 5, 5, 5, 5, 5, 5, 5, 5, 5, 5, 5, 5, 5, 5, 5, 5, 5, 5, 5, 5, 5, 5, 5, 5, 5, 5, 5, 5, 5, 5, 5, 5, 5, 5, 5, 5, 5, 5, 5, 5, 5, 5, 5, 5, 5, 5, 5, 5, 5, 5, 5, 5, 5, 5, 5, 5, 5, 5, 5, 5, 5, 5, 5, 5, 5, 5, 5], "b_turds_left": [5, 5, 5, 5, 5, 5, 5, 5, 5, 5, 5, 5, 5, 5, 5, 5, 5, 5, 5, 5, 5, 5, 5, 5, 5, 5, 5, 5, 5, 5, 5, 5, 5, 5, 5, 5, 5, 5, 5, 5, 5, 5, 5, 5, 5, 5, 5, 5, 5, 5, 5, 5, 5, 5, 5, 5, 5, 5, 5, 5, 5, 5, 5, 5, 5, 5, 5, 5, 5, 5, 5, 5, 5, 5, 5, 5, 5, 5, 5, 5], "a_time_left": [359.99634216702543, 359.99634216702543, 359.99459516699426, 359.99459516699426, 359.99141758395126, 359.99141758395126, 359.9896285009454, 359.9896285009454, 359.9883662099601, 359.9883662099601, 359.98779833497247, 359.98779833497247, 359.98552591796033, 359.98552591796033, 359.9842436259496, 359.9842436259496, 359.9830578339752, 359.9830578339752, 359.98246637597913, 359.98246637597913, 359.98137404298177, 359.98137404298177, 359.98080854298314, 359.98080854298314, 359.97977450100007, 359.97977450100007, 359.97919116797857, 359.97919116797857, 359.97814512695186, 359.97814512695186, 359.97804287693, 359.97804287693, 359.97793325193925, 359.97793325193925, 359.9778388769482, 359.9778388769482, 359.9777299609268, 359.9777299609268, 359.9776317109354, 359.9776317109354, 359.97751846094616, 359.97751846094616, 359.97742604394443, 359.97742604394443, 359.9773623358924, 359.9773623358924, 359.9769342109212, 359.9769342109212, 359.97685921093216, 359.97685921093216, 359.9767786699813, 359.9767786699813, 359.9766823789687, 359.9766823789687, 359.9765633789357, 359.9765633789357, 359.97647262894316, 359.97647262894316, 359.9764013789245, 359.9764013789245, 359.97630642092554, 359.97630642092554, 359.9762252549408, 359.9762252549408, 359.97613375494257, 359.97613375494257, 359.9760541719734, 359.9760541719734, 359.9759638799587, 359.9759638799587, 359.9758893799735, 359.9758893799735, 359.9758172959555, 359.9758172959555, 359.9757397119538, 359.9757397119538, 359.97564850293566, 359.97564850293566, 359.97557162790326, 359.97557162790326], "b_time_left": [360, 359.9976315830136, 359.9976315830136, 359.995779416, 359.995779416, 359.99239445698913, 359.99239445698913, 359.99091462395154, 359.99091462395154, 359.9891630409402, 359.9891630409402, 359.9884510828997, 359.9884510828997, 359.98746233287966, 359.98746233287966, 359.9870609168429, 359.9870609168429, 359.9869339998113, 359.9869339998113, 359.98682054079836, 359.98682054079836, 359.986707207805, 359.986707207805, 359.98659508279525, 359.98659508279525, 359.9864979577833, 359.9864979577833, 359.9863917907933, 359.9863917907933, 359.9863047907711, 359.9863047907711, 359.98620116576785, 359.98620116576785, 359.98611091577914, 359.98611091577914, 359.98600329074543, 359.98600329074543, 359.9859229987487, 359.9859229987487, 359.9858213737607, 359.9858213737607, 359.9857349987724, 359.9857349987724, 359.98562491475604, 359.98562491475604, 359.9855217487202, 359.9855217487202, 359.98542803968303, 359.98542803968303, 359.98534458171343, 359.98534458171343, 359.9852515817038, 359.9852515817038, 359.9851536646602, 359.9851536646602, 359.98504887364106, 359.98504887364106, 359.9849620406749, 359.9849620406749, 359.9848542906693, 359.9848542906693, 359.98476895771455, 359.98476895771455, 359.9846594167175, 359.9846594167175, 359.9845573757193, 359.9845573757193, 359.98444841773016, 359.98444841773016, 359.98434708471177, 359.98434708471177, 359.98425204271916, 359.98425204271916, 359.98418600071454, 359.98418600071454, 359.98409829166485, 359.98409829166485, 359.98402333370177, 359.98402333370177, 359.9839355837321], "a_moves_left": [39, 39, 38, 38, 37, 37, 36, 36, 35, 35, 34, 34, 33, 33, 32, 32, 31, 31, 30, 30, 29, 29, 28, 28, 27, 27, 26, 26, 25, 25, 24, 24, 23, 23, 22, 22, 21, 21, 20, 20, 19, 19, 18, 18, 17, 17, 16, 16, 15, 15, 14, 14, 13, 13, 12, 12, 11, 11, 10, 10, 9, 9, 8, 8, 7, 7, 6, 6, 5, 5, 4, 4, 3, 3, 2, 2, 1, 1, 0, 0], "b_moves_left": [40, 39, 39, 38, 38, 37, 37, 36, 36, 35, 35, 34, 34, 33, 33, 32, 32, 31, 31, 30, 30, 29, 29, 28, 28, 27, 27, 26, 26, 25, 25, 24, 24, 23, 23, 22, 22, 21, 21, 20, 20, 19, 19, 18, 18, 17, 17, 16, 16, 15, 15, 14, 14, 13, 13, 12, 12, 11, 11, 10, 10, 9, 9, 8, 8, 7, 7, 6, 6, 5, 5, 4, 4, 3, 3, 2, 2, 1, 1, 0], "trapdoor_triggered": [0, 0, 0, 0, 0, 0, 0, 0, 0, 0, 0, 0, 0, 0, 0, 0, 0, 0, 0, 0, 0, 0, 0, 0, 0, 0, 0, 0, 0, 0, 0, 0, 0, 0, 0, 0, 0, 0, 0, 0, 0, 0, 0, 0, 0, 0, 0, 0, 0, 0, 0, 0, 0, 0, 0, 0, 0, 0, 0, 0, 0, 0, 0, 0, 0, 0, 0, 0, 0, 0, 0, 0, 0, 0, 0, 0, 0, 0, 0, 0], "left_behind": ["egg", "egg", "plain", "plain", "egg", "egg", "plain", "plain", "egg", "egg", "plain", "plain", "egg", "egg", "plain", "plain", "egg", "egg", "plain", "plain", "egg", "egg", "plain", "plain", "egg", "egg", "plain", "plain", "egg", "plain", "plain", "plain", "egg", "plain", "plain", "plain", "egg", "plain", "plain", "plain", "egg", "plain", "plain", "plain", "egg", "egg", "plain", "plain", "egg", "plain", "plain", "plain", "egg", "plain", "plain", "plain", "egg", "plain", "plain", "plain", "egg", "egg", "plain", "plain", "egg", "egg", "plain", "plain", "egg", "egg", "plain", "plain", "egg", "plain", "plain", "plain", "egg", "plain", "plain", "plain"], "errlog_a": "", "errlog_b": "", "start_time": 360, "start_moves": 40, "turn_count": 80, "result": 0, "reason": "EGGS_LAID", "trapdoors": [[4, 4], [4, 5]], "spawn_a": [7, 1], "spawn_b": [0, 1]}