{"pos": [[6, 5], [1, 5], [6, 4], [1, 4], [6, 3], [0, 4], [6, 2], [0, 3], [6, 1], [1, 3], [5, 1], [1, 2], [4, 1], [0, 2], [3, 1], [0, 1], [2, 1], [1, 1], [2, 0], [2, 1], [3, 0], [2, 2], [4, 0], [2, 3], [5, 0], [2, 4], [6, 0], [2, 5], [7, 0], [2, 6], [7, 1], [1, 6], [7, 2], [0, 6], [7, 3], [0, 7], [7, 4], [1, 7], [6, 4], [2, 7], [5, 4], [3, 7], [5, 3], [4, 7], [5, 2], [4, 6], [5, 3], [5, 6], [5, 4], [5, 7], [5, 5], [6, 7], [6, 5], [6, 6], [5, 5], [6, 5], [4, 5], [6, 6], [4, 6], [7, 6], [3, 6], [7, 7], [3, 7], [6, 7], [3, 6], [5, 7], [3, 5], [5, 6], [4, 5], [6, 6], [4, 6], [6, 5], [4, 5], [6, 6], [3, 5], [7, 6], [4, 5], [7, 7], [5, 5], [7, 6]], "a_eggs_laid": [1, 1, 1, 1, 2, 2, 2, 2, 3, 3, 3, 3, 4, 4, 4, 4, 5, 5, 5, 5, 6, 6, 6, 6, 7, 7, 7, 7, 8, 8, 8, 8, 9, 9, 9, 9, 10, 10, 10, 10, 10, 10, 10, 10, 11, 11, 11, 11, 11, 11, 11, 11, 12, 12, 12, 12, 12, 12, 12, 12, 13, 13, 13, 13, 14, 14, 14, 14, 15, 15, 15, 15, 15, 15, 15, 15, 15, 15, 15, 15], "b_eggs_laid": [0, 1, 1, 1, 1, 2, 2, 2, 2, 3, 3, 3, 3, 4, 4, 4, 4, 5, 5, 5, 5, 6, 6, 6, 6, 7, 7, 7, 7, 8, 8, 8, 8, 9, 9, 9, 9, 12, 12, 12, 12, 13, 13, 13, 13, 14, 14, 14, 14, 15, 15, 15, 15, 16, 16, 16, 16, 17, 17, 17, 17, 18, 18, 18, 18, 18, 18, 18, 18, 18, 18, 18, 18, 18, 18, 18, 18, 18, 18, 18], "a_turds_left": [5, 5, 5, 5, 5, 5, 5, 5, 5, 5, 5, 5, 5, 5, 5, 5, 5, 5, 5, 5, 5, 5, 5, 5, 5, 5, 5, 5, 5, 5, 5, 5, 5, 5, 5, 5, 5, 5, 5, 5, 5, 5, 5, 5, 5, 5, 5, 5, 5, 5, 5, 5, 5, 5, 5, 5, 5, 5, 5, 5, 5, 5, 5, 5, 5, 5, 5, 5, 5, 5, 5, 5, 5, 5, 5, 5, 5, 5, 5, 5], "b_turds_left": [5, 5, 5, 5, 5, 5, 5, 5, 5, 5, 5, 5, 5, 5, 5, 5, 5, 5, 5, 5, 5, 5, 5, 5, 5, 5, 5, 5, 5, 5, 5, 5, 5, 5, 5, 5, 5, 5, 5, 5, 5, 5, 5, 5, 5, 5, 5, 5, 5, 5, 5, 5, 5, 5, 5, 5, 5, 5, 5, 5, 5, 5, 5, 5, 5, 5, 5, 5, 5, 5, 5, 5, 5, 5, 5, 5, 5, 5, 5, 5], "a_time_left": [359.9962009579758, 359.9962009579758, 359.9943991659675, 359.9943991659675, 359.9912607909646, 359.9912607909646, 359.9894469989231, 359.9894469989231, 359.9863453329308, 359.9863453329308, 359.9846811669413, 359.9846811669413, 359.9834939999855, 359.9834939999855, 359.98118345899275, 359.98118345899275, 359.9799665429746, 359.9799665429746, 359.97967995901126, 359.97967995901126, 359.9792606260162, 359.9792606260162, 359.97899154305924, 359.97899154305924, 359.9781522930716, 359.9781522930716, 359.977886460023, 359.977886460023, 359.9777817099821, 359.9777817099821, 359.9776946689817, 359.9776946689817, 359.9775877940119, 359.9775877940119, 359.97748796100495, 359.97748796100495, 359.9773764190031, 359.9773764190031, 359.97728787799133, 359.97728787799133, 359.9769884190173, 359.9769884190173, 359.97689175303094, 359.97689175303094, 359.9767723780242, 359.9767723780242, 359.97668262803927, 359.97668262803927, 359.9764099190943, 359.9764099190943, 359.9760843770928, 359.9760843770928, 359.9759915021132, 359.9759915021132, 359.97592041810276, 359.97592041810276, 359.975765501149, 359.975765501149, 359.9756755011622, 359.9756755011622, 359.9755957091693, 359.9755957091693, 359.9755087091471, 359.9755087091471, 359.97544016718166, 359.97544016718166, 359.9751917081885, 359.9751917081885, 359.9750973741757, 359.9750973741757, 359.9748891661293, 359.9748891661293, 359.9747937081265, 359.9747937081265, 359.9746473330888, 359.9746473330888, 359.974512792076, 359.974512792076, 359.9743582090596, 359.9743582090596], "b_time_left": [360, 359.996352459013, 359.996352459013, 359.99448745901464, 359.99448745901464, 359.9913078760146, 359.9913078760146, 359.99097562604584, 359.99097562604584, 359.98853770905407, 359.98853770905407, 359.98803170904284, 359.98803170904284, 359.986825042055, 359.986825042055, 359.986694958061, 359.986694958061, 359.98657958302647, 359.98657958302647, 359.986464708054, 359.986464708054, 359.986360333045, 359.986360333045, 359.98624695808394, 359.98624695808394, 359.98611437511863, 359.98611437511863, 359.98600020911545, 359.98600020911545, 359.9858724591322, 359.9858724591322, 359.98576929210685, 359.98576929210685, 359.98564887512475, 359.98564887512475, 359.9855559581192, 359.9855559581192, 359.9854683330632, 359.9854683330632, 359.98537916707573, 359.98537916707573, 359.9852789170691, 359.9852789170691, 359.9851948750438, 359.9851948750438, 359.9850978340255, 359.9850978340255, 359.984997291991, 359.984997291991, 359.9848862499348, 359.9848862499348, 359.98479520791443, 359.98479520791443, 359.98469787387876, 359.98469787387876, 359.9845988738816, 359.9845988738816, 359.9845242908923, 359.9845242908923, 359.9844280409161, 359.9844280409161, 359.984344206925, 359.984344206925, 359.9842669988866, 359.9842669988866, 359.98418462387053, 359.98418462387053, 359.9840909158229, 359.9840909158229, 359.98401433281833, 359.98401433281833, 359.9839151658234, 359.9839151658234, 359.9838479158352, 359.9838479158352, 359.9837637488381, 359.9837637488381, 359.9837011237978, 359.9837011237978, 359.9836314988206], "a_moves_left": [39, 39, 38, 38, 37, 37, 36, 36, 35, 35, 34, 34, 33, 33, 32, 32, 31, 31, 30, 30, 29, 29, 28, 28, 27, 27, 26, 26, 25, 25, 24, 24, 23, 23, 22, 22, 21, 21, 20, 20, 19, 19, 18, 18, 17, 17, 16, 16, 15, 15, 14, 14, 13, 13, 12, 12, 11, 11, 10, 10, 9, 9, 8, 8, 7, 7, 6, 6, 5, 5, 4, 4, 3, 3, 2, 2, 1, 1, 0, 0], "b_moves_left": [40, 39, 39, 38, 38, 37, 37, 36, 36, 35, 35, 34, 34, 33, 33, 32, 32, 31, 31, 30, 30, 29, 29, 28, 28, 27, 27, 26, 26, 25, 25, 24, 24, 23, 23, 22, 22, 21, 21, 20, 20, 19, 19, 18, 18, 17, 17, 16, 16, 15, 15, 14, 14, 13, 13, 12, 12, 11, 11, 10, 10, 9, 9, 8, 8, 7, 7, 6, 6, 5, 5, 4, 4, 3, 3, 2, 2, 1, 1, 0], "trapdoor_triggered": [0, 0, 0, 0, 0, 0, 0, 0, 0, 0, 0, 0, 0, 0, 0, 0, 0, 0, 0, 0, 0, 0, 0, 0, 0, 0, 0, 0, 0, 0, 0, 0, 0, 0, 0, 0, 0, 0, 0, 0, 0, 0, 0, 0, 0, 0, 0, 0, 0, 0, 0, 0, 0, 0, 0, 0, 0, 0, 0, 0, 0, 0, 0, 0, 0, 0, 0, 0, 0, 0, 0, 0, 0, 0, 0, 0, 0, 0, 0, 0], "left_behind": ["egg", "egg", "plain", "plain", "egg", "egg", "plain", "plain", "egg", "egg", "plain", "plain", "egg", "egg", "plain", "plain", "egg", "egg", "plain", "plain", "egg", "egg", "plain", "plain", "egg", "egg", "plain", "plain", "egg", "egg", "plain", "plain", "egg", "egg", "plain", "plain", "egg", "egg", "plain", "plain", "plain", "egg", "plain", "plain", "egg", "egg", "plain", "plain", "plain", "egg", "plain", "plain", "egg", "egg", "plain", "plain", "plain", "egg", "plain", "plain", "egg", "egg", "plain", "plain", "egg", "plain", "plain", "plain", "egg", "plain", "plain", "plain", "plain", "plain", "plain", "plain", "plain", "plain", "plain", "plain"], "errlog_a": "", "errlog_b": "", "start_time": 360, "start_moves": 40, "turn_count": 80, "result": 1, "reason": "EGGS_LAID", "trapdoors": [[4, 4], [3, 4]], "spawn_a": [7, 5], "spawn_b": [0, 5]}