{"pos": [[6, 1], [0, 0], [5, 1], [1, 0], [4, 1], [1, 1], [4, 2], [2, 1], [3, 2], [2, 0], [3, 3], [2, 1], [4, 3], [1, 1], [5, 3], [1, 2], [6, 3], [0, 2], [6, 4], [0, 3], [6, 5], [1, 3], [6, 6], [1, 4], [5, 6], [1, 5], [4, 6], [1, 6], [4, 5], [2, 6], [5, 5], [3, 6], [6, 5], [3, 5], [7, 5], [2, 5], [7, 4], [3, 5], [7, 3], [3, 6], [7, 2], [3, 7], [6, 2], [4, 7], [5, 2], [5, 7], [5, 1], [5, 6], [5, 0], [5, 7], [6, 0], [6, 7], [7, 0], [7, 7], [7, 1], [7, 6], [7, 0], [7, 7], [6, 0], [6, 7], [6, 1], [7, 7], [6, 2], [6, 7], [7, 2], [5, 7], [7, 3], [4, 7], [7, 4], [3, 7], [7, 5], [2, 7], [7, 4], [1, 7], [6, 4], [0, 7], [6, 3], [0, 6], [5, 3], [0, 5]], "a_eggs_laid": [1, 1, 1, 1, 2, 2, 2, 2, 3, 3, 3, 3, 4, 4, 4, 4, 5, 5, 5, 5, 6, 6, 6, 6, 7, 7, 7, 7, 8, 8, 8, 8, 9, 9, 9, 9, 10, 10, 10, 10, 11, 11, 11, 11, 12, 12, 12, 12, 12, 12, 12, 12, 13, 13, 13, 13, 13, 13, 13, 13, 13, 13, 13, 13, 13, 13, 13, 13, 13, 13, 13, 13, 13, 13, 13, 13, 13, 13, 13, 13], "b_eggs_laid": [0, 1, 1, 1, 1, 2, 2, 2, 2, 3, 3, 3, 3, 3, 3, 3, 3, 4, 4, 4, 4, 5, 5, 5, 5, 6, 6, 6, 6, 7, 7, 7, 7, 8, 8, 8, 8, 9, 9, 9, 9, 9, 9, 9, 9, 10, 10, 10, 10, 11, 11, 11, 11, 12, 12, 12, 12, 13, 13, 13, 13, 13, 13, 13, 13, 13, 13, 13, 13, 13, 13, 13, 13, 14, 14, 14, 14, 17, 17, 17], "a_turds_left": [5, 5, 4, 4, 4, 4, 3, 3, 3, 3, 2, 2, 2, 2, 1, 1, 1, 1, 0, 0, 0, 0, 0, 0, 0, 0, 0, 0, 0, 0, 0, 0, 0, 0, 0, 0, 0, 0, 0, 0, 0, 0, 0, 0, 0, 0, 0, 0, 0, 0, 0, 0, 0, 0, 0, 0, 0, 0, 0, 0, 0, 0, 0, 0, 0, 0, 0, 0, 0, 0, 0, 0, 0, 0, 0, 0, 0, 0, 0, 0], "b_turds_left": [5, 5, 5, 5, 5, 5, 5, 5, 5, 5, 5, 5, 5, 5, 5, 5, 5, 5, 5, 5, 5, 5, 5, 5, 5, 5, 5, 5, 5, 5, 5, 5, 5, 5, 5, 5, 5, 5, 5, 5, 5, 5, 5, 5, 5, 5, 5, 5, 5, 5, 5, 5, 5, 5, 5, 5, 5, 5, 5, 5, 5, 5, 5, 5, 5, 5, 5, 5, 5, 5, 5, 5, 5, 5, 5, 5, 5, 5, 5, 5], "a_time_left": [359.9968746249797, 359.9968746249797, 359.9953413750045, 359.9953413750045, 359.9930823339964, 359.9930823339964, 359.99155970895663, 359.99155970895663, 359.9893136669416, 359.9893136669416, 359.9877997089061, 359.9877997089061, 359.98560095892753, 359.98560095892753, 359.98412425094284, 359.98412425094284, 359.98196179192746, 359.98196179192746, 359.9806162089226, 359.9806162089226, 359.9793506258866, 359.9793506258866, 359.97908470989205, 359.97908470989205, 359.9786141269142, 359.9786141269142, 359.9783722939319, 359.9783722939319, 359.9782878769329, 359.9782878769329, 359.978209876921, 359.978209876921, 359.97812354390044, 359.97812354390044, 359.9780556279002, 359.9780556279002, 359.9779691278818, 359.9779691278818, 359.9779028368648, 359.9779028368648, 359.97782625386026, 359.97782625386026, 359.97776308783796, 359.97776308783796, 359.97767429583473, 359.97767429583473, 359.97760883677984, 359.97760883677984, 359.9775400037761, 359.9775400037761, 359.97747708676616, 359.97747708676616, 359.97739746177103, 359.97739746177103, 359.9773405867745, 359.9773405867745, 359.9772617117851, 359.9772617117851, 359.977203836781, 359.977203836781, 359.97713971178746, 359.97713971178746, 359.9770727947471, 359.9770727947471, 359.97700162872206, 359.97700162872206, 359.97694283671444, 359.97694283671444, 359.97687291976763, 359.97687291976763, 359.9768117117346, 359.9768117117346, 359.9767414617236, 359.9767414617236, 359.9766829617438, 359.9766829617438, 359.97661129478365, 359.97661129478365, 359.9765475447639, 359.9765475447639], "b_time_left": [360, 359.99679329199716, 359.99679329199716, 359.99636495899176, 359.99636495899176, 359.9942170009599, 359.9942170009599, 359.9922202929738, 359.9922202929738, 359.98997145995963, 359.98997145995963, 359.98883095994825, 359.98883095994825, 359.9883553349064, 359.9883553349064, 359.98649816785473, 359.98649816785473, 359.9844457928557, 359.9844457928557, 359.98303520987974, 359.98303520987974, 359.9822575438884, 359.9822575438884, 359.9821515438962, 359.9821515438962, 359.98201066890033, 359.98201066890033, 359.98191658593714, 359.98191658593714, 359.9818011279567, 359.9818011279567, 359.98170808691066, 359.98170808691066, 359.98160991992336, 359.98160991992336, 359.98151779494947, 359.98151779494947, 359.98140025296016, 359.98140025296016, 359.98102879396174, 359.98102879396174, 359.98086225194857, 359.98086225194857, 359.9807800849085, 359.9807800849085, 359.98067329387413, 359.98067329387413, 359.9805934188771, 359.9805934188771, 359.980521376885, 359.980521376885, 359.98032775189495, 359.98032775189495, 359.98024650191655, 359.98024650191655, 359.9801757519017, 359.9801757519017, 359.9801065849024, 359.9801065849024, 359.98000750195934, 359.98000750195934, 359.9799394189613, 359.9799394189613, 359.9798405849724, 359.9798405849724, 359.97977175202686, 359.97977175202686, 359.97959375201026, 359.97959375201026, 359.97949796001194, 359.97949796001194, 359.97924912697636, 359.97924912697636, 359.9791537109995, 359.9791537109995, 359.97907833603676, 359.97907833603676, 359.9789932530257, 359.9789932530257, 359.9789146690746], "a_moves_left": [39, 39, 38, 38, 37, 37, 36, 36, 35, 35, 34, 34, 33, 33, 32, 32, 31, 31, 30, 30, 29, 29, 28, 28, 27, 27, 26, 26, 25, 25, 24, 24, 23, 23, 22, 22, 21, 21, 20, 20, 19, 19, 18, 18, 17, 17, 16, 16, 15, 15, 14, 14, 13, 13, 12, 12, 11, 11, 10, 10, 9, 9, 8, 8, 7, 7, 6, 6, 5, 5, 4, 4, 3, 3, 2, 2, 1, 1, 0, 0], "b_moves_left": [40, 39, 39, 38, 38, 37, 37, 36, 36, 35, 35, 34, 34, 33, 33, 32, 32, 31, 31, 30, 30, 29, 29, 28, 28, 27, 27, 26, 26, 25, 25, 24, 24, 23, 23, 22, 22, 21, 21, 20, 20, 19, 19, 18, 18, 17, 17, 16, 16, 15, 15, 14, 14, 13, 13, 12, 12, 11, 11, 10, 10, 9, 9, 8, 8, 7, 7, 6, 6, 5, 5, 4, 4, 3, 3, 2, 2, 1, 1, 0], "trapdoor_triggered": [0, 0, 0, 0, 0, 0, 0, 0, 0, 0, 0, 0, 0, 0, 0, 0, 0, 0, 0, 0, 0, 0, 0, 0, 0, 0, 0, 0, 0, 0, 0, 0, 0, 0, 0, 0, 0, 0, 0, 0, 0, 0, 0, 0, 0, 0, 0, 0, 0, 0, 0, 0, 0, 0, 0, 0, 0, 0, 0, 0, 0, 0, 0, 0, 0, 0, 0, 0, 0, 0, 0, 0, 0, 0, 0, 0, 0, 0, 0, 0], "left_behind": ["egg", "egg", "turd", "plain", "egg", "egg", "turd", "plain", "egg", "egg", "turd", "plain", "egg", "plain", "turd", "plain", "egg", "egg", "turd", "plain", "egg", "egg", "plain", "plain", "egg", "egg", "plain", "plain", "egg", "egg", "plain", "plain", "egg", "egg", "plain", "plain", "egg", "egg", "plain", "plain", "egg", "plain", "plain", "plain", "egg", "egg", "plain", "plain", "plain", "egg", "plain", "plain", "egg", "egg", "plain", "plain", "plain", "egg", "plain", "plain", "plain", "plain", "plain", "plain", "plain", "plain", "plain", "plain", "plain", "plain", "plain", "plain", "plain", "egg", "plain", "plain", "plain", "egg", "plain", "plain"], "errlog_a": "", "errlog_b": "", "start_time": 360, "start_moves": 40, "turn_count": 80, "result": 1, "reason": "EGGS_LAID", "trapdoors": [[2, 4], [5, 4]], "spawn_a": [7, 1], "spawn_b": [0, 1]}