{"pos": [[6, 1], [1, 1], [5, 1], [2, 1], [4, 1], [3, 1], [4, 0], [2, 1], [5, 0], [2, 2], [6, 0], [1, 2], [7, 0], [1, 3], [7, 1], [1, 4], [7, 2], [1, 5], [6, 2], [2, 5], [6, 3], [2, 6], [6, 4], [3, 6], [6, 5], [4, 6], [6, 6], [4, 5], [5, 6], [5, 5], [4, 6], [5, 4], [4, 7], [5, 3], [5, 7], [5, 2], [6, 7], [4, 2], [7, 7], [4, 1], [7, 6], [4, 2], [7, 5], [4, 3], [7, 4], [4, 4], [7, 3], [3, 4], [6, 3], [3, 3], [5, 3], [2, 3], [6, 3], [2, 4], [6, 4], [2, 3], [6, 5], [2, 2], [5, 5], [2, 3], [5, 6], [3, 3], [5, 5], [4, 3], [6, 5], [4, 4], [6, 6], [5, 4], [7, 6], [4, 4], [7, 5], [4, 5], [7, 4], [4, 4], [7, 3], [3, 4], [7, 2], [2, 4], [6, 2], [2, 5]], "a_eggs_laid": [1, 1, 1, 1, 2, 2, 2, 2, 3, 3, 3, 3, 4, 4, 4, 4, 4, 4, 4, 4, 5, 5, 5, 5, 6, 6, 6, 6, 7, 7, 7, 7, 8, 8, 8, 8, 9, 9, 9, 9, 12, 12, 12, 12, 13, 13, 13, 13, 14, 14, 14, 14, 15, 15, 15, 15, 15, 15, 15, 15, 16, 16, 16, 16, 16, 16, 16, 16, 16, 16, 16, 16, 16, 16, 16, 16, 16, 16, 16, 16], "b_eggs_laid": [0, 1, 1, 1, 1, 2, 2, 2, 2, 2, 2, 2, 2, 3, 3, 3, 3, 4, 4, 4, 4, 5, 5, 5, 5, 6, 6, 6, 6, 7, 7, 7, 7, 8, 8, 8, 8, 9, 9, 9, 9, 10, 10, 10, 10, 11, 11, 11, 11, 12, 12, 12, 12, 13, 13, 13, 13, 13, 13, 13, 13, 13, 13, 13, 13, 13, 13, 13, 13, 13, 13, 13, 13, 13, 13, 13, 13, 13, 13, 13], "a_turds_left": [5, 5, 5, 5, 5, 5, 5, 5, 5, 5, 5, 5, 5, 5, 5, 5, 5, 5, 5, 5, 5, 5, 5, 5, 5, 5, 5, 5, 5, 5, 5, 5, 5, 5, 5, 5, 5, 5, 5, 5, 5, 5, 5, 5, 5, 5, 5, 5, 5, 5, 5, 5, 5, 5, 5, 5, 5, 5, 5, 5, 5, 5, 5, 5, 5, 5, 5, 5, 5, 5, 5, 5, 5, 5, 5, 5, 5, 5, 5, 5], "b_turds_left": [5, 5, 5, 4, 4, 4, 4, 3, 3, 3, 3, 2, 2, 2, 2, 1, 1, 1, 1, 0, 0, 0, 0, 0, 0, 0, 0, 0, 0, 0, 0, 0, 0, 0, 0, 0, 0, 0, 0, 0, 0, 0, 0, 0, 0, 0, 0, 0, 0, 0, 0, 0, 0, 0, 0, 0, 0, 0, 0, 0, 0, 0, 0, 0, 0, 0, 0, 0, 0, 0, 0, 0, 0, 0, 0, 0, 0, 0, 0, 0], "a_time_left": [359.9963885420002, 359.9963885420002, 359.9928134580259, 359.9928134580259, 359.98963720799657, 359.98963720799657, 359.9888389169937, 359.9888389169937, 359.98786320898216, 359.98786320898216, 359.98711887496756, 359.98711887496756, 359.9848033749149, 359.9848033749149, 359.9845392499119, 359.9845392499119, 359.9838242919068, 359.9838242919068, 359.9826272089267, 359.9826272089267, 359.9801649589208, 359.9801649589208, 359.97960620891536, 359.97960620891536, 359.97856845887145, 359.97856845887145, 359.97798999986844, 359.97798999986844, 359.9769429168664, 359.9769429168664, 359.9768669588375, 359.9768669588375, 359.97676958388183, 359.97676958388183, 359.9766799178906, 359.9766799178906, 359.9765797519358, 359.9765797519358, 359.9764928359655, 359.9764928359655, 359.97641033597756, 359.97641033597756, 359.97632183594396, 359.97632183594396, 359.9762256689719, 359.9762256689719, 359.9761476269923, 359.9761476269923, 359.97605579398805, 359.97605579398805, 359.9759437520406, 359.9759437520406, 359.9758794180234, 359.9758794180234, 359.97578354302095, 359.97578354302095, 359.9756853770232, 359.9756853770232, 359.97557575203246, 359.97557575203246, 359.9754975020187, 359.9754975020187, 359.97540650202427, 359.97540650202427, 359.97533054300584, 359.97533054300584, 359.97523933497723, 359.97523933497723, 359.97514308494283, 359.97514308494283, 359.9750585849979, 359.9750585849979, 359.97497229400324, 359.97497229400324, 359.9748887110036, 359.9748887110036, 359.9748033770011, 359.9748033770011, 359.9747246269835, 359.9747246269835], "b_time_left": [360, 359.997070750047, 359.997070750047, 359.99534820806, 359.99534820806, 359.9930701670819, 359.9930701670819, 359.9916048340965, 359.9916048340965, 359.99087283411063, 359.99087283411063, 359.98939058411634, 359.98939058411634, 359.9877747511491, 359.9877747511491, 359.9863182511763, 359.9863182511763, 359.9842670431826, 359.9842670431826, 359.9834440432023, 359.9834440432023, 359.98288016818697, 359.98288016818697, 359.9825970851816, 359.9825970851816, 359.98212675220566, 359.98212675220566, 359.9818821271765, 359.9818821271765, 359.9814670851338, 359.9814670851338, 359.98139858513605, 359.98139858513605, 359.981309127179, 359.981309127179, 359.9812501271954, 359.9812501271954, 359.9811744191684, 359.9811744191684, 359.98111408617115, 359.98111408617115, 359.98104858613806, 359.98104858613806, 359.9809862531838, 359.9809862531838, 359.9809040031978, 359.9809040031978, 359.9808460032218, 359.9808460032218, 359.98076650325675, 359.98076650325675, 359.98071008728584, 359.98071008728584, 359.9806301292847, 359.9806301292847, 359.98057300428627, 359.98057300428627, 359.980509045301, 359.980509045301, 359.98044817033224, 359.98044817033224, 359.9803795873304, 359.9803795873304, 359.9803249213146, 359.9803249213146, 359.9802685882896, 359.9802685882896, 359.9802102552494, 359.9802102552494, 359.9801615882898, 359.9801615882898, 359.9801058382727, 359.9801058382727, 359.98005517129786, 359.98005517129786, 359.97999812930357, 359.97999812930357, 359.97993667132687, 359.97993667132687, 359.97987792128697], "a_moves_left": [39, 39, 38, 38, 37, 37, 36, 36, 35, 35, 34, 34, 33, 33, 32, 32, 31, 31, 30, 30, 29, 29, 28, 28, 27, 27, 26, 26, 25, 25, 24, 24, 23, 23, 22, 22, 21, 21, 20, 20, 19, 19, 18, 18, 17, 17, 16, 16, 15, 15, 14, 14, 13, 13, 12, 12, 11, 11, 10, 10, 9, 9, 8, 8, 7, 7, 6, 6, 5, 5, 4, 4, 3, 3, 2, 2, 1, 1, 0, 0], "b_moves_left": [40, 39, 39, 38, 38, 37, 37, 36, 36, 35, 35, 34, 34, 33, 33, 32, 32, 31, 31, 30, 30, 29, 29, 28, 28, 27, 27, 26, 26, 25, 25, 24, 24, 23, 23, 22, 22, 21, 21, 20, 20, 19, 19, 18, 18, 17, 17, 16, 16, 15, 15, 14, 14, 13, 13, 12, 12, 11, 11, 10, 10, 9, 9, 8, 8, 7, 7, 6, 6, 5, 5, 4, 4, 3, 3, 2, 2, 1, 1, 0], "trapdoor_triggered": [0, 0, 0, 0, 0, 0, 0, 0, 0, 0, 0, 0, 0, 0, 0, 0, 0, 0, 0, 0, 0, 0, 0, 0, 0, 0, 0, 0, 0, 0, 0, 0, 0, 0, 0, 0, 0, 0, 0, 0, 0, 0, 0, 0, 0, 0, 0, 0, 0, 0, 0, 0, 0, 0, 0, 0, 0, 0, 0, 0, 0, 0, 0, 0, 0, 0, 0, 0, 0, 0, 0, 0, 0, 0, 0, 0, 0, 0, 0, 0], "left_behind": ["egg", "egg", "plain", "turd", "egg", "egg", "plain", "turd", "egg", "plain", "plain", "turd", "egg", "egg", "plain", "turd", "plain", "egg", "plain", "turd", "egg", "egg", "plain", "plain", "egg", "egg", "plain", "plain", "egg", "egg", "plain", "plain", "egg", "egg", "plain", "plain", "egg", "egg", "plain", "plain", "egg", "egg", "plain", "plain", "egg", "egg", "plain", "plain", "egg", "egg", "plain", "plain", "egg", "egg", "plain", "plain", "plain", "plain", "plain", "plain", "egg", "plain", "plain", "plain", "plain", "plain", "plain", "plain", "plain", "plain", "plain", "plain", "plain", "plain", "plain", "plain", "plain", "plain", "plain", "plain"], "errlog_a": "", "errlog_b": "", "start_time": 360, "start_moves": 40, "turn_count": 80, "result": 0, "reason": "EGGS_LAID", "trapdoors": [[3, 5], [3, 2]], "spawn_a": [7, 1], "spawn_b": [0, 1]}