{"pos": [[1, 4], [6, 4], [1, 3], [6, 3], [1, 2], [6, 2], [1, 1], [5, 2], [2, 1], [5, 3], [3, 1], [5, 4], [4, 1], [5, 5], [5, 1], [5, 6], [5, 0], [4, 6], [6, 0], [3, 6], [7, 0], [2, 6], [7, 1], [2, 7], [7, 0], [3, 7], [7, 1], [3, 6], [7, 0], [3, 5], [6, 0], [4, 5], [5, 0], [4, 4], [4, 0], [4, 3], [3, 0], [4, 2], [2, 0], [4, 1], [1, 0], [4, 2], [0, 0], [3, 2], [0, 1], [3, 3], [0, 2], [3, 4], [0, 3], [2, 4], [1, 3], [2, 5], [1, 4], [1, 5], [2, 4], [1, 6], [1, 4], [1, 7], [1, 5], [0, 7], [0, 5], [0, 6], [1, 5], [0, 7], [0, 5], [1, 7], [0, 6], [2, 7], [0, 5], [2, 6], [0, 6], [2, 5], [0, 5], [3, 5], [0, 4], [3, 4], [0, 3], [3, 3], [0, 2], [3, 2]], "a_eggs_laid": [1, 1, 1, 1, 2, 2, 2, 2, 3, 3, 3, 3, 4, 4, 4, 4, 5, 5, 5, 5, 6, 6, 6, 6, 7, 7, 7, 7, 7, 7, 7, 7, 7, 7, 7, 7, 8, 8, 8, 8, 9, 9, 9, 9, 12, 12, 12, 12, 13, 13, 13, 13, 13, 13, 13, 13, 14, 14, 14, 14, 15, 15, 15, 15, 15, 15, 15, 15, 16, 16, 16, 16, 16, 16, 16, 16, 16, 16, 16, 16], "b_eggs_laid": [0, 1, 1, 1, 1, 2, 2, 2, 2, 3, 3, 3, 3, 4, 4, 4, 4, 5, 5, 5, 5, 6, 6, 6, 6, 7, 7, 7, 7, 7, 7, 7, 7, 8, 8, 8, 8, 9, 9, 9, 9, 10, 10, 10, 10, 11, 11, 11, 11, 12, 12, 12, 12, 13, 13, 13, 13, 14, 14, 14, 14, 17, 17, 17, 17, 17, 17, 17, 17, 17, 17, 17, 17, 17, 17, 17, 17, 17, 17, 17], "a_turds_left": [5, 5, 5, 5, 5, 5, 5, 5, 5, 5, 5, 5, 5, 5, 5, 5, 5, 5, 5, 5, 5, 5, 5, 5, 5, 5, 5, 5, 5, 5, 5, 5, 5, 5, 5, 5, 5, 5, 5, 5, 5, 5, 5, 5, 5, 5, 5, 5, 5, 5, 5, 5, 5, 5, 5, 5, 5, 5, 5, 5, 5, 5, 5, 5, 5, 5, 5, 5, 5, 5, 5, 5, 5, 5, 5, 5, 5, 5, 5, 5], "b_turds_left": [5, 5, 5, 4, 4, 4, 4, 3, 3, 3, 3, 2, 2, 2, 2, 1, 1, 1, 1, 0, 0, 0, 0, 0, 0, 0, 0, 0, 0, 0, 0, 0, 0, 0, 0, 0, 0, 0, 0, 0, 0, 0, 0, 0, 0, 0, 0, 0, 0, 0, 0, 0, 0, 0, 0, 0, 0, 0, 0, 0, 0, 0, 0, 0, 0, 0, 0, 0, 0, 0, 0, 0, 0, 0, 0, 0, 0, 0, 0, 0], "a_time_left": [359.9963244589744, 359.9963244589744, 359.99453975097276, 359.99453975097276, 359.9913734179572, 359.9913734179572, 359.98976641794434, 359.98976641794434, 359.98844254296273, 359.98844254296273, 359.9878013349371, 359.9878013349371, 359.9845611679484, 359.9845611679484, 359.9838955019368, 359.9838955019368, 359.98324337694794, 359.98324337694794, 359.9828047109186, 359.9828047109186, 359.9821984199225, 359.9821984199225, 359.98210658691823, 359.98210658691823, 359.9820059199119, 359.9820059199119, 359.9819297948852, 359.9819297948852, 359.98186266986886, 359.98186266986886, 359.9817911698483, 359.9817911698483, 359.9816383778234, 359.9816383778234, 359.98140754480846, 359.98140754480846, 359.9806702527567, 359.9806702527567, 359.9805892948061, 359.9805892948061, 359.9804945028154, 359.9804945028154, 359.9804137108149, 359.9804137108149, 359.98033571080305, 359.98033571080305, 359.9802587518352, 359.9802587518352, 359.9801713768393, 359.9801713768393, 359.9801000438165, 359.9801000438165, 359.97990504384506, 359.97990504384506, 359.97981837781845, 359.97981837781845, 359.9797459198162, 359.9797459198162, 359.97962733678287, 359.97962733678287, 359.97955354477745, 359.97955354477745, 359.97950108675286, 359.97950108675286, 359.9794272527797, 359.9794272527797, 359.97933787776856, 359.97933787776856, 359.9792810867657, 359.9792810867657, 359.9792035037535, 359.9792035037535, 359.97914554475574, 359.97914554475574, 359.9790624617599, 359.9790624617599, 359.97898783680284, 359.97898783680284, 359.97891287878156, 359.97891287878156], "b_time_left": [360, 359.9969449159689, 359.9969449159689, 359.9951360829873, 359.9951360829873, 359.9927327489713, 359.9927327489713, 359.99127058294835, 359.99127058294835, 359.98905483295675, 359.98905483295675, 359.9874555419665, 359.9874555419665, 359.9865476670093, 359.9865476670093, 359.9859680419904, 359.9859680419904, 359.98512354202103, 359.98512354202103, 359.98456808400806, 359.98456808400806, 359.9840832509799, 359.9840832509799, 359.98382025095634, 359.98382025095634, 359.98350512591423, 359.98350512591423, 359.98332129290793, 359.98332129290793, 359.9831166679505, 359.9831166679505, 359.9830350429402, 359.9830350429402, 359.9829350839136, 359.9829350839136, 359.9828566259239, 359.9828566259239, 359.9827550429036, 359.9827550429036, 359.98267704289174, 359.98267704289174, 359.9825985428761, 359.9825985428761, 359.98252429283457, 359.98252429283457, 359.9824320428306, 359.9824320428306, 359.98237554280786, 359.98237554280786, 359.9823005848448, 359.9823005848448, 359.98223937588045, 359.98223937588045, 359.98216225090437, 359.98216225090437, 359.98210462590214, 359.98210462590214, 359.98202604294056, 359.98202604294056, 359.9819736679201, 359.9819736679201, 359.9819092929247, 359.9819092929247, 359.9818595009274, 359.9818595009274, 359.981804375886, 359.981804375886, 359.9817537089111, 359.9817537089111, 359.981694374932, 359.981694374932, 359.9816349999164, 359.9816349999164, 359.9815839579096, 359.9815839579096, 359.9815258748713, 359.9815258748713, 359.9814644998987, 359.9814644998987, 359.9814085419057], "a_moves_left": [39, 39, 38, 38, 37, 37, 36, 36, 35, 35, 34, 34, 33, 33, 32, 32, 31, 31, 30, 30, 29, 29, 28, 28, 27, 27, 26, 26, 25, 25, 24, 24, 23, 23, 22, 22, 21, 21, 20, 20, 19, 19, 18, 18, 17, 17, 16, 16, 15, 15, 14, 14, 13, 13, 12, 12, 11, 11, 10, 10, 9, 9, 8, 8, 7, 7, 6, 6, 5, 5, 4, 4, 3, 3, 2, 2, 1, 1, 0, 0], "b_moves_left": [40, 39, 39, 38, 38, 37, 37, 36, 36, 35, 35, 34, 34, 33, 33, 32, 32, 31, 31, 30, 30, 29, 29, 28, 28, 27, 27, 26, 26, 25, 25, 24, 24, 23, 23, 22, 22, 21, 21, 20, 20, 19, 19, 18, 18, 17, 17, 16, 16, 15, 15, 14, 14, 13, 13, 12, 12, 11, 11, 10, 10, 9, 9, 8, 8, 7, 7, 6, 6, 5, 5, 4, 4, 3, 3, 2, 2, 1, 1, 0], "trapdoor_triggered": [0, 0, 0, 0, 0, 0, 0, 0, 0, 0, 0, 0, 0, 0, 0, 0, 0, 0, 0, 0, 0, 0, 0, 0, 0, 0, 0, 0, 0, 0, 0, 0, 0, 0, 0, 0, 0, 0, 0, 0, 0, 0, 0, 0, 0, 0, 0, 0, 0, 0, 0, 0, 0, 0, 0, 0, 0, 0, 0, 0, 0, 0, 0, 0, 0, 0, 0, 0, 0, 0, 0, 0, 0, 0, 0, 0, 0, 0, 0, 0], "left_behind": ["egg", "egg", "plain", "turd", "egg", "egg", "plain", "turd", "egg", "egg", "plain", "turd", "egg", "egg", "plain", "turd", "egg", "egg", "plain", "turd", "egg", "egg", "plain", "plain", "egg", "egg", "plain", "plain", "plain", "plain", "plain", "plain", "plain", "egg", "plain", "plain", "egg", "egg", "plain", "plain", "egg", "egg", "plain", "plain", "egg", "egg", "plain", "plain", "egg", "egg", "plain", "plain", "plain", "egg", "plain", "plain", "egg", "egg", "plain", "plain", "egg", "egg", "plain", "plain", "plain", "plain", "plain", "plain", "egg", "plain", "plain", "plain", "plain", "plain", "plain", "plain", "plain", "plain", "plain", "plain"], "errlog_a": "", "errlog_b": "", "start_time": 360, "start_moves": 40, "turn_count": 80, "result": 1, "reason": "EGGS_LAID", "trapdoors": [[2, 2], [2, 3]], "spawn_a": [0, 4], "spawn_b": [7, 4]}