{"pos": [[6, 1], [1, 1], [5, 1], [2, 1], [4, 1], [3, 1], [4, 0], [3, 2], [5, 0], [3, 1], [6, 0], [4, 1], [7, 0], [4, 2], [7, 1], [5, 2], [7, 2], [5, 3], [6, 2], [5, 4], [6, 1], [4, 4], [6, 2], [4, 5], [7, 2], [5, 5], [7, 3], [5, 6], [7, 4], [4, 6], [6, 4], [4, 7], [6, 5], [5, 7], [6, 6], [4, 7], [7, 6], [3, 7], [7, 7], [3, 6], [6, 7], [3, 5], [5, 7], [2, 5], [6, 7], [2, 4], [6, 6], [2, 3], [6, 5], [1, 3], [7, 5], [1, 2], [7, 4], [0, 2], [6, 4], [0, 3], [6, 5], [0, 4], [5, 5], [1, 4], [6, 5], [1, 5], [5, 5], [1, 6], [6, 5], [2, 6], [7, 5], [2, 7], [7, 6], [1, 7], [7, 7], [0, 7], [7, 6], [0, 6], [6, 6], [0, 5], [6, 7], [0, 4], [5, 7], [0, 3]], "a_eggs_laid": [1, 1, 1, 1, 2, 2, 2, 2, 3, 3, 3, 3, 4, 4, 4, 4, 4, 4, 4, 4, 5, 5, 5, 5, 5, 5, 5, 5, 6, 6, 6, 6, 7, 7, 7, 7, 8, 8, 8, 8, 11, 11, 11, 11, 12, 12, 12, 12, 12, 12, 12, 12, 13, 13, 13, 13, 13, 13, 13, 13, 14, 14, 14, 14, 14, 14, 14, 14, 14, 14, 14, 14, 14, 14, 14, 14, 14, 14, 14, 14], "b_eggs_laid": [0, 1, 1, 1, 1, 2, 2, 2, 2, 3, 3, 3, 3, 4, 4, 4, 4, 5, 5, 5, 5, 6, 6, 6, 6, 7, 7, 7, 7, 8, 8, 8, 8, 9, 9, 9, 9, 9, 9, 9, 9, 10, 10, 10, 10, 11, 11, 11, 11, 12, 12, 12, 12, 13, 13, 13, 13, 14, 14, 14, 14, 15, 15, 15, 15, 16, 16, 16, 16, 17, 17, 17, 17, 20, 20, 20, 20, 21, 21, 21], "a_turds_left": [5, 5, 5, 5, 5, 5, 5, 5, 5, 5, 5, 5, 5, 5, 5, 5, 5, 5, 5, 5, 5, 5, 5, 5, 5, 5, 5, 5, 5, 5, 5, 5, 5, 5, 5, 5, 5, 5, 5, 5, 5, 5, 5, 5, 5, 5, 5, 5, 5, 5, 5, 5, 5, 5, 5, 5, 5, 5, 5, 5, 5, 5, 5, 5, 5, 5, 5, 5, 5, 5, 5, 5, 5, 5, 5, 5, 5, 5, 5, 5], "b_turds_left": [5, 5, 5, 4, 4, 4, 4, 3, 3, 3, 3, 3, 3, 3, 3, 2, 2, 2, 2, 1, 1, 1, 1, 0, 0, 0, 0, 0, 0, 0, 0, 0, 0, 0, 0, 0, 0, 0, 0, 0, 0, 0, 0, 0, 0, 0, 0, 0, 0, 0, 0, 0, 0, 0, 0, 0, 0, 0, 0, 0, 0, 0, 0, 0, 0, 0, 0, 0, 0, 0, 0, 0, 0, 0, 0, 0, 0, 0, 0, 0], "a_time_left": [359.99622958299005, 359.99622958299005, 359.9943254989921, 359.9943254989921, 359.99118983303197, 359.99118983303197, 359.9908614580054, 359.9908614580054, 359.9904659999884, 359.9904659999884, 359.9901702500065, 359.9901702500065, 359.98922920797486, 359.98922920797486, 359.9889635829604, 359.9889635829604, 359.988225832989, 359.988225832989, 359.987731790985, 359.987731790985, 359.9870430830051, 359.9870430830051, 359.9869197490043, 359.9869197490043, 359.98671229102183, 359.98671229102183, 359.9864176240517, 359.9864176240517, 359.9848059990909, 359.9848059990909, 359.9843392490875, 359.9843392490875, 359.98404583212687, 359.98404583212687, 359.98380754113896, 359.98380754113896, 359.9836935001658, 359.9836935001658, 359.98360283416696, 359.98360283416696, 359.98350945912534, 359.98350945912534, 359.98341829312267, 359.98341829312267, 359.98333671013825, 359.98333671013825, 359.98324333515484, 359.98324333515484, 359.9831210441189, 359.9831210441189, 359.9829589611036, 359.9829589611036, 359.98285879410105, 359.98285879410105, 359.98276683612494, 359.98276683612494, 359.98267566913273, 359.98267566913273, 359.98255837813485, 359.98255837813485, 359.9824833361199, 359.9824833361199, 359.9823768771603, 359.9823768771603, 359.9822995431605, 359.9822995431605, 359.98219575115945, 359.98219575115945, 359.982100584195, 359.982100584195, 359.98201245919336, 359.98201245919336, 359.98192837520037, 359.98192837520037, 359.98183687520213, 359.98183687520213, 359.98174091719557, 359.98174091719557, 359.9816497511929, 359.9816497511929], "b_time_left": [360, 359.99705112498486, 359.99705112498486, 359.99534616596065, 359.99534616596065, 359.99438266595826, 359.99438266595826, 359.99380008294247, 359.99380008294247, 359.9929660829366, 359.9929660829366, 359.9926777079236, 359.9926777079236, 359.99169579090085, 359.99169579090085, 359.9903575408971, 359.9903575408971, 359.9889573319233, 359.9889573319233, 359.98842370690545, 359.98842370690545, 359.9876965819276, 359.9876965819276, 359.98629045690177, 359.98629045690177, 359.9857712899102, 359.9857712899102, 359.9855383738759, 359.9855383738759, 359.98513487383025, 359.98513487383025, 359.98506491584703, 359.98506491584703, 359.98498883179855, 359.98498883179855, 359.9849314567982, 359.9849314567982, 359.98486908181803, 359.98486908181803, 359.98481666482985, 359.98481666482985, 359.98473808181006, 359.98473808181006, 359.98467683180934, 359.98467683180934, 359.9845984147978, 359.9845984147978, 359.9845392057905, 359.9845392057905, 359.9844574978342, 359.9844574978342, 359.98440166487126, 359.98440166487126, 359.98431595688453, 359.98431595688453, 359.98425628984114, 359.98425628984114, 359.98418420681264, 359.98418420681264, 359.984129248769, 359.984129248769, 359.9840513317613, 359.9840513317613, 359.9839928317233, 359.9839928317233, 359.98391483171145, 359.98391483171145, 359.9838571237051, 359.9838571237051, 359.98378999868874, 359.98378999868874, 359.98373704066034, 359.98373704066034, 359.9836588326725, 359.9836588326725, 359.9836044156691, 359.9836044156691, 359.9835344576859, 359.9835344576859, 359.9834814576898], "a_moves_left": [39, 39, 38, 38, 37, 37, 36, 36, 35, 35, 34, 34, 33, 33, 32, 32, 31, 31, 30, 30, 29, 29, 28, 28, 27, 27, 26, 26, 25, 25, 24, 24, 23, 23, 22, 22, 21, 21, 20, 20, 19, 19, 18, 18, 17, 17, 16, 16, 15, 15, 14, 14, 13, 13, 12, 12, 11, 11, 10, 10, 9, 9, 8, 8, 7, 7, 6, 6, 5, 5, 4, 4, 3, 3, 2, 2, 1, 1, 0, 0], "b_moves_left": [40, 39, 39, 38, 38, 37, 37, 36, 36, 35, 35, 34, 34, 33, 33, 32, 32, 31, 31, 30, 30, 29, 29, 28, 28, 27, 27, 26, 26, 25, 25, 24, 24, 23, 23, 22, 22, 21, 21, 20, 20, 19, 19, 18, 18, 17, 17, 16, 16, 15, 15, 14, 14, 13, 13, 12, 12, 11, 11, 10, 10, 9, 9, 8, 8, 7, 7, 6, 6, 5, 5, 4, 4, 3, 3, 2, 2, 1, 1, 0], "trapdoor_triggered": [0, 0, 0, 0, 0, 0, 0, 0, 0, 0, 0, 0, 0, 0, 0, 0, 0, 0, 0, 0, 0, 0, 0, 0, 0, 0, 0, 0, 0, 0, 0, 0, 0, 0, 0, 0, 0, 0, 0, 0, 0, 0, 0, 0, 0, 0, 0, 0, 0, 0, 0, 0, 0, 0, 0, 0, 0, 0, 0, 0, 0, 0, 0, 0, 0, 0, 0, 0, 0, 0, 0, 0, 0, 0, 0, 0, 0, 0, 0, 0], "left_behind": ["egg", "egg", "plain", "turd", "egg", "egg", "plain", "turd", "egg", "egg", "plain", "plain", "egg", "egg", "plain", "turd", "plain", "egg", "plain", "turd", "egg", "egg", "plain", "turd", "plain", "egg", "plain", "plain", "egg", "egg", "plain", "plain", "egg", "egg", "plain", "plain", "egg", "plain", "plain", "plain", "egg", "egg", "plain", "plain", "egg", "egg", "plain", "plain", "plain", "egg", "plain", "plain", "egg", "egg", "plain", "plain", "plain", "egg", "plain", "plain", "egg", "egg", "plain", "plain", "plain", "egg", "plain", "plain", "plain", "egg", "plain", "plain", "plain", "egg", "plain", "plain", "plain", "egg", "plain", "plain"], "errlog_a": "", "errlog_b": "", "start_time": 360, "start_moves": 40, "turn_count": 80, "result": 1, "reason": "EGGS_LAID", "trapdoors": [[3, 3], [4, 3]], "spawn_a": [7, 1], "spawn_b": [0, 1]}