{"pos": [[6, 3], [1, 3], [6, 2], [1, 2], [7, 2], [1, 1], [7, 1], [2, 1], [6, 1], [3, 1], [5, 1], [4, 1], [5, 0], [4, 2], [4, 0], [4, 1], [3, 0], [3, 1], [2, 0], [3, 0], [1, 0], [3, 1], [1, 1], [3, 2], [0, 1], [3, 3], [0, 2], [2, 3], [0, 1], [2, 2], [0, 0], [1, 2], [1, 0], [1, 3], [1, 1], [1, 4], [1, 0], [1, 5], [2, 0], [2, 5], [1, 0], [3, 5], [0, 0], [3, 4], [0, 1], [4, 4], [0, 2], [5, 4], [0, 1], [5, 3], [1, 1], [6, 3], [1, 0], [6, 4], [2, 0], [6, 5], [1, 0], [6, 6], [0, 0], [5, 6], [0, 1], [5, 5], [0, 2], [4, 5], [0, 1], [4, 6], [1, 1], [3, 6], [1, 0], [2, 6], [2, 0], [1, 6], [1, 0], [1, 7], [0, 0], [2, 7], [0, 1], [3, 7], [0, 2], [4, 7]], "a_eggs_laid": [1, 1, 1, 1, 2, 2, 2, 2, 3, 3, 3, 3, 4, 4, 4, 4, 5, 5, 5, 5, 6, 6, 6, 6, 7, 7, 7, 7, 8, 8, 8, 8, 11, 11, 11, 11, 11, 11, 11, 11, 11, 11, 11, 11, 11, 11, 11, 11, 11, 11, 11, 11, 11, 11, 11, 11, 11, 11, 11, 11, 11, 11, 11, 11, 11, 11, 11, 11, 11, 11, 11, 11, 11, 11, 11, 11, 11, 11, 11, 11], "b_eggs_laid": [0, 1, 1, 1, 1, 2, 2, 2, 2, 3, 3, 3, 3, 4, 4, 4, 4, 4, 4, 4, 4, 5, 5, 5, 5, 6, 6, 6, 6, 7, 7, 7, 7, 7, 7, 7, 7, 8, 8, 8, 8, 9, 9, 9, 9, 10, 10, 10, 10, 11, 11, 11, 11, 12, 12, 12, 12, 13, 13, 13, 13, 14, 14, 14, 14, 15, 15, 15, 15, 16, 16, 16, 16, 17, 17, 17, 17, 18, 18, 18], "a_turds_left": [5, 5, 5, 5, 5, 5, 5, 5, 5, 5, 5, 5, 5, 5, 5, 5, 5, 5, 5, 5, 5, 5, 5, 5, 5, 5, 5, 5, 5, 5, 5, 5, 5, 5, 5, 5, 5, 5, 5, 5, 5, 5, 5, 5, 5, 5, 5, 5, 5, 5, 5, 5, 5, 5, 5, 5, 5, 5, 5, 5, 5, 5, 5, 5, 5, 5, 5, 5, 5, 5, 5, 5, 5, 5, 5, 5, 5, 5, 5, 5], "b_turds_left": [5, 5, 5, 5, 5, 5, 5, 5, 5, 5, 5, 5, 5, 5, 5, 5, 5, 5, 5, 5, 5, 5, 5, 5, 5, 5, 5, 5, 5, 5, 5, 5, 5, 5, 5, 5, 5, 5, 5, 5, 5, 5, 5, 5, 5, 5, 5, 5, 5, 5, 5, 5, 5, 5, 5, 5, 5, 5, 5, 5, 5, 5, 5, 5, 5, 5, 5, 5, 5, 5, 5, 5, 5, 5, 5, 5, 5, 5, 5, 5], "a_time_left": [359.99633691704366, 359.99633691704366, 359.9945614170865, 359.9945614170865, 359.99141754209995, 359.99141754209995, 359.99067891715094, 359.99067891715094, 359.98832583311014, 359.98832583311014, 359.98665037512546, 359.98665037512546, 359.984964625095, 359.984964625095, 359.9844613330788, 359.9844613330788, 359.98403316608164, 359.98403316608164, 359.9839399990742, 359.9839399990742, 359.9838347490877, 359.9838347490877, 359.98368079104694, 359.98368079104694, 359.9834962080349, 359.9834962080349, 359.98335554107325, 359.98335554107325, 359.9832870000391, 359.9832870000391, 359.9831853340147, 359.9831853340147, 359.983101625985, 359.983101625985, 359.98301395995077, 359.98301395995077, 359.9829250849434, 359.9829250849434, 359.982841334946, 359.982841334946, 359.9827755429433, 359.9827755429433, 359.98269254295155, 359.98269254295155, 359.98261787591036, 359.98261787591036, 359.9825234589516, 359.9825234589516, 359.9824573759688, 359.9824573759688, 359.98237212595996, 359.98237212595996, 359.982293667912, 359.982293667912, 359.98220250190934, 359.98220250190934, 359.98213866888545, 359.98213866888545, 359.9820509189158, 359.9820509189158, 359.9819750439492, 359.9819750439492, 359.9818872519536, 359.9818872519536, 359.9818171269726, 359.9818171269726, 359.9817303769523, 359.9817303769523, 359.98165275197243, 359.98165275197243, 359.9815613349783, 359.9815613349783, 359.98149221000494, 359.98149221000494, 359.9814033759758, 359.9814033759758, 359.9813288759906, 359.9813288759906, 359.9812447100412, 359.9812447100412], "b_time_left": [360, 359.99799400003394, 359.99799400003394, 359.9959115830716, 359.9959115830716, 359.99248195806285, 359.99248195806285, 359.99081295804353, 359.99081295804353, 359.9884331660578, 359.9884331660578, 359.9866335830302, 359.9866335830302, 359.9856890410301, 359.9856890410301, 359.9855820820667, 359.9855820820667, 359.98550987406634, 359.98550987406634, 359.98542112408904, 359.98542112408904, 359.9853572900756, 359.9853572900756, 359.9852694570436, 359.9852694570436, 359.98516137403203, 359.98516137403203, 359.9850671660388, 359.9850671660388, 359.98496504104696, 359.98496504104696, 359.9848537070211, 359.9848537070211, 359.98478591500316, 359.98478591500316, 359.98469979001675, 359.98469979001675, 359.98459070606623, 359.98459070606623, 359.98450249707093, 359.98450249707093, 359.98439295508433, 359.98439295508433, 359.98431145510403, 359.98431145510403, 359.984216747107, 359.984216747107, 359.9841362060979, 359.9841362060979, 359.98403641511686, 359.98403641511686, 359.98395470611285, 359.98395470611285, 359.9838803310995, 359.9838803310995, 359.98379966511857, 359.98379966511857, 359.9836961651454, 359.9836961651454, 359.9836171231582, 359.9836171231582, 359.9835231231991, 359.9835231231991, 359.9834442072315, 359.9834442072315, 359.98334512423025, 359.98334512423025, 359.983265083225, 359.983265083225, 359.98317062522983, 359.98317062522983, 359.98309300019173, 359.98309300019173, 359.98299000016414, 359.98299000016414, 359.98291845817585, 359.98291845817585, 359.98283258313313, 359.98283258313313, 359.9827601661673], "a_moves_left": [39, 39, 38, 38, 37, 37, 36, 36, 35, 35, 34, 34, 33, 33, 32, 32, 31, 31, 30, 30, 29, 29, 28, 28, 27, 27, 26, 26, 25, 25, 24, 24, 23, 23, 22, 22, 21, 21, 20, 20, 19, 19, 18, 18, 17, 17, 16, 16, 15, 15, 14, 14, 13, 13, 12, 12, 11, 11, 10, 10, 9, 9, 8, 8, 7, 7, 6, 6, 5, 5, 4, 4, 3, 3, 2, 2, 1, 1, 0, 0], "b_moves_left": [40, 39, 39, 38, 38, 37, 37, 36, 36, 35, 35, 34, 34, 33, 33, 32, 32, 31, 31, 30, 30, 29, 29, 28, 28, 27, 27, 26, 26, 25, 25, 24, 24, 23, 23, 22, 22, 21, 21, 20, 20, 19, 19, 18, 18, 17, 17, 16, 16, 15, 15, 14, 14, 13, 13, 12, 12, 11, 11, 10, 10, 9, 9, 8, 8, 7, 7, 6, 6, 5, 5, 4, 4, 3, 3, 2, 2, 1, 1, 0], "trapdoor_triggered": [0, 0, 0, 0, 0, 0, 0, 0, 0, 0, 0, 0, 0, 0, 0, 0, 0, 0, 0, 0, 0, 0, 0, 0, 0, 0, 0, 0, 0, 0, 0, 0, 0, 0, 0, 0, 0, 0, 0, 0, 0, 0, 0, 0, 0, 0, 0, 0, 0, 0, 0, 0, 0, 0, 0, 0, 0, 0, 0, 0, 0, 0, 0, 0, 0, 0, 0, 0, 0, 0, 0, 0, 0, 0, 0, 0, 0, 0, 0, 0], "left_behind": ["egg", "egg", "plain", "plain", "egg", "egg", "plain", "plain", "egg", "egg", "plain", "plain", "egg", "egg", "plain", "plain", "egg", "plain", "plain", "plain", "egg", "egg", "plain", "plain", "egg", "egg", "plain", "plain", "egg", "egg", "plain", "plain", "egg", "plain", "plain", "plain", "plain", "egg", "plain", "plain", "plain", "egg", "plain", "plain", "plain", "egg", "plain", "plain", "plain", "egg", "plain", "plain", "plain", "egg", "plain", "plain", "plain", "egg", "plain", "plain", "plain", "egg", "plain", "plain", "plain", "egg", "plain", "plain", "plain", "egg", "plain", "plain", "plain", "egg", "plain", "plain", "plain", "egg", "plain", "plain"], "errlog_a": "", "errlog_b": "", "start_time": 360, "start_moves": 40, "turn_count": 80, "result": 1, "reason": "EGGS_LAID", "trapdoors": [[2, 4], [5, 2]], "spawn_a": [7, 3], "spawn_b": [0, 3]}