{"pos": [[1, 6], [6, 6], [2, 6], [5, 6], [3, 6], [5, 7], [4, 6], [4, 7], [3, 6], [3, 7], [3, 5], [3, 6], [2, 5], [3, 7], [1, 5], [2, 7], [1, 4], [1, 7], [1, 3], [1, 6], [1, 2], [1, 7], [1, 1], [0, 7], [2, 1], [1, 7], [3, 1], [1, 6], [4, 1], [1, 7], [5, 1], [2, 7], [6, 1], [3, 7], [6, 2], [3, 6], [6, 3], [3, 7], [6, 4], [4, 7], [6, 5], [5, 7], [6, 6], [6, 7], [6, 5], [7, 7], [7, 5], [7, 6], [7, 4], [7, 7], [7, 3], [6, 7], [7, 2], [5, 7], [7, 1], [5, 6], [7, 0], [5, 5], [6, 0], [6, 5], [5, 0], [5, 5], [4, 0], [4, 5], [3, 0], [4, 4], [2, 0], [5, 4], [1, 0], [4, 4], [0, 0], [4, 5], [0, 1], [4, 4], [0, 2], [5, 4], [0, 3], [7, 6], [0, 4], [7, 7]], "a_eggs_laid": [1, 1, 1, 1, 2, 2, 2, 2, 3, 3, 3, 3, 4, 4, 4, 4, 5, 5, 5, 5, 6, 6, 6, 6, 7, 7, 7, 7, 8, 8, 8, 8, 9, 9, 9, 9, 10, 10, 10, 10, 11, 11, 11, 11, 12, 12, 12, 12, 13, 13, 13, 13, 14, 14, 14, 14, 15, 15, 15, 15, 16, 16, 16, 16, 17, 17, 17, 17, 18, 18, 18, 18, 21, 21, 21, 21, 22, 22, 26, 26], "b_eggs_laid": [0, 1, 1, 1, 1, 2, 2, 2, 2, 3, 3, 3, 3, 4, 4, 4, 4, 5, 5, 5, 5, 6, 6, 6, 6, 9, 9, 9, 9, 9, 9, 9, 9, 9, 9, 9, 9, 9, 9, 9, 9, 9, 9, 9, 9, 10, 10, 10, 10, 10, 10, 10, 10, 10, 10, 10, 10, 10, 10, 10, 10, 11, 11, 11, 11, 12, 12, 12, 12, 13, 13, 13, 13, 13, 13, 13, 13, 13, 13, 13], "a_turds_left": [5, 5, 5, 5, 5, 5, 5, 5, 5, 5, 5, 5, 5, 5, 5, 5, 5, 5, 5, 5, 5, 5, 5, 5, 5, 5, 5, 5, 5, 5, 5, 5, 5, 5, 5, 5, 5, 5, 5, 5, 5, 5, 5, 5, 5, 5, 5, 5, 5, 5, 5, 5, 5, 5, 5, 5, 5, 5, 5, 5, 5, 5, 5, 5, 5, 5, 5, 5, 5, 5, 5, 5, 5, 5, 5, 5, 5, 5, 5, 5], "b_turds_left": [5, 5, 5, 5, 5, 5, 5, 5, 5, 5, 5, 5, 5, 5, 5, 5, 5, 5, 5, 5, 5, 5, 5, 5, 5, 5, 5, 5, 5, 5, 5, 5, 5, 5, 5, 5, 5, 5, 5, 5, 5, 5, 5, 5, 5, 5, 5, 5, 5, 5, 5, 5, 5, 5, 5, 5, 5, 5, 5, 5, 5, 5, 5, 5, 5, 5, 5, 5, 5, 5, 5, 5, 5, 5, 5, 5, 5, 5, 5, 5], "a_time_left": [359.9963911669911, 359.9963911669911, 359.9946725000045, 359.9946725000045, 359.9915383749758, 359.9915383749758, 359.9897992499755, 359.9897992499755, 359.9885833749431, 359.9885833749431, 359.9883497089613, 359.9883497089613, 359.9866236669477, 359.9866236669477, 359.98611683398485, 359.98611683398485, 359.98492966697086, 359.98492966697086, 359.98427791695576, 359.98427791695576, 359.9831392499618, 359.9831392499618, 359.98249908396974, 359.98249908396974, 359.9813449179637, 359.9813449179637, 359.98075850197347, 359.98075850197347, 359.97970258496935, 359.97970258496935, 359.9796072929166, 359.9796072929166, 359.9794957928825, 359.9794957928825, 359.97940662689507, 359.97940662689507, 359.97930425190134, 359.97930425190134, 359.9792202928802, 359.9792202928802, 359.9791218339233, 359.9791218339233, 359.97903954191133, 359.97903954191133, 359.97898612491554, 359.97898612491554, 359.9785724589019, 359.9785724589019, 359.97850141790695, 359.97850141790695, 359.97842766792746, 359.97842766792746, 359.9783392929239, 359.9783392929239, 359.97826654289383, 359.97826654289383, 359.9781825428945, 359.9781825428945, 359.97811929293675, 359.97811929293675, 359.97803241794463, 359.97803241794463, 359.97795704298187, 359.97795704298187, 359.977868751972, 359.977868751972, 359.9777952519944, 359.9777952519944, 359.9777076689643, 359.9777076689643, 359.9776380439871, 359.9776380439871, 359.97756921098335, 359.97756921098335, 359.97749741899315, 359.97749741899315, 359.97741616901476, 359.97741616901476, 359.9773444190505, 359.9773444190505], "b_time_left": [360, 359.9965770000126, 359.9965770000126, 359.994756042026, 359.994756042026, 359.9914261670201, 359.9914261670201, 359.9901734170271, 359.9901734170271, 359.98835900000995, 359.98835900000995, 359.98785045801196, 359.98785045801196, 359.9874606250087, 359.9874606250087, 359.9873080420075, 359.9873080420075, 359.9871898749843, 359.9871898749843, 359.9870797090116, 359.9870797090116, 359.98698404303286, 359.98698404303286, 359.9866790850647, 359.9866790850647, 359.986581710109, 359.986581710109, 359.9864766681567, 359.9864766681567, 359.9863965851255, 359.9863965851255, 359.9862877940759, 359.9862877940759, 359.986201460124, 359.986201460124, 359.9861000851379, 359.9861000851379, 359.9860198761453, 359.9860198761453, 359.98591791815124, 359.98591791815124, 359.98582604312105, 359.98582604312105, 359.9857285011094, 359.9857285011094, 359.9856277091312, 359.9856277091312, 359.98554141813656, 359.98554141813656, 359.9854594601784, 359.9854594601784, 359.98536729317857, 359.98536729317857, 359.9852778771892, 359.9852778771892, 359.9851780862082, 359.9851780862082, 359.9850910442183, 359.9850910442183, 359.98498308623675, 359.98498308623675, 359.98489316925406, 359.98489316925406, 359.9847837112611, 359.9847837112611, 359.9846842112602, 359.9846842112602, 359.9845756282448, 359.9845756282448, 359.98446846124716, 359.98446846124716, 359.9843597942381, 359.9843597942381, 359.98429125221446, 359.98429125221446, 359.98420225223526, 359.98420225223526, 359.9841295852093, 359.9841295852093, 359.9840712932637], "a_moves_left": [39, 39, 38, 38, 37, 37, 36, 36, 35, 35, 34, 34, 33, 33, 32, 32, 31, 31, 30, 30, 29, 29, 28, 28, 27, 27, 26, 26, 25, 25, 24, 24, 23, 23, 22, 22, 21, 21, 20, 20, 19, 19, 18, 18, 17, 17, 16, 16, 15, 15, 14, 14, 13, 13, 12, 12, 11, 11, 10, 10, 9, 9, 8, 8, 7, 7, 6, 6, 5, 5, 4, 4, 3, 3, 2, 2, 1, 1, 0, 0], "b_moves_left": [40, 39, 39, 38, 38, 37, 37, 36, 36, 35, 35, 34, 34, 33, 33, 32, 32, 31, 31, 30, 30, 29, 29, 28, 28, 27, 27, 26, 26, 25, 25, 24, 24, 23, 23, 22, 22, 21, 21, 20, 20, 19, 19, 18, 18, 17, 17, 16, 16, 15, 15, 14, 14, 13, 13, 12, 12, 11, 11, 10, 10, 9, 9, 8, 8, 7, 7, 6, 6, 5, 5, 4, 4, 3, 3, 2, 2, 1, 1, 0], "trapdoor_triggered": [0, 0, 0, 0, 0, 0, 0, 0, 0, 0, 0, 0, 0, 0, 0, 0, 0, 0, 0, 0, 0, 0, 0, 0, 0, 0, 0, 0, 0, 0, 0, 0, 0, 0, 0, 0, 0, 0, 0, 0, 0, 0, 0, 0, 0, 0, 0, 0, 0, 0, 0, 0, 0, 0, 0, 0, 0, 0, 0, 0, 0, 0, 0, 0, 0, 0, 0, 0, 0, 0, 0, 0, 0, 0, 0, 0, 0, 1, 0, 0], "left_behind": ["egg", "egg", "plain", "plain", "egg", "egg", "plain", "plain", "egg", "egg", "plain", "plain", "egg", "egg", "plain", "plain", "egg", "egg", "plain", "plain", "egg", "egg", "plain", "plain", "egg", "egg", "plain", "plain", "egg", "plain", "plain", "plain", "egg", "plain", "plain", "plain", "egg", "plain", "plain", "plain", "egg", "plain", "plain", "plain", "egg", "egg", "plain", "plain", "egg", "plain", "plain", "plain", "egg", "plain", "plain", "plain", "egg", "plain", "plain", "plain", "egg", "egg", "plain", "plain", "egg", "egg", "plain", "plain", "egg", "egg", "plain", "plain", "egg", "plain", "plain", "plain", "egg", "plain", "plain", "plain"], "errlog_a": "", "errlog_b": "", "start_time": 360, "start_moves": 40, "turn_count": 80, "result": 0, "reason": "EGGS_LAID", "trapdoors": [[5, 3], [3, 2]], "spawn_a": [0, 6], "spawn_b": [7, 6]}