{"pos": [[6, 5], [1, 5], [6, 4], [1, 4], [6, 3], [1, 3], [6, 2], [1, 2], [6, 1], [2, 2], [5, 1], [2, 3], [4, 1], [2, 4], [3, 1], [2, 5], [3, 0], [2, 6], [4, 0], [3, 6], [5, 0], [4, 6], [6, 0], [5, 6], [7, 0], [5, 5], [7, 1], [6, 5], [7, 2], [6, 6], [7, 3], [6, 7], [7, 4], [7, 7], [7, 5], [6, 7], [7, 6], [5, 7], [6, 6], [4, 7], [7, 6], [3, 7], [7, 7], [2, 7], [7, 6], [1, 7], [6, 6], [1, 6], [7, 6], [0, 6], [7, 7], [0, 7], [7, 6], [0, 6], [6, 6], [0, 5], [7, 6], [0, 4], [7, 5], [0, 3], [7, 4], [0, 2], [6, 4], [0, 1], [5, 4], [0, 0], [5, 3], [1, 0], [4, 3], [2, 0], [3, 3], [2, 1], [4, 3], [1, 1], [4, 4], [1, 0], [4, 5], [2, 0], [5, 5], [3, 0]], "a_eggs_laid": [1, 1, 1, 1, 2, 2, 2, 2, 3, 3, 3, 3, 4, 4, 4, 4, 5, 5, 5, 5, 6, 6, 6, 6, 7, 7, 7, 7, 8, 8, 8, 8, 9, 9, 9, 9, 9, 9, 9, 9, 10, 10, 10, 10, 13, 13, 13, 13, 13, 13, 13, 13, 13, 13, 13, 13, 13, 13, 13, 13, 13, 13, 13, 13, 13, 13, 13, 13, 14, 14, 14, 14, 15, 15, 15, 15, 16, 16, 16, 16], "b_eggs_laid": [0, 1, 1, 1, 1, 2, 2, 2, 2, 3, 3, 3, 3, 4, 4, 4, 4, 5, 5, 5, 5, 6, 6, 6, 6, 7, 7, 7, 7, 8, 8, 8, 8, 9, 9, 9, 9, 9, 9, 9, 9, 10, 10, 10, 10, 11, 11, 11, 11, 12, 12, 12, 12, 15, 15, 15, 15, 15, 15, 15, 15, 16, 16, 16, 16, 17, 17, 17, 17, 18, 18, 18, 18, 19, 19, 19, 19, 19, 19, 19], "a_turds_left": [5, 5, 5, 5, 5, 5, 5, 5, 5, 5, 5, 5, 5, 5, 5, 5, 5, 5, 5, 5, 5, 5, 5, 5, 5, 5, 5, 5, 5, 5, 5, 5, 5, 5, 5, 5, 5, 5, 5, 5, 5, 5, 5, 5, 5, 5, 5, 5, 5, 5, 5, 5, 5, 5, 5, 5, 5, 5, 5, 5, 5, 5, 5, 5, 5, 5, 5, 5, 5, 5, 5, 5, 5, 5, 5, 5, 5, 5, 5, 5], "b_turds_left": [5, 5, 5, 4, 4, 4, 4, 3, 3, 3, 3, 2, 2, 2, 2, 1, 1, 1, 1, 0, 0, 0, 0, 0, 0, 0, 0, 0, 0, 0, 0, 0, 0, 0, 0, 0, 0, 0, 0, 0, 0, 0, 0, 0, 0, 0, 0, 0, 0, 0, 0, 0, 0, 0, 0, 0, 0, 0, 0, 0, 0, 0, 0, 0, 0, 0, 0, 0, 0, 0, 0, 0, 0, 0, 0, 0, 0, 0, 0, 0], "a_time_left": [359.99629516602727, 359.99629516602727, 359.994609291025, 359.994609291025, 359.99122512503527, 359.99122512503527, 359.98951058404054, 359.98951058404054, 359.98826675105374, 359.98826675105374, 359.98760141810635, 359.98760141810635, 359.98598637612304, 359.98598637612304, 359.983856626146, 359.983856626146, 359.9830662511522, 359.9830662511522, 359.98257446015486, 359.98257446015486, 359.9816705851699, 359.9816705851699, 359.9814144182019, 359.9814144182019, 359.9806192521937, 359.9806192521937, 359.98040016921004, 359.98040016921004, 359.9803082522121, 359.9803082522121, 359.9802348772064, 359.9802348772064, 359.9801522102207, 359.9801522102207, 359.9800815852359, 359.9800815852359, 359.98000987718115, 359.98000987718115, 359.9799247101764, 359.9799247101764, 359.97986504319124, 359.97986504319124, 359.97977533523226, 359.97977533523226, 359.9797144602635, 359.9797144602635, 359.97963862726465, 359.97963862726465, 359.97958300227765, 359.97958300227765, 359.97951266833115, 359.97951266833115, 359.9794559593429, 359.9794559593429, 359.9793797923485, 359.9793797923485, 359.97932670934824, 359.97932670934824, 359.979254792328, 359.979254792328, 359.97919254237786, 359.97919254237786, 359.97912170836935, 359.97912170836935, 359.9789704163559, 359.9789704163559, 359.9788889583433, 359.9788889583433, 359.978788083361, 359.978788083361, 359.9787065423443, 359.9787065423443, 359.9786427093204, 359.9786427093204, 359.97842758428305, 359.97842758428305, 359.97834120929474, 359.97834120929474, 359.97826145926956, 359.97826145926956], "b_time_left": [360, 359.99793066695565, 359.99793066695565, 359.9960845009773, 359.9960845009773, 359.99340787599795, 359.99340787599795, 359.99163350096205, 359.99163350096205, 359.98993616795633, 359.98993616795633, 359.98920675192494, 359.98920675192494, 359.9882905429113, 359.9882905429113, 359.98435616790084, 359.98435616790084, 359.98342387686716, 359.98342387686716, 359.98284950183006, 359.98284950183006, 359.9823833348346, 359.9823833348346, 359.98211262683617, 359.98211262683617, 359.98168233584147, 359.98168233584147, 359.98145008581923, 359.98145008581923, 359.9813712108298, 359.9813712108298, 359.9813010857906, 359.9813010857906, 359.98121675278526, 359.98121675278526, 359.98113883577753, 359.98113883577753, 359.9810580027988, 359.9810580027988, 359.9809918777901, 359.9809918777901, 359.9809135447722, 359.9809135447722, 359.9808452947764, 359.9808452947764, 359.98076271178434, 359.98076271178434, 359.980698294763, 359.980698294763, 359.9806092107319, 359.9806092107319, 359.98054566874634, 359.98054566874634, 359.9804707937874, 359.9804707937874, 359.9803949187626, 359.9803949187626, 359.98031887674006, 359.98031887674006, 359.98024700174574, 359.98024700174574, 359.98017062671715, 359.98017062671715, 359.98010725167114, 359.98010725167114, 359.9800282936776, 359.9800282936776, 359.9799683766905, 359.9799683766905, 359.97989350167336, 359.97989350167336, 359.9798315856606, 359.9798315856606, 359.9797515446553, 359.9797515446553, 359.97968712769216, 359.97968712769216, 359.97962225269293, 359.97962225269293, 359.9795648356667], "a_moves_left": [39, 39, 38, 38, 37, 37, 36, 36, 35, 35, 34, 34, 33, 33, 32, 32, 31, 31, 30, 30, 29, 29, 28, 28, 27, 27, 26, 26, 25, 25, 24, 24, 23, 23, 22, 22, 21, 21, 20, 20, 19, 19, 18, 18, 17, 17, 16, 16, 15, 15, 14, 14, 13, 13, 12, 12, 11, 11, 10, 10, 9, 9, 8, 8, 7, 7, 6, 6, 5, 5, 4, 4, 3, 3, 2, 2, 1, 1, 0, 0], "b_moves_left": [40, 39, 39, 38, 38, 37, 37, 36, 36, 35, 35, 34, 34, 33, 33, 32, 32, 31, 31, 30, 30, 29, 29, 28, 28, 27, 27, 26, 26, 25, 25, 24, 24, 23, 23, 22, 22, 21, 21, 20, 20, 19, 19, 18, 18, 17, 17, 16, 16, 15, 15, 14, 14, 13, 13, 12, 12, 11, 11, 10, 10, 9, 9, 8, 8, 7, 7, 6, 6, 5, 5, 4, 4, 3, 3, 2, 2, 1, 1, 0], "trapdoor_triggered": [0, 0, 0, 0, 0, 0, 0, 0, 0, 0, 0, 0, 0, 0, 0, 0, 0, 0, 0, 0, 0, 0, 0, 0, 0, 0, 0, 0, 0, 0, 0, 0, 0, 0, 0, 0, 0, 0, 0, 0, 0, 0, 0, 0, 0, 0, 0, 0, 0, 0, 0, 0, 0, 0, 0, 0, 0, 0, 0, 0, 0, 0, 0, 0, 0, 0, 0, 0, 0, 0, 0, 0, 0, 0, 0, 0, 0, 0, 0, 0], "left_behind": ["egg", "egg", "plain", "turd", "egg", "egg", "plain", "turd", "egg", "egg", "plain", "turd", "egg", "egg", "plain", "turd", "egg", "egg", "plain", "turd", "egg", "egg", "plain", "plain", "egg", "egg", "plain", "plain", "egg", "egg", "plain", "plain", "egg", "egg", "plain", "plain", "plain", "plain", "plain", "plain", "egg", "egg", "plain", "plain", "egg", "egg", "plain", "plain", "plain", "egg", "plain", "plain", "plain", "egg", "plain", "plain", "plain", "plain", "plain", "plain", "plain", "egg", "plain", "plain", "plain", "egg", "plain", "plain", "egg", "egg", "plain", "plain", "egg", "egg", "plain", "plain", "egg", "plain", "plain", "plain"], "errlog_a": "", "errlog_b": "", "start_time": 360, "start_moves": 40, "turn_count": 80, "result": 1, "reason": "EGGS_LAID", "trapdoors": [[4, 2], [5, 2]], "spawn_a": [7, 5], "spawn_b": [0, 5]}