{"pos": [[6, 1], [0, 0], [5, 1], [1, 0], [4, 1], [1, 1], [4, 2], [2, 1], [3, 2], [2, 0], [3, 3], [2, 1], [4, 3], [1, 1], [5, 3], [1, 2], [6, 3], [0, 2], [6, 4], [0, 3], [6, 5], [1, 3], [6, 6], [1, 4], [5, 6], [0, 4], [4, 6], [0, 5], [4, 5], [0, 6], [5, 5], [1, 6], [6, 5], [1, 7], [7, 5], [2, 7], [7, 4], [3, 7], [7, 3], [3, 6], [7, 2], [3, 5], [6, 2], [2, 5], [5, 2], [1, 5], [5, 1], [1, 4], [5, 0], [1, 3], [6, 0], [2, 3], [7, 0], [1, 3], [7, 1], [2, 3], [7, 0], [1, 3], [6, 0], [1, 2], [6, 1], [0, 2], [6, 2], [0, 1], [7, 2], [0, 0], [7, 3], [1, 0], [7, 4], [2, 0], [7, 5], [2, 1], [7, 6], [2, 0], [7, 7], [1, 0], [6, 7], [1, 1], [5, 7], [1, 2]], "a_eggs_laid": [1, 1, 1, 1, 2, 2, 2, 2, 3, 3, 3, 3, 4, 4, 4, 4, 5, 5, 5, 5, 6, 6, 6, 6, 7, 7, 7, 7, 8, 8, 8, 8, 9, 9, 9, 9, 10, 10, 10, 10, 11, 11, 11, 11, 12, 12, 12, 12, 12, 12, 12, 12, 13, 13, 13, 13, 13, 13, 13, 13, 13, 13, 13, 13, 13, 13, 13, 13, 13, 13, 13, 13, 13, 13, 13, 13, 16, 16, 16, 16], "b_eggs_laid": [0, 1, 1, 1, 1, 2, 2, 2, 2, 3, 3, 3, 3, 3, 3, 3, 3, 4, 4, 4, 4, 5, 5, 5, 5, 6, 6, 6, 6, 7, 7, 7, 7, 8, 8, 8, 8, 9, 9, 9, 9, 10, 10, 10, 10, 11, 11, 11, 11, 11, 11, 11, 11, 12, 12, 12, 12, 12, 12, 12, 12, 12, 12, 12, 12, 12, 12, 12, 12, 12, 12, 12, 12, 12, 12, 12, 12, 12, 12, 12], "a_turds_left": [5, 5, 4, 4, 4, 4, 3, 3, 3, 3, 2, 2, 2, 2, 1, 1, 1, 1, 0, 0, 0, 0, 0, 0, 0, 0, 0, 0, 0, 0, 0, 0, 0, 0, 0, 0, 0, 0, 0, 0, 0, 0, 0, 0, 0, 0, 0, 0, 0, 0, 0, 0, 0, 0, 0, 0, 0, 0, 0, 0, 0, 0, 0, 0, 0, 0, 0, 0, 0, 0, 0, 0, 0, 0, 0, 0, 0, 0, 0, 0], "b_turds_left": [5, 5, 5, 5, 5, 5, 5, 5, 5, 5, 5, 5, 5, 5, 5, 5, 5, 5, 5, 5, 5, 5, 5, 5, 5, 5, 5, 5, 5, 5, 5, 5, 5, 5, 5, 5, 5, 5, 5, 5, 5, 5, 5, 5, 5, 5, 5, 5, 5, 5, 5, 5, 5, 5, 5, 5, 5, 5, 5, 5, 5, 5, 5, 5, 5, 5, 5, 5, 5, 5, 5, 5, 5, 5, 5, 5, 5, 5, 5, 5], "a_time_left": [359.99680716596777, 359.99680716596777, 359.9952529989532, 359.9952529989532, 359.9929728319403, 359.9929728319403, 359.9910306229722, 359.9910306229722, 359.9900481229415, 359.9900481229415, 359.9894185399171, 359.9894185399171, 359.98846053989837, 359.98846053989837, 359.9878675399232, 359.9878675399232, 359.9870148319751, 359.9870148319751, 359.9864740399644, 359.9864740399644, 359.9852026649751, 359.9852026649751, 359.9846300809877, 359.9846300809877, 359.9841420809389, 359.9841420809389, 359.98388362291735, 359.98388362291735, 359.98379783087876, 359.98379783087876, 359.98371737188427, 359.98371737188427, 359.9836288719089, 359.9836288719089, 359.98355866293423, 359.98355866293423, 359.98347995395306, 359.98347995395306, 359.98341395391617, 359.98341395391617, 359.98333962092875, 359.98333962092875, 359.98327553790295, 359.98327553790295, 359.98319116287166, 359.98319116287166, 359.9831272048759, 359.9831272048759, 359.98305149690714, 359.98305149690714, 359.9829786638729, 359.9829786638729, 359.98290466389153, 359.98290466389153, 359.9828411639319, 359.9828411639319, 359.9827719559544, 359.9827719559544, 359.98271391395247, 359.98271391395247, 359.98264053900493, 359.98264053900493, 359.98257208103314, 359.98257208103314, 359.98250120604644, 359.98250120604644, 359.9824387470144, 359.9824387470144, 359.9823686640593, 359.9823686640593, 359.9823071640567, 359.9823071640567, 359.98223912209505, 359.98223912209505, 359.98217549710535, 359.98217549710535, 359.98210678913165, 359.98210678913165, 359.9820324550965, 359.9820324550965], "b_time_left": [360, 359.996733625012, 359.996733625012, 359.9956686250516, 359.9956686250516, 359.9935919580166, 359.9935919580166, 359.99280162499053, 359.99280162499053, 359.9919483329868, 359.9919483329868, 359.99149129196303, 359.99149129196303, 359.99130312597845, 359.99130312597845, 359.99058616696857, 359.99058616696857, 359.9897960839444, 359.9897960839444, 359.9883141259197, 359.9883141259197, 359.9863483759691, 359.9863483759691, 359.98623120994307, 359.98623120994307, 359.98608141893055, 359.98608141893055, 359.9859973769053, 359.9859973769053, 359.9858867939329, 359.9858867939329, 359.98580016894266, 359.98580016894266, 359.98568700195756, 359.98568700195756, 359.9856022519525, 359.9856022519525, 359.98549595993245, 359.98549595993245, 359.98541541892337, 359.98541541892337, 359.9853195439209, 359.9853195439209, 359.9852249599644, 359.9852249599644, 359.98510129295755, 359.98510129295755, 359.9850117510068, 359.9850117510068, 359.98486979299923, 359.98486979299923, 359.98460446001263, 359.98460446001263, 359.98451571003534, 359.98451571003534, 359.9843112100498, 359.9843112100498, 359.9842177100363, 359.9842177100363, 359.9840191260446, 359.9840191260446, 359.98392641800456, 359.98392641800456, 359.9837557100109, 359.9837557100109, 359.9836720430176, 359.9836720430176, 359.98355104302755, 359.98355104302755, 359.98346204299014, 359.98346204299014, 359.9833105839789, 359.9833105839789, 359.98323020897806, 359.98323020897806, 359.98308195901336, 359.98308195901336, 359.982988542004, 359.982988542004, 359.98280720901676], "a_moves_left": [39, 39, 38, 38, 37, 37, 36, 36, 35, 35, 34, 34, 33, 33, 32, 32, 31, 31, 30, 30, 29, 29, 28, 28, 27, 27, 26, 26, 25, 25, 24, 24, 23, 23, 22, 22, 21, 21, 20, 20, 19, 19, 18, 18, 17, 17, 16, 16, 15, 15, 14, 14, 13, 13, 12, 12, 11, 11, 10, 10, 9, 9, 8, 8, 7, 7, 6, 6, 5, 5, 4, 4, 3, 3, 2, 2, 1, 1, 0, 0], "b_moves_left": [40, 39, 39, 38, 38, 37, 37, 36, 36, 35, 35, 34, 34, 33, 33, 32, 32, 31, 31, 30, 30, 29, 29, 28, 28, 27, 27, 26, 26, 25, 25, 24, 24, 23, 23, 22, 22, 21, 21, 20, 20, 19, 19, 18, 18, 17, 17, 16, 16, 15, 15, 14, 14, 13, 13, 12, 12, 11, 11, 10, 10, 9, 9, 8, 8, 7, 7, 6, 6, 5, 5, 4, 4, 3, 3, 2, 2, 1, 1, 0], "trapdoor_triggered": [0, 0, 0, 0, 0, 0, 0, 0, 0, 0, 0, 0, 0, 0, 0, 0, 0, 0, 0, 0, 0, 0, 0, 0, 0, 0, 0, 0, 0, 0, 0, 0, 0, 0, 0, 0, 0, 0, 0, 0, 0, 0, 0, 0, 0, 0, 0, 0, 0, 0, 0, 0, 0, 0, 0, 0, 0, 0, 0, 0, 0, 0, 0, 0, 0, 0, 0, 0, 0, 0, 0, 0, 0, 0, 0, 0, 0, 0, 0, 0], "left_behind": ["egg", "egg", "turd", "plain", "egg", "egg", "turd", "plain", "egg", "egg", "turd", "plain", "egg", "plain", "turd", "plain", "egg", "egg", "turd", "plain", "egg", "egg", "plain", "plain", "egg", "egg", "plain", "plain", "egg", "egg", "plain", "plain", "egg", "egg", "plain", "plain", "egg", "egg", "plain", "plain", "egg", "egg", "plain", "plain", "egg", "egg", "plain", "plain", "plain", "plain", "plain", "plain", "egg", "egg", "plain", "plain", "plain", "plain", "plain", "plain", "plain", "plain", "plain", "plain", "plain", "plain", "plain", "plain", "plain", "plain", "plain", "plain", "plain", "plain", "plain", "plain", "egg", "plain", "plain", "plain"], "errlog_a": "", "errlog_b": "", "start_time": 360, "start_moves": 40, "turn_count": 80, "result": 0, "reason": "EGGS_LAID", "trapdoors": [[2, 4], [5, 4]], "spawn_a": [7, 1], "spawn_b": [0, 1]}