{"pos": [[6, 3], [1, 3], [6, 2], [1, 2], [6, 1], [0, 2], [5, 1], [0, 1], [4, 1], [1, 1], [3, 1], [2, 1], [3, 0], [2, 0], [4, 0], [3, 0], [5, 0], [2, 0], [6, 0], [1, 0], [7, 0], [0, 0], [7, 1], [1, 0], [7, 2], [1, 1], [6, 2], [2, 1], [5, 2], [2, 2], [4, 2], [3, 2], [4, 1], [2, 2], [4, 2], [2, 3], [4, 3], [2, 4], [5, 3], [1, 4], [5, 2], [1, 5], [5, 1], [0, 5], [6, 1], [0, 4], [6, 0], [1, 4], [7, 0], [2, 4], [7, 1], [2, 3], [7, 2], [1, 3], [7, 3], [1, 2], [7, 4], [0, 2], [6, 4], [0, 1], [6, 5], [0, 0], [6, 6], [1, 0], [5, 6], [1, 1], [5, 5], [2, 1], [5, 4], [2, 2], [5, 3], [3, 2], [4, 3], [2, 2], [4, 4], [2, 3], [4, 5], [2, 4], [3, 5], [1, 4]], "a_eggs_laid": [1, 1, 1, 1, 2, 2, 2, 2, 3, 3, 3, 3, 4, 4, 4, 4, 5, 5, 5, 5, 6, 6, 6, 6, 7, 7, 7, 7, 7, 7, 7, 7, 8, 8, 8, 8, 8, 8, 8, 8, 9, 9, 9, 9, 9, 9, 9, 9, 9, 9, 9, 9, 9, 9, 9, 9, 9, 9, 9, 9, 10, 10, 10, 10, 11, 11, 11, 11, 12, 12, 12, 12, 12, 12, 12, 12, 13, 13, 13, 13], "b_eggs_laid": [0, 1, 1, 1, 1, 2, 2, 2, 2, 3, 3, 3, 3, 4, 4, 4, 4, 5, 5, 5, 5, 6, 6, 6, 6, 6, 6, 6, 6, 6, 6, 6, 6, 7, 7, 7, 7, 8, 8, 8, 8, 9, 9, 9, 9, 10, 10, 10, 10, 10, 10, 10, 10, 10, 10, 10, 10, 10, 10, 10, 10, 10, 10, 10, 10, 10, 10, 10, 10, 10, 10, 10, 10, 10, 10, 10, 10, 10, 10, 10], "a_turds_left": [5, 5, 5, 5, 5, 5, 5, 5, 5, 5, 5, 5, 5, 5, 5, 5, 5, 5, 5, 5, 5, 5, 5, 5, 5, 5, 5, 5, 5, 5, 5, 5, 5, 5, 5, 5, 5, 5, 5, 5, 5, 5, 5, 5, 5, 5, 5, 5, 5, 5, 5, 5, 5, 5, 5, 5, 5, 5, 5, 5, 5, 5, 5, 5, 5, 5, 5, 5, 5, 5, 5, 5, 5, 5, 5, 5, 5, 5, 5, 5], "b_turds_left": [5, 5, 5, 5, 5, 5, 5, 5, 5, 5, 5, 5, 5, 5, 5, 5, 5, 5, 5, 5, 5, 5, 5, 5, 5, 5, 5, 5, 5, 5, 5, 5, 5, 5, 5, 5, 5, 5, 5, 5, 5, 5, 5, 5, 5, 5, 5, 5, 5, 5, 5, 5, 5, 5, 5, 5, 5, 5, 5, 5, 5, 5, 5, 5, 5, 5, 5, 5, 5, 5, 5, 5, 5, 5, 5, 5, 5, 5, 5, 5], "a_time_left": [359.9963865840109, 359.9963865840109, 359.9946235010284, 359.9946235010284, 359.99115821003215, 359.99115821003215, 359.99048608506564, 359.99048608506564, 359.9873913350748, 359.9873913350748, 359.9856224600808, 359.9856224600808, 359.98495829408057, 359.98495829408057, 359.9844876280986, 359.9844876280986, 359.98331267008325, 359.98331267008325, 359.98314775305334, 359.98314775305334, 359.98287475307006, 359.98287475307006, 359.98273858602624, 359.98273858602624, 359.98252617003163, 359.98252617003163, 359.9824189200299, 359.9824189200299, 359.98214604501845, 359.98214604501845, 359.98203987802844, 359.98203987802844, 359.9819360030233, 359.9819360030233, 359.9818201700109, 359.9818201700109, 359.9815758779878, 359.9815758779878, 359.9814705029712, 359.9814705029712, 359.9813522939803, 359.9813522939803, 359.9812505019945, 359.9812505019945, 359.98115141899325, 359.98115141899325, 359.9810527100344, 359.9810527100344, 359.9809651680407, 359.9809651680407, 359.9808848350658, 359.9808848350658, 359.98079616908217, 359.98079616908217, 359.9807023770991, 359.9807023770991, 359.98047183506424, 359.98047183506424, 359.9803894600482, 359.9803894600482, 359.98028125206474, 359.98028125206474, 359.98015916807344, 359.98015916807344, 359.98004941811087, 359.98004941811087, 359.97995141812135, 359.97995141812135, 359.97984554310096, 359.97984554310096, 359.979748418089, 359.979748418089, 359.97951375105185, 359.97951375105185, 359.9791530420771, 359.9791530420771, 359.9790497091017, 359.9790497091017, 359.97895950014936, 359.97895950014936], "b_time_left": [360, 359.99660916702123, 359.99660916702123, 359.99476758402307, 359.99476758402307, 359.9903946259874, 359.9903946259874, 359.9895995009574, 359.9895995009574, 359.98703979194397, 359.98703979194397, 359.9857444589725, 359.9857444589725, 359.9831899589626, 359.9831899589626, 359.9829043750069, 359.9829043750069, 359.98266725003486, 359.98266725003486, 359.9825362500269, 359.9825362500269, 359.9823986250558, 359.9823986250558, 359.98229641705984, 359.98229641705984, 359.98219100007555, 359.98219100007555, 359.98207491711946, 359.98207491711946, 359.9819754581549, 359.9819754581549, 359.98186687513953, 359.98186687513953, 359.98177508311346, 359.98177508311346, 359.9816709160805, 359.9816709160805, 359.9815578740672, 359.9815578740672, 359.98146358306985, 359.98146358306985, 359.98132358305156, 359.98132358305156, 359.981235042098, 359.981235042098, 359.98113445809577, 359.98113445809577, 359.981046458066, 359.981046458066, 359.9809647080838, 359.9809647080838, 359.98087562510045, 359.98087562510045, 359.9807959171012, 359.9807959171012, 359.98070966708474, 359.98070966708474, 359.98063120804727, 359.98063120804727, 359.9805476250476, 359.9805476250476, 359.98047325003427, 359.98047325003427, 359.9804012500681, 359.9804012500681, 359.980330667051, 359.980330667051, 359.9802422920475, 359.9802422920475, 359.98016704205656, 359.98016704205656, 359.98008066706825, 359.98008066706825, 359.980015459063, 359.980015459063, 359.97993266704725, 359.97993266704725, 359.97985362506006, 359.97985362506006, 359.9797702500946], "a_moves_left": [39, 39, 38, 38, 37, 37, 36, 36, 35, 35, 34, 34, 33, 33, 32, 32, 31, 31, 30, 30, 29, 29, 28, 28, 27, 27, 26, 26, 25, 25, 24, 24, 23, 23, 22, 22, 21, 21, 20, 20, 19, 19, 18, 18, 17, 17, 16, 16, 15, 15, 14, 14, 13, 13, 12, 12, 11, 11, 10, 10, 9, 9, 8, 8, 7, 7, 6, 6, 5, 5, 4, 4, 3, 3, 2, 2, 1, 1, 0, 0], "b_moves_left": [40, 39, 39, 38, 38, 37, 37, 36, 36, 35, 35, 34, 34, 33, 33, 32, 32, 31, 31, 30, 30, 29, 29, 28, 28, 27, 27, 26, 26, 25, 25, 24, 24, 23, 23, 22, 22, 21, 21, 20, 20, 19, 19, 18, 18, 17, 17, 16, 16, 15, 15, 14, 14, 13, 13, 12, 12, 11, 11, 10, 10, 9, 9, 8, 8, 7, 7, 6, 6, 5, 5, 4, 4, 3, 3, 2, 2, 1, 1, 0], "trapdoor_triggered": [0, 0, 0, 0, 0, 0, 0, 0, 0, 0, 0, 0, 0, 0, 0, 0, 0, 0, 0, 0, 0, 0, 0, 0, 0, 0, 0, 0, 0, 0, 0, 0, 0, 0, 0, 0, 0, 0, 0, 0, 0, 0, 0, 0, 0, 0, 0, 0, 0, 0, 0, 0, 0, 0, 0, 0, 0, 0, 0, 0, 0, 0, 0, 0, 0, 0, 0, 0, 0, 0, 0, 0, 0, 0, 0, 0, 0, 0, 0, 0], "left_behind": ["egg", "egg", "plain", "plain", "egg", "egg", "plain", "plain", "egg", "egg", "plain", "plain", "egg", "egg", "plain", "plain", "egg", "egg", "plain", "plain", "egg", "egg", "plain", "plain", "egg", "plain", "plain", "plain", "plain", "plain", "plain", "plain", "egg", "egg", "plain", "plain", "plain", "egg", "plain", "plain", "egg", "egg", "plain", "plain", "plain", "egg", "plain", "plain", "plain", "plain", "plain", "plain", "plain", "plain", "plain", "plain", "plain", "plain", "plain", "plain", "egg", "plain", "plain", "plain", "egg", "plain", "plain", "plain", "egg", "plain", "plain", "plain", "plain", "plain", "plain", "plain", "egg", "plain", "plain", "plain"], "errlog_a": "", "errlog_b": "", "start_time": 360, "start_moves": 40, "turn_count": 80, "result": 0, "reason": "EGGS_LAID", "trapdoors": [[3, 3], [3, 4]], "spawn_a": [7, 3], "spawn_b": [0, 3]}