{"pos": [[6, 3], [1, 3], [6, 4], [1, 4], [6, 5], [1, 5], [5, 5], [2, 5], [5, 4], [2, 6], [5, 3], [3, 6], [5, 2], [3, 7], [5, 1], [4, 7], [4, 1], [4, 6], [3, 1], [5, 6], [3, 0], [5, 7], [2, 0], [6, 7], [2, 1], [7, 7], [2, 2], [7, 6], [2, 1], [7, 7], [1, 1], [7, 6], [1, 0], [7, 7], [0, 0], [6, 7], [0, 1], [5, 7], [0, 2], [5, 6], [0, 1], [4, 6], [0, 0], [4, 5], [1, 0], [3, 5], [2, 0], [3, 4], [3, 0], [2, 4], [4, 0], [2, 3], [5, 0], [3, 3], [6, 0], [3, 4], [7, 0], [3, 3], [7, 1], [3, 2], [7, 2], [3, 3], [6, 2], [3, 2], [6, 1], [3, 3], [6, 0], [2, 3], [7, 0], [2, 4], [7, 1], [2, 5], [7, 2], [3, 5], [7, 3], [4, 5], [7, 4], [4, 6], [7, 5], [4, 5]], "a_eggs_laid": [1, 1, 1, 1, 2, 2, 2, 2, 3, 3, 3, 3, 4, 4, 4, 4, 5, 5, 5, 5, 6, 6, 6, 6, 7, 7, 7, 7, 8, 8, 8, 8, 9, 9, 9, 9, 12, 12, 12, 12, 13, 13, 13, 13, 13, 13, 13, 13, 13, 13, 13, 13, 14, 14, 14, 14, 15, 15, 15, 15, 16, 16, 16, 16, 17, 17, 17, 17, 17, 17, 17, 17, 17, 17, 17, 17, 17, 17, 17, 17], "b_eggs_laid": [0, 1, 1, 1, 1, 2, 2, 2, 2, 3, 3, 3, 3, 4, 4, 4, 4, 5, 5, 5, 5, 6, 6, 6, 6, 7, 7, 7, 7, 8, 8, 8, 8, 8, 8, 8, 8, 8, 8, 8, 8, 8, 8, 8, 8, 9, 9, 9, 9, 10, 10, 10, 10, 11, 11, 11, 11, 11, 11, 11, 11, 12, 12, 12, 12, 12, 12, 12, 12, 12, 12, 12, 12, 12, 12, 12, 12, 12, 12, 12], "a_turds_left": [5, 5, 4, 4, 4, 4, 3, 3, 3, 3, 2, 2, 2, 2, 1, 1, 1, 1, 0, 0, 0, 0, 0, 0, 0, 0, 0, 0, 0, 0, 0, 0, 0, 0, 0, 0, 0, 0, 0, 0, 0, 0, 0, 0, 0, 0, 0, 0, 0, 0, 0, 0, 0, 0, 0, 0, 0, 0, 0, 0, 0, 0, 0, 0, 0, 0, 0, 0, 0, 0, 0, 0, 0, 0, 0, 0, 0, 0, 0, 0], "b_turds_left": [5, 5, 5, 4, 4, 4, 4, 3, 3, 3, 3, 2, 2, 2, 2, 1, 1, 1, 1, 0, 0, 0, 0, 0, 0, 0, 0, 0, 0, 0, 0, 0, 0, 0, 0, 0, 0, 0, 0, 0, 0, 0, 0, 0, 0, 0, 0, 0, 0, 0, 0, 0, 0, 0, 0, 0, 0, 0, 0, 0, 0, 0, 0, 0, 0, 0, 0, 0, 0, 0, 0, 0, 0, 0, 0, 0, 0, 0, 0, 0], "a_time_left": [359.99698479200015, 359.99698479200015, 359.99519050103845, 359.99519050103845, 359.99272008409025, 359.99272008409025, 359.9911886670743, 359.9911886670743, 359.9889367510332, 359.9889367510332, 359.98746025102446, 359.98746025102446, 359.985350751027, 359.985350751027, 359.9846847089939, 359.9846847089939, 359.9839584589936, 359.9839584589936, 359.9834835839574, 359.9834835839574, 359.98305820894893, 359.98305820894893, 359.98287154192803, 359.98287154192803, 359.9825636668829, 359.9825636668829, 359.9823532498558, 359.9823532498558, 359.98226370784687, 359.98226370784687, 359.9822051238734, 359.9822051238734, 359.9821291238768, 359.9821291238768, 359.9820604568813, 359.9820604568813, 359.9819949568482, 359.9819949568482, 359.98193820682354, 359.98193820682354, 359.98188266484067, 359.98188266484067, 359.9818262057961, 359.9818262057961, 359.9817676647799, 359.9817676647799, 359.9817135807825, 359.9817135807825, 359.981653830735, 359.981653830735, 359.98156912170816, 359.98156912170816, 359.98150207969593, 359.98150207969593, 359.98144724668236, 359.98144724668236, 359.9813783716527, 359.9813783716527, 359.98132678866386, 359.98132678866386, 359.9812589967041, 359.9812589967041, 359.98120608070167, 359.98120608070167, 359.9811273717205, 359.9811273717205, 359.9810699967202, 359.9810699967202, 359.9810049136868, 359.9810049136868, 359.980957830674, 359.980957830674, 359.9808997886721, 359.9808997886721, 359.98084787168773, 359.98084787168773, 359.98078962170985, 359.98078962170985, 359.98071737168357, 359.98071737168357], "b_time_left": [360, 359.9968935420038, 359.9968935420038, 359.9949379169848, 359.9949379169848, 359.9925447089481, 359.9925447089481, 359.9909272499499, 359.9909272499499, 359.98869083292084, 359.98869083292084, 359.98705145792337, 359.98705145792337, 359.9845097078942, 359.9845097078942, 359.9835569579154, 359.9835569579154, 359.9829242079286, 359.9829242079286, 359.9823807498906, 359.9823807498906, 359.9821242078906, 359.9821242078906, 359.98189920792356, 359.98189920792356, 359.98168029094813, 359.98168029094813, 359.98154320794856, 359.98154320794856, 359.9814618329401, 359.9814618329401, 359.9813781659468, 359.9813781659468, 359.9813074989943, 359.9813074989943, 359.98124137398554, 359.98124137398554, 359.9811643330031, 359.9811643330031, 359.9810902500176, 359.9810902500176, 359.9810135830194, 359.9810135830194, 359.98093491600594, 359.98093491600594, 359.9808393319836, 359.9808393319836, 359.98075853998307, 359.98075853998307, 359.9806698319735, 359.9806698319735, 359.9806044989964, 359.9806044989964, 359.9805275410181, 359.9805275410181, 359.9804630409926, 359.9804630409926, 359.9803907069727, 359.9803907069727, 359.98033424897585, 359.98033424897585, 359.98027474893024, 359.98027474893024, 359.98022008291446, 359.98022008291446, 359.98016658291453, 359.98016658291453, 359.98010204092134, 359.98010204092134, 359.9800400828826, 359.9800400828826, 359.9799847488757, 359.9799847488757, 359.9799219148699, 359.9799219148699, 359.9798647068674, 359.9798647068674, 359.9798088729149, 359.9798088729149, 359.9797550809453], "a_moves_left": [39, 39, 38, 38, 37, 37, 36, 36, 35, 35, 34, 34, 33, 33, 32, 32, 31, 31, 30, 30, 29, 29, 28, 28, 27, 27, 26, 26, 25, 25, 24, 24, 23, 23, 22, 22, 21, 21, 20, 20, 19, 19, 18, 18, 17, 17, 16, 16, 15, 15, 14, 14, 13, 13, 12, 12, 11, 11, 10, 10, 9, 9, 8, 8, 7, 7, 6, 6, 5, 5, 4, 4, 3, 3, 2, 2, 1, 1, 0, 0], "b_moves_left": [40, 39, 39, 38, 38, 37, 37, 36, 36, 35, 35, 34, 34, 33, 33, 32, 32, 31, 31, 30, 30, 29, 29, 28, 28, 27, 27, 26, 26, 25, 25, 24, 24, 23, 23, 22, 22, 21, 21, 20, 20, 19, 19, 18, 18, 17, 17, 16, 16, 15, 15, 14, 14, 13, 13, 12, 12, 11, 11, 10, 10, 9, 9, 8, 8, 7, 7, 6, 6, 5, 5, 4, 4, 3, 3, 2, 2, 1, 1, 0], "trapdoor_triggered": [0, 0, 0, 0, 0, 0, 0, 0, 0, 0, 0, 0, 0, 0, 0, 0, 0, 0, 0, 0, 0, 0, 0, 0, 0, 0, 0, 0, 0, 0, 0, 0, 0, 0, 0, 0, 0, 0, 0, 0, 0, 0, 0, 0, 0, 0, 0, 0, 0, 0, 0, 0, 0, 0, 0, 0, 0, 0, 0, 0, 0, 0, 0, 0, 0, 0, 0, 0, 0, 0, 0, 0, 0, 0, 0, 0, 0, 0, 0, 0], "left_behind": ["egg", "egg", "turd", "turd", "egg", "egg", "turd", "turd", "egg", "egg", "turd", "turd", "egg", "egg", "turd", "turd", "egg", "egg", "turd", "turd", "egg", "egg", "plain", "plain", "egg", "egg", "plain", "plain", "egg", "egg", "plain", "plain", "egg", "plain", "plain", "plain", "egg", "plain", "plain", "plain", "egg", "plain", "plain", "plain", "plain", "egg", "plain", "plain", "plain", "egg", "plain", "plain", "egg", "egg", "plain", "plain", "egg", "plain", "plain", "plain", "egg", "egg", "plain", "plain", "egg", "plain", "plain", "plain", "plain", "plain", "plain", "plain", "plain", "plain", "plain", "plain", "plain", "plain", "plain", "plain"], "errlog_a": "", "errlog_b": "", "start_time": 360, "start_moves": 40, "turn_count": 80, "result": 0, "reason": "EGGS_LAID", "trapdoors": [[4, 2], [4, 3]], "spawn_a": [7, 3], "spawn_b": [0, 3]}