{"pos": [[6, 3], [1, 3], [6, 2], [1, 2], [7, 2], [1, 1], [7, 1], [2, 1], [6, 1], [3, 1], [5, 1], [4, 1], [5, 0], [4, 0], [6, 0], [5, 0], [7, 0], [4, 0], [6, 0], [3, 0], [6, 1], [2, 0], [5, 1], [1, 0], [5, 2], [0, 0], [5, 3], [0, 1], [6, 3], [0, 2], [6, 4], [1, 2], [7, 4], [2, 2], [7, 5], [3, 2], [6, 5], [4, 2], [6, 6], [5, 2], [7, 6], [4, 2], [7, 7], [4, 3], [6, 7], [4, 2], [5, 7], [4, 1], [5, 6], [3, 1], [4, 6], [3, 2], [4, 7], [3, 3], [3, 7], [3, 4], [3, 6], [3, 3], [2, 6], [3, 4], [2, 7], [3, 3], [1, 7], [4, 3], [1, 6], [3, 3], [1, 5], [3, 4], [0, 5], [3, 5], [0, 6], [3, 6], [0, 7], [3, 5], [1, 7], [2, 5], [1, 6], [2, 4], [2, 6], [1, 4]], "a_eggs_laid": [1, 1, 1, 1, 2, 2, 2, 2, 3, 3, 3, 3, 4, 4, 4, 4, 5, 5, 5, 5, 5, 5, 5, 5, 5, 5, 5, 5, 6, 6, 6, 6, 7, 7, 7, 7, 8, 8, 8, 8, 9, 9, 9, 9, 12, 12, 12, 12, 13, 13, 13, 13, 14, 14, 14, 14, 15, 15, 15, 15, 16, 16, 16, 16, 17, 17, 17, 17, 18, 18, 18, 18, 19, 19, 19, 19, 19, 19, 19, 19], "b_eggs_laid": [0, 1, 1, 1, 1, 2, 2, 2, 2, 3, 3, 3, 3, 4, 4, 4, 4, 5, 5, 5, 5, 6, 6, 6, 6, 7, 7, 7, 7, 8, 8, 8, 8, 8, 8, 8, 8, 9, 9, 9, 9, 10, 10, 10, 10, 11, 11, 11, 11, 11, 11, 11, 11, 11, 11, 11, 11, 12, 12, 12, 12, 12, 12, 12, 12, 12, 12, 12, 12, 12, 12, 12, 12, 13, 13, 13, 13, 14, 14, 14], "a_turds_left": [5, 5, 5, 5, 5, 5, 5, 5, 5, 5, 5, 5, 5, 5, 5, 5, 5, 5, 5, 5, 5, 5, 5, 5, 5, 5, 5, 5, 5, 5, 5, 5, 5, 5, 5, 5, 5, 5, 5, 5, 5, 5, 5, 5, 5, 5, 5, 5, 5, 5, 5, 5, 5, 5, 5, 5, 5, 5, 5, 5, 5, 5, 5, 5, 5, 5, 5, 5, 5, 5, 5, 5, 5, 5, 5, 5, 5, 5, 5, 5], "b_turds_left": [5, 5, 5, 4, 4, 4, 4, 3, 3, 3, 3, 2, 2, 2, 2, 1, 1, 1, 1, 1, 1, 1, 1, 0, 0, 0, 0, 0, 0, 0, 0, 0, 0, 0, 0, 0, 0, 0, 0, 0, 0, 0, 0, 0, 0, 0, 0, 0, 0, 0, 0, 0, 0, 0, 0, 0, 0, 0, 0, 0, 0, 0, 0, 0, 0, 0, 0, 0, 0, 0, 0, 0, 0, 0, 0, 0, 0, 0, 0, 0], "a_time_left": [359.9965310830157, 359.9965310830157, 359.9947329580318, 359.9947329580318, 359.99148820806295, 359.99148820806295, 359.99061662505846, 359.99061662505846, 359.98808495805133, 359.98808495805133, 359.9866392490803, 359.9866392490803, 359.9848964990815, 359.9848964990815, 359.984621166077, 359.984621166077, 359.9844978330657, 359.9844978330657, 359.9843877500971, 359.9843877500971, 359.9842887921259, 359.9842887921259, 359.9841545421514, 359.9841545421514, 359.9840420001419, 359.9840420001419, 359.98391804116545, 359.98391804116545, 359.9837645831867, 359.9837645831867, 359.98362999915844, 359.98362999915844, 359.9834879571572, 359.9834879571572, 359.98337945714593, 359.98337945714593, 359.98325179115636, 359.98325179115636, 359.9831333331531, 359.9831333331531, 359.98299750016304, 359.98299750016304, 359.9828902921872, 359.9828902921872, 359.98278612515423, 359.98278612515423, 359.9826702091377, 359.9826702091377, 359.9825443761656, 359.9825443761656, 359.9824266262003, 359.9824266262003, 359.9822889182251, 359.9822889182251, 359.9821707512019, 359.9821707512019, 359.98203879321227, 359.98203879321227, 359.9819166682428, 359.9819166682428, 359.981778459216, 359.981778459216, 359.98166375025176, 359.98166375025176, 359.9815400832449, 359.9815400832449, 359.9814231672208, 359.9814231672208, 359.9812930832268, 359.9812930832268, 359.98117991618346, 359.98117991618346, 359.98104562517256, 359.98104562517256, 359.9809433752089, 359.9809433752089, 359.98081179126166, 359.98081179126166, 359.980682541267, 359.980682541267], "b_time_left": [360, 359.99612845800584, 359.99612845800584, 359.9941162500181, 359.9941162500181, 359.9916218330036, 359.9916218330036, 359.9899113329593, 359.9899113329593, 359.9875410409295, 359.9875410409295, 359.98581033194205, 359.98581033194205, 359.9841326659662, 359.9841326659662, 359.983732957975, 359.983732957975, 359.98363699996844, 359.98363699996844, 359.9835244169808, 359.9835244169808, 359.9833556669764, 359.9833556669764, 359.9832238340168, 359.9832238340168, 359.9830881669768, 359.9830881669768, 359.98300124995876, 359.98300124995876, 359.9828599579632, 359.9828599579632, 359.9827868749853, 359.9827868749853, 359.9826022500056, 359.9826022500056, 359.9825239999918, 359.9825239999918, 359.98242608399596, 359.98242608399596, 359.9823511670111, 359.9823511670111, 359.9822779169772, 359.9822779169772, 359.98211216699565, 359.98211216699565, 359.98202445800416, 359.98202445800416, 359.9819483740139, 359.9819483740139, 359.98186533304397, 359.98186533304397, 359.9817837080336, 359.9817837080336, 359.9815582500305, 359.9815582500305, 359.9814869160764, 359.9814869160764, 359.9813994161086, 359.9813994161086, 359.9812603321043, 359.9812603321043, 359.98095066612586, 359.98095066612586, 359.9808186661103, 359.9808186661103, 359.9806165410555, 359.9806165410555, 359.98048195708543, 359.98048195708543, 359.98022516607307, 359.98022516607307, 359.9801550830598, 359.9801550830598, 359.9800980830332, 359.9800980830332, 359.9799314160482, 359.9799314160482, 359.9798418750288, 359.9798418750288, 359.9797720000497], "a_moves_left": [39, 39, 38, 38, 37, 37, 36, 36, 35, 35, 34, 34, 33, 33, 32, 32, 31, 31, 30, 30, 29, 29, 28, 28, 27, 27, 26, 26, 25, 25, 24, 24, 23, 23, 22, 22, 21, 21, 20, 20, 19, 19, 18, 18, 17, 17, 16, 16, 15, 15, 14, 14, 13, 13, 12, 12, 11, 11, 10, 10, 9, 9, 8, 8, 7, 7, 6, 6, 5, 5, 4, 4, 3, 3, 2, 2, 1, 1, 0, 0], "b_moves_left": [40, 39, 39, 38, 38, 37, 37, 36, 36, 35, 35, 34, 34, 33, 33, 32, 32, 31, 31, 30, 30, 29, 29, 28, 28, 27, 27, 26, 26, 25, 25, 24, 24, 23, 23, 22, 22, 21, 21, 20, 20, 19, 19, 18, 18, 17, 17, 16, 16, 15, 15, 14, 14, 13, 13, 12, 12, 11, 11, 10, 10, 9, 9, 8, 8, 7, 7, 6, 6, 5, 5, 4, 4, 3, 3, 2, 2, 1, 1, 0], "trapdoor_triggered": [0, 0, 0, 0, 0, 0, 0, 0, 0, 0, 0, 0, 0, 0, 0, 0, 0, 0, 0, 0, 0, 0, 0, 0, 0, 0, 0, 0, 0, 0, 0, 0, 0, 0, 0, 0, 0, 0, 0, 0, 0, 0, 0, 0, 0, 0, 0, 0, 0, 0, 0, 0, 0, 0, 0, 0, 0, 0, 0, 0, 0, 0, 0, 0, 0, 0, 0, 0, 0, 0, 0, 0, 0, 0, 0, 0, 0, 0, 0, 0], "left_behind": ["egg", "egg", "plain", "turd", "egg", "egg", "plain", "turd", "egg", "egg", "plain", "turd", "egg", "egg", "plain", "turd", "egg", "egg", "plain", "plain", "plain", "egg", "plain", "turd", "plain", "egg", "plain", "plain", "egg", "egg", "plain", "plain", "egg", "plain", "plain", "plain", "egg", "egg", "plain", "plain", "egg", "egg", "plain", "plain", "egg", "egg", "plain", "plain", "egg", "plain", "plain", "plain", "egg", "plain", "plain", "plain", "egg", "egg", "plain", "plain", "egg", "plain", "plain", "plain", "egg", "plain", "plain", "plain", "egg", "plain", "plain", "plain", "egg", "egg", "plain", "plain", "plain", "egg", "plain", "plain"], "errlog_a": "", "errlog_b": "", "start_time": 360, "start_moves": 40, "turn_count": 80, "result": 0, "reason": "EGGS_LAID", "trapdoors": [[4, 4], [2, 3]], "spawn_a": [7, 3], "spawn_b": [0, 3]}