{"pos": [[6, 5], [1, 5], [6, 4], [1, 4], [7, 4], [1, 3], [7, 3], [2, 3], [6, 3], [2, 4], [6, 2], [3, 4], [7, 2], [4, 4], [7, 1], [5, 4], [6, 1], [5, 3], [5, 1], [5, 2], [5, 0], [4, 2], [4, 0], [4, 1], [3, 0], [3, 1], [2, 0], [2, 1], [1, 0], [2, 2], [1, 1], [1, 2], [0, 1], [0, 2], [0, 0], [0, 1], [1, 0], [0, 2], [1, 1], [0, 3], [1, 0], [0, 4], [0, 0], [0, 3], [1, 0], [1, 3], [2, 0], [1, 2], [3, 0], [2, 2], [3, 1], [3, 2], [3, 0], [4, 2], [3, 1], [4, 3], [3, 0], [5, 3], [4, 0], [6, 3], [5, 0], [5, 3], [6, 0], [5, 2], [7, 0], [4, 2], [7, 1], [4, 1], [6, 1], [4, 2], [6, 2], [4, 3], [7, 2], [4, 4], [7, 3], [4, 5], [7, 4], [5, 5], [6, 4], [6, 5]], "a_eggs_laid": [1, 1, 1, 1, 2, 2, 2, 2, 3, 3, 3, 3, 4, 4, 4, 4, 5, 5, 5, 5, 6, 6, 6, 6, 7, 7, 7, 7, 8, 8, 8, 8, 9, 9, 9, 9, 12, 12, 12, 12, 12, 12, 12, 12, 12, 12, 12, 12, 12, 12, 12, 12, 13, 13, 13, 13, 13, 13, 13, 13, 13, 13, 13, 13, 14, 14, 14, 14, 14, 14, 14, 14, 14, 14, 14, 14, 14, 14, 14, 14], "b_eggs_laid": [0, 1, 1, 1, 1, 2, 2, 2, 2, 3, 3, 3, 3, 4, 4, 4, 4, 5, 5, 5, 5, 6, 6, 6, 6, 7, 7, 7, 7, 8, 8, 8, 8, 9, 9, 9, 9, 10, 10, 10, 10, 11, 11, 11, 11, 11, 11, 11, 11, 11, 11, 11, 11, 12, 12, 12, 12, 13, 13, 13, 13, 14, 14, 14, 14, 14, 14, 14, 14, 14, 14, 14, 14, 14, 14, 14, 14, 15, 15, 15], "a_turds_left": [5, 5, 5, 5, 5, 5, 5, 5, 5, 5, 5, 5, 5, 5, 5, 5, 5, 5, 5, 5, 5, 5, 5, 5, 5, 5, 5, 5, 5, 5, 5, 5, 5, 5, 5, 5, 5, 5, 5, 5, 5, 5, 5, 5, 5, 5, 5, 5, 5, 5, 5, 5, 5, 5, 5, 5, 5, 5, 5, 5, 5, 5, 5, 5, 5, 5, 5, 5, 5, 5, 5, 5, 5, 5, 5, 5, 5, 5, 5, 5], "b_turds_left": [5, 5, 5, 4, 4, 4, 4, 3, 3, 3, 3, 2, 2, 2, 2, 1, 1, 1, 1, 0, 0, 0, 0, 0, 0, 0, 0, 0, 0, 0, 0, 0, 0, 0, 0, 0, 0, 0, 0, 0, 0, 0, 0, 0, 0, 0, 0, 0, 0, 0, 0, 0, 0, 0, 0, 0, 0, 0, 0, 0, 0, 0, 0, 0, 0, 0, 0, 0, 0, 0, 0, 0, 0, 0, 0, 0, 0, 0, 0, 0], "a_time_left": [359.99843562499154, 359.99843562499154, 359.99670187500305, 359.99670187500305, 359.9934390000417, 359.9934390000417, 359.9925629160716, 359.9925629160716, 359.9900308320648, 359.9900308320648, 359.98876995709725, 359.98876995709725, 359.985562790127, 359.985562790127, 359.9852802901296, 359.9852802901296, 359.9848505821428, 359.9848505821428, 359.9847134571173, 359.9847134571173, 359.9845835400629, 359.9845835400629, 359.98446912306827, 359.98446912306827, 359.98435612308094, 359.98435612308094, 359.9842597891111, 359.9842597891111, 359.9841442061006, 359.9841442061006, 359.98402578913374, 359.98402578913374, 359.9839079141384, 359.9839079141384, 359.9838046221412, 359.9838046221412, 359.9837025391171, 359.9837025391171, 359.98358545609517, 359.98358545609517, 359.98348537209677, 359.98348537209677, 359.9831804560963, 359.9831804560963, 359.982927247067, 359.982927247067, 359.9826177470386, 359.9826177470386, 359.98235183005454, 359.98235183005454, 359.9820692050853, 359.9820692050853, 359.9818112050416, 359.9818112050416, 359.9814524970134, 359.9814524970134, 359.98134403902804, 359.98134403902804, 359.98107074707514, 359.98107074707514, 359.9808401220944, 359.9808401220944, 359.9805603720597, 359.9805603720597, 359.9802563720732, 359.9802563720732, 359.98002749710577, 359.98002749710577, 359.97976674709935, 359.97976674709935, 359.9794916640967, 359.9794916640967, 359.97939087310806, 359.97939087310806, 359.9790991230984, 359.9790991230984, 359.97886120609473, 359.97886120609473, 359.9785837060772, 359.9785837060772], "b_time_left": [360, 359.99668687494704, 359.99668687494704, 359.9946446669637, 359.9946446669637, 359.9917043749592, 359.9917043749592, 359.9910203749896, 359.9910203749896, 359.9885063340189, 359.9885063340189, 359.9872681260458, 359.9872681260458, 359.9848796260194, 359.9848796260194, 359.9832319600391, 359.9832319600391, 359.98252700205194, 359.98252700205194, 359.9820033350261, 359.9820033350261, 359.9818079190445, 359.9818079190445, 359.9815921690315, 359.9815921690315, 359.98131916899, 359.98131916899, 359.9811132529867, 359.9811132529867, 359.9810288779554, 359.9810288779554, 359.98094541899627, 359.98094541899627, 359.98084471101174, 359.98084471101174, 359.9807737530209, 359.9807737530209, 359.98070825304603, 359.98070825304603, 359.9806194200064, 359.9806194200064, 359.9803971700021, 359.9803971700021, 359.98018808703637, 359.98018808703637, 359.9800836290233, 359.9800836290233, 359.97987679601647, 359.97987679601647, 359.979582754022, 359.979582754022, 359.9794820040115, 359.9794820040115, 359.97926787904, 359.97926787904, 359.97904192103306, 359.97904192103306, 359.9787955880165, 359.9787955880165, 359.97858425503364, 359.97858425503364, 359.97840404702583, 359.97840404702583, 359.97820621402934, 359.97820621402934, 359.97802483907435, 359.97802483907435, 359.97782942309277, 359.97782942309277, 359.9776766730938, 359.9776766730938, 359.9774756731349, 359.9774756731349, 359.9773770890897, 359.9773770890897, 359.97704488108866, 359.97704488108866, 359.9768074640888, 359.9768074640888, 359.97662433906225], "a_moves_left": [39, 39, 38, 38, 37, 37, 36, 36, 35, 35, 34, 34, 33, 33, 32, 32, 31, 31, 30, 30, 29, 29, 28, 28, 27, 27, 26, 26, 25, 25, 24, 24, 23, 23, 22, 22, 21, 21, 20, 20, 19, 19, 18, 18, 17, 17, 16, 16, 15, 15, 14, 14, 13, 13, 12, 12, 11, 11, 10, 10, 9, 9, 8, 8, 7, 7, 6, 6, 5, 5, 4, 4, 3, 3, 2, 2, 1, 1, 0, 0], "b_moves_left": [40, 39, 39, 38, 38, 37, 37, 36, 36, 35, 35, 34, 34, 33, 33, 32, 32, 31, 31, 30, 30, 29, 29, 28, 28, 27, 27, 26, 26, 25, 25, 24, 24, 23, 23, 22, 22, 21, 21, 20, 20, 19, 19, 18, 18, 17, 17, 16, 16, 15, 15, 14, 14, 13, 13, 12, 12, 11, 11, 10, 10, 9, 9, 8, 8, 7, 7, 6, 6, 5, 5, 4, 4, 3, 3, 2, 2, 1, 1, 0], "trapdoor_triggered": [0, 0, 0, 0, 0, 0, 0, 0, 0, 0, 0, 0, 0, 0, 0, 0, 0, 0, 0, 0, 0, 0, 0, 0, 0, 0, 0, 0, 0, 0, 0, 0, 0, 0, 0, 0, 0, 0, 0, 0, 0, 0, 0, 0, 0, 0, 0, 0, 0, 0, 0, 0, 0, 0, 0, 0, 0, 0, 0, 0, 0, 0, 0, 0, 0, 0, 0, 0, 0, 0, 0, 0, 0, 0, 0, 0, 0, 0, 0, 0], "left_behind": ["egg", "egg", "plain", "turd", "egg", "egg", "plain", "turd", "egg", "egg", "plain", "turd", "egg", "egg", "plain", "turd", "egg", "egg", "plain", "turd", "egg", "egg", "plain", "plain", "egg", "egg", "plain", "plain", "egg", "egg", "plain", "plain", "egg", "egg", "plain", "plain", "egg", "egg", "plain", "plain", "plain", "egg", "plain", "plain", "plain", "plain", "plain", "plain", "plain", "plain", "plain", "plain", "egg", "egg", "plain", "plain", "plain", "egg", "plain", "plain", "plain", "egg", "plain", "plain", "egg", "plain", "plain", "plain", "plain", "plain", "plain", "plain", "plain", "plain", "plain", "plain", "plain", "egg", "plain", "plain"], "errlog_a": "", "errlog_b": "", "start_time": 360, "start_moves": 40, "turn_count": 80, "result": 1, "reason": "EGGS_LAID", "trapdoors": [[3, 3], [2, 5]], "spawn_a": [7, 5], "spawn_b": [0, 5]}