{"pos": [[1, 6], [6, 6], [2, 6], [5, 6], [2, 7], [4, 6], [3, 7], [3, 6], [2, 7], [3, 5], [1, 7], [4, 5], [0, 7], [5, 5], [1, 7], [5, 6], [1, 6], [5, 7], [1, 5], [4, 7], [0, 5], [4, 6], [0, 4], [4, 5], [1, 4], [4, 4], [1, 3], [4, 3], [0, 3], [4, 4], [0, 2], [4, 3], [0, 1], [4, 4], [1, 1], [4, 3], [1, 0], [5, 3], [0, 0], [5, 2], [1, 0], [6, 2], [2, 0], [6, 1], [2, 1], [5, 1], [3, 1], [4, 1], [3, 0], [4, 0], [3, 1], [3, 0], [2, 1], [4, 0], [2, 2], [5, 0], [1, 2], [6, 0], [1, 3], [7, 0], [1, 2], [7, 1], [1, 1], [7, 2], [0, 1], [7, 3], [0, 0], [6, 3], [1, 0], [6, 4], [2, 0], [6, 5], [2, 1], [7, 5], [2, 2], [7, 4], [3, 2], [6, 4], [3, 1], [5, 4]], "a_eggs_laid": [1, 1, 1, 1, 2, 2, 2, 2, 3, 3, 3, 3, 4, 4, 4, 4, 4, 4, 4, 4, 5, 5, 5, 5, 6, 6, 6, 6, 7, 7, 7, 7, 8, 8, 8, 8, 9, 9, 9, 9, 12, 12, 12, 12, 13, 13, 13, 13, 14, 14, 14, 14, 14, 14, 14, 14, 15, 15, 15, 15, 15, 15, 15, 15, 15, 15, 15, 15, 15, 15, 15, 15, 15, 15, 15, 15, 15, 15, 15, 15], "b_eggs_laid": [0, 1, 1, 1, 1, 2, 2, 2, 2, 3, 3, 3, 3, 4, 4, 4, 4, 4, 4, 4, 4, 5, 5, 5, 5, 5, 5, 5, 5, 6, 6, 6, 6, 6, 6, 6, 6, 6, 6, 6, 6, 7, 7, 7, 7, 8, 8, 8, 8, 9, 9, 9, 9, 10, 10, 10, 10, 11, 11, 11, 11, 14, 14, 14, 14, 15, 15, 15, 15, 16, 16, 16, 16, 17, 17, 17, 17, 18, 18, 18], "a_turds_left": [5, 5, 5, 5, 5, 5, 5, 5, 5, 5, 5, 5, 5, 5, 5, 5, 5, 5, 5, 5, 5, 5, 5, 5, 5, 5, 5, 5, 5, 5, 5, 5, 5, 5, 5, 5, 5, 5, 5, 5, 5, 5, 5, 5, 5, 5, 5, 5, 5, 5, 5, 5, 5, 5, 5, 5, 5, 5, 5, 5, 5, 5, 5, 5, 5, 5, 5, 5, 5, 5, 5, 5, 5, 5, 5, 5, 5, 5, 5, 5], "b_turds_left": [5, 5, 5, 4, 4, 4, 4, 3, 3, 3, 3, 2, 2, 2, 2, 1, 1, 1, 1, 0, 0, 0, 0, 0, 0, 0, 0, 0, 0, 0, 0, 0, 0, 0, 0, 0, 0, 0, 0, 0, 0, 0, 0, 0, 0, 0, 0, 0, 0, 0, 0, 0, 0, 0, 0, 0, 0, 0, 0, 0, 0, 0, 0, 0, 0, 0, 0, 0, 0, 0, 0, 0, 0, 0, 0, 0, 0, 0, 0, 0], "a_time_left": [359.9963604999939, 359.9963604999939, 359.9943760000169, 359.9943760000169, 359.99103129201103, 359.99103129201103, 359.9897395009757, 359.9897395009757, 359.98895454296144, 359.98895454296144, 359.98812166799325, 359.98812166799325, 359.9855182520114, 359.9855182520114, 359.9852210850222, 359.9852210850222, 359.9846409599995, 359.9846409599995, 359.9836257509887, 359.9836257509887, 359.9832741259597, 359.9832741259597, 359.98293804295827, 359.98293804295827, 359.98260862595635, 359.98260862595635, 359.981092875998, 359.981092875998, 359.98072075098753, 359.98072075098753, 359.9804326260346, 359.9804326260346, 359.9801223340328, 359.9801223340328, 359.9798554170411, 359.9798554170411, 359.9795090010739, 359.9795090010739, 359.9791887510801, 359.9791887510801, 359.97907208505785, 359.97907208505785, 359.97895716904895, 359.97895716904895, 359.97883308603195, 359.97883308603195, 359.9787137530511, 359.9787137530511, 359.9786036280566, 359.9786036280566, 359.9785277120536, 359.9785277120536, 359.97844262904255, 359.97844262904255, 359.97833937901305, 359.97833937901305, 359.9782200040063, 359.9782200040063, 359.978113878984, 359.978113878984, 359.9780209619785, 359.9780209619785, 359.97791500296444, 359.97791500296444, 359.9778160029673, 359.9778160029673, 359.97757383598946, 359.97757383598946, 359.97736175201135, 359.97736175201135, 359.9770821270067, 359.9770821270067, 359.97686600201996, 359.97686600201996, 359.976588961028, 359.976588961028, 359.9763512110221, 359.9763512110221, 359.97609075304354, 359.97609075304354], "b_time_left": [360, 359.997962458001, 359.997962458001, 359.99726587499026, 359.99726587499026, 359.9947452080087, 359.9947452080087, 359.99277025001356, 359.99277025001356, 359.98967799998354, 359.98967799998354, 359.98798629193334, 359.98798629193334, 359.98598387493985, 359.98598387493985, 359.9847409169306, 359.9847409169306, 359.9844173339079, 359.9844173339079, 359.9839070008602, 359.9839070008602, 359.983306583832, 359.983306583832, 359.98304404184455, 359.98304404184455, 359.98255262483144, 359.98255262483144, 359.9816339998506, 359.9816339998506, 359.9795222908142, 359.9795222908142, 359.97890287381597, 359.97890287381597, 359.9777774568065, 359.9777774568065, 359.9771653318312, 359.9771653318312, 359.97612037387444, 359.97612037387444, 359.9752922488842, 359.9752922488842, 359.9745499158744, 359.9745499158744, 359.9744677488343, 359.9744677488343, 359.9743674158235, 359.9743674158235, 359.974286956829, 359.974286956829, 359.9742041648133, 359.9742041648133, 359.9741355398437, 359.9741355398437, 359.9740741228452, 359.9740741228452, 359.97393762285355, 359.97393762285355, 359.97385849786224, 359.97385849786224, 359.97378237283556, 359.97378237283556, 359.9737121228245, 359.9737121228245, 359.97365133080166, 359.97365133080166, 359.97356420580763, 359.97356420580763, 359.97339762281626, 359.97339762281626, 359.97328316484345, 359.97328316484345, 359.9730966228526, 359.9730966228526, 359.9728441228508, 359.9728441228508, 359.9726847058628, 359.9726847058628, 359.9724676228943, 359.9724676228943, 359.9721024148748], "a_moves_left": [39, 39, 38, 38, 37, 37, 36, 36, 35, 35, 34, 34, 33, 33, 32, 32, 31, 31, 30, 30, 29, 29, 28, 28, 27, 27, 26, 26, 25, 25, 24, 24, 23, 23, 22, 22, 21, 21, 20, 20, 19, 19, 18, 18, 17, 17, 16, 16, 15, 15, 14, 14, 13, 13, 12, 12, 11, 11, 10, 10, 9, 9, 8, 8, 7, 7, 6, 6, 5, 5, 4, 4, 3, 3, 2, 2, 1, 1, 0, 0], "b_moves_left": [40, 39, 39, 38, 38, 37, 37, 36, 36, 35, 35, 34, 34, 33, 33, 32, 32, 31, 31, 30, 30, 29, 29, 28, 28, 27, 27, 26, 26, 25, 25, 24, 24, 23, 23, 22, 22, 21, 21, 20, 20, 19, 19, 18, 18, 17, 17, 16, 16, 15, 15, 14, 14, 13, 13, 12, 12, 11, 11, 10, 10, 9, 9, 8, 8, 7, 7, 6, 6, 5, 5, 4, 4, 3, 3, 2, 2, 1, 1, 0], "trapdoor_triggered": [0, 0, 0, 0, 0, 0, 0, 0, 0, 0, 0, 0, 0, 0, 0, 0, 0, 0, 0, 0, 0, 0, 0, 0, 0, 0, 0, 0, 0, 0, 0, 0, 0, 0, 0, 0, 0, 0, 0, 0, 0, 0, 0, 0, 0, 0, 0, 0, 0, 0, 0, 0, 0, 0, 0, 0, 0, 0, 0, 0, 0, 0, 0, 0, 0, 0, 0, 0, 0, 0, 0, 0, 0, 0, 0, 0, 0, 0, 0, 0], "left_behind": ["egg", "egg", "plain", "turd", "egg", "egg", "plain", "turd", "egg", "egg", "plain", "turd", "egg", "egg", "plain", "turd", "plain", "plain", "plain", "turd", "egg", "egg", "plain", "plain", "egg", "plain", "plain", "plain", "egg", "egg", "plain", "plain", "egg", "plain", "plain", "plain", "egg", "plain", "plain", "plain", "egg", "egg", "plain", "plain", "egg", "egg", "plain", "plain", "egg", "egg", "plain", "plain", "plain", "egg", "plain", "plain", "egg", "egg", "plain", "plain", "plain", "egg", "plain", "plain", "plain", "egg", "plain", "plain", "plain", "egg", "plain", "plain", "plain", "egg", "plain", "plain", "plain", "egg", "plain", "plain"], "errlog_a": "", "errlog_b": "", "start_time": 360, "start_moves": 40, "turn_count": 80, "result": 1, "reason": "EGGS_LAID", "trapdoors": [[4, 2], [3, 4]], "spawn_a": [0, 6], "spawn_b": [7, 6]}