{"pos": [[1, 6], [6, 6], [2, 6], [5, 6], [2, 7], [4, 6], [3, 7], [3, 6], [2, 7], [3, 5], [1, 7], [4, 5], [0, 7], [5, 5], [1, 7], [5, 6], [1, 6], [5, 7], [1, 5], [4, 7], [0, 5], [4, 6], [0, 4], [4, 5], [1, 4], [4, 4], [1, 3], [4, 3], [1, 4], [4, 4], [2, 4], [5, 4], [1, 4], [6, 4], [1, 5], [6, 3], [0, 5], [6, 2], [0, 6], [6, 1], [0, 7], [5, 1], [0, 6], [5, 2], [1, 6], [5, 1], [2, 6], [4, 1], [2, 7], [3, 1], [3, 7], [3, 2], [2, 7], [3, 3], [2, 6], [2, 3], [1, 6], [2, 2], [1, 5], [1, 2], [0, 5], [1, 1], [0, 4], [0, 1], [0, 3], [0, 0], [0, 2], [1, 0], [0, 3], [2, 0], [1, 3], [2, 1], [0, 3], [3, 1], [0, 2], [3, 0], [0, 3], [4, 0], [1, 3], [5, 0]], "a_eggs_laid": [1, 1, 1, 1, 2, 2, 2, 2, 3, 3, 3, 3, 4, 4, 4, 4, 4, 4, 4, 4, 5, 5, 5, 5, 6, 6, 6, 6, 7, 7, 7, 7, 8, 8, 8, 8, 8, 8, 8, 8, 8, 8, 8, 8, 8, 8, 8, 8, 8, 8, 8, 8, 8, 8, 8, 8, 8, 8, 8, 8, 8, 8, 8, 8, 8, 8, 8, 8, 9, 9, 9, 9, 9, 9, 9, 9, 9, 9, 9, 9], "b_eggs_laid": [0, 1, 1, 1, 1, 2, 2, 2, 2, 3, 3, 3, 3, 4, 4, 4, 4, 4, 4, 4, 4, 5, 5, 5, 5, 5, 5, 5, 5, 6, 6, 6, 6, 7, 7, 7, 7, 8, 8, 8, 8, 9, 9, 9, 9, 10, 10, 10, 10, 11, 11, 11, 11, 12, 12, 12, 12, 13, 13, 13, 13, 14, 14, 14, 14, 15, 15, 15, 15, 16, 16, 16, 16, 17, 17, 17, 17, 18, 18, 18], "a_turds_left": [5, 5, 5, 5, 5, 5, 5, 5, 5, 5, 5, 5, 5, 5, 5, 5, 5, 5, 5, 5, 5, 5, 5, 5, 5, 5, 5, 5, 5, 5, 5, 5, 5, 5, 5, 5, 5, 5, 5, 5, 5, 5, 5, 5, 5, 5, 5, 5, 5, 5, 5, 5, 5, 5, 5, 5, 5, 5, 5, 5, 5, 5, 5, 5, 5, 5, 5, 5, 5, 5, 5, 5, 5, 5, 5, 5, 5, 5, 5, 5], "b_turds_left": [5, 5, 5, 4, 4, 4, 4, 3, 3, 3, 3, 2, 2, 2, 2, 1, 1, 1, 1, 0, 0, 0, 0, 0, 0, 0, 0, 0, 0, 0, 0, 0, 0, 0, 0, 0, 0, 0, 0, 0, 0, 0, 0, 0, 0, 0, 0, 0, 0, 0, 0, 0, 0, 0, 0, 0, 0, 0, 0, 0, 0, 0, 0, 0, 0, 0, 0, 0, 0, 0, 0, 0, 0, 0, 0, 0, 0, 0, 0, 0], "a_time_left": [359.99637316697044, 359.99637316697044, 359.99457916693063, 359.99457916693063, 359.99136575090233, 359.99136575090233, 359.9900238349219, 359.9900238349219, 359.98923250095686, 359.98923250095686, 359.98843391798437, 359.98843391798437, 359.985842458962, 359.985842458962, 359.9855409169686, 359.9855409169686, 359.98495874996297, 359.98495874996297, 359.9840922500007, 359.9840922500007, 359.9837307499838, 359.9837307499838, 359.9835882500047, 359.9835882500047, 359.98345175001305, 359.98345175001305, 359.98312366602477, 359.98312366602477, 359.98275845707394, 359.98275845707394, 359.9824273320846, 359.9824273320846, 359.98215237411205, 359.98215237411205, 359.9818608741625, 359.9818608741625, 359.9816076651914, 359.9816076651914, 359.9813360401895, 359.9813360401895, 359.9810812071664, 359.9810812071664, 359.98081162315793, 359.98081162315793, 359.9805791651597, 359.9805791651597, 359.9802833731519, 359.9802833731519, 359.9800447062007, 359.9800447062007, 359.9797684982186, 359.9797684982186, 359.9795830392395, 359.9795830392395, 359.97945908020483, 359.97945908020483, 359.9793596211821, 359.9793596211821, 359.97924082918325, 359.97924082918325, 359.9791385792196, 359.9791385792196, 359.9790339542087, 359.9790339542087, 359.978933746228, 359.978933746228, 359.97882916225353, 359.97882916225353, 359.97874262020923, 359.97874262020923, 359.97864778724033, 359.97864778724033, 359.97855520423036, 359.97855520423036, 359.9784525792347, 359.9784525792347, 359.9783758712001, 359.9783758712001, 359.97827632917324, 359.97827632917324], "b_time_left": [360, 359.99658866605023, 359.99658866605023, 359.9948117910535, 359.9948117910535, 359.99229216604726, 359.99229216604726, 359.99043208302464, 359.99043208302464, 359.989414041047, 359.989414041047, 359.98769104108214, 359.98769104108214, 359.9856741660624, 359.9856741660624, 359.9844589990098, 359.9844589990098, 359.98413820704445, 359.98413820704445, 359.98373599903425, 359.98373599903425, 359.98350583203137, 359.98350583203137, 359.98327024903847, 359.98327024903847, 359.9827097490779, 359.9827097490779, 359.97902241611155, 359.97902241611155, 359.97469516610727, 359.97469516610727, 359.97406874905573, 359.97406874905573, 359.9707227900508, 359.9707227900508, 359.9703784150188, 359.9703784150188, 359.9701441649813, 359.9701441649813, 359.969968122954, 359.969968122954, 359.9697359559941, 359.9697359559941, 359.9695559559623, 359.9695559559623, 359.9693316229386, 359.9693316229386, 359.96873016498284, 359.96873016498284, 359.96849795698654, 359.96849795698654, 359.96832429099595, 359.96832429099595, 359.96809166599996, 359.96809166599996, 359.96800974902, 359.96800974902, 359.96793429000536, 359.96793429000536, 359.9678654150339, 359.9678654150339, 359.9677878320799, 359.9677878320799, 359.9677146660397, 359.9677146660397, 359.96763362409547, 359.96763362409547, 359.9675754160853, 359.9675754160853, 359.9675011240761, 359.9675011240761, 359.96744424907956, 359.96744424907956, 359.967363332049, 359.967363332049, 359.9672361240373, 359.9672361240373, 359.96715137403226, 359.96715137403226, 359.96708924905397], "a_moves_left": [39, 39, 38, 38, 37, 37, 36, 36, 35, 35, 34, 34, 33, 33, 32, 32, 31, 31, 30, 30, 29, 29, 28, 28, 27, 27, 26, 26, 25, 25, 24, 24, 23, 23, 22, 22, 21, 21, 20, 20, 19, 19, 18, 18, 17, 17, 16, 16, 15, 15, 14, 14, 13, 13, 12, 12, 11, 11, 10, 10, 9, 9, 8, 8, 7, 7, 6, 6, 5, 5, 4, 4, 3, 3, 2, 2, 1, 1, 0, 0], "b_moves_left": [40, 39, 39, 38, 38, 37, 37, 36, 36, 35, 35, 34, 34, 33, 33, 32, 32, 31, 31, 30, 30, 29, 29, 28, 28, 27, 27, 26, 26, 25, 25, 24, 24, 23, 23, 22, 22, 21, 21, 20, 20, 19, 19, 18, 18, 17, 17, 16, 16, 15, 15, 14, 14, 13, 13, 12, 12, 11, 11, 10, 10, 9, 9, 8, 8, 7, 7, 6, 6, 5, 5, 4, 4, 3, 3, 2, 2, 1, 1, 0], "trapdoor_triggered": [0, 0, 0, 0, 0, 0, 0, 0, 0, 0, 0, 0, 0, 0, 0, 0, 0, 0, 0, 0, 0, 0, 0, 0, 0, 0, 0, 0, 0, 0, 0, 0, 0, 0, 0, 0, 0, 0, 0, 0, 0, 0, 0, 0, 0, 0, 0, 0, 0, 0, 0, 0, 0, 0, 0, 0, 0, 0, 0, 0, 0, 0, 0, 0, 0, 0, 0, 0, 0, 0, 0, 0, 0, 0, 0, 0, 0, 0, 0, 0], "left_behind": ["egg", "egg", "plain", "turd", "egg", "egg", "plain", "turd", "egg", "egg", "plain", "turd", "egg", "egg", "plain", "turd", "plain", "plain", "plain", "turd", "egg", "egg", "plain", "plain", "egg", "plain", "plain", "plain", "egg", "egg", "plain", "plain", "egg", "egg", "plain", "plain", "plain", "egg", "plain", "plain", "plain", "egg", "plain", "plain", "plain", "egg", "plain", "plain", "plain", "egg", "plain", "plain", "plain", "egg", "plain", "plain", "plain", "egg", "plain", "plain", "plain", "egg", "plain", "plain", "plain", "egg", "plain", "plain", "egg", "egg", "plain", "plain", "plain", "egg", "plain", "plain", "plain", "egg", "plain", "plain"], "errlog_a": "", "errlog_b": "", "start_time": 360, "start_moves": 40, "turn_count": 80, "result": 1, "reason": "EGGS_LAID", "trapdoors": [[4, 2], [3, 4]], "spawn_a": [0, 6], "spawn_b": [7, 6]}