{"pos": [[6, 3], [1, 3], [6, 2], [1, 2], [7, 2], [1, 1], [7, 1], [2, 1], [6, 1], [3, 1], [5, 1], [4, 1], [5, 0], [4, 0], [6, 0], [5, 0], [7, 0], [4, 0], [6, 0], [3, 0], [6, 1], [2, 0], [5, 1], [1, 0], [5, 2], [0, 0], [6, 2], [0, 1], [6, 3], [0, 2], [6, 4], [1, 2], [7, 4], [2, 2], [7, 5], [3, 2], [6, 5], [4, 2], [5, 5], [4, 1], [5, 4], [4, 2], [5, 3], [5, 2], [5, 4], [4, 2], [5, 5], [4, 3], [5, 6], [4, 4], [4, 6], [4, 3], [5, 6], [4, 4], [6, 6], [4, 3], [7, 6], [4, 4], [7, 7], [4, 3], [6, 7], [4, 4], [5, 7], [4, 3], [4, 7], [4, 4], [3, 7], [5, 4], [2, 7], [4, 4], [2, 6], [5, 4], [1, 6], [4, 4], [1, 5], [5, 4], [0, 5], [4, 4], [0, 4], [5, 4]], "a_eggs_laid": [1, 1, 1, 1, 2, 2, 2, 2, 3, 3, 3, 3, 4, 4, 4, 4, 5, 5, 5, 5, 5, 5, 5, 5, 5, 5, 5, 5, 5, 5, 5, 5, 6, 6, 6, 6, 7, 7, 7, 7, 8, 8, 8, 8, 9, 9, 9, 9, 9, 9, 9, 9, 10, 10, 10, 10, 11, 11, 11, 11, 14, 14, 14, 14, 15, 15, 15, 15, 16, 16, 16, 16, 17, 17, 17, 17, 18, 18, 18, 18], "b_eggs_laid": [0, 1, 1, 1, 1, 2, 2, 2, 2, 3, 3, 3, 3, 4, 4, 4, 4, 5, 5, 5, 5, 6, 6, 6, 6, 7, 7, 7, 7, 8, 8, 8, 8, 8, 8, 8, 8, 9, 9, 9, 9, 9, 9, 9, 9, 10, 10, 10, 10, 11, 11, 11, 11, 11, 11, 11, 11, 11, 11, 11, 11, 11, 11, 11, 11, 11, 11, 11, 11, 12, 12, 12, 12, 12, 12, 12, 12, 12, 12, 12], "a_turds_left": [5, 5, 5, 5, 5, 5, 5, 5, 5, 5, 5, 5, 5, 5, 5, 5, 5, 5, 5, 5, 5, 5, 5, 5, 5, 5, 5, 5, 5, 5, 5, 5, 5, 5, 5, 5, 5, 5, 5, 5, 5, 5, 5, 5, 5, 5, 5, 5, 5, 5, 5, 5, 5, 5, 5, 5, 5, 5, 5, 5, 5, 5, 5, 5, 5, 5, 5, 5, 5, 5, 5, 5, 5, 5, 5, 5, 5, 5, 5, 5], "b_turds_left": [5, 5, 5, 4, 4, 4, 4, 3, 3, 3, 3, 2, 2, 2, 2, 1, 1, 1, 1, 1, 1, 1, 1, 0, 0, 0, 0, 0, 0, 0, 0, 0, 0, 0, 0, 0, 0, 0, 0, 0, 0, 0, 0, 0, 0, 0, 0, 0, 0, 0, 0, 0, 0, 0, 0, 0, 0, 0, 0, 0, 0, 0, 0, 0, 0, 0, 0, 0, 0, 0, 0, 0, 0, 0, 0, 0, 0, 0, 0, 0], "a_time_left": [359.99631804204546, 359.99631804204546, 359.99538845801726, 359.99538845801726, 359.99394170800224, 359.99394170800224, 359.9935979580041, 359.9935979580041, 359.9925664580078, 359.9925664580078, 359.9920021669823, 359.9920021669823, 359.9913091249764, 359.9913091249764, 359.9912012919667, 359.9912012919667, 359.99107683397597, 359.99107683397597, 359.9909593759803, 359.9909593759803, 359.9908531679539, 359.9908531679539, 359.9907186679775, 359.9907186679775, 359.990590959962, 359.990590959962, 359.99045400193427, 359.99045400193427, 359.99033737694845, 359.99033737694845, 359.9902047099895, 359.9902047099895, 359.9900615849765, 359.9900615849765, 359.98995087697404, 359.98995087697404, 359.98982320999494, 359.98982320999494, 359.9896982520004, 359.9896982520004, 359.98955987702357, 359.98955987702357, 359.989444877021, 359.989444877021, 359.9893302100245, 359.9893302100245, 359.9892105020117, 359.9892105020117, 359.9890745860175, 359.9890745860175, 359.98890817002393, 359.98890817002393, 359.9887695030193, 359.9887695030193, 359.98851350304903, 359.98851350304903, 359.98817162803607, 359.98817162803607, 359.9878933370346, 359.9878933370346, 359.9876282540499, 359.9876282540499, 359.9869753380772, 359.9869753380772, 359.9866189630702, 359.9866189630702, 359.98630662908545, 359.98630662908545, 359.9858973790542, 359.9858973790542, 359.9856400460121, 359.9856400460121, 359.9853136300226, 359.9853136300226, 359.9850113800494, 359.9850113800494, 359.9846924220328, 359.9846924220328, 359.9844288380118, 359.9844288380118], "b_time_left": [360, 359.9956900419784, 359.9956900419784, 359.9940375419683, 359.9940375419683, 359.99303720897296, 359.99303720897296, 359.9923528339714, 359.9923528339714, 359.9913840419613, 359.9913840419613, 359.9906723339227, 359.9906723339227, 359.9899718759116, 359.9899718759116, 359.9897518349462, 359.9897518349462, 359.9896513769636, 359.9896513769636, 359.98952550196555, 359.98952550196555, 359.98933200194733, 359.98933200194733, 359.98917237698333, 359.98917237698333, 359.98903333500493, 359.98903333500493, 359.98894096002914, 359.98894096002914, 359.98879062599735, 359.98879062599735, 359.9887085430091, 359.9887085430091, 359.98851483501494, 359.98851483501494, 359.98839991900604, 359.98839991900604, 359.98827341897413, 359.98827341897413, 359.98818475200096, 359.98818475200096, 359.9880032100482, 359.9880032100482, 359.9877449190244, 359.9877449190244, 359.98765679402277, 359.98765679402277, 359.9874766690191, 359.9874766690191, 359.9873702939949, 359.9873702939949, 359.98728116898565, 359.98728116898565, 359.98702141898684, 359.98702141898684, 359.9861201689928, 359.9861201689928, 359.98551770998165, 359.98551770998165, 359.9851987930015, 359.9851987930015, 359.984632667969, 359.984632667969, 359.98155970993685, 359.98155970993685, 359.98102954396745, 359.98102954396745, 359.9804087940138, 359.9804087940138, 359.9802252110094, 359.9802252110094, 359.979752669984, 359.979752669984, 359.979261170025, 359.979261170025, 359.9790672120289, 359.9790672120289, 359.9788048370392, 359.9788048370392, 359.97863933700137], "a_moves_left": [39, 39, 38, 38, 37, 37, 36, 36, 35, 35, 34, 34, 33, 33, 32, 32, 31, 31, 30, 30, 29, 29, 28, 28, 27, 27, 26, 26, 25, 25, 24, 24, 23, 23, 22, 22, 21, 21, 20, 20, 19, 19, 18, 18, 17, 17, 16, 16, 15, 15, 14, 14, 13, 13, 12, 12, 11, 11, 10, 10, 9, 9, 8, 8, 7, 7, 6, 6, 5, 5, 4, 4, 3, 3, 2, 2, 1, 1, 0, 0], "b_moves_left": [40, 39, 39, 38, 38, 37, 37, 36, 36, 35, 35, 34, 34, 33, 33, 32, 32, 31, 31, 30, 30, 29, 29, 28, 28, 27, 27, 26, 26, 25, 25, 24, 24, 23, 23, 22, 22, 21, 21, 20, 20, 19, 19, 18, 18, 17, 17, 16, 16, 15, 15, 14, 14, 13, 13, 12, 12, 11, 11, 10, 10, 9, 9, 8, 8, 7, 7, 6, 6, 5, 5, 4, 4, 3, 3, 2, 2, 1, 1, 0], "trapdoor_triggered": [0, 0, 0, 0, 0, 0, 0, 0, 0, 0, 0, 0, 0, 0, 0, 0, 0, 0, 0, 0, 0, 0, 0, 0, 0, 0, 0, 0, 0, 0, 0, 0, 0, 0, 0, 0, 0, 0, 0, 0, 0, 0, 0, 0, 0, 0, 0, 0, 0, 0, 0, 0, 0, 0, 0, 0, 0, 0, 0, 0, 0, 0, 0, 0, 0, 0, 0, 0, 0, 0, 0, 0, 0, 0, 0, 0, 0, 0, 0, 0], "left_behind": ["egg", "egg", "plain", "turd", "egg", "egg", "plain", "turd", "egg", "egg", "plain", "turd", "egg", "egg", "plain", "turd", "egg", "egg", "plain", "plain", "plain", "egg", "plain", "turd", "plain", "egg", "plain", "plain", "plain", "egg", "plain", "plain", "egg", "plain", "plain", "plain", "egg", "egg", "plain", "plain", "egg", "plain", "plain", "plain", "egg", "egg", "plain", "plain", "plain", "egg", "plain", "plain", "egg", "plain", "plain", "plain", "egg", "plain", "plain", "plain", "egg", "plain", "plain", "plain", "egg", "plain", "plain", "plain", "egg", "egg", "plain", "plain", "egg", "plain", "plain", "plain", "egg", "plain", "plain", "plain"], "errlog_a": "", "errlog_b": "", "start_time": 360, "start_moves": 40, "turn_count": 80, "result": 0, "reason": "EGGS_LAID", "trapdoors": [[3, 3], [3, 4]], "spawn_a": [7, 3], "spawn_b": [0, 3]}