{"pos": [[6, 1], [1, 1], [5, 1], [2, 1], [5, 0], [3, 1], [6, 0], [4, 1], [7, 0], [4, 0], [6, 0], [5, 0], [6, 1], [4, 0], [6, 2], [3, 0], [7, 2], [2, 0], [7, 3], [1, 0], [6, 3], [0, 0], [6, 4], [1, 0], [7, 4], [1, 1], [7, 5], [1, 2], [6, 5], [1, 3], [6, 6], [1, 4], [7, 6], [1, 5], [7, 7], [1, 6], [6, 7], [2, 6], [5, 7], [3, 6], [5, 6], [4, 6], [5, 5], [5, 6], [5, 4], [4, 6], [4, 4], [4, 7], [5, 4], [3, 7], [5, 5], [2, 7], [4, 5], [1, 7], [4, 6], [0, 7], [4, 5], [0, 6], [3, 5], [0, 5], [4, 5], [0, 4], [4, 4], [0, 3], [5, 4], [0, 2], [6, 4], [1, 2], [6, 3], [2, 2], [6, 2], [3, 2], [5, 2], [4, 2], [5, 1], [5, 2], [6, 1], [4, 2], [7, 1], [4, 1]], "a_eggs_laid": [1, 1, 1, 1, 2, 2, 2, 2, 3, 3, 3, 3, 3, 3, 3, 3, 4, 4, 4, 4, 5, 5, 5, 5, 6, 6, 6, 6, 7, 7, 7, 7, 8, 8, 8, 8, 11, 11, 11, 11, 12, 12, 12, 12, 13, 13, 13, 13, 14, 14, 14, 14, 14, 14, 14, 14, 15, 15, 15, 15, 16, 16, 16, 16, 16, 16, 16, 16, 16, 16, 16, 16, 16, 16, 16, 16, 16, 16, 16, 16], "b_eggs_laid": [0, 1, 1, 1, 1, 2, 2, 2, 2, 3, 3, 3, 3, 4, 4, 4, 4, 5, 5, 5, 5, 6, 6, 6, 6, 6, 6, 6, 6, 7, 7, 7, 7, 8, 8, 8, 8, 9, 9, 9, 9, 10, 10, 10, 10, 11, 11, 11, 11, 12, 12, 12, 12, 13, 13, 13, 13, 16, 16, 16, 16, 17, 17, 17, 17, 18, 18, 18, 18, 18, 18, 18, 18, 19, 19, 19, 19, 20, 20, 20], "a_turds_left": [5, 5, 5, 5, 5, 5, 5, 5, 5, 5, 5, 5, 5, 5, 5, 5, 5, 5, 5, 5, 5, 5, 5, 5, 5, 5, 5, 5, 5, 5, 5, 5, 5, 5, 5, 5, 5, 5, 5, 5, 5, 5, 5, 5, 5, 5, 5, 5, 5, 5, 5, 5, 5, 5, 5, 5, 5, 5, 5, 5, 5, 5, 5, 5, 5, 5, 5, 5, 5, 5, 5, 5, 5, 5, 5, 5, 5, 5, 5, 5], "b_turds_left": [5, 5, 5, 4, 4, 4, 4, 3, 3, 3, 3, 2, 2, 2, 2, 2, 2, 2, 2, 1, 1, 1, 1, 0, 0, 0, 0, 0, 0, 0, 0, 0, 0, 0, 0, 0, 0, 0, 0, 0, 0, 0, 0, 0, 0, 0, 0, 0, 0, 0, 0, 0, 0, 0, 0, 0, 0, 0, 0, 0, 0, 0, 0, 0, 0, 0, 0, 0, 0, 0, 0, 0, 0, 0, 0, 0, 0, 0, 0, 0], "a_time_left": [359.996188665973, 359.996188665973, 359.9944357909844, 359.9944357909844, 359.99105270701693, 359.99105270701693, 359.98976516601397, 359.98976516601397, 359.9872919989866, 359.9872919989866, 359.98696579097304, 359.98696579097304, 359.9867458329536, 359.9867458329536, 359.9859557489399, 359.9859557489399, 359.9828481239383, 359.9828481239383, 359.98257612396264, 359.98257612396264, 359.98236116592307, 359.98236116592307, 359.9820722079603, 359.9820722079603, 359.9817411659751, 359.9817411659751, 359.98148054099875, 359.98148054099875, 359.9811867910321, 359.9811867910321, 359.9808992490289, 359.9808992490289, 359.9807595410384, 359.9807595410384, 359.98050541605335, 359.98050541605335, 359.9802489990834, 359.9802489990834, 359.97996758209774, 359.97996758209774, 359.9798359150882, 359.9798359150882, 359.9795894990675, 359.9795894990675, 359.97931670804974, 359.97931670804974, 359.97901037405245, 359.97901037405245, 359.9786657070508, 359.9786657070508, 359.9784140820266, 359.9784140820266, 359.9781814159942, 359.9781814159942, 359.9779137079604, 359.9779137079604, 359.97770649997983, 359.97770649997983, 359.9774363329634, 359.9774363329634, 359.9771608749288, 359.9771608749288, 359.97689366695704, 359.97689366695704, 359.9766447089496, 359.9766447089496, 359.9765284169116, 359.9765284169116, 359.97631229192484, 359.97631229192484, 359.97620583389653, 359.97620583389653, 359.97611545887776, 359.97611545887776, 359.97603750089183, 359.97603750089183, 359.9759747099015, 359.9759747099015, 359.97587808489334, 359.97587808489334], "b_time_left": [360, 359.99654658400686, 359.99654658400686, 359.994808959018, 359.994808959018, 359.9931748340605, 359.9931748340605, 359.9913619590807, 359.9913619590807, 359.9896257920773, 359.9896257920773, 359.9891162510612, 359.9891162510612, 359.98900250106817, 359.98900250106817, 359.9887033760315, 359.9887033760315, 359.98828221001895, 359.98828221001895, 359.98791262705345, 359.98791262705345, 359.98751508502755, 359.98751508502755, 359.9871174180298, 359.9871174180298, 359.98685196007136, 359.98685196007136, 359.9863985020784, 359.9863985020784, 359.98485954408534, 359.98485954408534, 359.98400421009865, 359.98400421009865, 359.98204029304907, 359.98204029304907, 359.9817813760601, 359.9817813760601, 359.9814802930341, 359.9814802930341, 359.9811470429995, 359.9811470429995, 359.98102087702136, 359.98102087702136, 359.98078187700594, 359.98078187700594, 359.98066800204106, 359.98066800204106, 359.97994266898604, 359.97994266898604, 359.9797178359586, 359.9797178359586, 359.97950204397785, 359.97950204397785, 359.9792414609692, 359.9792414609692, 359.97904279397335, 359.97904279397335, 359.97878262697486, 359.97878262697486, 359.9785648349789, 359.9785648349789, 359.9780584599939, 359.9780584599939, 359.97784333495656, 359.97784333495656, 359.977585584973, 359.977585584973, 359.97737391799456, 359.97737391799456, 359.9771720850258, 359.9771720850258, 359.97708079300355, 359.97708079300355, 359.97697100101504, 359.97697100101504, 359.9768959180219, 359.9768959180219, 359.9768194180215, 359.9768194180215, 359.9767050430528], "a_moves_left": [39, 39, 38, 38, 37, 37, 36, 36, 35, 35, 34, 34, 33, 33, 32, 32, 31, 31, 30, 30, 29, 29, 28, 28, 27, 27, 26, 26, 25, 25, 24, 24, 23, 23, 22, 22, 21, 21, 20, 20, 19, 19, 18, 18, 17, 17, 16, 16, 15, 15, 14, 14, 13, 13, 12, 12, 11, 11, 10, 10, 9, 9, 8, 8, 7, 7, 6, 6, 5, 5, 4, 4, 3, 3, 2, 2, 1, 1, 0, 0], "b_moves_left": [40, 39, 39, 38, 38, 37, 37, 36, 36, 35, 35, 34, 34, 33, 33, 32, 32, 31, 31, 30, 30, 29, 29, 28, 28, 27, 27, 26, 26, 25, 25, 24, 24, 23, 23, 22, 22, 21, 21, 20, 20, 19, 19, 18, 18, 17, 17, 16, 16, 15, 15, 14, 14, 13, 13, 12, 12, 11, 11, 10, 10, 9, 9, 8, 8, 7, 7, 6, 6, 5, 5, 4, 4, 3, 3, 2, 2, 1, 1, 0], "trapdoor_triggered": [0, 0, 0, 0, 0, 0, 0, 0, 0, 0, 0, 0, 0, 0, 0, 0, 0, 0, 0, 0, 0, 0, 0, 0, 0, 0, 0, 0, 0, 0, 0, 0, 0, 0, 0, 0, 0, 0, 0, 0, 0, 0, 0, 0, 0, 0, 0, 0, 0, 0, 0, 0, 0, 0, 0, 0, 0, 0, 0, 0, 0, 0, 0, 0, 0, 0, 0, 0, 0, 0, 0, 0, 0, 0, 0, 0, 0, 0, 0, 0], "left_behind": ["egg", "egg", "plain", "turd", "egg", "egg", "plain", "turd", "egg", "egg", "plain", "turd", "plain", "egg", "plain", "plain", "egg", "egg", "plain", "turd", "egg", "egg", "plain", "turd", "egg", "plain", "plain", "plain", "egg", "egg", "plain", "plain", "egg", "egg", "plain", "plain", "egg", "egg", "plain", "plain", "egg", "egg", "plain", "plain", "egg", "egg", "plain", "plain", "egg", "egg", "plain", "plain", "plain", "egg", "plain", "plain", "egg", "egg", "plain", "plain", "egg", "egg", "plain", "plain", "plain", "egg", "plain", "plain", "plain", "plain", "plain", "plain", "plain", "egg", "plain", "plain", "plain", "egg", "plain", "plain"], "errlog_a": "", "errlog_b": "", "start_time": 360, "start_moves": 40, "turn_count": 80, "result": 1, "reason": "EGGS_LAID", "trapdoors": [[5, 3], [4, 3]], "spawn_a": [7, 1], "spawn_b": [0, 1]}