{"pos": [[6, 1], [1, 1], [5, 1], [2, 1], [5, 0], [3, 1], [4, 0], [4, 1], [5, 0], [4, 2], [6, 0], [3, 2], [7, 0], [2, 2], [6, 0], [2, 1], [6, 1], [2, 0], [6, 2], [3, 0], [7, 2], [3, 1], [7, 3], [4, 1], [7, 4], [4, 2], [6, 4], [5, 2], [6, 5], [5, 3], [7, 5], [6, 3], [7, 6], [5, 3], [7, 7], [5, 4], [6, 7], [5, 3], [5, 7], [5, 4], [5, 6], [5, 3], [4, 6], [5, 2], [4, 5], [4, 2], [4, 4], [3, 2], [3, 4], [3, 3], [3, 5], [3, 4], [3, 6], [2, 4], [2, 6], [2, 5], [1, 6], [1, 5], [1, 7], [1, 6], [2, 7], [0, 6], [3, 7], [0, 7], [4, 7], [0, 6], [4, 6], [0, 5], [4, 5], [0, 4], [4, 4], [1, 4], [4, 5], [1, 3], [3, 5], [2, 3], [3, 6], [2, 2], [2, 6], [1, 2]], "a_eggs_laid": [1, 1, 1, 1, 2, 2, 2, 2, 3, 3, 3, 3, 4, 4, 4, 4, 4, 4, 4, 4, 5, 5, 5, 5, 6, 6, 6, 6, 7, 7, 7, 7, 8, 8, 8, 8, 11, 11, 11, 11, 12, 12, 12, 12, 13, 13, 13, 13, 14, 14, 14, 14, 15, 15, 15, 15, 16, 16, 16, 16, 17, 17, 17, 17, 18, 18, 18, 18, 18, 18, 18, 18, 18, 18, 18, 18, 18, 18, 18, 18], "b_eggs_laid": [0, 1, 1, 1, 1, 2, 2, 2, 2, 3, 3, 3, 3, 4, 4, 4, 4, 4, 4, 4, 4, 5, 5, 5, 5, 5, 5, 5, 5, 6, 6, 6, 6, 7, 7, 7, 7, 8, 8, 8, 8, 8, 8, 8, 8, 8, 8, 8, 8, 8, 8, 8, 8, 9, 9, 9, 9, 10, 10, 10, 10, 11, 11, 11, 11, 14, 14, 14, 14, 15, 15, 15, 15, 16, 16, 16, 16, 17, 17, 17], "a_turds_left": [5, 5, 5, 5, 5, 5, 5, 5, 5, 5, 5, 5, 5, 5, 5, 5, 5, 5, 5, 5, 5, 5, 5, 5, 5, 5, 5, 5, 5, 5, 5, 5, 5, 5, 5, 5, 5, 5, 5, 5, 5, 5, 5, 5, 5, 5, 5, 5, 5, 5, 5, 5, 5, 5, 5, 5, 5, 5, 5, 5, 5, 5, 5, 5, 5, 5, 5, 5, 5, 5, 5, 5, 5, 5, 5, 5, 5, 5, 5, 5], "b_turds_left": [5, 5, 5, 4, 4, 4, 4, 3, 3, 3, 3, 2, 2, 2, 2, 1, 1, 1, 1, 0, 0, 0, 0, 0, 0, 0, 0, 0, 0, 0, 0, 0, 0, 0, 0, 0, 0, 0, 0, 0, 0, 0, 0, 0, 0, 0, 0, 0, 0, 0, 0, 0, 0, 0, 0, 0, 0, 0, 0, 0, 0, 0, 0, 0, 0, 0, 0, 0, 0, 0, 0, 0, 0, 0, 0, 0, 0, 0, 0, 0], "a_time_left": [359.99639620800735, 359.99639620800735, 359.99452804098837, 359.99452804098837, 359.99130449898075, 359.99130449898075, 359.99004299897933, 359.99004299897933, 359.98927033302607, 359.98927033302607, 359.98896050004987, 359.98896050004987, 359.9863210830372, 359.9863210830372, 359.98606979107717, 359.98606979107717, 359.9855334160384, 359.9855334160384, 359.9847215000191, 359.9847215000191, 359.98441870801616, 359.98441870801616, 359.98430574999657, 359.98430574999657, 359.98412341601215, 359.98412341601215, 359.98402637499385, 359.98402637499385, 359.983839124965, 359.983839124965, 359.9837213749415, 359.9837213749415, 359.98362520796945, 359.98362520796945, 359.9835348330089, 359.9835348330089, 359.9834524579928, 359.9834524579928, 359.9833621659782, 359.9833621659782, 359.98325833299896, 359.98325833299896, 359.983158499992, 359.983158499992, 359.9830502080149, 359.9830502080149, 359.98295799904736, 359.98295799904736, 359.9827072080225, 359.9827072080225, 359.98250566702336, 359.98250566702336, 359.98225262598135, 359.98225262598135, 359.9819691259763, 359.9819691259763, 359.9817005840014, 359.9817005840014, 359.9814888339606, 359.9814888339606, 359.9812452089391, 359.9812452089391, 359.98102800094057, 359.98102800094057, 359.9807876679697, 359.9807876679697, 359.9806830009329, 359.9806830009329, 359.98045145889046, 359.98045145889046, 359.98019000090426, 359.98019000090426, 359.9800136258709, 359.9800136258709, 359.97976800083416, 359.97976800083416, 359.97959320881637, 359.97959320881637, 359.9793505418347, 359.9793505418347], "b_time_left": [360, 359.9966347919544, 359.9966347919544, 359.99592625093646, 359.99592625093646, 359.9934114179341, 359.9934114179341, 359.9916417929344, 359.9916417929344, 359.99124708393356, 359.99124708393356, 359.98957858397625, 359.98957858397625, 359.9878434999846, 359.9878434999846, 359.98665233299835, 359.98665233299835, 359.9863419989706, 359.9863419989706, 359.98618037393317, 359.98618037393317, 359.98596124892356, 359.98596124892356, 359.98585412389366, 359.98585412389366, 359.98577570694033, 359.98577570694033, 359.9854823319474, 359.9854823319474, 359.9852229989483, 359.9852229989483, 359.98489403998246, 359.98489403998246, 359.98465962399496, 359.98465962399496, 359.9844272490009, 359.9844272490009, 359.9838441660395, 359.9838441660395, 359.9836862910306, 359.9836862910306, 359.98335024906555, 359.98335024906555, 359.98319566604914, 359.98319566604914, 359.98306508304086, 359.98306508304086, 359.98291904100915, 359.98291904100915, 359.9824867909774, 359.9824867909774, 359.98228620796, 359.98228620796, 359.9820671239868, 359.9820671239868, 359.9818560400163, 359.9818560400163, 359.9816390820197, 359.9816390820197, 359.9814608740271, 359.9814608740271, 359.9812685830402, 359.9812685830402, 359.9811202920391, 359.9811202920391, 359.9809710420668, 359.9809710420668, 359.98085270804586, 359.98085270804586, 359.98064712405903, 359.98064712405903, 359.9804764990695, 359.9804764990695, 359.9802252490772, 359.9802252490772, 359.9800582071184, 359.9800582071184, 359.9798380401335, 359.9798380401335, 359.97962391510373], "a_moves_left": [39, 39, 38, 38, 37, 37, 36, 36, 35, 35, 34, 34, 33, 33, 32, 32, 31, 31, 30, 30, 29, 29, 28, 28, 27, 27, 26, 26, 25, 25, 24, 24, 23, 23, 22, 22, 21, 21, 20, 20, 19, 19, 18, 18, 17, 17, 16, 16, 15, 15, 14, 14, 13, 13, 12, 12, 11, 11, 10, 10, 9, 9, 8, 8, 7, 7, 6, 6, 5, 5, 4, 4, 3, 3, 2, 2, 1, 1, 0, 0], "b_moves_left": [40, 39, 39, 38, 38, 37, 37, 36, 36, 35, 35, 34, 34, 33, 33, 32, 32, 31, 31, 30, 30, 29, 29, 28, 28, 27, 27, 26, 26, 25, 25, 24, 24, 23, 23, 22, 22, 21, 21, 20, 20, 19, 19, 18, 18, 17, 17, 16, 16, 15, 15, 14, 14, 13, 13, 12, 12, 11, 11, 10, 10, 9, 9, 8, 8, 7, 7, 6, 6, 5, 5, 4, 4, 3, 3, 2, 2, 1, 1, 0], "trapdoor_triggered": [0, 0, 0, 0, 0, 0, 0, 0, 0, 0, 0, 0, 0, 0, 0, 0, 0, 0, 0, 0, 0, 0, 0, 0, 0, 0, 0, 0, 0, 0, 0, 0, 0, 0, 0, 0, 0, 0, 0, 0, 0, 0, 0, 0, 0, 0, 0, 0, 0, 0, 0, 0, 0, 0, 0, 0, 0, 0, 0, 0, 0, 0, 0, 0, 0, 0, 0, 0, 0, 0, 0, 0, 0, 0, 0, 0, 0, 0, 0, 0], "left_behind": ["egg", "egg", "plain", "turd", "egg", "egg", "plain", "turd", "egg", "egg", "plain", "turd", "egg", "egg", "plain", "turd", "plain", "plain", "plain", "turd", "egg", "egg", "plain", "plain", "egg", "plain", "plain", "plain", "egg", "egg", "plain", "plain", "egg", "egg", "plain", "plain", "egg", "egg", "plain", "plain", "egg", "plain", "plain", "plain", "egg", "plain", "plain", "plain", "egg", "plain", "plain", "plain", "egg", "egg", "plain", "plain", "egg", "egg", "plain", "plain", "egg", "egg", "plain", "plain", "egg", "egg", "plain", "plain", "plain", "egg", "plain", "plain", "plain", "egg", "plain", "plain", "plain", "egg", "plain", "plain"], "errlog_a": "", "errlog_b": "", "start_time": 360, "start_moves": 40, "turn_count": 80, "result": 0, "reason": "EGGS_LAID", "trapdoors": [[5, 5], [4, 3]], "spawn_a": [7, 1], "spawn_b": [0, 1]}