{"pos": [[6, 1], [1, 1], [5, 1], [2, 1], [5, 0], [3, 1], [4, 0], [4, 1], [5, 0], [3, 1], [6, 0], [3, 2], [7, 0], [2, 2], [6, 0], [2, 1], [6, 1], [2, 0], [6, 2], [3, 0], [7, 2], [2, 0], [7, 3], [1, 0], [6, 3], [0, 0], [6, 4], [1, 0], [7, 4], [1, 1], [7, 5], [1, 2], [6, 5], [1, 3], [6, 6], [1, 4], [7, 6], [2, 4], [7, 7], [2, 3], [6, 7], [2, 2], [5, 7], [3, 2], [5, 6], [4, 2], [4, 6], [5, 2], [4, 7], [5, 3], [3, 7], [6, 3], [2, 7], [5, 3], [2, 6], [5, 4], [1, 6], [5, 5], [1, 7], [6, 5], [0, 7], [5, 5], [0, 6], [5, 6], [0, 5], [5, 5], [1, 5], [5, 4], [2, 5], [4, 4], [2, 6], [3, 4], [3, 6], [3, 5], [4, 6], [3, 6], [4, 7], [3, 5], [3, 7], [2, 5]], "a_eggs_laid": [1, 1, 1, 1, 2, 2, 2, 2, 3, 3, 3, 3, 4, 4, 4, 4, 4, 4, 4, 4, 5, 5, 5, 5, 6, 6, 6, 6, 7, 7, 7, 7, 8, 8, 8, 8, 9, 9, 9, 9, 12, 12, 12, 12, 13, 13, 13, 13, 14, 14, 14, 14, 15, 15, 15, 15, 16, 16, 16, 16, 17, 17, 17, 17, 18, 18, 18, 18, 19, 19, 19, 19, 19, 19, 19, 19, 19, 19, 19, 19], "b_eggs_laid": [0, 1, 1, 1, 1, 2, 2, 2, 2, 3, 3, 3, 3, 4, 4, 4, 4, 4, 4, 4, 4, 5, 5, 5, 5, 6, 6, 6, 6, 6, 6, 6, 6, 7, 7, 7, 7, 8, 8, 8, 8, 9, 9, 9, 9, 9, 9, 9, 9, 10, 10, 10, 10, 11, 11, 11, 11, 12, 12, 12, 12, 13, 13, 13, 13, 14, 14, 14, 14, 14, 14, 14, 14, 15, 15, 15, 15, 16, 16, 16], "a_turds_left": [5, 5, 5, 5, 5, 5, 5, 5, 5, 5, 5, 5, 5, 5, 5, 5, 5, 5, 5, 5, 5, 5, 5, 5, 5, 5, 5, 5, 5, 5, 5, 5, 5, 5, 5, 5, 5, 5, 5, 5, 5, 5, 5, 5, 5, 5, 5, 5, 5, 5, 5, 5, 5, 5, 5, 5, 5, 5, 5, 5, 5, 5, 5, 5, 5, 5, 5, 5, 5, 5, 5, 5, 5, 5, 5, 5, 5, 5, 5, 5], "b_turds_left": [5, 5, 5, 4, 4, 4, 4, 3, 3, 3, 3, 3, 3, 3, 3, 2, 2, 2, 2, 1, 1, 1, 1, 1, 1, 1, 1, 0, 0, 0, 0, 0, 0, 0, 0, 0, 0, 0, 0, 0, 0, 0, 0, 0, 0, 0, 0, 0, 0, 0, 0, 0, 0, 0, 0, 0, 0, 0, 0, 0, 0, 0, 0, 0, 0, 0, 0, 0, 0, 0, 0, 0, 0, 0, 0, 0, 0, 0, 0, 0], "a_time_left": [359.99635287496494, 359.99635287496494, 359.99457270797575, 359.99457270797575, 359.9914095000131, 359.9914095000131, 359.99009012500755, 359.99009012500755, 359.9892460000119, 359.9892460000119, 359.98846008302644, 359.98846008302644, 359.987505667028, 359.987505667028, 359.9873878330691, 359.9873878330691, 359.987171958026, 359.987171958026, 359.9868550830288, 359.9868550830288, 359.9867030410096, 359.9867030410096, 359.98654862400144, 359.98654862400144, 359.98641124903224, 359.98641124903224, 359.98628424905473, 359.98628424905473, 359.98612658306956, 359.98612658306956, 359.9860076660407, 359.9860076660407, 359.98588229104644, 359.98588229104644, 359.9857535410556, 359.9857535410556, 359.9856065410422, 359.9856065410422, 359.9853839990101, 359.9853839990101, 359.9852652490372, 359.9852652490372, 359.9851409570547, 359.9851409570547, 359.985016790044, 359.985016790044, 359.9848846230889, 359.9848846230889, 359.9847381230793, 359.9847381230793, 359.98463591508335, 359.98463591508335, 359.98451066511916, 359.98451066511916, 359.98423470713897, 359.98423470713897, 359.98409191617975, 359.98409191617975, 359.983800416172, 359.983800416172, 359.98348704114323, 359.98348704114323, 359.98338091612095, 359.98338091612095, 359.9830612911028, 359.9830612911028, 359.9827865411062, 359.9827865411062, 359.98247179115424, 359.98247179115424, 359.98234891617903, 359.98234891617903, 359.98210712417495, 359.98210712417495, 359.9819059991278, 359.9819059991278, 359.981668332126, 359.981668332126, 359.98143045714824, 359.98143045714824], "b_time_left": [360, 359.996510958008, 359.996510958008, 359.99474612501217, 359.99474612501217, 359.9922466669814, 359.9922466669814, 359.9904644169728, 359.9904644169728, 359.99006087495945, 359.99006087495945, 359.9898423329578, 359.9898423329578, 359.9889221249614, 359.9889221249614, 359.98845308297314, 359.98845308297314, 359.9883310419973, 359.9883310419973, 359.9881786669721, 359.9881786669721, 359.9880640839692, 359.9880640839692, 359.9879571669735, 359.9879571669735, 359.98781187599525, 359.98781187599525, 359.9877128349617, 359.9877128349617, 359.9876206679619, 359.9876206679619, 359.987447251915, 359.987447251915, 359.98701595992316, 359.98701595992316, 359.9866775429109, 359.9866775429109, 359.9859255849151, 359.9859255849151, 359.98584125190973, 359.98584125190973, 359.98574550193734, 359.98574550193734, 359.98567204293795, 359.98567204293795, 359.9853998759645, 359.9853998759645, 359.9853272509645, 359.9853272509645, 359.98524641699623, 359.98524641699623, 359.9851684169844, 359.9851684169844, 359.98509533394827, 359.98509533394827, 359.98452312493464, 359.98452312493464, 359.98431291693123, 359.98431291693123, 359.98410950088874, 359.98410950088874, 359.9840392098995, 359.9840392098995, 359.9835495008738, 359.9835495008738, 359.98337075085146, 359.98337075085146, 359.9830966258887, 359.9830966258887, 359.9826692509232, 359.9826692509232, 359.9824998349068, 359.9824998349068, 359.9822672518785, 359.9822672518785, 359.9820391269168, 359.9820391269168, 359.9818691679393, 359.9818691679393, 359.98152054293314], "a_moves_left": [39, 39, 38, 38, 37, 37, 36, 36, 35, 35, 34, 34, 33, 33, 32, 32, 31, 31, 30, 30, 29, 29, 28, 28, 27, 27, 26, 26, 25, 25, 24, 24, 23, 23, 22, 22, 21, 21, 20, 20, 19, 19, 18, 18, 17, 17, 16, 16, 15, 15, 14, 14, 13, 13, 12, 12, 11, 11, 10, 10, 9, 9, 8, 8, 7, 7, 6, 6, 5, 5, 4, 4, 3, 3, 2, 2, 1, 1, 0, 0], "b_moves_left": [40, 39, 39, 38, 38, 37, 37, 36, 36, 35, 35, 34, 34, 33, 33, 32, 32, 31, 31, 30, 30, 29, 29, 28, 28, 27, 27, 26, 26, 25, 25, 24, 24, 23, 23, 22, 22, 21, 21, 20, 20, 19, 19, 18, 18, 17, 17, 16, 16, 15, 15, 14, 14, 13, 13, 12, 12, 11, 11, 10, 10, 9, 9, 8, 8, 7, 7, 6, 6, 5, 5, 4, 4, 3, 3, 2, 2, 1, 1, 0], "trapdoor_triggered": [0, 0, 0, 0, 0, 0, 0, 0, 0, 0, 0, 0, 0, 0, 0, 0, 0, 0, 0, 0, 0, 0, 0, 0, 0, 0, 0, 0, 0, 0, 0, 0, 0, 0, 0, 0, 0, 0, 0, 0, 0, 0, 0, 0, 0, 0, 0, 0, 0, 0, 0, 0, 0, 0, 0, 0, 0, 0, 0, 0, 0, 0, 0, 0, 0, 0, 0, 0, 0, 0, 0, 0, 0, 0, 0, 0, 0, 0, 0, 0], "left_behind": ["egg", "egg", "plain", "turd", "egg", "egg", "plain", "turd", "egg", "egg", "plain", "plain", "egg", "egg", "plain", "turd", "plain", "plain", "plain", "turd", "egg", "egg", "plain", "plain", "egg", "egg", "plain", "turd", "egg", "plain", "plain", "plain", "egg", "egg", "plain", "plain", "egg", "egg", "plain", "plain", "egg", "egg", "plain", "plain", "egg", "plain", "plain", "plain", "egg", "egg", "plain", "plain", "egg", "egg", "plain", "plain", "egg", "egg", "plain", "plain", "egg", "egg", "plain", "plain", "egg", "egg", "plain", "plain", "egg", "plain", "plain", "plain", "plain", "egg", "plain", "plain", "plain", "egg", "plain", "plain"], "errlog_a": "", "errlog_b": "", "start_time": 360, "start_moves": 40, "turn_count": 80, "result": 0, "reason": "EGGS_LAID", "trapdoors": [[3, 3], [4, 5]], "spawn_a": [7, 1], "spawn_b": [0, 1]}