{"pos": [[6, 5], [1, 5], [6, 4], [1, 4], [7, 4], [1, 3], [7, 3], [2, 3], [6, 3], [2, 4], [6, 2], [2, 3], [7, 2], [2, 2], [7, 1], [2, 1], [6, 1], [1, 1], [5, 1], [1, 2], [5, 0], [0, 2], [6, 0], [0, 1], [7, 0], [0, 0], [7, 1], [1, 0], [6, 1], [2, 0], [5, 1], [3, 0], [4, 1], [3, 1], [4, 2], [4, 1], [5, 2], [4, 0], [5, 3], [5, 0], [6, 3], [4, 0], [6, 2], [4, 1], [5, 2], [3, 1], [4, 2], [3, 2], [5, 2], [3, 3], [5, 3], [3, 2], [4, 3], [3, 3], [4, 4], [3, 2], [5, 4], [3, 3], [4, 4], [2, 3], [4, 3], [2, 2], [3, 3], [2, 1], [4, 3], [2, 0], [3, 3], [3, 0], [4, 3], [3, 1], [4, 2], [4, 1], [5, 2], [4, 0], [5, 1], [5, 0], [6, 1], [4, 0], [6, 0], [5, 0]], "a_eggs_laid": [1, 1, 1, 1, 2, 2, 2, 2, 3, 3, 3, 3, 4, 4, 4, 4, 5, 5, 5, 5, 6, 6, 6, 6, 7, 7, 7, 7, 7, 7, 7, 7, 7, 7, 7, 7, 8, 8, 8, 8, 9, 9, 9, 9, 9, 9, 9, 9, 9, 9, 9, 9, 9, 9, 9, 9, 10, 10, 10, 10, 10, 10, 10, 10, 11, 11, 11, 11, 11, 11, 11, 11, 11, 11, 11, 11, 11, 11, 11, 11], "b_eggs_laid": [0, 1, 1, 1, 1, 2, 2, 2, 2, 3, 3, 3, 3, 3, 3, 3, 3, 4, 4, 4, 4, 5, 5, 5, 5, 6, 6, 6, 6, 7, 7, 7, 7, 8, 8, 8, 8, 9, 9, 9, 9, 10, 10, 10, 10, 10, 10, 10, 10, 11, 11, 11, 11, 11, 11, 11, 11, 11, 11, 11, 11, 11, 11, 11, 11, 11, 11, 11, 11, 11, 11, 11, 11, 11, 11, 11, 11, 11, 11, 11], "a_turds_left": [5, 5, 5, 5, 5, 5, 5, 5, 5, 5, 5, 5, 5, 5, 5, 5, 5, 5, 5, 5, 5, 5, 5, 5, 5, 5, 5, 5, 5, 5, 5, 5, 5, 5, 5, 5, 5, 5, 5, 5, 5, 5, 5, 5, 5, 5, 5, 5, 5, 5, 5, 5, 5, 5, 5, 5, 5, 5, 5, 5, 5, 5, 5, 5, 5, 5, 5, 5, 5, 5, 5, 5, 5, 5, 5, 5, 5, 5, 5, 5], "b_turds_left": [5, 5, 5, 4, 4, 4, 4, 3, 3, 3, 3, 2, 2, 2, 2, 1, 1, 1, 1, 0, 0, 0, 0, 0, 0, 0, 0, 0, 0, 0, 0, 0, 0, 0, 0, 0, 0, 0, 0, 0, 0, 0, 0, 0, 0, 0, 0, 0, 0, 0, 0, 0, 0, 0, 0, 0, 0, 0, 0, 0, 0, 0, 0, 0, 0, 0, 0, 0, 0, 0, 0, 0, 0, 0, 0, 0, 0, 0, 0, 0], "a_time_left": [359.99634658300783, 359.99634658300783, 359.9946224160376, 359.9946224160376, 359.9914109160309, 359.9914109160309, 359.99063358304556, 359.99063358304556, 359.9881988330744, 359.9881988330744, 359.9869587920839, 359.9869587920839, 359.98372504208237, 359.98372504208237, 359.98360654205317, 359.98360654205317, 359.983305959031, 359.983305959031, 359.9831755840569, 359.9831755840569, 359.9830396670732, 359.9830396670732, 359.9829350000946, 359.9829350000946, 359.9828222920769, 359.9828222920769, 359.98273395805154, 359.98273395805154, 359.98263162508374, 359.98263162508374, 359.982519125042, 359.982519125042, 359.98241595801665, 359.98241595801665, 359.9823350420338, 359.9823350420338, 359.9822395420051, 359.9822395420051, 359.98212716699345, 359.98212716699345, 359.98178691696376, 359.98178691696376, 359.98151841695653, 359.98151841695653, 359.98142391693546, 359.98142391693546, 359.9811459169141, 359.9811459169141, 359.98092720791465, 359.98092720791465, 359.9806501659332, 359.9806501659332, 359.98040283296723, 359.98040283296723, 359.9801843329333, 359.9801843329333, 359.97988404193893, 359.97988404193893, 359.9749283759156, 359.9749283759156, 359.9747095849016, 359.9747095849016, 359.97446383489296, 359.97446383489296, 359.9742520019063, 359.9742520019063, 359.9740028769593, 359.9740028769593, 359.9739305439289, 359.9739305439289, 359.97368858591653, 359.97368858591653, 359.9735117109376, 359.9735117109376, 359.97327829390997, 359.97327829390997, 359.9730994599522, 359.9730994599522, 359.972863000934, 359.972863000934], "b_time_left": [360, 359.9965165829635, 359.9965165829635, 359.99481041700346, 359.99481041700346, 359.9920004999731, 359.9920004999731, 359.9902839589631, 359.9902839589631, 359.98775916796876, 359.98775916796876, 359.9865117520094, 359.9865117520094, 359.98574600199936, 359.98574600199936, 359.9850995859597, 359.9850995859597, 359.9842011689325, 359.9842011689325, 359.9835861689062, 359.9835861689062, 359.9833128778846, 359.9833128778846, 359.98305566993076, 359.98305566993076, 359.98261158692185, 359.98261158692185, 359.98245266993763, 359.98245266993763, 359.9820047529065, 359.9820047529065, 359.9819247109117, 359.9819247109117, 359.98182400286896, 359.98182400286896, 359.98174900287995, 359.98174900287995, 359.981654752919, 359.981654752919, 359.98157583596185, 359.98157583596185, 359.98137096094433, 359.98137096094433, 359.9812787939445, 359.9812787939445, 359.98086221091216, 359.98086221091216, 359.9806868779124, 359.9806868779124, 359.980438252911, 359.980438252911, 359.98035171086667, 359.98035171086667, 359.97995046083815, 359.97995046083815, 359.97937608585926, 359.97937608585926, 359.9791810858296, 359.9791810858296, 359.9786095028394, 359.9786095028394, 359.9782185028307, 359.9782185028307, 359.97800237784395, 359.97800237784395, 359.97775037784595, 359.97775037784595, 359.9776637527975, 359.9776637527975, 359.9774232528289, 359.9774232528289, 359.9772012938047, 359.9772012938047, 359.9769907108275, 359.9769907108275, 359.9767942108447, 359.9767942108447, 359.9766032108455, 359.9766032108455, 359.97641154384473], "a_moves_left": [39, 39, 38, 38, 37, 37, 36, 36, 35, 35, 34, 34, 33, 33, 32, 32, 31, 31, 30, 30, 29, 29, 28, 28, 27, 27, 26, 26, 25, 25, 24, 24, 23, 23, 22, 22, 21, 21, 20, 20, 19, 19, 18, 18, 17, 17, 16, 16, 15, 15, 14, 14, 13, 13, 12, 12, 11, 11, 10, 10, 9, 9, 8, 8, 7, 7, 6, 6, 5, 5, 4, 4, 3, 3, 2, 2, 1, 1, 0, 0], "b_moves_left": [40, 39, 39, 38, 38, 37, 37, 36, 36, 35, 35, 34, 34, 33, 33, 32, 32, 31, 31, 30, 30, 29, 29, 28, 28, 27, 27, 26, 26, 25, 25, 24, 24, 23, 23, 22, 22, 21, 21, 20, 20, 19, 19, 18, 18, 17, 17, 16, 16, 15, 15, 14, 14, 13, 13, 12, 12, 11, 11, 10, 10, 9, 9, 8, 8, 7, 7, 6, 6, 5, 5, 4, 4, 3, 3, 2, 2, 1, 1, 0], "trapdoor_triggered": [0, 0, 0, 0, 0, 0, 0, 0, 0, 0, 0, 0, 0, 0, 0, 0, 0, 0, 0, 0, 0, 0, 0, 0, 0, 0, 0, 0, 0, 0, 0, 0, 0, 0, 0, 0, 0, 0, 0, 0, 0, 0, 0, 0, 0, 0, 0, 0, 0, 0, 0, 0, 0, 0, 0, 0, 0, 0, 0, 0, 0, 0, 0, 0, 0, 0, 0, 0, 0, 0, 0, 0, 0, 0, 0, 0, 0, 0, 0, 0], "left_behind": ["egg", "egg", "plain", "turd", "egg", "egg", "plain", "turd", "egg", "egg", "plain", "turd", "egg", "plain", "plain", "turd", "egg", "egg", "plain", "turd", "egg", "egg", "plain", "plain", "egg", "egg", "plain", "plain", "plain", "egg", "plain", "plain", "plain", "egg", "plain", "plain", "egg", "egg", "plain", "plain", "egg", "egg", "plain", "plain", "plain", "plain", "plain", "plain", "plain", "egg", "plain", "plain", "plain", "plain", "plain", "plain", "egg", "plain", "plain", "plain", "plain", "plain", "plain", "plain", "egg", "plain", "plain", "plain", "plain", "plain", "plain", "plain", "plain", "plain", "plain", "plain", "plain", "plain", "plain", "plain"], "errlog_a": "", "errlog_b": "", "start_time": 360, "start_moves": 40, "turn_count": 80, "result": 2, "reason": "EGGS_LAID", "trapdoors": [[5, 5], [3, 4]], "spawn_a": [7, 5], "spawn_b": [0, 5]}