{"pos": [[1, 6], [6, 6], [2, 6], [5, 6], [2, 7], [4, 6], [3, 7], [3, 6], [2, 7], [3, 5], [1, 7], [4, 5], [0, 7], [5, 5], [1, 7], [5, 6], [1, 6], [5, 7], [1, 5], [4, 7], [0, 5], [4, 6], [0, 4], [4, 5], [1, 4], [3, 5], [1, 3], [2, 5], [0, 3], [2, 4], [0, 2], [1, 4], [0, 1], [2, 4], [1, 1], [3, 4], [1, 0], [2, 4], [0, 0], [2, 3], [1, 0], [2, 2], [2, 0], [2, 1], [3, 0], [3, 1], [4, 0], [4, 1], [5, 0], [5, 1], [6, 0], [6, 1], [7, 0], [6, 2], [7, 1], [7, 2], [7, 0], [7, 3], [7, 1], [6, 3], [7, 0], [6, 4], [6, 0], [6, 5], [5, 0], [7, 5], [5, 1], [7, 4], [5, 2], [6, 4], [6, 2], [5, 4], [5, 2], [4, 4], [5, 1], [5, 4], [5, 2], [4, 4], [6, 2], [3, 4]], "a_eggs_laid": [1, 1, 1, 1, 2, 2, 2, 2, 3, 3, 3, 3, 4, 4, 4, 4, 4, 4, 4, 4, 5, 5, 5, 5, 6, 6, 6, 6, 7, 7, 7, 7, 8, 8, 8, 8, 9, 9, 9, 9, 12, 12, 12, 12, 13, 13, 13, 13, 14, 14, 14, 14, 15, 15, 15, 15, 16, 16, 16, 16, 16, 16, 16, 16, 16, 16, 16, 16, 17, 17, 17, 17, 18, 18, 18, 18, 18, 18, 18, 18], "b_eggs_laid": [0, 1, 1, 1, 1, 2, 2, 2, 2, 3, 3, 3, 3, 4, 4, 4, 4, 4, 4, 4, 4, 5, 5, 5, 5, 5, 5, 5, 5, 6, 6, 6, 6, 7, 7, 7, 7, 8, 8, 8, 8, 9, 9, 9, 9, 10, 10, 10, 10, 11, 11, 11, 11, 12, 12, 12, 12, 13, 13, 13, 13, 14, 14, 14, 14, 15, 15, 15, 15, 16, 16, 16, 16, 17, 17, 17, 17, 17, 17, 17], "a_turds_left": [5, 5, 5, 5, 5, 5, 5, 5, 5, 5, 5, 5, 5, 5, 5, 5, 5, 5, 5, 5, 5, 5, 5, 5, 5, 5, 5, 5, 5, 5, 5, 5, 5, 5, 5, 5, 5, 5, 5, 5, 5, 5, 5, 5, 5, 5, 5, 5, 5, 5, 5, 5, 5, 5, 5, 5, 5, 5, 5, 5, 5, 5, 5, 5, 5, 5, 5, 5, 5, 5, 5, 5, 5, 5, 5, 5, 5, 5, 5, 5], "b_turds_left": [5, 5, 5, 4, 4, 4, 4, 3, 3, 3, 3, 2, 2, 2, 2, 1, 1, 1, 1, 0, 0, 0, 0, 0, 0, 0, 0, 0, 0, 0, 0, 0, 0, 0, 0, 0, 0, 0, 0, 0, 0, 0, 0, 0, 0, 0, 0, 0, 0, 0, 0, 0, 0, 0, 0, 0, 0, 0, 0, 0, 0, 0, 0, 0, 0, 0, 0, 0, 0, 0, 0, 0, 0, 0, 0, 0, 0, 0, 0, 0], "a_time_left": [359.9962144579622, 359.9962144579622, 359.99423391593155, 359.99423391593155, 359.99096249893773, 359.99096249893773, 359.98964645696105, 359.98964645696105, 359.9893263729755, 359.9893263729755, 359.9889958309359, 359.9889958309359, 359.9863746649353, 359.9863746649353, 359.9860675399541, 359.9860675399541, 359.9858288319665, 359.9858288319665, 359.984977372922, 359.984977372922, 359.9846446638694, 359.9846446638694, 359.9843513309024, 359.9843513309024, 359.9840463309083, 359.9840463309083, 359.983729164931, 359.983729164931, 359.983364498883, 359.983364498883, 359.98312241589883, 359.98312241589883, 359.98281966586364, 359.98281966586364, 359.9827097488451, 359.9827097488451, 359.98237833182793, 359.98237833182793, 359.9821179568535, 359.9821179568535, 359.98185883188853, 359.98185883188853, 359.98175583186094, 359.98175583186094, 359.981663373881, 359.981663373881, 359.9815914988867, 359.9815914988867, 359.98150387388887, 359.98150387388887, 359.98143270792207, 359.98143270792207, 359.98133808292914, 359.98133808292914, 359.98125241691014, 359.98125241691014, 359.98118033388164, 359.98118033388164, 359.98109183390625, 359.98109183390625, 359.9810229589348, 359.9810229589348, 359.9809290419216, 359.9809290419216, 359.980836374918, 359.980836374918, 359.9807386249304, 359.9807386249304, 359.9806417078944, 359.9806417078944, 359.9805399988545, 359.9805399988545, 359.9804538738681, 359.9804538738681, 359.98035258287564, 359.98035258287564, 359.98029162484454, 359.98029162484454, 359.9802070418373, 359.9802070418373], "b_time_left": [360, 359.9963634170126, 359.9963634170126, 359.994579042017, 359.994579042017, 359.99208237504354, 359.99208237504354, 359.99138083303114, 359.99138083303114, 359.9848492500605, 359.9848492500605, 359.9825510420487, 359.9825510420487, 359.98079295805655, 359.98079295805655, 359.9795884160558, 359.9795884160558, 359.97929449903313, 359.97929449903313, 359.97887520701624, 359.97887520701624, 359.97865583200473, 359.97865583200473, 359.97855537297437, 359.97855537297437, 359.97807820595335, 359.97807820595335, 359.9773977479781, 359.9773977479781, 359.9767464559991, 359.9767464559991, 359.97589433100075, 359.97589433100075, 359.9752688310109, 359.9752688310109, 359.974623497983, 359.974623497983, 359.9731514980085, 359.9731514980085, 359.9727335399948, 359.9727335399948, 359.9726295399596, 359.9726295399596, 359.9725434979191, 359.9725434979191, 359.97246653889306, 359.97246653889306, 359.97238699684385, 359.97238699684385, 359.9723027878208, 359.9723027878208, 359.9722314128303, 359.9722314128303, 359.9721483288449, 359.9721483288449, 359.97208187088836, 359.97208187088836, 359.97200545389205, 359.97200545389205, 359.9719456208986, 359.9719456208986, 359.9718582459027, 359.9718582459027, 359.9717702039052, 359.9717702039052, 359.97168720391346, 359.97168720391346, 359.97162962093716, 359.97162962093716, 359.97155799594475, 359.97155799594475, 359.9714502879651, 359.9714502879651, 359.97135895496467, 359.97135895496467, 359.9712748299935, 359.9712748299935, 359.97113812196767, 359.97113812196767, 359.9710349549423], "a_moves_left": [39, 39, 38, 38, 37, 37, 36, 36, 35, 35, 34, 34, 33, 33, 32, 32, 31, 31, 30, 30, 29, 29, 28, 28, 27, 27, 26, 26, 25, 25, 24, 24, 23, 23, 22, 22, 21, 21, 20, 20, 19, 19, 18, 18, 17, 17, 16, 16, 15, 15, 14, 14, 13, 13, 12, 12, 11, 11, 10, 10, 9, 9, 8, 8, 7, 7, 6, 6, 5, 5, 4, 4, 3, 3, 2, 2, 1, 1, 0, 0], "b_moves_left": [40, 39, 39, 38, 38, 37, 37, 36, 36, 35, 35, 34, 34, 33, 33, 32, 32, 31, 31, 30, 30, 29, 29, 28, 28, 27, 27, 26, 26, 25, 25, 24, 24, 23, 23, 22, 22, 21, 21, 20, 20, 19, 19, 18, 18, 17, 17, 16, 16, 15, 15, 14, 14, 13, 13, 12, 12, 11, 11, 10, 10, 9, 9, 8, 8, 7, 7, 6, 6, 5, 5, 4, 4, 3, 3, 2, 2, 1, 1, 0], "trapdoor_triggered": [0, 0, 0, 0, 0, 0, 0, 0, 0, 0, 0, 0, 0, 0, 0, 0, 0, 0, 0, 0, 0, 0, 0, 0, 0, 0, 0, 0, 0, 0, 0, 0, 0, 0, 0, 0, 0, 0, 0, 0, 0, 0, 0, 0, 0, 0, 0, 0, 0, 0, 0, 0, 0, 0, 0, 0, 0, 0, 0, 0, 0, 0, 0, 0, 0, 0, 0, 0, 0, 0, 0, 0, 0, 0, 0, 0, 0, 0, 0, 0], "left_behind": ["egg", "egg", "plain", "turd", "egg", "egg", "plain", "turd", "egg", "egg", "plain", "turd", "egg", "egg", "plain", "turd", "plain", "plain", "plain", "turd", "egg", "egg", "plain", "plain", "egg", "plain", "plain", "plain", "egg", "egg", "plain", "plain", "egg", "egg", "plain", "plain", "egg", "egg", "plain", "plain", "egg", "egg", "plain", "plain", "egg", "egg", "plain", "plain", "egg", "egg", "plain", "plain", "egg", "egg", "plain", "plain", "egg", "egg", "plain", "plain", "plain", "egg", "plain", "plain", "plain", "egg", "plain", "plain", "egg", "egg", "plain", "plain", "egg", "egg", "plain", "plain", "plain", "plain", "plain", "plain"], "errlog_a": "", "errlog_b": "", "start_time": 360, "start_moves": 40, "turn_count": 80, "result": 0, "reason": "EGGS_LAID", "trapdoors": [[5, 3], [3, 2]], "spawn_a": [0, 6], "spawn_b": [7, 6]}