{"pos": [[1, 4], [6, 4], [1, 3], [6, 3], [0, 3], [6, 2], [0, 2], [5, 2], [1, 2], [5, 1], [1, 1], [4, 1], [0, 1], [3, 1], [0, 0], [2, 1], [1, 0], [2, 0], [1, 1], [1, 0], [1, 2], [2, 0], [1, 3], [3, 0], [2, 3], [4, 0], [3, 3], [5, 0], [2, 3], [6, 0], [3, 3], [6, 1], [3, 4], [7, 1], [4, 4], [7, 0], [3, 4], [7, 1], [3, 5], [7, 2], [3, 6], [7, 3], [4, 6], [6, 3], [4, 7], [5, 3], [5, 7], [4, 3], [6, 7], [5, 3], [6, 6], [5, 2], [5, 6], [4, 2], [5, 5], [3, 2], [5, 6], [3, 1], [5, 5], [4, 1], [5, 6], [4, 2], [4, 6], [4, 3], [4, 5], [5, 3], [4, 4], [4, 3], [3, 4], [4, 2], [3, 5], [3, 2], [2, 5], [3, 1], [2, 6], [2, 1], [1, 6], [2, 0], [1, 5], [3, 0]], "a_eggs_laid": [1, 1, 1, 1, 2, 2, 2, 2, 3, 3, 3, 3, 4, 4, 4, 4, 7, 7, 7, 7, 7, 7, 7, 7, 7, 7, 7, 7, 8, 8, 8, 8, 8, 8, 8, 8, 9, 9, 9, 9, 10, 10, 10, 10, 11, 11, 11, 11, 12, 12, 12, 12, 13, 13, 13, 13, 14, 14, 14, 14, 14, 14, 14, 14, 14, 14, 14, 14, 14, 14, 14, 14, 14, 14, 14, 14, 15, 15, 15, 15], "b_eggs_laid": [0, 1, 1, 1, 1, 2, 2, 2, 2, 3, 3, 3, 3, 4, 4, 4, 4, 5, 5, 5, 5, 6, 6, 6, 6, 7, 7, 7, 7, 8, 8, 8, 8, 9, 9, 9, 9, 12, 12, 12, 12, 13, 13, 13, 13, 13, 13, 13, 13, 14, 14, 14, 14, 14, 14, 14, 14, 15, 15, 15, 15, 15, 15, 15, 15, 15, 15, 15, 15, 15, 15, 15, 15, 15, 15, 15, 15, 15, 15, 15], "a_turds_left": [5, 5, 5, 5, 5, 5, 5, 5, 5, 5, 5, 5, 5, 5, 5, 5, 5, 5, 5, 5, 5, 5, 5, 5, 5, 5, 5, 5, 5, 5, 5, 5, 5, 5, 5, 5, 5, 5, 5, 5, 5, 5, 5, 5, 5, 5, 5, 5, 5, 5, 5, 5, 5, 5, 5, 5, 5, 5, 5, 5, 5, 5, 5, 5, 5, 5, 5, 5, 5, 5, 5, 5, 5, 5, 5, 5, 5, 5, 5, 5], "b_turds_left": [5, 5, 5, 4, 4, 4, 4, 3, 3, 3, 3, 2, 2, 2, 2, 1, 1, 1, 1, 0, 0, 0, 0, 0, 0, 0, 0, 0, 0, 0, 0, 0, 0, 0, 0, 0, 0, 0, 0, 0, 0, 0, 0, 0, 0, 0, 0, 0, 0, 0, 0, 0, 0, 0, 0, 0, 0, 0, 0, 0, 0, 0, 0, 0, 0, 0, 0, 0, 0, 0, 0, 0, 0, 0, 0, 0, 0, 0, 0, 0], "a_time_left": [359.99632804101566, 359.99632804101566, 359.9944926240132, 359.9944926240132, 359.99123529100325, 359.99123529100325, 359.99037429102464, 359.99037429102464, 359.9878278740216, 359.9878278740216, 359.986545124033, 359.986545124033, 359.98339845699957, 359.98339845699957, 359.983276207, 359.983276207, 359.98316262400476, 359.98316262400476, 359.98307770700194, 359.98307770700194, 359.98298512399197, 359.98298512399197, 359.9828683739761, 359.9828683739761, 359.9827685409691, 359.9827685409691, 359.9826597489882, 359.9826597489882, 359.9825341239921, 359.9825341239921, 359.9824265819625, 359.9824265819625, 359.982335623994, 359.982335623994, 359.98222258198075, 359.98222258198075, 359.98210924799787, 359.98210924799787, 359.98200083198026, 359.98200083198026, 359.98176941502606, 359.98176941502606, 359.9816516650026, 359.9816516650026, 359.9815244570491, 359.9815244570491, 359.9814231650089, 359.9814231650089, 359.9810355399968, 359.9810355399968, 359.9809217900038, 359.9809217900038, 359.98080933099845, 359.98080933099845, 359.9805105809937, 359.9805105809937, 359.98040349798976, 359.98040349798976, 359.9801544980146, 359.9801544980146, 359.97994616505457, 359.97994616505457, 359.97970529005397, 359.97970529005397, 359.97945149906445, 359.97945149906445, 359.979176083114, 359.979176083114, 359.97896283312, 359.97896283312, 359.97868979210034, 359.97868979210034, 359.97845641709864, 359.97845641709864, 359.9782077500713, 359.9782077500713, 359.977907792083, 359.977907792083, 359.97758925013477, 359.97758925013477], "b_time_left": [360, 359.9965387500124, 359.9965387500124, 359.9946963749826, 359.9946963749826, 359.9919896249776, 359.9919896249776, 359.9902589159319, 359.9902589159319, 359.9877611659467, 359.9877611659467, 359.9859487079666, 359.9859487079666, 359.9849964159657, 359.9849964159657, 359.9843344579567, 359.9843344579567, 359.98368179192767, 359.98368179192767, 359.98345566692296, 359.98345566692296, 359.983389916888, 359.983389916888, 359.98328875086736, 359.98328875086736, 359.98314508388285, 359.98314508388285, 359.98305537586566, 359.98305537586566, 359.9828768338775, 359.9828768338775, 359.9828115009004, 359.9828115009004, 359.9827149588964, 359.9827149588964, 359.98265191790415, 359.98265191790415, 359.982577042887, 359.982577042887, 359.9824835009058, 359.9824835009058, 359.982388958917, 359.982388958917, 359.98231045890134, 359.98231045890134, 359.9821284589125, 359.9821284589125, 359.98204758390784, 359.98204758390784, 359.981815041916, 359.981815041916, 359.98152358387597, 359.98152358387597, 359.9810951258405, 359.9810951258405, 359.98090029187733, 359.98090029187733, 359.98069308389677, 359.98069308389677, 359.9804709588643, 359.9804709588643, 359.9802478758502, 359.9802478758502, 359.98005675087916, 359.98005675087916, 359.9798432098469, 359.9798432098469, 359.97962254384765, 359.97962254384765, 359.97941283584805, 359.97941283584805, 359.97921866882825, 359.97921866882825, 359.97888562682783, 359.97888562682783, 359.97880391881336, 359.97880391881336, 359.9784973358037, 359.9784973358037, 359.97842733579455], "a_moves_left": [39, 39, 38, 38, 37, 37, 36, 36, 35, 35, 34, 34, 33, 33, 32, 32, 31, 31, 30, 30, 29, 29, 28, 28, 27, 27, 26, 26, 25, 25, 24, 24, 23, 23, 22, 22, 21, 21, 20, 20, 19, 19, 18, 18, 17, 17, 16, 16, 15, 15, 14, 14, 13, 13, 12, 12, 11, 11, 10, 10, 9, 9, 8, 8, 7, 7, 6, 6, 5, 5, 4, 4, 3, 3, 2, 2, 1, 1, 0, 0], "b_moves_left": [40, 39, 39, 38, 38, 37, 37, 36, 36, 35, 35, 34, 34, 33, 33, 32, 32, 31, 31, 30, 30, 29, 29, 28, 28, 27, 27, 26, 26, 25, 25, 24, 24, 23, 23, 22, 22, 21, 21, 20, 20, 19, 19, 18, 18, 17, 17, 16, 16, 15, 15, 14, 14, 13, 13, 12, 12, 11, 11, 10, 10, 9, 9, 8, 8, 7, 7, 6, 6, 5, 5, 4, 4, 3, 3, 2, 2, 1, 1, 0], "trapdoor_triggered": [0, 0, 0, 0, 0, 0, 0, 0, 0, 0, 0, 0, 0, 0, 0, 0, 0, 0, 0, 0, 0, 0, 0, 0, 0, 0, 0, 0, 0, 0, 0, 0, 0, 0, 0, 0, 0, 0, 0, 0, 0, 0, 0, 0, 0, 0, 0, 0, 0, 0, 0, 0, 0, 0, 0, 0, 0, 0, 0, 0, 0, 0, 0, 0, 0, 0, 0, 0, 0, 0, 0, 0, 0, 0, 0, 0, 0, 0, 0, 0], "left_behind": ["egg", "egg", "plain", "turd", "egg", "egg", "plain", "turd", "egg", "egg", "plain", "turd", "egg", "egg", "plain", "turd", "egg", "egg", "plain", "turd", "plain", "egg", "plain", "plain", "plain", "egg", "plain", "plain", "egg", "egg", "plain", "plain", "plain", "egg", "plain", "plain", "egg", "egg", "plain", "plain", "egg", "egg", "plain", "plain", "egg", "plain", "plain", "plain", "egg", "egg", "plain", "plain", "egg", "plain", "plain", "plain", "egg", "egg", "plain", "plain", "plain", "plain", "plain", "plain", "plain", "plain", "plain", "plain", "plain", "plain", "plain", "plain", "plain", "plain", "plain", "plain", "egg", "plain", "plain", "plain"], "errlog_a": "", "errlog_b": "", "start_time": 360, "start_moves": 40, "turn_count": 80, "result": 2, "reason": "EGGS_LAID", "trapdoors": [[2, 2], [5, 4]], "spawn_a": [0, 4], "spawn_b": [7, 4]}