{"pos": [[6, 5], [1, 5], [6, 4], [1, 4], [7, 4], [1, 3], [7, 3], [2, 3], [7, 2], [1, 3], [6, 2], [1, 2], [6, 1], [1, 1], [5, 1], [2, 1], [4, 1], [3, 1], [4, 0], [4, 1], [5, 0], [4, 2], [6, 0], [3, 2], [7, 0], [3, 3], [7, 1], [4, 3], [6, 1], [5, 3], [5, 1], [6, 3], [5, 0], [5, 3], [6, 0], [6, 3], [7, 0], [5, 3], [7, 1], [4, 3], [7, 2], [4, 4], [6, 2], [4, 5], [6, 1], [5, 5], [5, 1], [6, 5], [5, 0], [6, 6], [4, 0], [5, 6], [5, 0], [4, 6], [6, 0], [3, 6], [7, 0], [3, 5], [7, 1], [3, 4], [7, 2], [2, 4], [7, 3], [2, 5], [7, 4], [2, 6], [6, 4], [1, 6], [5, 4], [1, 7], [5, 3], [2, 7], [5, 4], [3, 7], [5, 5], [4, 7], [5, 4], [5, 7], [4, 4], [6, 7]], "a_eggs_laid": [1, 1, 1, 1, 2, 2, 2, 2, 3, 3, 3, 3, 4, 4, 4, 4, 5, 5, 5, 5, 6, 6, 6, 6, 7, 7, 7, 7, 8, 8, 8, 8, 8, 8, 8, 8, 8, 8, 8, 8, 8, 8, 8, 8, 8, 8, 8, 8, 8, 8, 8, 8, 8, 8, 8, 8, 8, 8, 8, 8, 8, 8, 8, 8, 8, 8, 8, 8, 8, 8, 8, 8, 9, 9, 9, 9, 10, 10, 10, 10], "b_eggs_laid": [0, 1, 1, 1, 1, 2, 2, 2, 2, 3, 3, 3, 3, 4, 4, 4, 4, 5, 5, 5, 5, 6, 6, 6, 6, 7, 7, 7, 7, 8, 8, 8, 8, 9, 9, 9, 9, 9, 9, 9, 9, 9, 9, 9, 9, 10, 10, 10, 10, 11, 11, 11, 11, 12, 12, 12, 12, 13, 13, 13, 13, 14, 14, 14, 14, 15, 15, 15, 15, 16, 16, 16, 16, 17, 17, 17, 17, 18, 18, 18], "a_turds_left": [5, 5, 5, 5, 5, 5, 5, 5, 5, 5, 5, 5, 5, 5, 5, 5, 5, 5, 5, 5, 5, 5, 5, 5, 5, 5, 5, 5, 5, 5, 5, 5, 5, 5, 5, 5, 5, 5, 5, 5, 5, 5, 5, 5, 5, 5, 5, 5, 5, 5, 5, 5, 5, 5, 5, 5, 5, 5, 5, 5, 5, 5, 5, 5, 5, 5, 5, 5, 5, 5, 5, 5, 5, 5, 5, 5, 5, 5, 5, 5], "b_turds_left": [5, 5, 5, 4, 4, 4, 4, 3, 3, 3, 3, 3, 3, 3, 3, 2, 2, 2, 2, 1, 1, 1, 1, 0, 0, 0, 0, 0, 0, 0, 0, 0, 0, 0, 0, 0, 0, 0, 0, 0, 0, 0, 0, 0, 0, 0, 0, 0, 0, 0, 0, 0, 0, 0, 0, 0, 0, 0, 0, 0, 0, 0, 0, 0, 0, 0, 0, 0, 0, 0, 0, 0, 0, 0, 0, 0, 0, 0, 0, 0], "a_time_left": [359.99522441701265, 359.99522441701265, 359.9933979170164, 359.9933979170164, 359.9920970830135, 359.9920970830135, 359.9913056240184, 359.9913056240184, 359.98884224903304, 359.98884224903304, 359.9875484990771, 359.9875484990771, 359.9863177911029, 359.9863177911029, 359.9861989991041, 359.9861989991041, 359.98580370709533, 359.98580370709533, 359.9855491661001, 359.9855491661001, 359.9853283331031, 359.9853283331031, 359.9850575000746, 359.9850575000746, 359.9847795420792, 359.9847795420792, 359.9845572090708, 359.9845572090708, 359.9842508340953, 359.9842508340953, 359.9839680431178, 359.9839680431178, 359.9836437521153, 359.9836437521153, 359.9833723771153, 359.9833723771153, 359.9831172111444, 359.9831172111444, 359.9828913361416, 359.9828913361416, 359.98238233616576, 359.98238233616576, 359.98227108619176, 359.98227108619176, 359.9821773361764, 359.9821773361764, 359.9820590862073, 359.9820590862073, 359.9819698781939, 359.9819698781939, 359.98187512817094, 359.98187512817094, 359.9817995861522, 359.9817995861522, 359.9816932111862, 359.9816932111862, 359.9816049201763, 359.9816049201763, 359.9815092951758, 359.9815092951758, 359.9814118781942, 359.9814118781942, 359.98131141916383, 359.98131141916383, 359.9812291271519, 359.9812291271519, 359.9811335441773, 359.9811335441773, 359.9810518771992, 359.9810518771992, 359.9809400862432, 359.9809400862432, 359.98084950225893, 359.98084950225893, 359.9807415852556, 359.9807415852556, 359.9806645012577, 359.9806645012577, 359.98056087625446, 359.98056087625446], "b_time_left": [360, 359.99640800000634, 359.99640800000634, 359.99465433403384, 359.99465433403384, 359.9936216250644, 359.9936216250644, 359.99189808405936, 359.99189808405936, 359.98940850107465, 359.98940850107465, 359.9886939600692, 359.9886939600692, 359.9864380020881, 359.9864380020881, 359.98483037709957, 359.98483037709957, 359.97423246112885, 359.97423246112885, 359.972562919138, 359.972562919138, 359.9716949191061, 359.9716949191061, 359.97015766910044, 359.97015766910044, 359.9690336280619, 359.9690336280619, 359.968408170098, 359.968408170098, 359.9669758781092, 359.9669758781092, 359.9667794200941, 359.9667794200941, 359.966590337106, 359.966590337106, 359.96600462909555, 359.96600462909555, 359.96565558807924, 359.96565558807924, 359.9654174630996, 359.9654174630996, 359.965115380066, 359.965115380066, 359.9650406300789, 359.9650406300789, 359.964953213057, 359.964953213057, 359.9648859220324, 359.9648859220324, 359.9648188810097, 359.9648188810097, 359.9647568400251, 359.9647568400251, 359.9646614230005, 359.9646614230005, 359.9645887980005, 359.9645887980005, 359.96450292301597, 359.96450292301597, 359.964429715008, 359.964429715008, 359.96434442396276, 359.96434442396276, 359.96427675697487, 359.96427675697487, 359.96418800693937, 359.96418800693937, 359.96411950694164, 359.96411950694164, 359.96403096592985, 359.96403096592985, 359.9639660909306, 359.9639660909306, 359.9638899239362, 359.9638899239362, 359.9638320489321, 359.9638320489321, 359.9637566329329, 359.9637566329329, 359.9636985079269], "a_moves_left": [39, 39, 38, 38, 37, 37, 36, 36, 35, 35, 34, 34, 33, 33, 32, 32, 31, 31, 30, 30, 29, 29, 28, 28, 27, 27, 26, 26, 25, 25, 24, 24, 23, 23, 22, 22, 21, 21, 20, 20, 19, 19, 18, 18, 17, 17, 16, 16, 15, 15, 14, 14, 13, 13, 12, 12, 11, 11, 10, 10, 9, 9, 8, 8, 7, 7, 6, 6, 5, 5, 4, 4, 3, 3, 2, 2, 1, 1, 0, 0], "b_moves_left": [40, 39, 39, 38, 38, 37, 37, 36, 36, 35, 35, 34, 34, 33, 33, 32, 32, 31, 31, 30, 30, 29, 29, 28, 28, 27, 27, 26, 26, 25, 25, 24, 24, 23, 23, 22, 22, 21, 21, 20, 20, 19, 19, 18, 18, 17, 17, 16, 16, 15, 15, 14, 14, 13, 13, 12, 12, 11, 11, 10, 10, 9, 9, 8, 8, 7, 7, 6, 6, 5, 5, 4, 4, 3, 3, 2, 2, 1, 1, 0], "trapdoor_triggered": [0, 0, 0, 0, 0, 0, 0, 0, 0, 0, 0, 0, 0, 0, 0, 0, 0, 0, 0, 0, 0, 0, 0, 0, 0, 0, 0, 0, 0, 0, 0, 0, 0, 0, 0, 0, 0, 0, 0, 0, 0, 0, 0, 0, 0, 0, 0, 0, 0, 0, 0, 0, 0, 0, 0, 0, 0, 0, 0, 0, 0, 0, 0, 0, 0, 0, 0, 0, 0, 0, 0, 0, 0, 0, 0, 0, 0, 0, 0, 0], "left_behind": ["egg", "egg", "plain", "turd", "egg", "egg", "plain", "turd", "egg", "egg", "plain", "plain", "egg", "egg", "plain", "turd", "egg", "egg", "plain", "turd", "egg", "egg", "plain", "turd", "egg", "egg", "plain", "plain", "egg", "egg", "plain", "plain", "plain", "egg", "plain", "plain", "plain", "plain", "plain", "plain", "plain", "plain", "plain", "plain", "plain", "egg", "plain", "plain", "plain", "egg", "plain", "plain", "plain", "egg", "plain", "plain", "plain", "egg", "plain", "plain", "plain", "egg", "plain", "plain", "plain", "egg", "plain", "plain", "plain", "egg", "plain", "plain", "egg", "egg", "plain", "plain", "egg", "egg", "plain", "plain"], "errlog_a": "", "errlog_b": "", "start_time": 360, "start_moves": 40, "turn_count": 80, "result": 1, "reason": "EGGS_LAID", "trapdoors": [[2, 2], [5, 2]], "spawn_a": [7, 5], "spawn_b": [0, 5]}