{"pos": [[1, 6], [6, 6], [2, 6], [5, 6], [2, 7], [4, 6], [3, 7], [3, 6], [2, 7], [3, 5], [1, 7], [4, 5], [0, 7], [5, 5], [1, 7], [5, 6], [1, 6], [5, 7], [1, 5], [4, 7], [0, 5], [4, 6], [0, 4], [4, 5], [1, 4], [4, 4], [1, 3], [5, 4], [0, 3], [6, 4], [0, 4], [6, 5], [1, 4], [7, 5], [1, 5], [7, 4], [0, 5], [7, 3], [0, 6], [6, 3], [0, 7], [6, 2], [0, 6], [6, 1], [1, 6], [5, 1], [2, 6], [4, 1], [2, 7], [3, 1], [3, 7], [3, 2], [2, 7], [3, 1], [2, 6], [2, 1], [1, 6], [1, 1], [1, 5], [1, 2], [1, 4], [0, 2], [2, 4], [0, 3], [2, 3], [0, 2], [3, 3], [0, 1], [2, 3], [0, 0], [3, 3], [1, 0], [2, 3], [2, 0], [1, 3], [3, 0], [2, 3], [4, 0], [2, 4], [5, 0]], "a_eggs_laid": [1, 1, 1, 1, 2, 2, 2, 2, 3, 3, 3, 3, 4, 4, 4, 4, 4, 4, 4, 4, 5, 5, 5, 5, 6, 6, 6, 6, 7, 7, 7, 7, 7, 7, 7, 7, 7, 7, 7, 7, 7, 7, 7, 7, 7, 7, 7, 7, 7, 7, 7, 7, 7, 7, 7, 7, 7, 7, 7, 7, 7, 7, 7, 7, 8, 8, 8, 8, 9, 9, 9, 9, 9, 9, 9, 9, 9, 9, 9, 9], "b_eggs_laid": [0, 1, 1, 1, 1, 2, 2, 2, 2, 3, 3, 3, 3, 4, 4, 4, 4, 4, 4, 4, 4, 5, 5, 5, 5, 5, 5, 5, 5, 6, 6, 6, 6, 7, 7, 7, 7, 8, 8, 8, 8, 9, 9, 9, 9, 10, 10, 10, 10, 11, 11, 11, 11, 12, 12, 12, 12, 13, 13, 13, 13, 14, 14, 14, 14, 15, 15, 15, 15, 16, 16, 16, 16, 17, 17, 17, 17, 18, 18, 18], "a_turds_left": [5, 5, 5, 5, 5, 5, 5, 5, 5, 5, 5, 5, 5, 5, 5, 5, 5, 5, 5, 5, 5, 5, 5, 5, 5, 5, 5, 5, 5, 5, 5, 5, 5, 5, 5, 5, 5, 5, 5, 5, 5, 5, 5, 5, 5, 5, 5, 5, 5, 5, 5, 5, 5, 5, 5, 5, 5, 5, 5, 5, 5, 5, 5, 5, 5, 5, 5, 5, 5, 5, 5, 5, 5, 5, 5, 5, 5, 5, 5, 5], "b_turds_left": [5, 5, 5, 4, 4, 4, 4, 3, 3, 3, 3, 2, 2, 2, 2, 1, 1, 1, 1, 0, 0, 0, 0, 0, 0, 0, 0, 0, 0, 0, 0, 0, 0, 0, 0, 0, 0, 0, 0, 0, 0, 0, 0, 0, 0, 0, 0, 0, 0, 0, 0, 0, 0, 0, 0, 0, 0, 0, 0, 0, 0, 0, 0, 0, 0, 0, 0, 0, 0, 0, 0, 0, 0, 0, 0, 0, 0, 0, 0, 0], "a_time_left": [359.9964780829614, 359.9964780829614, 359.9946915829787, 359.9946915829787, 359.99157249898417, 359.99157249898417, 359.9902978320024, 359.9902978320024, 359.98952287301654, 359.98952287301654, 359.98919016396394, 359.98919016396394, 359.98665541398805, 359.98665541398805, 359.986376663961, 359.986376663961, 359.98578066390473, 359.98578066390473, 359.9849469139008, 359.9849469139008, 359.98473899788223, 359.98473899788223, 359.9846278728801, 359.9846278728801, 359.9845012478763, 359.9845012478763, 359.98436966491863, 359.98436966491863, 359.9842343318742, 359.9842343318742, 359.98412641487084, 359.98412641487084, 359.98404195689363, 359.98404195689363, 359.98391837388044, 359.98391837388044, 359.98380737390835, 359.98380737390835, 359.9837099579163, 359.9837099579163, 359.98361312493216, 359.98361312493216, 359.98352437489666, 359.98352437489666, 359.98343841690803, 359.98343841690803, 359.98333679192, 359.98333679192, 359.983239874884, 359.983239874884, 359.9831423328724, 359.9831423328724, 359.9830642078887, 359.9830642078887, 359.9829649158637, 359.9829649158637, 359.98286974889925, 359.98286974889925, 359.98275754088536, 359.98275754088536, 359.98238120786846, 359.98238120786846, 359.98207770782756, 359.98207770782756, 359.98178837483283, 359.98178837483283, 359.9814453328145, 359.9814453328145, 359.98119470785605, 359.98119470785605, 359.9808582078549, 359.9808582078549, 359.98076037387364, 359.98076037387364, 359.98048887384357, 359.98048887384357, 359.9802637488465, 359.9802637488465, 359.9799769988167, 359.9799769988167], "b_time_left": [360, 359.99859454197576, 359.99859454197576, 359.9968615010148, 359.9968615010148, 359.99444221006706, 359.99444221006706, 359.99271691805916, 359.99271691805916, 359.9917337100487, 359.9917337100487, 359.99006304406794, 359.99006304406794, 359.98834808607353, 359.98834808607353, 359.9871455860557, 359.9871455860557, 359.98681321105687, 359.98681321105687, 359.98639408603776, 359.98639408603776, 359.9862836690154, 359.9862836690154, 359.9861794190365, 359.9861794190365, 359.98598821100313, 359.98598821100313, 359.9856452109525, 359.9856452109525, 359.985061877931, 359.985061877931, 359.98472321091685, 359.98472321091685, 359.9842851689318, 359.9842851689318, 359.9842017519404, 359.9842017519404, 359.98411120992387, 359.98411120992387, 359.9840378349181, 359.9840378349181, 359.9839432518929, 359.9839432518929, 359.98386466887314, 359.98386466887314, 359.9837707938277, 359.9837707938277, 359.98368916881736, 359.98368916881736, 359.9835707938182, 359.9835707938182, 359.98350050178124, 359.98350050178124, 359.9834100017906, 359.9834100017906, 359.9831741267699, 359.9831741267699, 359.9830786267994, 359.9830786267994, 359.98287779279053, 359.98287779279053, 359.98200820881175, 359.98200820881175, 359.9818246247596, 359.9818246247596, 359.98165808274643, 359.98165808274643, 359.9813081237371, 359.9813081237371, 359.9436669567367, 359.9436669567367, 359.94350258173654, 359.94350258173654, 359.9432908727322, 359.9432908727322, 359.94313545676414, 359.94313545676414, 359.94292528979713, 359.94292528979713, 359.9427585397498], "a_moves_left": [39, 39, 38, 38, 37, 37, 36, 36, 35, 35, 34, 34, 33, 33, 32, 32, 31, 31, 30, 30, 29, 29, 28, 28, 27, 27, 26, 26, 25, 25, 24, 24, 23, 23, 22, 22, 21, 21, 20, 20, 19, 19, 18, 18, 17, 17, 16, 16, 15, 15, 14, 14, 13, 13, 12, 12, 11, 11, 10, 10, 9, 9, 8, 8, 7, 7, 6, 6, 5, 5, 4, 4, 3, 3, 2, 2, 1, 1, 0, 0], "b_moves_left": [40, 39, 39, 38, 38, 37, 37, 36, 36, 35, 35, 34, 34, 33, 33, 32, 32, 31, 31, 30, 30, 29, 29, 28, 28, 27, 27, 26, 26, 25, 25, 24, 24, 23, 23, 22, 22, 21, 21, 20, 20, 19, 19, 18, 18, 17, 17, 16, 16, 15, 15, 14, 14, 13, 13, 12, 12, 11, 11, 10, 10, 9, 9, 8, 8, 7, 7, 6, 6, 5, 5, 4, 4, 3, 3, 2, 2, 1, 1, 0], "trapdoor_triggered": [0, 0, 0, 0, 0, 0, 0, 0, 0, 0, 0, 0, 0, 0, 0, 0, 0, 0, 0, 0, 0, 0, 0, 0, 0, 0, 0, 0, 0, 0, 0, 0, 0, 0, 0, 0, 0, 0, 0, 0, 0, 0, 0, 0, 0, 0, 0, 0, 0, 0, 0, 0, 0, 0, 0, 0, 0, 0, 0, 0, 0, 0, 0, 0, 0, 0, 0, 0, 0, 0, 0, 0, 0, 0, 0, 0, 0, 0, 0, 0], "left_behind": ["egg", "egg", "plain", "turd", "egg", "egg", "plain", "turd", "egg", "egg", "plain", "turd", "egg", "egg", "plain", "turd", "plain", "plain", "plain", "turd", "egg", "egg", "plain", "plain", "egg", "plain", "plain", "plain", "egg", "egg", "plain", "plain", "plain", "egg", "plain", "plain", "plain", "egg", "plain", "plain", "plain", "egg", "plain", "plain", "plain", "egg", "plain", "plain", "plain", "egg", "plain", "plain", "plain", "egg", "plain", "plain", "plain", "egg", "plain", "plain", "plain", "egg", "plain", "plain", "egg", "egg", "plain", "plain", "egg", "egg", "plain", "plain", "plain", "egg", "plain", "plain", "plain", "egg", "plain", "plain"], "errlog_a": "", "errlog_b": "", "start_time": 360, "start_moves": 40, "turn_count": 80, "result": 1, "reason": "EGGS_LAID", "trapdoors": [[2, 2], [5, 2]], "spawn_a": [0, 6], "spawn_b": [7, 6]}