{"pos": [[1, 4], [6, 4], [1, 3], [6, 3], [0, 3], [6, 2], [0, 2], [5, 2], [1, 2], [5, 1], [1, 1], [4, 1], [0, 1], [3, 1], [0, 0], [2, 1], [1, 0], [2, 0], [1, 1], [1, 0], [1, 2], [2, 0], [2, 2], [3, 0], [2, 3], [4, 0], [2, 4], [5, 0], [1, 4], [6, 0], [1, 5], [6, 1], [0, 5], [7, 1], [0, 6], [7, 0], [1, 6], [7, 1], [2, 6], [7, 2], [2, 5], [7, 3], [2, 6], [6, 3], [3, 6], [5, 3], [4, 6], [5, 4], [4, 7], [5, 3], [5, 7], [5, 4], [5, 6], [5, 5], [6, 6], [6, 5], [6, 7], [7, 5], [7, 7], [7, 6], [6, 7], [7, 5], [6, 6], [6, 5], [5, 6], [5, 5], [4, 6], [5, 6], [4, 5], [5, 5], [4, 4], [4, 5], [3, 4], [5, 5], [3, 3], [4, 5], [2, 3], [5, 5], [3, 3], [5, 6]], "a_eggs_laid": [1, 1, 1, 1, 2, 2, 2, 2, 3, 3, 3, 3, 4, 4, 4, 4, 7, 7, 7, 7, 7, 7, 7, 7, 8, 8, 8, 8, 9, 9, 9, 9, 10, 10, 10, 10, 11, 11, 11, 11, 12, 12, 12, 12, 12, 12, 12, 12, 13, 13, 13, 13, 14, 14, 14, 14, 15, 15, 15, 15, 18, 18, 18, 18, 18, 18, 18, 18, 18, 18, 18, 18, 19, 19, 19, 19, 20, 20, 20, 20], "b_eggs_laid": [0, 1, 1, 1, 1, 2, 2, 2, 2, 3, 3, 3, 3, 4, 4, 4, 4, 5, 5, 5, 5, 6, 6, 6, 6, 7, 7, 7, 7, 8, 8, 8, 8, 9, 9, 9, 9, 12, 12, 12, 12, 13, 13, 13, 13, 13, 13, 13, 13, 14, 14, 14, 14, 14, 14, 14, 14, 15, 15, 15, 15, 16, 16, 16, 16, 16, 16, 16, 16, 17, 17, 17, 17, 18, 18, 18, 18, 18, 18, 18], "a_turds_left": [5, 5, 5, 5, 5, 5, 5, 5, 5, 5, 5, 5, 5, 5, 5, 5, 5, 5, 5, 5, 5, 5, 5, 5, 5, 5, 5, 5, 5, 5, 5, 5, 5, 5, 5, 5, 5, 5, 5, 5, 5, 5, 5, 5, 5, 5, 5, 5, 5, 5, 5, 5, 5, 5, 5, 5, 5, 5, 5, 5, 5, 5, 5, 5, 5, 5, 5, 5, 5, 5, 5, 5, 5, 5, 5, 5, 5, 5, 5, 5], "b_turds_left": [5, 5, 5, 4, 4, 4, 4, 3, 3, 3, 3, 2, 2, 2, 2, 1, 1, 1, 1, 0, 0, 0, 0, 0, 0, 0, 0, 0, 0, 0, 0, 0, 0, 0, 0, 0, 0, 0, 0, 0, 0, 0, 0, 0, 0, 0, 0, 0, 0, 0, 0, 0, 0, 0, 0, 0, 0, 0, 0, 0, 0, 0, 0, 0, 0, 0, 0, 0, 0, 0, 0, 0, 0, 0, 0, 0, 0, 0, 0, 0], "a_time_left": [359.9984697920154, 359.9984697920154, 359.99665129196364, 359.99665129196364, 359.99335587595124, 359.99335587595124, 359.9925443759421, 359.9925443759421, 359.9900684179156, 359.9900684179156, 359.9886651678826, 359.9886651678826, 359.9855108349002, 359.9855108349002, 359.98521716787945, 359.98521716787945, 359.9849179178709, 359.9849179178709, 359.98467666789657, 359.98467666789657, 359.9845666678739, 359.9845666678739, 359.9844361678697, 359.9844361678697, 359.9843182928744, 359.9843182928744, 359.98419929284137, 359.98419929284137, 359.98405970982276, 359.98405970982276, 359.9839316257858, 359.9839316257858, 359.9838004168123, 359.9838004168123, 359.9836954578059, 359.9836954578059, 359.98356824880466, 359.98356824880466, 359.9834529568325, 359.9834529568325, 359.9830745818326, 359.9830745818326, 359.98278449784266, 359.98278449784266, 359.98249978985405, 359.98249978985405, 359.9822063728352, 359.9822063728352, 359.98187178885564, 359.98187178885564, 359.981589996838, 359.981589996838, 359.98112353886245, 359.98112353886245, 359.9808904978563, 359.9808904978563, 359.98060403985437, 359.98060403985437, 359.98036195588065, 359.98036195588065, 359.98017187288497, 359.98017187288497, 359.97982245584717, 359.97982245584717, 359.9795949138352, 359.9795949138352, 359.9793625388411, 359.9793625388411, 359.9791316638002, 359.9791316638002, 359.97890516382176, 359.97890516382176, 359.97866716387216, 359.97866716387216, 359.9785662058857, 359.9785662058857, 359.97831062192563, 359.97831062192563, 359.97805624693865, 359.97805624693865], "b_time_left": [360, 359.9965834999457, 359.9965834999457, 359.99473887495697, 359.99473887495697, 359.992160915921, 359.992160915921, 359.99048879090697, 359.99048879090697, 359.98850591591327, 359.98850591591327, 359.98686254088534, 359.98686254088534, 359.9844621658558, 359.9844621658558, 359.98279604082927, 359.98279604082927, 359.9811307078344, 359.9811307078344, 359.9808908748673, 359.9808908748673, 359.980814124865, 359.980814124865, 359.9807058328879, 359.9807058328879, 359.98055674892385, 359.98055674892385, 359.98045566590736, 359.98045566590736, 359.98026529088384, 359.98026529088384, 359.9801871238742, 359.9801871238742, 359.9800891238847, 359.9800891238847, 359.98002087388886, 359.98002087388886, 359.9799389569089, 359.9799389569089, 359.9798406648915, 359.9798406648915, 359.9795967899263, 359.9795967899263, 359.9793888318818, 359.9793888318818, 359.9789314158843, 359.9789314158843, 359.97870683285873, 359.97870683285873, 359.97845512488857, 359.97845512488857, 359.9758724588901, 359.9758724588901, 359.9751083339215, 359.9751083339215, 359.9749140838976, 359.9749140838976, 359.9746773749357, 359.9746773749357, 359.9744814999285, 359.9744814999285, 359.97425041592214, 359.97425041592214, 359.9740536659374, 359.9740536659374, 359.9739005409647, 359.9739005409647, 359.97371133294655, 359.97371133294655, 359.9735342489439, 359.9735342489439, 359.9731779569411, 359.9731779569411, 359.97309008194134, 359.97309008194134, 359.97291087394115, 359.97291087394115, 359.9726622909657, 359.9726622909657, 359.9724769569584], "a_moves_left": [39, 39, 38, 38, 37, 37, 36, 36, 35, 35, 34, 34, 33, 33, 32, 32, 31, 31, 30, 30, 29, 29, 28, 28, 27, 27, 26, 26, 25, 25, 24, 24, 23, 23, 22, 22, 21, 21, 20, 20, 19, 19, 18, 18, 17, 17, 16, 16, 15, 15, 14, 14, 13, 13, 12, 12, 11, 11, 10, 10, 9, 9, 8, 8, 7, 7, 6, 6, 5, 5, 4, 4, 3, 3, 2, 2, 1, 1, 0, 0], "b_moves_left": [40, 39, 39, 38, 38, 37, 37, 36, 36, 35, 35, 34, 34, 33, 33, 32, 32, 31, 31, 30, 30, 29, 29, 28, 28, 27, 27, 26, 26, 25, 25, 24, 24, 23, 23, 22, 22, 21, 21, 20, 20, 19, 19, 18, 18, 17, 17, 16, 16, 15, 15, 14, 14, 13, 13, 12, 12, 11, 11, 10, 10, 9, 9, 8, 8, 7, 7, 6, 6, 5, 5, 4, 4, 3, 3, 2, 2, 1, 1, 0], "trapdoor_triggered": [0, 0, 0, 0, 0, 0, 0, 0, 0, 0, 0, 0, 0, 0, 0, 0, 0, 0, 0, 0, 0, 0, 0, 0, 0, 0, 0, 0, 0, 0, 0, 0, 0, 0, 0, 0, 0, 0, 0, 0, 0, 0, 0, 0, 0, 0, 0, 0, 0, 0, 0, 0, 0, 0, 0, 0, 0, 0, 0, 0, 0, 0, 0, 0, 0, 0, 0, 0, 0, 0, 0, 0, 0, 0, 0, 0, 0, 0, 0, 0], "left_behind": ["egg", "egg", "plain", "turd", "egg", "egg", "plain", "turd", "egg", "egg", "plain", "turd", "egg", "egg", "plain", "turd", "egg", "egg", "plain", "turd", "plain", "egg", "plain", "plain", "egg", "egg", "plain", "plain", "egg", "egg", "plain", "plain", "egg", "egg", "plain", "plain", "egg", "egg", "plain", "plain", "egg", "egg", "plain", "plain", "plain", "plain", "plain", "plain", "egg", "egg", "plain", "plain", "egg", "plain", "plain", "plain", "egg", "egg", "plain", "plain", "egg", "egg", "plain", "plain", "plain", "plain", "plain", "plain", "plain", "egg", "plain", "plain", "egg", "egg", "plain", "plain", "egg", "plain", "plain", "plain"], "errlog_a": "", "errlog_b": "", "start_time": 360, "start_moves": 40, "turn_count": 80, "result": 0, "reason": "EGGS_LAID", "trapdoors": [[3, 5], [4, 3]], "spawn_a": [0, 4], "spawn_b": [7, 4]}