{"pos": [[6, 5], [1, 5], [6, 4], [1, 4], [7, 4], [1, 3], [7, 3], [2, 3], [6, 3], [2, 4], [6, 2], [3, 4], [7, 2], [4, 4], [7, 1], [3, 4], [6, 1], [3, 5], [5, 1], [0, 5], [5, 0], [0, 4], [6, 0], [0, 3], [7, 0], [0, 2], [7, 1], [1, 2], [6, 1], [1, 1], [5, 1], [2, 1], [4, 1], [3, 1], [4, 0], [4, 1], [3, 0], [4, 2], [3, 1], [3, 2], [3, 0], [2, 2], [2, 0], [2, 1], [1, 0], [1, 1], [0, 0], [1, 0], [0, 1], [1, 1], [0, 2], [0, 1]], "a_eggs_laid": [1, 1, 1, 1, 2, 2, 2, 2, 3, 3, 3, 3, 4, 4, 4, 4, 5, 5, 5, 5, 10, 10, 10, 10, 11, 11, 11, 11, 11, 11, 11, 11, 11, 11, 11, 11, 12, 12, 12, 12, 13, 13, 13, 13, 14, 14, 14, 14, 17, 17, 17, 17], "b_eggs_laid": [0, 1, 1, 1, 1, 2, 2, 2, 2, 3, 3, 3, 3, 4, 4, 4, 4, 4, 4, 4, 4, 4, 4, 4, 4, 5, 5, 5, 5, 6, 6, 6, 6, 7, 7, 7, 7, 8, 8, 8, 8, 9, 9, 9, 9, 9, 9, 9, 9, 10, 10, 15], "a_turds_left": [5, 5, 5, 5, 5, 5, 5, 5, 5, 5, 5, 5, 5, 5, 5, 5, 5, 5, 5, 5, 5, 5, 5, 5, 5, 5, 5, 5, 5, 5, 5, 5, 5, 5, 5, 5, 5, 5, 5, 5, 5, 5, 5, 5, 5, 5, 5, 5, 5, 5, 5, 5], "b_turds_left": [5, 5, 5, 4, 4, 4, 4, 3, 3, 3, 3, 2, 2, 2, 2, 1, 1, 1, 1, 0, 0, 0, 0, 0, 0, 0, 0, 0, 0, 0, 0, 0, 0, 0, 0, 0, 0, 0, 0, 0, 0, 0, 0, 0, 0, 0, 0, 0, 0, 0, 0, 0], "a_time_left": [359.99631316697923, 359.99631316697923, 359.9945647509885, 359.9945647509885, 359.99128958396614, 359.99128958396614, 359.99050604295917, 359.99050604295917, 359.9895198349841, 359.9895198349841, 359.98826046002796, 359.98826046002796, 359.98509033501614, 359.98509033501614, 359.9847948770039, 359.9847948770039, 359.9844812520314, 359.9844812520314, 359.98417541902745, 359.98417541902745, 359.9837817940279, 359.9837817940279, 359.98364966904046, 359.98364966904046, 359.98351354402257, 359.98351354402257, 359.98340612702304, 359.98340612702304, 359.9832981270738, 359.9832981270738, 359.9831387930317, 359.9831387930317, 359.983031167998, 359.983031167998, 359.98291812604293, 359.98291812604293, 359.9828190840781, 359.9828190840781, 359.9827090430772, 359.9827090430772, 359.98262145905755, 359.98262145905755, 359.9825175010483, 359.9825175010483, 359.98241541703464, 359.98241541703464, 359.98232333303895, 359.98232333303895, 359.9822385000298, 359.9822385000298, 359.98214479204034, 359.98214479204034], "b_time_left": [360, 359.9986067080172, 359.9986067080172, 359.9969043750316, 359.9969043750316, 359.9943551250617, 359.9943551250617, 359.99264741607476, 359.99264741607476, 359.99019312509336, 359.99019312509336, 359.9897050000727, 359.9897050000727, 359.9873051251052, 359.9873051251052, 359.98565345810493, 359.98565345810493, 359.9849646251532, 359.9849646251532, 359.98340545914834, 359.98340545914834, 359.98275004315656, 359.98275004315656, 359.9825802521664, 359.9825802521664, 359.98214196116896, 359.98214196116896, 359.9818957942189, 359.9818957942189, 359.98129496118054, 359.98129496118054, 359.9809507111786, 359.9809507111786, 359.98086471116403, 359.98086471116403, 359.9807894611731, 359.9807894611731, 359.9807160021737, 359.9807160021737, 359.98064862715546, 359.98064862715546, 359.98057296016486, 359.98057296016486, 359.9805002521607, 359.9805002521607, 359.98042046115734, 359.98042046115734, 359.98032354412135, 359.98032354412135, 359.98026016913354, 359.98026016913354, 359.98018016916467], "a_moves_left": [39, 39, 38, 38, 37, 37, 36, 36, 35, 35, 34, 34, 33, 33, 32, 32, 31, 31, 30, 30, 29, 29, 28, 28, 27, 27, 26, 26, 25, 25, 24, 24, 23, 23, 22, 22, 21, 21, 20, 20, 19, 19, 18, 18, 17, 17, 16, 16, 15, 15, 14, 14], "b_moves_left": [40, 39, 39, 38, 38, 37, 37, 36, 36, 35, 35, 34, 34, 33, 33, 32, 32, 31, 31, 30, 30, 29, 29, 28, 28, 27, 27, 26, 26, 25, 25, 24, 24, 23, 23, 22, 22, 21, 21, 20, 20, 19, 19, 18, 18, 17, 17, 16, 16, 15, 15, 14], "trapdoor_triggered": [0, 0, 0, 0, 0, 0, 0, 0, 0, 0, 0, 0, 0, 0, 0, 0, 0, 0, 0, 1, 0, 0, 0, 0, 0, 0, 0, 0, 0, 0, 0, 0, 0, 0, 0, 0, 0, 0, 0, 0, 0, 0, 0, 0, 0, 0, 0, 0, 0, 0, 0, 0], "left_behind": ["egg", "egg", "plain", "turd", "egg", "egg", "plain", "turd", "egg", "egg", "plain", "turd", "egg", "egg", "plain", "turd", "egg", "plain", "plain", "turd", "egg", "plain", "plain", "plain", "egg", "egg", "plain", "plain", "plain", "egg", "plain", "plain", "plain", "egg", "plain", "plain", "egg", "egg", "plain", "plain", "egg", "egg", "plain", "plain", "egg", "plain", "plain", "plain", "egg", "egg", "plain", "plain"], "errlog_a": "", "errlog_b": "", "start_time": 360, "start_moves": 40, "turn_count": 52, "result": 0, "reason": "BLOCKING_END", "trapdoors": [[3, 3], [4, 5]], "spawn_a": [7, 5], "spawn_b": [0, 5]}