{"pos": [[6, 3], [1, 3], [6, 2], [1, 2], [7, 2], [1, 1], [7, 1], [2, 1], [6, 1], [3, 1], [5, 1], [4, 1], [5, 0], [4, 0], [6, 0], [5, 0], [7, 0], [4, 0], [6, 0], [3, 0], [6, 1], [2, 0], [5, 1], [1, 0], [5, 2], [0, 0], [5, 3], [0, 1], [6, 3], [0, 2], [6, 4], [1, 2], [7, 4], [2, 2], [7, 5], [3, 2], [7, 6], [3, 1], [6, 6], [4, 1], [6, 7], [4, 2], [7, 7], [5, 2], [6, 7], [4, 2], [5, 7], [4, 3], [4, 7], [4, 2], [4, 6], [4, 3], [3, 6], [3, 3], [3, 7], [2, 3], [2, 7], [2, 2], [1, 7], [2, 1], [1, 6], [1, 1], [0, 6], [1, 0], [0, 5], [0, 0], [0, 4], [0, 1], [0, 5], [0, 2], [1, 5], [0, 3], [2, 5], [1, 3], [2, 6], [1, 4], [2, 5], [1, 3], [1, 5], [1, 4]], "a_eggs_laid": [1, 1, 1, 1, 2, 2, 2, 2, 3, 3, 3, 3, 4, 4, 4, 4, 5, 5, 5, 5, 5, 5, 5, 5, 5, 5, 5, 5, 6, 6, 6, 6, 7, 7, 7, 7, 8, 8, 8, 8, 9, 9, 9, 9, 12, 12, 12, 12, 13, 13, 13, 13, 14, 14, 14, 14, 15, 15, 15, 15, 16, 16, 16, 16, 17, 17, 17, 17, 18, 18, 18, 18, 19, 19, 19, 19, 20, 20, 20, 20], "b_eggs_laid": [0, 1, 1, 1, 1, 2, 2, 2, 2, 3, 3, 3, 3, 4, 4, 4, 4, 5, 5, 5, 5, 6, 6, 6, 6, 7, 7, 7, 7, 8, 8, 8, 8, 8, 8, 8, 8, 9, 9, 9, 9, 9, 9, 9, 9, 10, 10, 10, 10, 11, 11, 11, 11, 11, 11, 11, 11, 12, 12, 12, 12, 12, 12, 12, 12, 12, 12, 12, 12, 12, 12, 12, 12, 12, 12, 12, 12, 13, 13, 13], "a_turds_left": [5, 5, 5, 5, 5, 5, 5, 5, 5, 5, 5, 5, 5, 5, 5, 5, 5, 5, 5, 5, 5, 5, 5, 5, 5, 5, 5, 5, 5, 5, 5, 5, 5, 5, 5, 5, 5, 5, 5, 5, 5, 5, 5, 5, 5, 5, 5, 5, 5, 5, 5, 5, 5, 5, 5, 5, 5, 5, 5, 5, 5, 5, 5, 5, 5, 5, 5, 5, 5, 5, 5, 5, 5, 5, 5, 5, 5, 5, 5, 5], "b_turds_left": [5, 5, 5, 4, 4, 4, 4, 3, 3, 3, 3, 2, 2, 2, 2, 1, 1, 1, 1, 1, 1, 1, 1, 0, 0, 0, 0, 0, 0, 0, 0, 0, 0, 0, 0, 0, 0, 0, 0, 0, 0, 0, 0, 0, 0, 0, 0, 0, 0, 0, 0, 0, 0, 0, 0, 0, 0, 0, 0, 0, 0, 0, 0, 0, 0, 0, 0, 0, 0, 0, 0, 0, 0, 0, 0, 0, 0, 0, 0, 0], "a_time_left": [359.99639566696715, 359.99639566696715, 359.99457149999216, 359.99457149999216, 359.99129237496527, 359.99129237496527, 359.99047437496483, 359.99047437496483, 359.98792083293665, 359.98792083293665, 359.9865689998842, 359.9865689998842, 359.98480858287076, 359.98480858287076, 359.98467687383527, 359.98467687383527, 359.9843712898437, 359.9843712898437, 359.98406941484427, 359.98406941484427, 359.98396008182317, 359.98396008182317, 359.9838240398094, 359.9838240398094, 359.98371874779696, 359.98371874779696, 359.983381955768, 359.983381955768, 359.9829863727791, 359.9829863727791, 359.98284641478676, 359.98284641478676, 359.9826968317502, 359.9826968317502, 359.9824073727941, 359.9824073727941, 359.9815594558022, 359.9815594558022, 359.98130224779015, 359.98130224779015, 359.98096916475333, 359.98096916475333, 359.98070949775865, 359.98070949775865, 359.9804557057796, 359.9804557057796, 359.98020524781896, 359.98020524781896, 359.9799163728603, 359.9799163728603, 359.97966012288816, 359.97966012288816, 359.979517497879, 359.979517497879, 359.9792377058766, 359.9792377058766, 359.9789869558299, 359.9789869558299, 359.9787542478298, 359.9787542478298, 359.97849833086366, 359.97849833086366, 359.9783942888607, 359.9783942888607, 359.97829524683766, 359.97829524683766, 359.9782136218273, 359.9782136218273, 359.978139371844, 359.978139371844, 359.97805345483357, 359.97805345483357, 359.97795416385634, 359.97795416385634, 359.9778608728666, 359.9778608728666, 359.977758205845, 359.977758205845, 359.97766637284076, 359.97766637284076], "b_time_left": [360, 359.99661837500753, 359.99661837500753, 359.9948005829938, 359.9948005829938, 359.9923389579635, 359.9923389579635, 359.9903778749285, 359.9903778749285, 359.9879306249786, 359.9879306249786, 359.98721049993765, 359.98721049993765, 359.98547599994345, 359.98547599994345, 359.9849167919019, 359.9849167919019, 359.98465829191264, 359.98465829191264, 359.9844804169261, 359.9844804169261, 359.98429074988235, 359.98429074988235, 359.9841307498864, 359.9841307498864, 359.98399091587635, 359.98399091587635, 359.983742248849, 359.983742248849, 359.98334687389433, 359.98334687389433, 359.98313091590535, 359.98313091590535, 359.98264941590605, 359.98264941590605, 359.9823975819163, 359.9823975819163, 359.98226908192737, 359.98226908192737, 359.9820529569406, 359.9820529569406, 359.98161383194383, 359.98161383194383, 359.9814214989892, 359.9814214989892, 359.9812474149512, 359.9812474149512, 359.9808510399307, 359.9808510399307, 359.9806214979035, 359.9806214979035, 359.9805284568574, 359.9805284568574, 359.97995149885537, 359.97995149885537, 359.97975629084976, 359.97975629084976, 359.9794951658696, 359.9794951658696, 359.97928341588704, 359.97928341588704, 359.97905149892904, 359.97905149892904, 359.97884183196584, 359.97884183196584, 359.9785897069378, 359.9785897069378, 359.9785116649582, 359.9785116649582, 359.9784167899634, 359.9784167899634, 359.9783413319383, 359.9783413319383, 359.97826220694697, 359.97826220694697, 359.97814841591753, 359.97814841591753, 359.97807383287, 359.97807383287, 359.9779928738717], "a_moves_left": [39, 39, 38, 38, 37, 37, 36, 36, 35, 35, 34, 34, 33, 33, 32, 32, 31, 31, 30, 30, 29, 29, 28, 28, 27, 27, 26, 26, 25, 25, 24, 24, 23, 23, 22, 22, 21, 21, 20, 20, 19, 19, 18, 18, 17, 17, 16, 16, 15, 15, 14, 14, 13, 13, 12, 12, 11, 11, 10, 10, 9, 9, 8, 8, 7, 7, 6, 6, 5, 5, 4, 4, 3, 3, 2, 2, 1, 1, 0, 0], "b_moves_left": [40, 39, 39, 38, 38, 37, 37, 36, 36, 35, 35, 34, 34, 33, 33, 32, 32, 31, 31, 30, 30, 29, 29, 28, 28, 27, 27, 26, 26, 25, 25, 24, 24, 23, 23, 22, 22, 21, 21, 20, 20, 19, 19, 18, 18, 17, 17, 16, 16, 15, 15, 14, 14, 13, 13, 12, 12, 11, 11, 10, 10, 9, 9, 8, 8, 7, 7, 6, 6, 5, 5, 4, 4, 3, 3, 2, 2, 1, 1, 0], "trapdoor_triggered": [0, 0, 0, 0, 0, 0, 0, 0, 0, 0, 0, 0, 0, 0, 0, 0, 0, 0, 0, 0, 0, 0, 0, 0, 0, 0, 0, 0, 0, 0, 0, 0, 0, 0, 0, 0, 0, 0, 0, 0, 0, 0, 0, 0, 0, 0, 0, 0, 0, 0, 0, 0, 0, 0, 0, 0, 0, 0, 0, 0, 0, 0, 0, 0, 0, 0, 0, 0, 0, 0, 0, 0, 0, 0, 0, 0, 0, 0, 0, 0], "left_behind": ["egg", "egg", "plain", "turd", "egg", "egg", "plain", "turd", "egg", "egg", "plain", "turd", "egg", "egg", "plain", "turd", "egg", "egg", "plain", "plain", "plain", "egg", "plain", "turd", "plain", "egg", "plain", "plain", "egg", "egg", "plain", "plain", "egg", "plain", "plain", "plain", "egg", "egg", "plain", "plain", "egg", "plain", "plain", "plain", "egg", "egg", "plain", "plain", "egg", "egg", "plain", "plain", "egg", "plain", "plain", "plain", "egg", "egg", "plain", "plain", "egg", "plain", "plain", "plain", "egg", "plain", "plain", "plain", "egg", "plain", "plain", "plain", "egg", "plain", "plain", "plain", "egg", "egg", "plain", "plain"], "errlog_a": "", "errlog_b": "", "start_time": 360, "start_moves": 40, "turn_count": 80, "result": 0, "reason": "EGGS_LAID", "trapdoors": [[2, 4], [4, 5]], "spawn_a": [7, 3], "spawn_b": [0, 3]}