{"pos": [[6, 3], [1, 3], [6, 2], [1, 2], [7, 2], [1, 1], [7, 1], [2, 1], [7, 0], [3, 1], [6, 0], [4, 1], [6, 1], [5, 1], [6, 2], [6, 1], [6, 3], [5, 1], [6, 4], [5, 2], [6, 5], [4, 2], [5, 5], [3, 2], [5, 6], [2, 2], [6, 6], [2, 3], [7, 6], [3, 3], [7, 5], [3, 2], [7, 4], [3, 3], [6, 4], [4, 3], [6, 5], [4, 2], [5, 5], [5, 2], [4, 5], [0, 3], [4, 4], [0, 4], [3, 4], [1, 4], [2, 4], [1, 5], [2, 5], [1, 6], [2, 6], [1, 7], [3, 6], [2, 7], [3, 7], [1, 7], [4, 7], [0, 7], [4, 6], [0, 6], [4, 5], [0, 5], [3, 5], [1, 5], [3, 4], [2, 5], [3, 3], [1, 5], [3, 4], [1, 4], [2, 4], [0, 4], [3, 4], [0, 5], [3, 5], [0, 6], [3, 6], [1, 6], [2, 6], [1, 7]], "a_eggs_laid": [1, 1, 1, 1, 2, 2, 2, 2, 3, 3, 3, 3, 4, 4, 4, 4, 4, 4, 4, 4, 5, 5, 5, 5, 6, 6, 6, 6, 7, 7, 7, 7, 8, 8, 8, 8, 8, 8, 8, 8, 8, 8, 12, 12, 13, 13, 13, 13, 14, 14, 14, 14, 15, 15, 15, 15, 16, 16, 16, 16, 17, 17, 17, 17, 18, 18, 18, 18, 19, 19, 19, 19, 19, 19, 19, 19, 19, 19, 19, 19], "b_eggs_laid": [0, 1, 1, 1, 1, 2, 2, 2, 2, 3, 3, 3, 3, 4, 4, 4, 4, 5, 5, 5, 5, 6, 6, 6, 6, 7, 7, 7, 7, 8, 8, 8, 8, 8, 8, 8, 8, 9, 9, 9, 9, 9, 9, 9, 9, 9, 9, 10, 10, 10, 10, 11, 11, 11, 11, 12, 12, 12, 12, 15, 15, 15, 15, 16, 16, 16, 16, 17, 17, 17, 17, 17, 17, 17, 17, 17, 17, 17, 17, 17], "a_turds_left": [5, 5, 5, 5, 5, 5, 5, 5, 5, 5, 5, 5, 5, 5, 5, 5, 5, 5, 5, 5, 5, 5, 5, 5, 5, 5, 5, 5, 5, 5, 5, 5, 5, 5, 5, 5, 5, 5, 5, 5, 5, 5, 5, 5, 5, 5, 5, 5, 5, 5, 5, 5, 5, 5, 5, 5, 5, 5, 5, 5, 5, 5, 5, 5, 5, 5, 5, 5, 5, 5, 5, 5, 5, 5, 5, 5, 5, 5, 5, 5], "b_turds_left": [5, 5, 5, 4, 4, 4, 4, 3, 3, 3, 3, 2, 2, 2, 2, 1, 1, 1, 1, 1, 1, 1, 1, 0, 0, 0, 0, 0, 0, 0, 0, 0, 0, 0, 0, 0, 0, 0, 0, 0, 0, 0, 0, 0, 0, 0, 0, 0, 0, 0, 0, 0, 0, 0, 0, 0, 0, 0, 0, 0, 0, 0, 0, 0, 0, 0, 0, 0, 0, 0, 0, 0, 0, 0, 0, 0, 0, 0, 0, 0], "a_time_left": [359.9964516249602, 359.9964516249602, 359.99453737499425, 359.99453737499425, 359.99136833299417, 359.99136833299417, 359.99057866598014, 359.99057866598014, 359.9879954580101, 359.9879954580101, 359.98723324999446, 359.98723324999446, 359.98477849998744, 359.98477849998744, 359.98455558298156, 359.98455558298156, 359.98430787498364, 359.98430787498364, 359.98406024998985, 359.98406024998985, 359.9837674170267, 359.9837674170267, 359.9836438749917, 359.9836438749917, 359.9833200829453, 359.9833200829453, 359.9830234159599, 359.9830234159599, 359.9829070829437, 359.9829070829437, 359.98268012399785, 359.98268012399785, 359.9824134160299, 359.9824134160299, 359.9821735000587, 359.9821735000587, 359.98196245805593, 359.98196245805593, 359.98068100004457, 359.98068100004457, 359.98047441703966, 359.98047441703966, 359.9801487500663, 359.9801487500663, 359.9798825420439, 359.9798825420439, 359.97963125101523, 359.97963125101523, 359.97952920902753, 359.97952920902753, 359.9792875429848, 359.9792875429848, 359.9790466259583, 359.9790466259583, 359.97882187593495, 359.97882187593495, 359.97862045891816, 359.97862045891816, 359.9783929589321, 359.9783929589321, 359.97812349995365, 359.97812349995365, 359.97789816593286, 359.97789816593286, 359.9776080409647, 359.9776080409647, 359.97751191596035, 359.97751191596035, 359.9774412079714, 359.9774412079714, 359.9773501249729, 359.9773501249729, 359.97729474992957, 359.97729474992957, 359.97720470890636, 359.97720470890636, 359.9771380008897, 359.9771380008897, 359.9770476258709, 359.9770476258709], "b_time_left": [360, 359.99621795798885, 359.99621795798885, 359.9944451660267, 359.9944451660267, 359.9919786240207, 359.9919786240207, 359.99025316606276, 359.99025316606276, 359.98780641605845, 359.98780641605845, 359.9860780830495, 359.9860780830495, 359.98360145807965, 359.98360145807965, 359.98190104111563, 359.98190104111563, 359.9816392080975, 359.9816392080975, 359.98109212407144, 359.98109212407144, 359.97936224902514, 359.97936224902514, 359.9780062910286, 359.9780062910286, 359.97681879100855, 359.97681879100855, 359.9766242080368, 359.9766242080368, 359.97605579107767, 359.97605579107767, 359.97579912509536, 359.97579912509536, 359.9694627081044, 359.9694627081044, 359.96880550007336, 359.96880550007336, 359.96847195905866, 359.96847195905866, 359.9682467090897, 359.9682467090897, 359.967838709068, 359.967838709068, 359.9673880430637, 359.9673880430637, 359.96716258407105, 359.96716258407105, 359.96705837507034, 359.96705837507034, 359.96697712509194, 359.96697712509194, 359.96674104209524, 359.96674104209524, 359.96656237507705, 359.96656237507705, 359.9663835000829, 359.9663835000829, 359.9660672910395, 359.9660672910395, 359.96586229105014, 359.96586229105014, 359.96567995706573, 359.96567995706573, 359.96544279006775, 359.96544279006775, 359.96521516505163, 359.96521516505163, 359.96513587300433, 359.96513587300433, 359.9650482480065, 359.9650482480065, 359.9649592890055, 359.9649592890055, 359.96488708100514, 359.96488708100514, 359.96479520603316, 359.96479520603316, 359.964729748026, 359.964729748026, 359.9646342070191], "a_moves_left": [39, 39, 38, 38, 37, 37, 36, 36, 35, 35, 34, 34, 33, 33, 32, 32, 31, 31, 30, 30, 29, 29, 28, 28, 27, 27, 26, 26, 25, 25, 24, 24, 23, 23, 22, 22, 21, 21, 20, 20, 19, 19, 18, 18, 17, 17, 16, 16, 15, 15, 14, 14, 13, 13, 12, 12, 11, 11, 10, 10, 9, 9, 8, 8, 7, 7, 6, 6, 5, 5, 4, 4, 3, 3, 2, 2, 1, 1, 0, 0], "b_moves_left": [40, 39, 39, 38, 38, 37, 37, 36, 36, 35, 35, 34, 34, 33, 33, 32, 32, 31, 31, 30, 30, 29, 29, 28, 28, 27, 27, 26, 26, 25, 25, 24, 24, 23, 23, 22, 22, 21, 21, 20, 20, 19, 19, 18, 18, 17, 17, 16, 16, 15, 15, 14, 14, 13, 13, 12, 12, 11, 11, 10, 10, 9, 9, 8, 8, 7, 7, 6, 6, 5, 5, 4, 4, 3, 3, 2, 2, 1, 1, 0], "trapdoor_triggered": [0, 0, 0, 0, 0, 0, 0, 0, 0, 0, 0, 0, 0, 0, 0, 0, 0, 0, 0, 0, 0, 0, 0, 0, 0, 0, 0, 0, 0, 0, 0, 0, 0, 0, 0, 0, 0, 0, 0, 0, 0, 1, 0, 0, 0, 0, 0, 0, 0, 0, 0, 0, 0, 0, 0, 0, 0, 0, 0, 0, 0, 0, 0, 0, 0, 0, 0, 0, 0, 0, 0, 0, 0, 0, 0, 0, 0, 0, 0, 0], "left_behind": ["egg", "egg", "plain", "turd", "egg", "egg", "plain", "turd", "egg", "egg", "plain", "turd", "egg", "egg", "plain", "turd", "plain", "egg", "plain", "plain", "egg", "egg", "plain", "turd", "egg", "egg", "plain", "plain", "egg", "egg", "plain", "plain", "egg", "plain", "plain", "plain", "plain", "egg", "plain", "plain", "plain", "plain", "plain", "plain", "egg", "plain", "plain", "egg", "egg", "plain", "plain", "egg", "egg", "plain", "plain", "egg", "egg", "plain", "plain", "egg", "egg", "plain", "plain", "egg", "egg", "plain", "plain", "egg", "egg", "plain", "plain", "plain", "plain", "plain", "plain", "plain", "plain", "plain", "plain", "plain"], "errlog_a": "", "errlog_b": "", "start_time": 360, "start_moves": 40, "turn_count": 80, "result": 0, "reason": "EGGS_LAID", "trapdoors": [[5, 3], [5, 4]], "spawn_a": [7, 3], "spawn_b": [0, 3]}