{"pos": [[1, 6], [6, 6], [2, 6], [5, 6], [2, 7], [4, 6], [3, 7], [3, 6], [2, 7], [3, 5], [1, 7], [3, 6], [0, 7], [3, 5], [1, 7], [2, 5], [1, 6], [2, 4], [1, 5], [1, 4], [0, 5], [1, 3], [0, 4], [0, 3], [0, 5], [0, 2], [0, 4], [1, 2], [0, 5], [1, 1], [1, 5], [2, 1], [1, 6], [3, 1], [2, 6], [4, 1], [2, 7], [5, 1], [3, 7], [6, 1], [2, 7], [6, 2], [2, 6], [6, 3], [1, 6], [6, 4], [0, 6], [6, 5], [0, 7], [7, 5], [1, 7], [7, 4], [0, 7], [7, 3], [0, 6], [7, 2], [0, 5], [7, 1], [1, 5], [7, 0], [1, 6], [6, 0], [1, 5], [5, 0], [0, 5], [4, 0], [0, 4], [3, 0], [0, 5], [2, 0], [0, 6], [1, 0], [0, 7], [0, 0], [1, 7], [0, 1], [2, 7], [1, 1], [3, 7], [2, 1]], "a_eggs_laid": [1, 1, 1, 1, 2, 2, 2, 2, 3, 3, 3, 3, 4, 4, 4, 4, 4, 4, 4, 4, 5, 5, 5, 5, 6, 6, 6, 6, 6, 6, 6, 6, 6, 6, 6, 6, 6, 6, 6, 6, 6, 6, 6, 6, 6, 6, 6, 6, 6, 6, 6, 6, 6, 6, 6, 6, 6, 6, 6, 6, 6, 6, 6, 6, 6, 6, 6, 6, 6, 6, 6, 6, 6, 6, 6, 6, 6, 6, 6, 6], "b_eggs_laid": [0, 1, 1, 1, 1, 2, 2, 2, 2, 3, 3, 3, 3, 3, 3, 3, 3, 4, 4, 4, 4, 5, 5, 5, 5, 6, 6, 6, 6, 7, 7, 7, 7, 8, 8, 8, 8, 9, 9, 9, 9, 10, 10, 10, 10, 11, 11, 11, 11, 12, 12, 12, 12, 13, 13, 13, 13, 14, 14, 14, 14, 17, 17, 17, 17, 18, 18, 18, 18, 19, 19, 19, 19, 20, 20, 20, 20, 21, 21, 21], "a_turds_left": [5, 5, 5, 5, 5, 5, 5, 5, 5, 5, 5, 5, 5, 5, 5, 5, 5, 5, 5, 5, 5, 5, 5, 5, 5, 5, 5, 5, 5, 5, 5, 5, 5, 5, 5, 5, 5, 5, 5, 5, 5, 5, 5, 5, 5, 5, 5, 5, 5, 5, 5, 5, 5, 5, 5, 5, 5, 5, 5, 5, 5, 5, 5, 5, 5, 5, 5, 5, 5, 5, 5, 5, 5, 5, 5, 5, 5, 5, 5, 5], "b_turds_left": [5, 5, 5, 4, 4, 4, 4, 3, 3, 3, 3, 2, 2, 2, 2, 2, 2, 2, 2, 1, 1, 1, 1, 0, 0, 0, 0, 0, 0, 0, 0, 0, 0, 0, 0, 0, 0, 0, 0, 0, 0, 0, 0, 0, 0, 0, 0, 0, 0, 0, 0, 0, 0, 0, 0, 0, 0, 0, 0, 0, 0, 0, 0, 0, 0, 0, 0, 0, 0, 0, 0, 0, 0, 0, 0, 0, 0, 0, 0, 0], "a_time_left": [359.9963715840131, 359.9963715840131, 359.99461687606527, 359.99461687606527, 359.99141483404674, 359.99141483404674, 359.9901411670144, 359.9901411670144, 359.989342166984, 359.989342166984, 359.98852154199267, 359.98852154199267, 359.98589537502266, 359.98589537502266, 359.98562500003027, 359.98562500003027, 359.98506412503775, 359.98506412503775, 359.9842337910086, 359.9842337910086, 359.9839477490168, 359.9839477490168, 359.9836427909904, 359.9836427909904, 359.98337299900595, 359.98337299900595, 359.98323666502256, 359.98323666502256, 359.9831373320194, 359.9831373320194, 359.9830097479862, 359.9830097479862, 359.98290578997694, 359.98290578997694, 359.9827847069828, 359.9827847069828, 359.982682206959, 359.982682206959, 359.98238749895245, 359.98238749895245, 359.9821441239328, 359.9821441239328, 359.9818292079144, 359.9818292079144, 359.9815574999084, 359.9815574999084, 359.98121841589455, 359.98121841589455, 359.98109849891625, 359.98109849891625, 359.98083437391324, 359.98083437391324, 359.9805872909492, 359.9805872909492, 359.9803302499349, 359.9803302499349, 359.9800692499848, 359.9800692499848, 359.979942499951, 359.979942499951, 359.97969937493326, 359.97969937493326, 359.97931524994783, 359.97931524994783, 359.9789908748935, 359.9789908748935, 359.97870641591726, 359.97870641591726, 359.9784831238794, 359.9784831238794, 359.97820749890525, 359.97820749890525, 359.97795237385435, 359.97795237385435, 359.9778389988933, 359.9778389988933, 359.97771758190356, 359.97771758190356, 359.9776070408989, 359.9776070408989], "b_time_left": [360, 359.9966574169812, 359.9966574169812, 359.99487962498097, 359.99487962498097, 359.99231825000606, 359.99231825000606, 359.9905598749756, 359.9905598749756, 359.98958533402765, 359.98958533402765, 359.9876466670539, 359.9876466670539, 359.9875588340801, 359.9875588340801, 359.98663604306057, 359.98663604306057, 359.98481733509107, 359.98481733509107, 359.9832149181166, 359.9832149181166, 359.9815910430625, 359.9815910430625, 359.98034808505327, 359.98034808505327, 359.98001358506735, 359.98001358506735, 359.9797671260312, 359.9797671260312, 359.9791830010363, 359.9791830010363, 359.9788533760584, 359.9788533760584, 359.97876041708514, 359.97876041708514, 359.9786796250846, 359.9786796250846, 359.9784266660572, 359.9784266660572, 359.9782249580603, 359.9782249580603, 359.9781256670831, 359.9781256670831, 359.9779392510536, 359.9779392510536, 359.97767600102816, 359.97767600102816, 359.9774335010443, 359.9774335010443, 359.97718625108246, 359.97718625108246, 359.9770299171214, 359.9770299171214, 359.976833501074, 359.976833501074, 359.9766760430648, 359.9766760430648, 359.97644908505026, 359.97644908505026, 359.9762815430295, 359.9762815430295, 359.9762032930157, 359.9762032930157, 359.97603291802807, 359.97603291802807, 359.97582754300674, 359.97582754300674, 359.97560958500253, 359.97560958500253, 359.9754119190038, 359.9754119190038, 359.97525916900486, 359.97525916900486, 359.9750638770056, 359.9750638770056, 359.9749889189843, 359.9749889189843, 359.9749003779725, 359.9749003779725, 359.97482071095146], "a_moves_left": [39, 39, 38, 38, 37, 37, 36, 36, 35, 35, 34, 34, 33, 33, 32, 32, 31, 31, 30, 30, 29, 29, 28, 28, 27, 27, 26, 26, 25, 25, 24, 24, 23, 23, 22, 22, 21, 21, 20, 20, 19, 19, 18, 18, 17, 17, 16, 16, 15, 15, 14, 14, 13, 13, 12, 12, 11, 11, 10, 10, 9, 9, 8, 8, 7, 7, 6, 6, 5, 5, 4, 4, 3, 3, 2, 2, 1, 1, 0, 0], "b_moves_left": [40, 39, 39, 38, 38, 37, 37, 36, 36, 35, 35, 34, 34, 33, 33, 32, 32, 31, 31, 30, 30, 29, 29, 28, 28, 27, 27, 26, 26, 25, 25, 24, 24, 23, 23, 22, 22, 21, 21, 20, 20, 19, 19, 18, 18, 17, 17, 16, 16, 15, 15, 14, 14, 13, 13, 12, 12, 11, 11, 10, 10, 9, 9, 8, 8, 7, 7, 6, 6, 5, 5, 4, 4, 3, 3, 2, 2, 1, 1, 0], "trapdoor_triggered": [0, 0, 0, 0, 0, 0, 0, 0, 0, 0, 0, 0, 0, 0, 0, 0, 0, 0, 0, 0, 0, 0, 0, 0, 0, 0, 0, 0, 0, 0, 0, 0, 0, 0, 0, 0, 0, 0, 0, 0, 0, 0, 0, 0, 0, 0, 0, 0, 0, 0, 0, 0, 0, 0, 0, 0, 0, 0, 0, 0, 0, 0, 0, 0, 0, 0, 0, 0, 0, 0, 0, 0, 0, 0, 0, 0, 0, 0, 0, 0], "left_behind": ["egg", "egg", "plain", "turd", "egg", "egg", "plain", "turd", "egg", "egg", "plain", "turd", "egg", "plain", "plain", "plain", "plain", "egg", "plain", "turd", "egg", "egg", "plain", "turd", "egg", "egg", "plain", "plain", "plain", "egg", "plain", "plain", "plain", "egg", "plain", "plain", "plain", "egg", "plain", "plain", "plain", "egg", "plain", "plain", "plain", "egg", "plain", "plain", "plain", "egg", "plain", "plain", "plain", "egg", "plain", "plain", "plain", "egg", "plain", "plain", "plain", "egg", "plain", "plain", "plain", "egg", "plain", "plain", "plain", "egg", "plain", "plain", "plain", "egg", "plain", "plain", "plain", "egg", "plain", "plain"], "errlog_a": "", "errlog_b": "", "start_time": 360, "start_moves": 40, "turn_count": 80, "result": 1, "reason": "EGGS_LAID", "trapdoors": [[5, 5], [5, 4]], "spawn_a": [0, 6], "spawn_b": [7, 6]}