{"pos": [[1, 4], [6, 4], [1, 3], [6, 3], [0, 3], [6, 2], [0, 2], [5, 2], [1, 2], [5, 1], [1, 1], [4, 1], [0, 1], [3, 1], [0, 0], [2, 1], [1, 0], [2, 0], [1, 1], [1, 0], [1, 2], [2, 0], [1, 3], [3, 0], [2, 3], [4, 0], [3, 3], [5, 0], [2, 3], [6, 0], [2, 4], [6, 1], [2, 5], [7, 1], [3, 5], [7, 2], [4, 5], [7, 3], [4, 4], [6, 3], [4, 5], [5, 3], [5, 5], [5, 2], [5, 6], [4, 2], [4, 6], [3, 2], [3, 6], [3, 1], [2, 6], [4, 1], [1, 6], [4, 2], [1, 5], [3, 2], [0, 5], [4, 2], [0, 6], [4, 1], [0, 7], [4, 0], [1, 7], [5, 0], [2, 7], [6, 0], [3, 7], [7, 0], [4, 7], [7, 1], [5, 7], [6, 1], [6, 7], [6, 2], [6, 6], [7, 2], [7, 6], [7, 3], [7, 5], [7, 4]], "a_eggs_laid": [1, 1, 1, 1, 2, 2, 2, 2, 3, 3, 3, 3, 4, 4, 4, 4, 7, 7, 7, 7, 7, 7, 7, 7, 7, 7, 7, 7, 8, 8, 8, 8, 9, 9, 9, 9, 10, 10, 10, 10, 11, 11, 11, 11, 12, 12, 12, 12, 13, 13, 13, 13, 14, 14, 14, 14, 15, 15, 15, 15, 16, 16, 16, 16, 17, 17, 17, 17, 18, 18, 18, 18, 19, 19, 19, 19, 20, 20, 20, 20], "b_eggs_laid": [0, 1, 1, 1, 1, 2, 2, 2, 2, 3, 3, 3, 3, 4, 4, 4, 4, 5, 5, 5, 5, 6, 6, 6, 6, 7, 7, 7, 7, 8, 8, 8, 8, 9, 9, 9, 9, 10, 10, 10, 10, 10, 10, 10, 10, 10, 10, 10, 10, 11, 11, 11, 11, 11, 11, 11, 11, 11, 11, 11, 11, 11, 11, 11, 11, 11, 11, 11, 11, 14, 14, 14, 14, 14, 14, 14, 14, 14, 14, 14], "a_turds_left": [5, 5, 5, 5, 5, 5, 5, 5, 5, 5, 5, 5, 5, 5, 5, 5, 5, 5, 5, 5, 5, 5, 5, 5, 5, 5, 5, 5, 5, 5, 5, 5, 5, 5, 5, 5, 5, 5, 5, 5, 5, 5, 5, 5, 5, 5, 5, 5, 5, 5, 5, 5, 5, 5, 5, 5, 5, 5, 5, 5, 5, 5, 5, 5, 5, 5, 5, 5, 5, 5, 5, 5, 5, 5, 5, 5, 5, 5, 5, 5], "b_turds_left": [5, 5, 5, 4, 4, 4, 4, 3, 3, 3, 3, 2, 2, 2, 2, 1, 1, 1, 1, 0, 0, 0, 0, 0, 0, 0, 0, 0, 0, 0, 0, 0, 0, 0, 0, 0, 0, 0, 0, 0, 0, 0, 0, 0, 0, 0, 0, 0, 0, 0, 0, 0, 0, 0, 0, 0, 0, 0, 0, 0, 0, 0, 0, 0, 0, 0, 0, 0, 0, 0, 0, 0, 0, 0, 0, 0, 0, 0, 0, 0], "a_time_left": [359.99627979198704, 359.99627979198704, 359.9943974999478, 359.9943974999478, 359.9909838749445, 359.9909838749445, 359.9906827499508, 359.9906827499508, 359.98974258295493, 359.98974258295493, 359.98844812397147, 359.98844812397147, 359.9853364569717, 359.9853364569717, 359.9852377069765, 359.9852377069765, 359.98513512295904, 359.98513512295904, 359.98506045597605, 359.98506045597605, 359.98497483093524, 359.98497483093524, 359.9848644139129, 359.9848644139129, 359.98476683092304, 359.98476683092304, 359.98466449795524, 359.98466449795524, 359.9845540809911, 359.9845540809911, 359.98446766397683, 359.98446766397683, 359.9843662889907, 359.9843662889907, 359.98427420598455, 359.98427420598455, 359.9841408719658, 359.9841408719658, 359.98402782995254, 359.98402782995254, 359.9839289129595, 359.9839289129595, 359.98383974598255, 359.98383974598255, 359.9837624540087, 359.9837624540087, 359.9836805370287, 359.9836805370287, 359.9835753290681, 359.9835753290681, 359.9834849960753, 359.9834849960753, 359.98338382906513, 359.98338382906513, 359.98329853708856, 359.98329853708856, 359.9831955790869, 359.9831955790869, 359.98311857908266, 359.98311857908266, 359.98303178703645, 359.98303178703645, 359.98296457802644, 359.98296457802644, 359.98287124506896, 359.98287124506896, 359.982796037104, 359.982796037104, 359.98270378710004, 359.98270378710004, 359.9826321621076, 359.9826321621076, 359.9825460371212, 359.9825460371212, 359.9824669121299, 359.9824669121299, 359.9823690371122, 359.9823690371122, 359.982282953104, 359.982282953104], "b_time_left": [360, 359.9965909169987, 359.9965909169987, 359.994824125024, 359.994824125024, 359.9923055419931, 359.9923055419931, 359.9906297500129, 359.9906297500129, 359.98819216602715, 359.98819216602715, 359.9865180410561, 359.9865180410561, 359.98409120808356, 359.98409120808356, 359.98342112405226, 359.98342112405226, 359.9827798740589, 359.9827798740589, 359.9825476660626, 359.9825476660626, 359.9824741240591, 359.9824741240591, 359.98236958205234, 359.98236958205234, 359.98220583208604, 359.98220583208604, 359.982112165133, 359.982112165133, 359.9819419151172, 359.9819419151172, 359.9818654151168, 359.9818654151168, 359.98176741512725, 359.98176741512725, 359.9816821241402, 359.9816821241402, 359.98158424918074, 359.98158424918074, 359.98150854115374, 359.98150854115374, 359.9813389161136, 359.9813389161136, 359.98126479110215, 359.98126479110215, 359.98114366614027, 359.98114366614027, 359.9810832911171, 359.9810832911171, 359.9810093321139, 359.9810093321139, 359.98094829008915, 359.98094829008915, 359.9808598320815, 359.9808598320815, 359.980786248052, 359.980786248052, 359.9806854980998, 359.9806854980998, 359.9806079150876, 359.9806079150876, 359.98051274812315, 359.98051274812315, 359.980453206168, 359.980453206168, 359.9803774561733, 359.9803774561733, 359.980300498195, 359.980300498195, 359.98024041421013, 359.98024041421013, 359.98018308123574, 359.98018308123574, 359.9801037472207, 359.9801037472207, 359.9800322892261, 359.9800322892261, 359.97994466422824, 359.97994466422824, 359.97988445620285], "a_moves_left": [39, 39, 38, 38, 37, 37, 36, 36, 35, 35, 34, 34, 33, 33, 32, 32, 31, 31, 30, 30, 29, 29, 28, 28, 27, 27, 26, 26, 25, 25, 24, 24, 23, 23, 22, 22, 21, 21, 20, 20, 19, 19, 18, 18, 17, 17, 16, 16, 15, 15, 14, 14, 13, 13, 12, 12, 11, 11, 10, 10, 9, 9, 8, 8, 7, 7, 6, 6, 5, 5, 4, 4, 3, 3, 2, 2, 1, 1, 0, 0], "b_moves_left": [40, 39, 39, 38, 38, 37, 37, 36, 36, 35, 35, 34, 34, 33, 33, 32, 32, 31, 31, 30, 30, 29, 29, 28, 28, 27, 27, 26, 26, 25, 25, 24, 24, 23, 23, 22, 22, 21, 21, 20, 20, 19, 19, 18, 18, 17, 17, 16, 16, 15, 15, 14, 14, 13, 13, 12, 12, 11, 11, 10, 10, 9, 9, 8, 8, 7, 7, 6, 6, 5, 5, 4, 4, 3, 3, 2, 2, 1, 1, 0], "trapdoor_triggered": [0, 0, 0, 0, 0, 0, 0, 0, 0, 0, 0, 0, 0, 0, 0, 0, 0, 0, 0, 0, 0, 0, 0, 0, 0, 0, 0, 0, 0, 0, 0, 0, 0, 0, 0, 0, 0, 0, 0, 0, 0, 0, 0, 0, 0, 0, 0, 0, 0, 0, 0, 0, 0, 0, 0, 0, 0, 0, 0, 0, 0, 0, 0, 0, 0, 0, 0, 0, 0, 0, 0, 0, 0, 0, 0, 0, 0, 0, 0, 0], "left_behind": ["egg", "egg", "plain", "turd", "egg", "egg", "plain", "turd", "egg", "egg", "plain", "turd", "egg", "egg", "plain", "turd", "egg", "egg", "plain", "turd", "plain", "egg", "plain", "plain", "plain", "egg", "plain", "plain", "egg", "egg", "plain", "plain", "egg", "egg", "plain", "plain", "egg", "egg", "plain", "plain", "egg", "plain", "plain", "plain", "egg", "plain", "plain", "plain", "egg", "egg", "plain", "plain", "egg", "plain", "plain", "plain", "egg", "plain", "plain", "plain", "egg", "plain", "plain", "plain", "egg", "plain", "plain", "plain", "egg", "egg", "plain", "plain", "egg", "plain", "plain", "plain", "egg", "plain", "plain", "plain"], "errlog_a": "", "errlog_b": "", "start_time": 360, "start_moves": 40, "turn_count": 80, "result": 0, "reason": "EGGS_LAID", "trapdoors": [[2, 2], [4, 3]], "spawn_a": [0, 4], "spawn_b": [7, 4]}