{"pos": [[6, 5], [1, 5], [6, 4], [1, 4], [7, 4], [1, 3], [7, 3], [2, 3], [6, 3], [2, 4], [6, 2], [2, 3], [7, 2], [2, 2], [7, 1], [2, 1], [6, 1], [1, 1], [6, 0], [1, 0], [7, 0], [2, 0], [6, 0], [3, 0], [5, 0], [3, 1], [5, 1], [4, 1], [5, 2], [4, 0], [5, 1], [5, 0], [6, 1], [4, 0], [6, 2], [4, 1], [5, 2], [4, 2], [5, 3], [5, 2], [5, 4], [4, 2], [6, 4], [3, 2], [6, 3], [3, 3], [7, 3], [4, 3], [7, 2], [3, 3], [7, 1], [3, 2], [7, 0], [3, 3], [7, 1], [4, 3], [6, 1], [4, 4], [5, 1], [5, 4], [6, 1], [4, 4], [6, 2], [4, 5], [6, 3], [4, 6], [5, 3], [5, 6], [6, 3], [6, 6], [6, 4], [6, 5], [7, 4], [6, 6], [7, 5], [7, 6], [7, 4], [7, 7], [7, 5], [6, 7]], "a_eggs_laid": [1, 1, 1, 1, 2, 2, 2, 2, 3, 3, 3, 3, 4, 4, 4, 4, 5, 5, 5, 5, 6, 6, 6, 6, 6, 6, 6, 6, 7, 7, 7, 7, 7, 7, 7, 7, 7, 7, 7, 7, 8, 8, 8, 8, 8, 8, 8, 8, 8, 8, 8, 8, 8, 8, 8, 8, 8, 8, 8, 8, 8, 8, 8, 8, 8, 8, 8, 8, 8, 8, 8, 8, 8, 8, 8, 8, 8, 8, 8, 8], "b_eggs_laid": [0, 1, 1, 1, 1, 2, 2, 2, 2, 3, 3, 3, 3, 3, 3, 3, 3, 4, 4, 4, 4, 5, 5, 5, 5, 6, 6, 6, 6, 7, 7, 7, 7, 8, 8, 8, 8, 8, 8, 8, 8, 9, 9, 9, 9, 10, 10, 10, 10, 11, 11, 11, 11, 11, 11, 11, 11, 11, 11, 11, 11, 12, 12, 12, 12, 13, 13, 13, 13, 14, 14, 14, 14, 15, 15, 15, 15, 16, 16, 16], "a_turds_left": [5, 5, 5, 5, 5, 5, 5, 5, 5, 5, 5, 5, 5, 5, 5, 5, 5, 5, 5, 5, 5, 5, 5, 5, 5, 5, 5, 5, 5, 5, 5, 5, 5, 5, 5, 5, 5, 5, 5, 5, 5, 5, 5, 5, 5, 5, 5, 5, 5, 5, 5, 5, 5, 5, 5, 5, 5, 5, 5, 5, 5, 5, 5, 5, 5, 5, 5, 5, 5, 5, 5, 5, 5, 5, 5, 5, 5, 5, 5, 5], "b_turds_left": [5, 5, 5, 4, 4, 4, 4, 3, 3, 3, 3, 2, 2, 2, 2, 1, 1, 1, 1, 0, 0, 0, 0, 0, 0, 0, 0, 0, 0, 0, 0, 0, 0, 0, 0, 0, 0, 0, 0, 0, 0, 0, 0, 0, 0, 0, 0, 0, 0, 0, 0, 0, 0, 0, 0, 0, 0, 0, 0, 0, 0, 0, 0, 0, 0, 0, 0, 0, 0, 0, 0, 0, 0, 0, 0, 0, 0, 0, 0, 0], "a_time_left": [359.9959517500247, 359.9959517500247, 359.99524908402236, 359.99524908402236, 359.9914043760509, 359.9914043760509, 359.99062020902056, 359.99062020902056, 359.98810750001576, 359.98810750001576, 359.9876135420054, 359.9876135420054, 359.9841319170082, 359.9841319170082, 359.9838790000067, 359.9838790000067, 359.9835967500112, 359.9835967500112, 359.9833198750275, 359.9833198750275, 359.9830242500175, 359.9830242500175, 359.98278583301, 359.98278583301, 359.9825331660104, 359.9825331660104, 359.98228395800106, 359.98228395800106, 359.9821664580377, 359.9821664580377, 359.9820545419934, 359.9820545419934, 359.9819705010159, 359.9819705010159, 359.9818542090361, 359.9818542090361, 359.98174450104125, 359.98174450104125, 359.9816342930426, 359.9816342930426, 359.98152954300167, 359.98152954300167, 359.981405751023, 359.981405751023, 359.9813035429688, 359.9813035429688, 359.9811948349816, 359.9811948349816, 359.9810957519803, 359.9810957519803, 359.98099516896764, 359.98099516896764, 359.9809089189512, 359.9809089189512, 359.98065720993327, 359.98065720993327, 359.9803425009595, 359.9803425009595, 359.9802171259653, 359.9802171259653, 359.97803554299753, 359.97803554299753, 359.9777432929841, 359.9777432929841, 359.9775000009686, 359.9775000009686, 359.97719691699604, 359.97719691699604, 359.9770069170045, 359.9770069170045, 359.9767152920249, 359.9767152920249, 359.976498375996, 359.976498375996, 359.97625300096115, 359.97625300096115, 359.9760061259731, 359.9760061259731, 359.9757300009951, 359.9757300009951], "b_time_left": [360, 359.99659812496975, 359.99659812496975, 359.99481845798437, 359.99481845798437, 359.9921683749999, 359.9921683749999, 359.9904058750253, 359.9904058750253, 359.9878553749877, 359.9878553749877, 359.98657012498006, 359.98657012498006, 359.9858144169557, 359.9858144169557, 359.98515095794573, 359.98515095794573, 359.9828050408978, 359.9828050408978, 359.9811368329101, 359.9811368329101, 359.9799652919173, 359.9799652919173, 359.9797922509024, 359.9797922509024, 359.97917250089813, 359.97917250089813, 359.97846754291095, 359.97846754291095, 359.9778480838868, 359.9778480838868, 359.97777225088794, 359.97777225088794, 359.97768862592056, 359.97768862592056, 359.977607500914, 359.977607500914, 359.97733558388427, 359.97733558388427, 359.97722812590655, 359.97722812590655, 359.977152583946, 359.977152583946, 359.97691200097324, 359.97691200097324, 359.97680796001805, 359.97680796001805, 359.97672329400666, 359.97672329400666, 359.9766272099805, 359.9766272099805, 359.9764803770231, 359.9764803770231, 359.97602150199236, 359.97602150199236, 359.9756129189627, 359.9756129189627, 359.97501345997443, 359.97501345997443, 359.9749250849709, 359.9749250849709, 359.97456341795623, 359.97456341795623, 359.9739735429175, 359.9739735429175, 359.97374679293716, 359.97374679293716, 359.9735511679319, 359.9735511679319, 359.9734472099226, 359.9734472099226, 359.97325483488385, 359.97325483488385, 359.97307716787327, 359.97307716787327, 359.9725962098455, 359.9725962098455, 359.97241008485435, 359.97241008485435, 359.97223841783125], "a_moves_left": [39, 39, 38, 38, 37, 37, 36, 36, 35, 35, 34, 34, 33, 33, 32, 32, 31, 31, 30, 30, 29, 29, 28, 28, 27, 27, 26, 26, 25, 25, 24, 24, 23, 23, 22, 22, 21, 21, 20, 20, 19, 19, 18, 18, 17, 17, 16, 16, 15, 15, 14, 14, 13, 13, 12, 12, 11, 11, 10, 10, 9, 9, 8, 8, 7, 7, 6, 6, 5, 5, 4, 4, 3, 3, 2, 2, 1, 1, 0, 0], "b_moves_left": [40, 39, 39, 38, 38, 37, 37, 36, 36, 35, 35, 34, 34, 33, 33, 32, 32, 31, 31, 30, 30, 29, 29, 28, 28, 27, 27, 26, 26, 25, 25, 24, 24, 23, 23, 22, 22, 21, 21, 20, 20, 19, 19, 18, 18, 17, 17, 16, 16, 15, 15, 14, 14, 13, 13, 12, 12, 11, 11, 10, 10, 9, 9, 8, 8, 7, 7, 6, 6, 5, 5, 4, 4, 3, 3, 2, 2, 1, 1, 0], "trapdoor_triggered": [0, 0, 0, 0, 0, 0, 0, 0, 0, 0, 0, 0, 0, 0, 0, 0, 0, 0, 0, 0, 0, 0, 0, 0, 0, 0, 0, 0, 0, 0, 0, 0, 0, 0, 0, 0, 0, 0, 0, 0, 0, 0, 0, 0, 0, 0, 0, 0, 0, 0, 0, 0, 0, 0, 0, 0, 0, 0, 0, 0, 0, 0, 0, 0, 0, 0, 0, 0, 0, 0, 0, 0, 0, 0, 0, 0, 0, 0, 0, 0], "left_behind": ["egg", "egg", "plain", "turd", "egg", "egg", "plain", "turd", "egg", "egg", "plain", "turd", "egg", "plain", "plain", "turd", "egg", "egg", "plain", "turd", "egg", "egg", "plain", "plain", "plain", "egg", "plain", "plain", "egg", "egg", "plain", "plain", "plain", "egg", "plain", "plain", "plain", "plain", "plain", "plain", "egg", "egg", "plain", "plain", "plain", "egg", "plain", "plain", "plain", "egg", "plain", "plain", "plain", "plain", "plain", "plain", "plain", "plain", "plain", "plain", "plain", "egg", "plain", "plain", "plain", "egg", "plain", "plain", "plain", "egg", "plain", "plain", "plain", "egg", "plain", "plain", "plain", "egg", "plain", "plain"], "errlog_a": "", "errlog_b": "", "start_time": 360, "start_moves": 40, "turn_count": 80, "result": 1, "reason": "EGGS_LAID", "trapdoors": [[5, 5], [3, 4]], "spawn_a": [7, 5], "spawn_b": [0, 5]}