{"pos": [[1, 2], [6, 2], [1, 1], [6, 1], [0, 1], [5, 1], [0, 0], [4, 1], [1, 0], [3, 1], [2, 0], [2, 1], [1, 0], [2, 2], [1, 1], [1, 2], [0, 1], [1, 3], [0, 0], [0, 3], [0, 1], [0, 4], [0, 2], [1, 4], [0, 1], [1, 5], [1, 1], [1, 6], [1, 0], [2, 6], [2, 0], [3, 6], [1, 0], [4, 6], [0, 0], [5, 6], [0, 1], [6, 6], [0, 2], [6, 5], [0, 1], [6, 4], [1, 1], [6, 3], [1, 0], [7, 3], [2, 0], [7, 4], [1, 0], [7, 5], [0, 0], [7, 6], [0, 1], [7, 7], [0, 2], [6, 7], [0, 1], [5, 7], [1, 1], [4, 7], [1, 0], [3, 7], [2, 0], [2, 7], [1, 0], [1, 7], [0, 0], [0, 7], [0, 1], [0, 6], [0, 2], [0, 5], [0, 1], [1, 5], [1, 1], [2, 5], [1, 0], [2, 4], [2, 0], [2, 3]], "a_eggs_laid": [1, 1, 1, 1, 2, 2, 2, 2, 5, 5, 5, 5, 6, 6, 6, 6, 6, 6, 6, 6, 6, 6, 6, 6, 6, 6, 6, 6, 6, 6, 6, 6, 6, 6, 6, 6, 6, 6, 6, 6, 6, 6, 6, 6, 6, 6, 6, 6, 6, 6, 6, 6, 6, 6, 6, 6, 6, 6, 6, 6, 6, 6, 6, 6, 6, 6, 6, 6, 6, 6, 6, 6, 6, 6, 6, 6, 6, 6, 6, 6], "b_eggs_laid": [0, 1, 1, 1, 1, 2, 2, 2, 2, 3, 3, 3, 3, 4, 4, 4, 4, 5, 5, 5, 5, 6, 6, 6, 6, 7, 7, 7, 7, 8, 8, 8, 8, 9, 9, 9, 9, 10, 10, 10, 10, 11, 11, 11, 11, 12, 12, 12, 12, 13, 13, 13, 13, 14, 14, 14, 14, 15, 15, 15, 15, 16, 16, 16, 16, 17, 17, 17, 17, 20, 20, 20, 20, 21, 21, 21, 21, 22, 22, 22], "a_turds_left": [5, 5, 5, 5, 5, 5, 5, 5, 5, 5, 5, 5, 5, 5, 5, 5, 5, 5, 5, 5, 5, 5, 5, 5, 5, 5, 5, 5, 5, 5, 5, 5, 5, 5, 5, 5, 5, 5, 5, 5, 5, 5, 5, 5, 5, 5, 5, 5, 5, 5, 5, 5, 5, 5, 5, 5, 5, 5, 5, 5, 5, 5, 5, 5, 5, 5, 5, 5, 5, 5, 5, 5, 5, 5, 5, 5, 5, 5, 5, 5], "b_turds_left": [5, 5, 5, 4, 4, 4, 4, 3, 3, 3, 3, 2, 2, 2, 2, 1, 1, 1, 1, 0, 0, 0, 0, 0, 0, 0, 0, 0, 0, 0, 0, 0, 0, 0, 0, 0, 0, 0, 0, 0, 0, 0, 0, 0, 0, 0, 0, 0, 0, 0, 0, 0, 0, 0, 0, 0, 0, 0, 0, 0, 0, 0, 0, 0, 0, 0, 0, 0, 0, 0, 0, 0, 0, 0, 0, 0, 0, 0, 0, 0], "a_time_left": [359.99590325000463, 359.99590325000463, 359.9940791670233, 359.9940791670233, 359.9907279590261, 359.9907279590261, 359.99039600003744, 359.99039600003744, 359.98863466706825, 359.98863466706825, 359.98782716708956, 359.98782716708956, 359.98752020910615, 359.98752020910615, 359.9872064591036, 359.9872064591036, 359.9869302920997, 359.9869302920997, 359.98662033310393, 359.98662033310393, 359.98631229111925, 359.98631229111925, 359.98599866614677, 359.98599866614677, 359.98575745814014, 359.98575745814014, 359.98544262512587, 359.98544262512587, 359.985151750152, 359.985151750152, 359.98483354219934, 359.98483354219934, 359.98451479221694, 359.98451479221694, 359.9843804591801, 359.9843804591801, 359.98410679219523, 359.98410679219523, 359.98397716716863, 359.98397716716863, 359.9838873751578, 359.9838873751578, 359.9837701661745, 359.9837701661745, 359.9836487082066, 359.9836487082066, 359.98352983320365, 359.98352983320365, 359.98341908323346, 359.98341908323346, 359.9832941252389, 359.9832941252389, 359.98317983420566, 359.98317983420566, 359.98288433416747, 359.98288433416747, 359.9825898341369, 359.9825898341369, 359.9822728341096, 359.9822728341096, 359.98215154209174, 359.98215154209174, 359.98180862609297, 359.98180862609297, 359.98155808413867, 359.98155808413867, 359.98124533414375, 359.98124533414375, 359.9809158341377, 359.9809158341377, 359.98060104215983, 359.98060104215983, 359.98033208417473, 359.98033208417473, 359.9800256671733, 359.9800256671733, 359.9797699591727, 359.9797699591727, 359.97945787617937, 359.97945787617937], "b_time_left": [360, 359.996440124989, 359.996440124989, 359.99572316597914, 359.99572316597914, 359.9929524579784, 359.9929524579784, 359.9904578749556, 359.9904578749556, 359.98791129200254, 359.98791129200254, 359.9832346670446, 359.9832346670446, 359.9821572920191, 359.9821572920191, 359.97996316698845, 359.97996316698845, 359.9795576669858, 359.9795576669858, 359.97794454195537, 359.97794454195537, 359.9771494999295, 359.9771494999295, 359.9757646659273, 359.9757646659273, 359.9741371239652, 359.9741371239652, 359.97321458294755, 359.97321458294755, 359.97290549991885, 359.97290549991885, 359.9726526249433, 359.9726526249433, 359.9723386669066, 359.9723386669066, 359.9720762919169, 359.9720762919169, 359.97195108392043, 359.97195108392043, 359.971855208918, 359.971855208918, 359.97174608393107, 359.97174608393107, 359.971659374889, 359.971659374889, 359.97154999984195, 359.97154999984195, 359.97146504186094, 359.97146504186094, 359.971365333884, 359.971365333884, 359.9712860418949, 359.9712860418949, 359.9710302078747, 359.9710302078747, 359.97094274987467, 359.97094274987467, 359.94804354192456, 359.94804354192456, 359.9477562919492, 359.9477562919492, 359.9474222919089, 359.9474222919089, 359.94721075095003, 359.94721075095003, 359.9469722509966, 359.9469722509966, 359.9467761259875, 359.9467761259875, 359.94668354297755, 359.94668354297755, 359.94660133396974, 359.94660133396974, 359.94635345897404, 359.94635345897404, 359.9460058339755, 359.9460058339755, 359.94574791699415, 359.94574791699415, 359.94554141699336], "a_moves_left": [39, 39, 38, 38, 37, 37, 36, 36, 35, 35, 34, 34, 33, 33, 32, 32, 31, 31, 30, 30, 29, 29, 28, 28, 27, 27, 26, 26, 25, 25, 24, 24, 23, 23, 22, 22, 21, 21, 20, 20, 19, 19, 18, 18, 17, 17, 16, 16, 15, 15, 14, 14, 13, 13, 12, 12, 11, 11, 10, 10, 9, 9, 8, 8, 7, 7, 6, 6, 5, 5, 4, 4, 3, 3, 2, 2, 1, 1, 0, 0], "b_moves_left": [40, 39, 39, 38, 38, 37, 37, 36, 36, 35, 35, 34, 34, 33, 33, 32, 32, 31, 31, 30, 30, 29, 29, 28, 28, 27, 27, 26, 26, 25, 25, 24, 24, 23, 23, 22, 22, 21, 21, 20, 20, 19, 19, 18, 18, 17, 17, 16, 16, 15, 15, 14, 14, 13, 13, 12, 12, 11, 11, 10, 10, 9, 9, 8, 8, 7, 7, 6, 6, 5, 5, 4, 4, 3, 3, 2, 2, 1, 1, 0], "trapdoor_triggered": [0, 0, 0, 0, 0, 0, 0, 0, 0, 0, 0, 0, 0, 0, 0, 0, 0, 0, 0, 0, 0, 0, 0, 0, 0, 0, 0, 0, 0, 0, 0, 0, 0, 0, 0, 0, 0, 0, 0, 0, 0, 0, 0, 0, 0, 0, 0, 0, 0, 0, 0, 0, 0, 0, 0, 0, 0, 0, 0, 0, 0, 0, 0, 0, 0, 0, 0, 0, 0, 0, 0, 0, 0, 0, 0, 0, 0, 0, 0, 0], "left_behind": ["egg", "egg", "plain", "turd", "egg", "egg", "plain", "turd", "egg", "egg", "plain", "turd", "egg", "egg", "plain", "turd", "plain", "egg", "plain", "turd", "plain", "egg", "plain", "plain", "plain", "egg", "plain", "plain", "plain", "egg", "plain", "plain", "plain", "egg", "plain", "plain", "plain", "egg", "plain", "plain", "plain", "egg", "plain", "plain", "plain", "egg", "plain", "plain", "plain", "egg", "plain", "plain", "plain", "egg", "plain", "plain", "plain", "egg", "plain", "plain", "plain", "egg", "plain", "plain", "plain", "egg", "plain", "plain", "plain", "egg", "plain", "plain", "plain", "egg", "plain", "plain", "plain", "egg", "plain", "plain"], "errlog_a": "", "errlog_b": "", "start_time": 360, "start_moves": 40, "turn_count": 80, "result": 1, "reason": "EGGS_LAID", "trapdoors": [[3, 3], [3, 4]], "spawn_a": [0, 2], "spawn_b": [7, 2]}