{"pos": [[6, 3], [1, 3], [6, 2], [1, 2], [6, 3], [1, 1], [6, 4], [2, 1], [6, 5], [3, 1], [7, 5], [4, 1], [7, 6], [5, 1], [6, 6], [6, 1], [5, 6], [6, 0], [5, 7], [5, 0], [6, 7], [4, 0], [7, 7], [3, 0], [7, 6], [2, 0], [6, 6], [1, 0], [6, 5], [0, 0], [5, 5], [0, 1], [4, 5], [0, 2], [4, 6], [1, 2], [3, 6], [0, 2], [3, 7], [0, 1], [4, 7], [0, 0], [4, 6], [1, 0], [4, 5], [2, 0], [3, 5], [2, 1], [3, 4], [3, 1], [4, 4], [3, 2], [5, 4], [4, 2], [5, 3], [4, 3], [5, 4], [3, 3], [5, 3], [3, 4], [5, 4], [2, 4], [4, 4], [2, 3], [4, 5], [3, 3], [3, 5], [3, 4], [2, 5], [2, 4], [2, 6], [2, 5], [1, 6], [1, 5], [1, 7], [1, 6], [2, 7], [0, 6], [2, 6], [0, 5]], "a_eggs_laid": [1, 1, 1, 1, 2, 2, 2, 2, 3, 3, 3, 3, 4, 4, 4, 4, 5, 5, 5, 5, 6, 6, 6, 6, 9, 9, 9, 9, 9, 9, 9, 9, 10, 10, 10, 10, 11, 11, 11, 11, 12, 12, 12, 12, 12, 12, 12, 12, 13, 13, 13, 13, 14, 14, 14, 14, 15, 15, 15, 15, 15, 15, 15, 15, 15, 15, 15, 15, 15, 15, 15, 15, 16, 16, 16, 16, 17, 17, 17, 17], "b_eggs_laid": [0, 1, 1, 1, 1, 2, 2, 2, 2, 3, 3, 3, 3, 4, 4, 4, 4, 5, 5, 5, 5, 6, 6, 6, 6, 7, 7, 7, 7, 8, 8, 8, 8, 9, 9, 9, 9, 9, 9, 9, 9, 9, 9, 9, 9, 9, 9, 9, 9, 9, 9, 9, 9, 10, 10, 10, 10, 11, 11, 11, 11, 12, 12, 12, 12, 13, 13, 13, 13, 13, 13, 13, 13, 14, 14, 14, 14, 15, 15, 15], "a_turds_left": [5, 5, 5, 5, 5, 5, 5, 5, 5, 5, 5, 5, 5, 5, 5, 5, 5, 5, 5, 5, 5, 5, 5, 5, 5, 5, 5, 5, 5, 5, 5, 5, 5, 5, 5, 5, 5, 5, 5, 5, 5, 5, 5, 5, 5, 5, 5, 5, 5, 5, 5, 5, 5, 5, 5, 5, 5, 5, 5, 5, 5, 5, 5, 5, 5, 5, 5, 5, 5, 5, 5, 5, 5, 5, 5, 5, 5, 5, 5, 5], "b_turds_left": [5, 5, 5, 4, 4, 4, 4, 3, 3, 3, 3, 2, 2, 2, 2, 1, 1, 1, 1, 0, 0, 0, 0, 0, 0, 0, 0, 0, 0, 0, 0, 0, 0, 0, 0, 0, 0, 0, 0, 0, 0, 0, 0, 0, 0, 0, 0, 0, 0, 0, 0, 0, 0, 0, 0, 0, 0, 0, 0, 0, 0, 0, 0, 0, 0, 0, 0, 0, 0, 0, 0, 0, 0, 0, 0, 0, 0, 0, 0, 0], "a_time_left": [359.9983948750305, 359.9983948750305, 359.9964403330232, 359.9964403330232, 359.9929100830341, 359.9929100830341, 359.9915325830225, 359.9915325830225, 359.9882783329813, 359.9882783329813, 359.9864069169853, 359.9864069169853, 359.983974458999, 359.983974458999, 359.98350054200273, 359.98350054200273, 359.98336004198063, 359.98336004198063, 359.9832466249936, 359.9832466249936, 359.9831348329899, 359.9831348329899, 359.983028208022, 359.983028208022, 359.9829299579724, 359.9829299579724, 359.98282354098046, 359.98282354098046, 359.9827232909738, 359.9827232909738, 359.98260562395444, 359.98260562395444, 359.982475873956, 359.982475873956, 359.98229995695874, 359.98229995695874, 359.98216570698423, 359.98216570698423, 359.98204949800856, 359.98204949800856, 359.9819228309789, 359.9819228309789, 359.9818189559737, 359.9818189559737, 359.9813100389438, 359.9813100389438, 359.98100649693515, 359.98100649693515, 359.9806288309046, 359.9806288309046, 359.9805003309157, 359.9805003309157, 359.9801809558994, 359.9801809558994, 359.9800731638679, 359.9800731638679, 359.97985099686775, 359.97985099686775, 359.97958053887123, 359.97958053887123, 359.97949445585255, 359.97949445585255, 359.97923953988357, 359.97923953988357, 359.97902716492536, 359.97902716492536, 359.9787587899482, 359.9787587899482, 359.9785152069526, 359.9785152069526, 359.9782006649766, 359.9782006649766, 359.9779497900163, 359.9779497900163, 359.97773883200716, 359.97773883200716, 359.9775114150252, 359.9775114150252, 359.9772849570145, 359.9772849570145], "b_time_left": [360, 359.99649720900925, 359.99649720900925, 359.9947202919866, 359.9947202919866, 359.9922655419796, 359.9922655419796, 359.99022916698596, 359.99022916698596, 359.98782041703817, 359.98782041703817, 359.98612012603553, 359.98612012603553, 359.9851509600412, 359.9851509600412, 359.98450408503413, 359.98450408503413, 359.98417616804363, 359.98417616804363, 359.983949252055, 359.983949252055, 359.983808877063, 359.983808877063, 359.9837139180163, 359.9837139180163, 359.98354725097306, 359.98354725097306, 359.98346429294907, 359.98346429294907, 359.98338300094474, 359.98338300094474, 359.98332662595203, 359.98332662595203, 359.98323962598806, 359.98323962598806, 359.9831702929805, 359.9831702929805, 359.9830079599633, 359.9830079599633, 359.98293054295937, 359.98293054295937, 359.9828407509485, 359.9828407509485, 359.9826677099918, 359.9826677099918, 359.9824359189952, 359.9824359189952, 359.9823476690217, 359.9823476690217, 359.9819475020049, 359.9819475020049, 359.981574792997, 359.981574792997, 359.9813322509872, 359.9813322509872, 359.9811526259873, 359.9811526259873, 359.9809550839709, 359.9809550839709, 359.98076312599005, 359.98076312599005, 359.9805876259925, 359.9805876259925, 359.9804093349958, 359.9804093349958, 359.9801716270158, 359.9801716270158, 359.97998916899087, 359.97998916899087, 359.9797069610213, 359.9797069610213, 359.9793556689983, 359.9793556689983, 359.97916079399874, 359.97916079399874, 359.9790710439556, 359.9790710439556, 359.9788799189846, 359.9788799189846, 359.9788061280269], "a_moves_left": [39, 39, 38, 38, 37, 37, 36, 36, 35, 35, 34, 34, 33, 33, 32, 32, 31, 31, 30, 30, 29, 29, 28, 28, 27, 27, 26, 26, 25, 25, 24, 24, 23, 23, 22, 22, 21, 21, 20, 20, 19, 19, 18, 18, 17, 17, 16, 16, 15, 15, 14, 14, 13, 13, 12, 12, 11, 11, 10, 10, 9, 9, 8, 8, 7, 7, 6, 6, 5, 5, 4, 4, 3, 3, 2, 2, 1, 1, 0, 0], "b_moves_left": [40, 39, 39, 38, 38, 37, 37, 36, 36, 35, 35, 34, 34, 33, 33, 32, 32, 31, 31, 30, 30, 29, 29, 28, 28, 27, 27, 26, 26, 25, 25, 24, 24, 23, 23, 22, 22, 21, 21, 20, 20, 19, 19, 18, 18, 17, 17, 16, 16, 15, 15, 14, 14, 13, 13, 12, 12, 11, 11, 10, 10, 9, 9, 8, 8, 7, 7, 6, 6, 5, 5, 4, 4, 3, 3, 2, 2, 1, 1, 0], "trapdoor_triggered": [0, 0, 0, 0, 0, 0, 0, 0, 0, 0, 0, 0, 0, 0, 0, 0, 0, 0, 0, 0, 0, 0, 0, 0, 0, 0, 0, 0, 0, 0, 0, 0, 0, 0, 0, 0, 0, 0, 0, 0, 0, 0, 0, 0, 0, 0, 0, 0, 0, 0, 0, 0, 0, 0, 0, 0, 0, 0, 0, 0, 0, 0, 0, 0, 0, 0, 0, 0, 0, 0, 0, 0, 0, 0, 0, 0, 0, 0, 0, 0], "left_behind": ["egg", "egg", "plain", "turd", "egg", "egg", "plain", "turd", "egg", "egg", "plain", "turd", "egg", "egg", "plain", "turd", "egg", "egg", "plain", "turd", "egg", "egg", "plain", "plain", "egg", "egg", "plain", "plain", "plain", "egg", "plain", "plain", "egg", "egg", "plain", "plain", "egg", "plain", "plain", "plain", "egg", "plain", "plain", "plain", "plain", "plain", "plain", "plain", "egg", "plain", "plain", "plain", "egg", "egg", "plain", "plain", "egg", "egg", "plain", "plain", "plain", "egg", "plain", "plain", "plain", "egg", "plain", "plain", "plain", "plain", "plain", "plain", "egg", "egg", "plain", "plain", "egg", "egg", "plain", "plain"], "errlog_a": "", "errlog_b": "", "start_time": 360, "start_moves": 40, "turn_count": 80, "result": 0, "reason": "EGGS_LAID", "trapdoors": [[2, 2], [5, 2]], "spawn_a": [7, 3], "spawn_b": [0, 3]}