{"pos": [[6, 3], [1, 3], [6, 2], [1, 2], [7, 2], [1, 1], [7, 1], [2, 1], [6, 1], [3, 1], [5, 1], [4, 1], [5, 0], [4, 2], [4, 0], [3, 2], [5, 0], [3, 1], [6, 0], [3, 0], [7, 0], [2, 0], [6, 0], [1, 0], [6, 1], [0, 0], [5, 1], [0, 1], [6, 1], [0, 2], [6, 2], [1, 2], [6, 3], [2, 2], [6, 4], [2, 3], [7, 4], [2, 4], [7, 5], [1, 4], [6, 5], [1, 5], [6, 6], [1, 6], [7, 6], [2, 6], [7, 7], [3, 6], [6, 7], [3, 5], [5, 7], [2, 5], [5, 6], [2, 4], [4, 6], [3, 4], [4, 7], [4, 4], [3, 7], [3, 4], [2, 7], [3, 5], [2, 6], [3, 6], [2, 7], [3, 5], [1, 7], [2, 5], [0, 7], [1, 5], [0, 6], [0, 5], [0, 7], [0, 4], [0, 6], [0, 5], [0, 7], [0, 4], [1, 7], [1, 4]], "a_eggs_laid": [1, 1, 1, 1, 2, 2, 2, 2, 3, 3, 3, 3, 4, 4, 4, 4, 5, 5, 5, 5, 6, 6, 6, 6, 6, 6, 6, 6, 6, 6, 6, 6, 6, 6, 6, 6, 7, 7, 7, 7, 8, 8, 8, 8, 9, 9, 9, 9, 12, 12, 12, 12, 13, 13, 13, 13, 14, 14, 14, 14, 15, 15, 15, 15, 16, 16, 16, 16, 17, 17, 17, 17, 18, 18, 18, 18, 18, 18, 18, 18], "b_eggs_laid": [0, 1, 1, 1, 1, 2, 2, 2, 2, 3, 3, 3, 3, 4, 4, 4, 4, 5, 5, 5, 5, 6, 6, 6, 6, 7, 7, 7, 7, 8, 8, 8, 8, 8, 8, 8, 8, 9, 9, 9, 9, 10, 10, 10, 10, 11, 11, 11, 11, 12, 12, 12, 12, 13, 13, 13, 13, 14, 14, 14, 14, 14, 14, 14, 14, 14, 14, 14, 14, 14, 14, 14, 14, 15, 15, 15, 15, 15, 15, 15], "a_turds_left": [5, 5, 5, 5, 5, 5, 5, 5, 5, 5, 5, 5, 5, 5, 5, 5, 5, 5, 5, 5, 5, 5, 5, 5, 5, 5, 5, 5, 5, 5, 5, 5, 5, 5, 5, 5, 5, 5, 5, 5, 5, 5, 5, 5, 5, 5, 5, 5, 5, 5, 5, 5, 5, 5, 5, 5, 5, 5, 5, 5, 5, 5, 5, 5, 5, 5, 5, 5, 5, 5, 5, 5, 5, 5, 5, 5, 5, 5, 5, 5], "b_turds_left": [5, 5, 5, 4, 4, 4, 4, 3, 3, 3, 3, 2, 2, 2, 2, 1, 1, 1, 1, 1, 1, 1, 1, 0, 0, 0, 0, 0, 0, 0, 0, 0, 0, 0, 0, 0, 0, 0, 0, 0, 0, 0, 0, 0, 0, 0, 0, 0, 0, 0, 0, 0, 0, 0, 0, 0, 0, 0, 0, 0, 0, 0, 0, 0, 0, 0, 0, 0, 0, 0, 0, 0, 0, 0, 0, 0, 0, 0, 0, 0], "a_time_left": [359.9961307499907, 359.9961307499907, 359.9941907910397, 359.9941907910397, 359.990912249079, 359.990912249079, 359.99009191506775, 359.99009191506775, 359.9875555400504, 359.9875555400504, 359.9866578740766, 359.9866578740766, 359.98592274909606, 359.98592274909606, 359.9857656661188, 359.9857656661188, 359.9856083331397, 359.9856083331397, 359.98547595815035, 359.98547595815035, 359.98533670813777, 359.98533670813777, 359.9852236251463, 359.9852236251463, 359.9851108751609, 359.9851108751609, 359.98498200014, 359.98498200014, 359.98487591714365, 359.98487591714365, 359.9847500831238, 359.9847500831238, 359.9846325411345, 359.9846325411345, 359.9845048751449, 359.9845048751449, 359.9843657501624, 359.9843657501624, 359.9842511671595, 359.9842511671595, 359.9841205831617, 359.9841205831617, 359.9839877501945, 359.9839877501945, 359.9838445421774, 359.9838445421774, 359.9837285001413, 359.9837285001413, 359.9836061671376, 359.9836061671376, 359.98281025112374, 359.98281025112374, 359.98266808415065, 359.98266808415065, 359.9823407091317, 359.9823407091317, 359.9820013761637, 359.9820013761637, 359.98166950116865, 359.98166950116865, 359.9813868761994, 359.9813868761994, 359.98108787619276, 359.98108787619276, 359.9808144181734, 359.9808144181734, 359.98043771012453, 359.98043771012453, 359.98000046011293, 359.98000046011293, 359.9797532101511, 359.9797532101511, 359.97952037712093, 359.97952037712093, 359.97940750210546, 359.97940750210546, 359.9791773351026, 359.9791773351026, 359.978919044137, 359.978919044137], "b_time_left": [360, 359.9985532920109, 359.9985532920109, 359.9968126670574, 359.9968126670574, 359.9943832500139, 359.9943832500139, 359.9927234170027, 359.9927234170027, 359.99005820800085, 359.99005820800085, 359.98936608299846, 359.98936608299846, 359.9885451250011, 359.9885451250011, 359.98778337502154, 359.98778337502154, 359.9869430830586, 359.9869430830586, 359.9868031250662, 359.9868031250662, 359.986626292055, 359.986626292055, 359.9864835420158, 359.9864835420158, 359.9863617090159, 359.9863617090159, 359.9862720000092, 359.9862720000092, 359.9861295830342, 359.9861295830342, 359.98605308303377, 359.98605308303377, 359.98587262502406, 359.98587262502406, 359.98579812503885, 359.98579812503885, 359.9857041670475, 359.9857041670475, 359.98562245903304, 359.98562245903304, 359.9855181670282, 359.9855181670282, 359.9854415010195, 359.9854415010195, 359.98533225100255, 359.98533225100255, 359.9852470009937, 359.9852470009937, 359.9848012509756, 359.9848012509756, 359.9831820009276, 359.9831820009276, 359.9829015849391, 359.9829015849391, 359.98258441791404, 359.98258441791404, 359.98246787593234, 359.98246787593234, 359.98238591791596, 359.98238591791596, 359.981882250926, 359.981882250926, 359.9815903339186, 359.9815903339186, 359.9814885839005, 359.9814885839005, 359.98121087485924, 359.98121087485924, 359.98087933287024, 359.98087933287024, 359.9806722908979, 359.9806722908979, 359.98048954090336, 359.98048954090336, 359.9803082079161, 359.9803082079161, 359.98010595794767, 359.98010595794767, 359.9799205409945], "a_moves_left": [39, 39, 38, 38, 37, 37, 36, 36, 35, 35, 34, 34, 33, 33, 32, 32, 31, 31, 30, 30, 29, 29, 28, 28, 27, 27, 26, 26, 25, 25, 24, 24, 23, 23, 22, 22, 21, 21, 20, 20, 19, 19, 18, 18, 17, 17, 16, 16, 15, 15, 14, 14, 13, 13, 12, 12, 11, 11, 10, 10, 9, 9, 8, 8, 7, 7, 6, 6, 5, 5, 4, 4, 3, 3, 2, 2, 1, 1, 0, 0], "b_moves_left": [40, 39, 39, 38, 38, 37, 37, 36, 36, 35, 35, 34, 34, 33, 33, 32, 32, 31, 31, 30, 30, 29, 29, 28, 28, 27, 27, 26, 26, 25, 25, 24, 24, 23, 23, 22, 22, 21, 21, 20, 20, 19, 19, 18, 18, 17, 17, 16, 16, 15, 15, 14, 14, 13, 13, 12, 12, 11, 11, 10, 10, 9, 9, 8, 8, 7, 7, 6, 6, 5, 5, 4, 4, 3, 3, 2, 2, 1, 1, 0], "trapdoor_triggered": [0, 0, 0, 0, 0, 0, 0, 0, 0, 0, 0, 0, 0, 0, 0, 0, 0, 0, 0, 0, 0, 0, 0, 0, 0, 0, 0, 0, 0, 0, 0, 0, 0, 0, 0, 0, 0, 0, 0, 0, 0, 0, 0, 0, 0, 0, 0, 0, 0, 0, 0, 0, 0, 0, 0, 0, 0, 0, 0, 0, 0, 0, 0, 0, 0, 0, 0, 0, 0, 0, 0, 0, 0, 0, 0, 0, 0, 0, 0, 0], "left_behind": ["egg", "egg", "plain", "turd", "egg", "egg", "plain", "turd", "egg", "egg", "plain", "turd", "egg", "egg", "plain", "turd", "egg", "egg", "plain", "plain", "egg", "egg", "plain", "turd", "plain", "egg", "plain", "plain", "plain", "egg", "plain", "plain", "plain", "plain", "plain", "plain", "egg", "egg", "plain", "plain", "egg", "egg", "plain", "plain", "egg", "egg", "plain", "plain", "egg", "egg", "plain", "plain", "egg", "egg", "plain", "plain", "egg", "egg", "plain", "plain", "egg", "plain", "plain", "plain", "egg", "plain", "plain", "plain", "egg", "plain", "plain", "plain", "egg", "egg", "plain", "plain", "plain", "plain", "plain", "plain"], "errlog_a": "", "errlog_b": "", "start_time": 360, "start_moves": 40, "turn_count": 80, "result": 0, "reason": "EGGS_LAID", "trapdoors": [[3, 3], [4, 3]], "spawn_a": [7, 3], "spawn_b": [0, 3]}