{"pos": [[6, 5], [1, 5], [6, 4], [1, 4], [7, 4], [1, 3], [7, 3], [2, 3], [6, 3], [2, 2], [6, 2], [1, 2], [6, 1], [1, 1], [5, 1], [2, 1], [4, 1], [3, 1], [4, 0], [4, 1], [5, 0], [4, 2], [6, 0], [3, 2], [7, 0], [3, 3], [7, 1], [4, 3], [7, 2], [5, 3], [6, 2], [6, 3], [6, 1], [5, 3], [5, 1], [6, 3], [5, 0], [5, 3], [6, 0], [4, 3], [7, 0], [4, 4], [7, 1], [4, 5], [7, 2], [5, 5], [7, 3], [6, 5], [7, 4], [6, 6], [6, 4], [5, 6], [5, 4], [4, 6], [5, 3], [3, 6], [5, 4], [3, 5], [5, 5], [3, 4], [5, 4], [3, 3], [4, 4], [3, 4], [5, 4], [3, 5], [5, 5], [2, 5], [5, 4], [1, 5], [4, 4], [1, 6], [5, 4], [1, 7], [5, 3], [2, 7], [5, 4], [3, 7], [5, 5], [4, 7]], "a_eggs_laid": [1, 1, 1, 1, 2, 2, 2, 2, 3, 3, 3, 3, 4, 4, 4, 4, 5, 5, 5, 5, 6, 6, 6, 6, 7, 7, 7, 7, 8, 8, 8, 8, 8, 8, 8, 8, 8, 8, 8, 8, 8, 8, 8, 8, 8, 8, 8, 8, 8, 8, 8, 8, 8, 8, 8, 8, 9, 9, 9, 9, 10, 10, 10, 10, 11, 11, 11, 11, 11, 11, 11, 11, 11, 11, 11, 11, 11, 11, 11, 11], "b_eggs_laid": [0, 1, 1, 1, 1, 2, 2, 2, 2, 3, 3, 3, 3, 4, 4, 4, 4, 5, 5, 5, 5, 6, 6, 6, 6, 7, 7, 7, 7, 8, 8, 8, 8, 9, 9, 9, 9, 9, 9, 9, 9, 9, 9, 9, 9, 10, 10, 10, 10, 11, 11, 11, 11, 12, 12, 12, 12, 13, 13, 13, 13, 14, 14, 14, 14, 14, 14, 14, 14, 15, 15, 15, 15, 16, 16, 16, 16, 17, 17, 17], "a_turds_left": [5, 5, 5, 5, 5, 5, 5, 5, 5, 5, 5, 5, 5, 5, 5, 5, 5, 5, 5, 5, 5, 5, 5, 5, 5, 5, 5, 5, 5, 5, 5, 5, 5, 5, 5, 5, 5, 5, 5, 5, 5, 5, 5, 5, 5, 5, 5, 5, 5, 5, 5, 5, 5, 5, 5, 5, 5, 5, 5, 5, 5, 5, 5, 5, 5, 5, 5, 5, 5, 5, 5, 5, 5, 5, 5, 5, 5, 5, 5, 5], "b_turds_left": [5, 5, 5, 4, 4, 4, 4, 3, 3, 3, 3, 2, 2, 2, 2, 1, 1, 1, 1, 0, 0, 0, 0, 0, 0, 0, 0, 0, 0, 0, 0, 0, 0, 0, 0, 0, 0, 0, 0, 0, 0, 0, 0, 0, 0, 0, 0, 0, 0, 0, 0, 0, 0, 0, 0, 0, 0, 0, 0, 0, 0, 0, 0, 0, 0, 0, 0, 0, 0, 0, 0, 0, 0, 0, 0, 0, 0, 0, 0, 0], "a_time_left": [359.9963656250038, 359.9963656250038, 359.9945986660314, 359.9945986660314, 359.9913389160065, 359.9913389160065, 359.99052524904255, 359.99052524904255, 359.9880464160815, 359.9880464160815, 359.9866275411332, 359.9866275411332, 359.98329916613875, 359.98329916613875, 359.9830017911736, 359.9830017911736, 359.98264854121953, 359.98264854121953, 359.98255170718767, 359.98255170718767, 359.9824651661911, 359.9824651661911, 359.9823640821851, 359.9823640821851, 359.9822519571753, 359.9822519571753, 359.98215866618557, 359.98215866618557, 359.98203433217714, 359.98203433217714, 359.98193274921505, 359.98193274921505, 359.9818472081679, 359.9818472081679, 359.981733374123, 359.981733374123, 359.98164154111873, 359.98164154111873, 359.9813707911526, 359.9813707911526, 359.981112708163, 359.981112708163, 359.9808774581761, 359.9808774581761, 359.9806344991666, 359.9806344991666, 359.98035354120657, 359.98035354120657, 359.9801148751867, 359.9801148751867, 359.97985062521184, 359.97985062521184, 359.97975725022843, 359.97975725022843, 359.9794647912495, 359.9794647912495, 359.9792273742496, 359.9792273742496, 359.97894962428836, 359.97894962428836, 359.97875104134437, 359.97875104134437, 359.97847166634165, 359.97847166634165, 359.97827899933327, 359.97827899933327, 359.9779885823373, 359.9779885823373, 359.9779069573269, 359.9779069573269, 359.9777927903342, 359.9777927903342, 359.97760645631934, 359.97760645631934, 359.97734087333083, 359.97734087333083, 359.97714495734544, 359.97714495734544, 359.9770264153485, 359.9770264153485], "b_time_left": [360, 359.99661224999, 359.99661224999, 359.9948562909849, 359.9948562909849, 359.9923174569849, 359.9923174569849, 359.9916450409801, 359.9916450409801, 359.99071266601095, 359.99071266601095, 359.9890729999752, 359.9890729999752, 359.9874254579772, 359.9874254579772, 359.9858087079483, 359.9858087079483, 359.9840956659755, 359.9840956659755, 359.9834156659781, 359.9834156659781, 359.9831658329931, 359.9831658329931, 359.9828462500009, 359.9828462500009, 359.9824273340055, 359.9824273340055, 359.982188916998, 359.982188916998, 359.98207999998704, 359.98207999998704, 359.9819986670045, 359.9819986670045, 359.98193287599133, 359.98193287599133, 359.981713376008, 359.981713376008, 359.98133725096704, 359.98133725096704, 359.9807334590005, 359.9807334590005, 359.9797284589731, 359.9797284589731, 359.97952879196964, 359.97952879196964, 359.9792783749872, 359.9792783749872, 359.97905091696884, 359.97905091696884, 359.9788384169806, 359.9788384169806, 359.97861237498, 359.97861237498, 359.9783906249795, 359.9783906249795, 359.9781972919591, 359.9781972919591, 359.97797712497413, 359.97797712497413, 359.9777858329471, 359.9777858329471, 359.97753337497124, 359.97753337497124, 359.9773526249919, 359.9773526249919, 359.97690316697117, 359.97690316697117, 359.97658758301986, 359.97658758301986, 359.97636670799693, 359.97636670799693, 359.976058500004, 359.976058500004, 359.97583754197694, 359.97583754197694, 359.97576225094963, 359.97576225094963, 359.9756757929572, 359.9756757929572, 359.9756085849367], "a_moves_left": [39, 39, 38, 38, 37, 37, 36, 36, 35, 35, 34, 34, 33, 33, 32, 32, 31, 31, 30, 30, 29, 29, 28, 28, 27, 27, 26, 26, 25, 25, 24, 24, 23, 23, 22, 22, 21, 21, 20, 20, 19, 19, 18, 18, 17, 17, 16, 16, 15, 15, 14, 14, 13, 13, 12, 12, 11, 11, 10, 10, 9, 9, 8, 8, 7, 7, 6, 6, 5, 5, 4, 4, 3, 3, 2, 2, 1, 1, 0, 0], "b_moves_left": [40, 39, 39, 38, 38, 37, 37, 36, 36, 35, 35, 34, 34, 33, 33, 32, 32, 31, 31, 30, 30, 29, 29, 28, 28, 27, 27, 26, 26, 25, 25, 24, 24, 23, 23, 22, 22, 21, 21, 20, 20, 19, 19, 18, 18, 17, 17, 16, 16, 15, 15, 14, 14, 13, 13, 12, 12, 11, 11, 10, 10, 9, 9, 8, 8, 7, 7, 6, 6, 5, 5, 4, 4, 3, 3, 2, 2, 1, 1, 0], "trapdoor_triggered": [0, 0, 0, 0, 0, 0, 0, 0, 0, 0, 0, 0, 0, 0, 0, 0, 0, 0, 0, 0, 0, 0, 0, 0, 0, 0, 0, 0, 0, 0, 0, 0, 0, 0, 0, 0, 0, 0, 0, 0, 0, 0, 0, 0, 0, 0, 0, 0, 0, 0, 0, 0, 0, 0, 0, 0, 0, 0, 0, 0, 0, 0, 0, 0, 0, 0, 0, 0, 0, 0, 0, 0, 0, 0, 0, 0, 0, 0, 0, 0], "left_behind": ["egg", "egg", "plain", "turd", "egg", "egg", "plain", "turd", "egg", "egg", "plain", "turd", "egg", "egg", "plain", "turd", "egg", "egg", "plain", "turd", "egg", "egg", "plain", "plain", "egg", "egg", "plain", "plain", "egg", "egg", "plain", "plain", "plain", "egg", "plain", "plain", "plain", "plain", "plain", "plain", "plain", "plain", "plain", "plain", "plain", "egg", "plain", "plain", "plain", "egg", "plain", "plain", "plain", "egg", "plain", "plain", "egg", "egg", "plain", "plain", "egg", "egg", "plain", "plain", "egg", "plain", "plain", "plain", "plain", "egg", "plain", "plain", "plain", "egg", "plain", "plain", "plain", "egg", "plain", "plain"], "errlog_a": "", "errlog_b": "", "start_time": 360, "start_moves": 40, "turn_count": 80, "result": 1, "reason": "EGGS_LAID", "trapdoors": [[2, 4], [5, 2]], "spawn_a": [7, 5], "spawn_b": [0, 5]}