{"pos": [[6, 3], [1, 3], [6, 2], [1, 2], [7, 2], [1, 1], [7, 1], [2, 1], [7, 0], [3, 1], [6, 0], [4, 1], [6, 1], [5, 1], [6, 2], [6, 1], [6, 3], [5, 1], [6, 4], [5, 2], [7, 4], [4, 2], [7, 5], [5, 2], [7, 6], [5, 3], [6, 6], [6, 3], [5, 6], [5, 3], [6, 6], [6, 3], [6, 5], [5, 3], [6, 4], [6, 3], [6, 5], [5, 3], [7, 5], [5, 2], [7, 4], [4, 2], [7, 3], [3, 2], [7, 2], [2, 2], [7, 1], [2, 3], [7, 0], [3, 3], [6, 0], [3, 4], [7, 0], [3, 3], [7, 1], [3, 2], [7, 2], [3, 3], [6, 2], [3, 4], [7, 2], [4, 4], [7, 3], [5, 4], [7, 4], [4, 4], [6, 4], [4, 5], [6, 5], [4, 6], [6, 6], [5, 6], [6, 7], [5, 7], [7, 7], [6, 7], [7, 6], [5, 7], [7, 7], [4, 7]], "a_eggs_laid": [1, 1, 1, 1, 2, 2, 2, 2, 3, 3, 3, 3, 4, 4, 4, 4, 4, 4, 4, 4, 5, 5, 5, 5, 6, 6, 6, 6, 7, 7, 7, 7, 7, 7, 7, 7, 7, 7, 7, 7, 7, 7, 7, 7, 7, 7, 7, 7, 7, 7, 7, 7, 7, 7, 7, 7, 7, 7, 7, 7, 7, 7, 7, 7, 7, 7, 7, 7, 7, 7, 7, 7, 7, 7, 7, 7, 10, 10, 10, 10], "b_eggs_laid": [0, 1, 1, 1, 1, 2, 2, 2, 2, 3, 3, 3, 3, 4, 4, 4, 4, 5, 5, 5, 5, 6, 6, 6, 6, 6, 6, 6, 6, 7, 7, 7, 7, 7, 7, 7, 7, 7, 7, 7, 7, 7, 7, 7, 7, 8, 8, 8, 8, 9, 9, 9, 9, 10, 10, 10, 10, 10, 10, 10, 10, 10, 10, 10, 10, 11, 11, 11, 11, 12, 12, 12, 12, 13, 13, 13, 13, 14, 14, 14], "a_turds_left": [5, 5, 5, 5, 5, 5, 5, 5, 5, 5, 5, 5, 5, 5, 5, 5, 5, 5, 5, 5, 5, 5, 5, 5, 5, 5, 5, 5, 5, 5, 5, 5, 5, 5, 5, 5, 5, 5, 5, 5, 5, 5, 5, 5, 5, 5, 5, 5, 5, 5, 5, 5, 5, 5, 5, 5, 5, 5, 5, 5, 5, 5, 5, 5, 5, 5, 5, 5, 5, 5, 5, 5, 5, 5, 5, 5, 5, 5, 5, 5], "b_turds_left": [5, 5, 5, 4, 4, 4, 4, 3, 3, 3, 3, 2, 2, 2, 2, 1, 1, 1, 1, 1, 1, 1, 1, 0, 0, 0, 0, 0, 0, 0, 0, 0, 0, 0, 0, 0, 0, 0, 0, 0, 0, 0, 0, 0, 0, 0, 0, 0, 0, 0, 0, 0, 0, 0, 0, 0, 0, 0, 0, 0, 0, 0, 0, 0, 0, 0, 0, 0, 0, 0, 0, 0, 0, 0, 0, 0, 0, 0, 0, 0], "a_time_left": [359.99636883399216, 359.99636883399216, 359.9945356679964, 359.9945356679964, 359.99129808403086, 359.99129808403086, 359.99053116707364, 359.99053116707364, 359.98804745811503, 359.98804745811503, 359.9873222911265, 359.9873222911265, 359.98489029111806, 359.98489029111806, 359.98464070708724, 359.98464070708724, 359.9845384990913, 359.9845384990913, 359.98442112409975, 359.98442112409975, 359.98429516510805, 359.98429516510805, 359.984200457111, 359.984200457111, 359.98406420706306, 359.98406420706306, 359.9839537490625, 359.9839537490625, 359.9838226660504, 359.9838226660504, 359.9837242490612, 359.9837242490612, 359.98362737405114, 359.98362737405114, 359.98352595808683, 359.98352595808683, 359.98343641712563, 359.98343641712563, 359.9833350831177, 359.9833350831177, 359.9832501661149, 359.9832501661149, 359.9831640830962, 359.9831640830962, 359.98309049906675, 359.98309049906675, 359.98300195805496, 359.98300195805496, 359.9829355000402, 359.9829355000402, 359.98286066704895, 359.98286066704895, 359.9827952500782, 359.9827952500782, 359.98271991708316, 359.98271991708316, 359.98265391710447, 359.98265391710447, 359.9825717511121, 359.9825717511121, 359.9825117511209, 359.9825117511209, 359.9824335841113, 359.9824335841113, 359.98235716711497, 359.98235716711497, 359.98227495810715, 359.98227495810715, 359.98220112512354, 359.98220112512354, 359.98211104114307, 359.98211104114307, 359.98203295713756, 359.98203295713756, 359.98196787416236, 359.98196787416236, 359.9817910831771, 359.9817910831771, 359.98153633321635, 359.98153633321635], "b_time_left": [360, 359.9967503749649, 359.9967503749649, 359.99501533294097, 359.99501533294097, 359.9925781249767, 359.9925781249767, 359.99013562500477, 359.99013562500477, 359.98772441700567, 359.98772441700567, 359.98599491699133, 359.98599491699133, 359.98349774995586, 359.98349774995586, 359.9827940000105, 359.9827940000105, 359.9826865840005, 359.9826865840005, 359.98248020897154, 359.98248020897154, 359.9818769170088, 359.9818769170088, 359.9814026260283, 359.9814026260283, 359.9812244170462, 359.9812244170462, 359.98088208399713, 359.98088208399713, 359.9806237500161, 359.9806237500161, 359.98038004199043, 359.98038004199043, 359.98021441698074, 359.98021441698074, 359.979957167001, 359.979957167001, 359.97978208301356, 359.97978208301356, 359.97952787496615, 359.97952787496615, 359.97935954196146, 359.97935954196146, 359.97910291695734, 359.97910291695734, 359.9787090419559, 359.9787090419559, 359.97862941696076, 359.97862941696076, 359.9785378749948, 359.9785378749948, 359.9784615000244, 359.9784615000244, 359.9783600830706, 359.9783600830706, 359.97820162406424, 359.97820162406424, 359.9780375820701, 359.9780375820701, 359.97788562305504, 359.97788562305504, 359.9775004150579, 359.9775004150579, 359.97743624809664, 359.97743624809664, 359.97733787307516, 359.97733787307516, 359.9771161651006, 359.9771161651006, 359.97703262307914, 359.97703262307914, 359.9769576640683, 359.9769576640683, 359.9768637471134, 359.9768637471134, 359.9766775810858, 359.9766775810858, 359.9765031230636, 359.9765031230636, 359.976162790088], "a_moves_left": [39, 39, 38, 38, 37, 37, 36, 36, 35, 35, 34, 34, 33, 33, 32, 32, 31, 31, 30, 30, 29, 29, 28, 28, 27, 27, 26, 26, 25, 25, 24, 24, 23, 23, 22, 22, 21, 21, 20, 20, 19, 19, 18, 18, 17, 17, 16, 16, 15, 15, 14, 14, 13, 13, 12, 12, 11, 11, 10, 10, 9, 9, 8, 8, 7, 7, 6, 6, 5, 5, 4, 4, 3, 3, 2, 2, 1, 1, 0, 0], "b_moves_left": [40, 39, 39, 38, 38, 37, 37, 36, 36, 35, 35, 34, 34, 33, 33, 32, 32, 31, 31, 30, 30, 29, 29, 28, 28, 27, 27, 26, 26, 25, 25, 24, 24, 23, 23, 22, 22, 21, 21, 20, 20, 19, 19, 18, 18, 17, 17, 16, 16, 15, 15, 14, 14, 13, 13, 12, 12, 11, 11, 10, 10, 9, 9, 8, 8, 7, 7, 6, 6, 5, 5, 4, 4, 3, 3, 2, 2, 1, 1, 0], "trapdoor_triggered": [0, 0, 0, 0, 0, 0, 0, 0, 0, 0, 0, 0, 0, 0, 0, 0, 0, 0, 0, 0, 0, 0, 0, 0, 0, 0, 0, 0, 0, 0, 0, 0, 0, 0, 0, 0, 0, 0, 0, 0, 0, 0, 0, 0, 0, 0, 0, 0, 0, 0, 0, 0, 0, 0, 0, 0, 0, 0, 0, 0, 0, 0, 0, 0, 0, 0, 0, 0, 0, 0, 0, 0, 0, 0, 0, 0, 0, 0, 0, 0], "left_behind": ["egg", "egg", "plain", "turd", "egg", "egg", "plain", "turd", "egg", "egg", "plain", "turd", "egg", "egg", "plain", "turd", "plain", "egg", "plain", "plain", "egg", "egg", "plain", "turd", "egg", "plain", "plain", "plain", "egg", "egg", "plain", "plain", "plain", "plain", "plain", "plain", "plain", "plain", "plain", "plain", "plain", "plain", "plain", "plain", "plain", "egg", "plain", "plain", "plain", "egg", "plain", "plain", "plain", "egg", "plain", "plain", "plain", "plain", "plain", "plain", "plain", "plain", "plain", "plain", "plain", "egg", "plain", "plain", "plain", "egg", "plain", "plain", "plain", "egg", "plain", "plain", "egg", "egg", "plain", "plain"], "errlog_a": "", "errlog_b": "", "start_time": 360, "start_moves": 40, "turn_count": 80, "result": 1, "reason": "EGGS_LAID", "trapdoors": [[5, 5], [4, 3]], "spawn_a": [7, 3], "spawn_b": [0, 3]}