{"pos": [[6, 5], [1, 5], [6, 4], [1, 4], [7, 4], [1, 3], [7, 3], [2, 3], [6, 3], [2, 4], [6, 2], [3, 4], [7, 2], [3, 3], [7, 1], [3, 2], [6, 1], [3, 1], [6, 2], [4, 1], [5, 2], [5, 1], [6, 2], [6, 1], [6, 3], [6, 0], [6, 4], [7, 0], [5, 4], [6, 0], [5, 5], [5, 0], [5, 6], [4, 0], [6, 6], [3, 0], [7, 6], [2, 0], [7, 7], [2, 1], [6, 7], [1, 1], [5, 7], [1, 2], [4, 7], [0, 2], [4, 6], [0, 1], [3, 6], [0, 0], [3, 5], [1, 0], [4, 5], [1, 1], [4, 4], [2, 1], [5, 4], [2, 2], [5, 3], [3, 2], [5, 2], [2, 2], [5, 3], [2, 3], [5, 2], [3, 3], [5, 3], [3, 4], [5, 4], [2, 4], [4, 4], [2, 5], [4, 5], [2, 6], [4, 6], [3, 6], [5, 6], [3, 7], [5, 7], [4, 7]], "a_eggs_laid": [1, 1, 1, 1, 2, 2, 2, 2, 3, 3, 3, 3, 4, 4, 4, 4, 5, 5, 5, 5, 5, 5, 5, 5, 5, 5, 5, 5, 5, 5, 5, 5, 6, 6, 6, 6, 7, 7, 7, 7, 10, 10, 10, 10, 11, 11, 11, 11, 12, 12, 12, 12, 13, 13, 13, 13, 14, 14, 14, 14, 15, 15, 15, 15, 15, 15, 15, 15, 15, 15, 15, 15, 15, 15, 15, 15, 15, 15, 15, 15], "b_eggs_laid": [0, 1, 1, 1, 1, 2, 2, 2, 2, 3, 3, 3, 3, 4, 4, 4, 4, 5, 5, 5, 5, 6, 6, 6, 6, 7, 7, 7, 7, 10, 10, 10, 10, 11, 11, 11, 11, 12, 12, 12, 12, 13, 13, 13, 13, 14, 14, 14, 14, 15, 15, 15, 15, 16, 16, 16, 16, 16, 16, 16, 16, 16, 16, 16, 16, 16, 16, 16, 16, 16, 16, 16, 16, 17, 17, 17, 17, 18, 18, 18], "a_turds_left": [5, 5, 5, 5, 5, 5, 5, 5, 5, 5, 5, 5, 5, 5, 5, 5, 5, 5, 5, 5, 5, 5, 5, 5, 5, 5, 5, 5, 5, 5, 5, 5, 5, 5, 5, 5, 5, 5, 5, 5, 5, 5, 5, 5, 5, 5, 5, 5, 5, 5, 5, 5, 5, 5, 5, 5, 5, 5, 5, 5, 5, 5, 5, 5, 5, 5, 5, 5, 5, 5, 5, 5, 5, 5, 5, 5, 5, 5, 5, 5], "b_turds_left": [5, 5, 5, 4, 4, 4, 4, 3, 3, 3, 3, 2, 2, 2, 2, 1, 1, 1, 1, 0, 0, 0, 0, 0, 0, 0, 0, 0, 0, 0, 0, 0, 0, 0, 0, 0, 0, 0, 0, 0, 0, 0, 0, 0, 0, 0, 0, 0, 0, 0, 0, 0, 0, 0, 0, 0, 0, 0, 0, 0, 0, 0, 0, 0, 0, 0, 0, 0, 0, 0, 0, 0, 0, 0, 0, 0, 0, 0, 0, 0], "a_time_left": [359.9963046670309, 359.9963046670309, 359.9945200840011, 359.9945200840011, 359.99210562498774, 359.99210562498774, 359.9913065409637, 359.9913065409637, 359.9888363739592, 359.9888363739592, 359.9875656659715, 359.9875656659715, 359.9842986659496, 359.9842986659496, 359.98399858298944, 359.98399858298944, 359.9838546249666, 359.9838546249666, 359.9837164169294, 359.9837164169294, 359.98360412492184, 359.98360412492184, 359.98350641690195, 359.98350641690195, 359.9834143338958, 359.9834143338958, 359.98330179194454, 359.98330179194454, 359.98320291691925, 359.98320291691925, 359.9830861669034, 359.9830861669034, 359.98295887489803, 359.98295887489803, 359.9828463748563, 359.9828463748563, 359.9827174998936, 359.9827174998936, 359.9826207088772, 359.9826207088772, 359.9825261668884, 359.9825261668884, 359.9824294169084, 359.9824294169084, 359.98231174988905, 359.98231174988905, 359.9822039998835, 359.9822039998835, 359.9820804998744, 359.9820804998744, 359.9819654588355, 359.9819654588355, 359.9816997508169, 359.9816997508169, 359.98139054281637, 359.98139054281637, 359.9811158768134, 359.9811158768134, 359.98084291879786, 359.98084291879786, 359.9805172937922, 359.9805172937922, 359.9802306687925, 359.9802306687925, 359.9800023767748, 359.9800023767748, 359.9797350857407, 359.9797350857407, 359.9795143357478, 359.9795143357478, 359.9792470857501, 359.9792470857501, 359.9790477937204, 359.9790477937204, 359.97873037774116, 359.97873037774116, 359.9785140447202, 359.9785140447202, 359.97823921072995, 359.97823921072995], "b_time_left": [360, 359.99650666699745, 359.99650666699745, 359.9947854169877, 359.9947854169877, 359.99225870898226, 359.99225870898226, 359.9903815430007, 359.9903815430007, 359.98788320901804, 359.98788320901804, 359.9865745420102, 359.9865745420102, 359.98411970899906, 359.98411970899906, 359.9836068760487, 359.9836068760487, 359.9826784180477, 359.9826784180477, 359.98204925103346, 359.98204925103346, 359.98139045905555, 359.98139045905555, 359.9810399180278, 359.9810399180278, 359.98061075102305, 359.98061075102305, 359.98035829205764, 359.98035829205764, 359.98029495804803, 359.98029495804803, 359.980129958014, 359.980129958014, 359.9800475410302, 359.9800475410302, 359.97997970704455, 359.97997970704455, 359.9798939990578, 359.9798939990578, 359.9798291240586, 359.9798291240586, 359.97973612404894, 359.97973612404894, 359.97965416603256, 359.97965416603256, 359.97956154099666, 359.97956154099666, 359.9794823330012, 359.9794823330012, 359.9793969989987, 359.9793969989987, 359.97933062404627, 359.97933062404627, 359.97861279005883, 359.97861279005883, 359.97840383206494, 359.97840383206494, 359.9781626650947, 359.9781626650947, 359.97796758211916, 359.97796758211916, 359.9777250820771, 359.9777250820771, 359.97749574907357, 359.97749574907357, 359.97739554109285, 359.97739554109285, 359.97716145811137, 359.97716145811137, 359.97697041608626, 359.97697041608626, 359.9766993750818, 359.9766993750818, 359.9764681661036, 359.9764681661036, 359.97622383211274, 359.97622383211274, 359.9759862900828, 359.9759862900828, 359.975796457089], "a_moves_left": [39, 39, 38, 38, 37, 37, 36, 36, 35, 35, 34, 34, 33, 33, 32, 32, 31, 31, 30, 30, 29, 29, 28, 28, 27, 27, 26, 26, 25, 25, 24, 24, 23, 23, 22, 22, 21, 21, 20, 20, 19, 19, 18, 18, 17, 17, 16, 16, 15, 15, 14, 14, 13, 13, 12, 12, 11, 11, 10, 10, 9, 9, 8, 8, 7, 7, 6, 6, 5, 5, 4, 4, 3, 3, 2, 2, 1, 1, 0, 0], "b_moves_left": [40, 39, 39, 38, 38, 37, 37, 36, 36, 35, 35, 34, 34, 33, 33, 32, 32, 31, 31, 30, 30, 29, 29, 28, 28, 27, 27, 26, 26, 25, 25, 24, 24, 23, 23, 22, 22, 21, 21, 20, 20, 19, 19, 18, 18, 17, 17, 16, 16, 15, 15, 14, 14, 13, 13, 12, 12, 11, 11, 10, 10, 9, 9, 8, 8, 7, 7, 6, 6, 5, 5, 4, 4, 3, 3, 2, 2, 1, 1, 0], "trapdoor_triggered": [0, 0, 0, 0, 0, 0, 0, 0, 0, 0, 0, 0, 0, 0, 0, 0, 0, 0, 0, 0, 0, 0, 0, 0, 0, 0, 0, 0, 0, 0, 0, 0, 0, 0, 0, 0, 0, 0, 0, 0, 0, 0, 0, 0, 0, 0, 0, 0, 0, 0, 0, 0, 0, 0, 0, 0, 0, 0, 0, 0, 0, 0, 0, 0, 0, 0, 0, 0, 0, 0, 0, 0, 0, 0, 0, 0, 0, 0, 0, 0], "left_behind": ["egg", "egg", "plain", "turd", "egg", "egg", "plain", "turd", "egg", "egg", "plain", "turd", "egg", "egg", "plain", "turd", "egg", "egg", "plain", "turd", "plain", "egg", "plain", "plain", "plain", "egg", "plain", "plain", "plain", "egg", "plain", "plain", "egg", "egg", "plain", "plain", "egg", "egg", "plain", "plain", "egg", "egg", "plain", "plain", "egg", "egg", "plain", "plain", "egg", "egg", "plain", "plain", "egg", "egg", "plain", "plain", "egg", "plain", "plain", "plain", "egg", "plain", "plain", "plain", "plain", "plain", "plain", "plain", "plain", "plain", "plain", "plain", "plain", "egg", "plain", "plain", "plain", "egg", "plain", "plain"], "errlog_a": "", "errlog_b": "", "start_time": 360, "start_moves": 40, "turn_count": 80, "result": 1, "reason": "EGGS_LAID", "trapdoors": [[4, 2], [4, 3]], "spawn_a": [7, 5], "spawn_b": [0, 5]}