{"pos": [[1, 4], [6, 4], [1, 3], [6, 3], [0, 3], [6, 2], [0, 2], [5, 2], [1, 2], [5, 1], [1, 1], [4, 1], [1, 2], [3, 1], [2, 2], [2, 1], [1, 2], [2, 0], [1, 1], [1, 0], [1, 2], [0, 0], [0, 2], [0, 1], [0, 3], [0, 0], [1, 3], [1, 0], [1, 4], [2, 0], [1, 5], [3, 0], [2, 5], [4, 0], [2, 4], [5, 0], [3, 4], [6, 0], [2, 4], [6, 1], [3, 4], [7, 1], [2, 4], [7, 2], [2, 5], [7, 3], [2, 6], [6, 3], [3, 6], [5, 3], [4, 6], [5, 4], [4, 5], [5, 3], [3, 5], [4, 3], [4, 5], [4, 2], [5, 5], [3, 2], [5, 6], [3, 1], [6, 6], [4, 1], [7, 6], [4, 2], [7, 5], [5, 2], [7, 6], [5, 1], [7, 7], [6, 1], [6, 7], [6, 0], [5, 7], [7, 0], [4, 7], [7, 1], [3, 7], [7, 0]], "a_eggs_laid": [1, 1, 1, 1, 2, 2, 2, 2, 3, 3, 3, 3, 4, 4, 4, 4, 5, 5, 5, 5, 5, 5, 5, 5, 5, 5, 5, 5, 5, 5, 5, 5, 6, 6, 6, 6, 7, 7, 7, 7, 7, 7, 7, 7, 7, 7, 7, 7, 8, 8, 8, 8, 9, 9, 9, 9, 10, 10, 10, 10, 11, 11, 11, 11, 12, 12, 12, 12, 13, 13, 13, 13, 16, 16, 16, 16, 17, 17, 17, 17], "b_eggs_laid": [0, 1, 1, 1, 1, 2, 2, 2, 2, 3, 3, 3, 3, 4, 4, 4, 4, 5, 5, 5, 5, 6, 6, 6, 6, 7, 7, 7, 7, 7, 7, 7, 7, 8, 8, 8, 8, 9, 9, 9, 9, 10, 10, 10, 10, 11, 11, 11, 11, 11, 11, 11, 11, 12, 12, 12, 12, 13, 13, 13, 13, 14, 14, 14, 14, 14, 14, 14, 14, 14, 14, 14, 14, 14, 14, 14, 14, 17, 17, 17], "a_turds_left": [5, 5, 5, 5, 5, 5, 5, 5, 5, 5, 5, 5, 5, 5, 5, 5, 5, 5, 5, 5, 5, 5, 5, 5, 5, 5, 5, 5, 5, 5, 5, 5, 5, 5, 5, 5, 5, 5, 5, 5, 5, 5, 5, 5, 5, 5, 5, 5, 5, 5, 5, 5, 5, 5, 5, 5, 5, 5, 5, 5, 5, 5, 5, 5, 5, 5, 5, 5, 5, 5, 5, 5, 5, 5, 5, 5, 5, 5, 5, 5], "b_turds_left": [5, 5, 5, 4, 4, 4, 4, 3, 3, 3, 3, 2, 2, 2, 2, 1, 1, 1, 1, 0, 0, 0, 0, 0, 0, 0, 0, 0, 0, 0, 0, 0, 0, 0, 0, 0, 0, 0, 0, 0, 0, 0, 0, 0, 0, 0, 0, 0, 0, 0, 0, 0, 0, 0, 0, 0, 0, 0, 0, 0, 0, 0, 0, 0, 0, 0, 0, 0, 0, 0, 0, 0, 0, 0, 0, 0, 0, 0, 0, 0], "a_time_left": [359.99622320901835, 359.99622320901835, 359.99440133397, 359.99440133397, 359.99108112597605, 359.99108112597605, 359.9902765839943, 359.9902765839943, 359.9877648759866, 359.9877648759866, 359.9872346679331, 359.9872346679331, 359.98603166796966, 359.98603166796966, 359.985221625946, 359.985221625946, 359.98499004292535, 359.98499004292535, 359.98471487592906, 359.98471487592906, 359.9845001678914, 359.9845001678914, 359.9842072929023, 359.9842072929023, 359.98399883386446, 359.98399883386446, 359.98388804285787, 359.98388804285787, 359.98378958483227, 359.98378958483227, 359.9836815427989, 359.9836815427989, 359.9835573757882, 359.9835573757882, 359.9834512087982, 359.9834512087982, 359.9833205418545, 359.9833205418545, 359.9832093338482, 359.9832093338482, 359.98312149982667, 359.98312149982667, 359.9829948748229, 359.9829948748229, 359.9829073747969, 359.9829073747969, 359.9826324157766, 359.9826324157766, 359.9822967068176, 359.9822967068176, 359.98218487383565, 359.98218487383565, 359.9818654988194, 359.9818654988194, 359.9815983318258, 359.9815983318258, 359.9812481238041, 359.9812481238041, 359.98097158182645, 359.98097158182645, 359.98073699884117, 359.98073699884117, 359.98063049884513, 359.98063049884513, 359.9803673318238, 359.9803673318238, 359.98015895683784, 359.98015895683784, 359.98008324886905, 359.98008324886905, 359.97986824886175, 359.97986824886175, 359.97978749888716, 359.97978749888716, 359.9795778738917, 359.9795778738917, 359.9793350409018, 359.9793350409018, 359.9791225408553, 359.9791225408553], "b_time_left": [360, 359.99596983299125, 359.99596983299125, 359.99415483302437, 359.99415483302437, 359.9915107500274, 359.9915107500274, 359.98752445803257, 359.98752445803257, 359.98500220803544, 359.98500220803544, 359.98328420805046, 359.98328420805046, 359.9808448740514, 359.9808448740514, 359.9790931660682, 359.9790931660682, 359.97851066605654, 359.97851066605654, 359.9778270830284, 359.9778270830284, 359.9775148330373, 359.9775148330373, 359.97728574904613, 359.97728574904613, 359.97701229102677, 359.97701229102677, 359.9769117910182, 359.9769117910182, 359.9768106240663, 359.9768106240663, 359.97668574907584, 359.97668574907584, 359.97650679107755, 359.97650679107755, 359.9764179160702, 359.9764179160702, 359.97631066606846, 359.97631066606846, 359.97622987406794, 359.97622987406794, 359.97611729003256, 359.97611729003256, 359.9760341240326, 359.9760341240326, 359.9757627490326, 359.9757627490326, 359.9755233740434, 359.9755233740434, 359.9750205830205, 359.9750205830205, 359.97477924998384, 359.97477924998384, 359.97449587500887, 359.97449587500887, 359.9740296670352, 359.9740296670352, 359.97325583401835, 359.97325583401835, 359.97299025102984, 359.97299025102984, 359.97274779202417, 359.97274779202417, 359.97252375102835, 359.97252375102835, 359.972253709042, 359.972253709042, 359.97204995906213, 359.97204995906213, 359.9717915430665, 359.9717915430665, 359.9715806260938, 359.9715806260938, 359.97129666712135, 359.97129666712135, 359.97106308315415, 359.97106308315415, 359.97084133315366, 359.97084133315366, 359.9706587501569], "a_moves_left": [39, 39, 38, 38, 37, 37, 36, 36, 35, 35, 34, 34, 33, 33, 32, 32, 31, 31, 30, 30, 29, 29, 28, 28, 27, 27, 26, 26, 25, 25, 24, 24, 23, 23, 22, 22, 21, 21, 20, 20, 19, 19, 18, 18, 17, 17, 16, 16, 15, 15, 14, 14, 13, 13, 12, 12, 11, 11, 10, 10, 9, 9, 8, 8, 7, 7, 6, 6, 5, 5, 4, 4, 3, 3, 2, 2, 1, 1, 0, 0], "b_moves_left": [40, 39, 39, 38, 38, 37, 37, 36, 36, 35, 35, 34, 34, 33, 33, 32, 32, 31, 31, 30, 30, 29, 29, 28, 28, 27, 27, 26, 26, 25, 25, 24, 24, 23, 23, 22, 22, 21, 21, 20, 20, 19, 19, 18, 18, 17, 17, 16, 16, 15, 15, 14, 14, 13, 13, 12, 12, 11, 11, 10, 10, 9, 9, 8, 8, 7, 7, 6, 6, 5, 5, 4, 4, 3, 3, 2, 2, 1, 1, 0], "trapdoor_triggered": [0, 0, 0, 0, 0, 0, 0, 0, 0, 0, 0, 0, 0, 0, 0, 0, 0, 0, 0, 0, 0, 0, 0, 0, 0, 0, 0, 0, 0, 0, 0, 0, 0, 0, 0, 0, 0, 0, 0, 0, 0, 0, 0, 0, 0, 0, 0, 0, 0, 0, 0, 0, 0, 0, 0, 0, 0, 0, 0, 0, 0, 0, 0, 0, 0, 0, 0, 0, 0, 0, 0, 0, 0, 0, 0, 0, 0, 0, 0, 0], "left_behind": ["egg", "egg", "plain", "turd", "egg", "egg", "plain", "turd", "egg", "egg", "plain", "turd", "egg", "egg", "plain", "turd", "egg", "egg", "plain", "turd", "plain", "egg", "plain", "plain", "plain", "egg", "plain", "plain", "plain", "plain", "plain", "plain", "egg", "egg", "plain", "plain", "egg", "egg", "plain", "plain", "plain", "egg", "plain", "plain", "plain", "egg", "plain", "plain", "egg", "plain", "plain", "plain", "egg", "egg", "plain", "plain", "egg", "egg", "plain", "plain", "egg", "egg", "plain", "plain", "egg", "plain", "plain", "plain", "egg", "plain", "plain", "plain", "egg", "plain", "plain", "plain", "egg", "egg", "plain", "plain"], "errlog_a": "", "errlog_b": "", "start_time": 360, "start_moves": 40, "turn_count": 80, "result": 2, "reason": "EGGS_LAID", "trapdoors": [[4, 4], [2, 3]], "spawn_a": [0, 4], "spawn_b": [7, 4]}