{"pos": [[6, 5], [1, 5], [6, 4], [1, 4], [7, 4], [1, 3], [7, 3], [2, 3], [6, 3], [2, 2], [6, 2], [1, 2], [6, 1], [1, 1], [5, 1], [2, 1], [4, 1], [3, 1], [4, 0], [4, 1], [5, 0], [4, 2], [6, 0], [3, 2], [7, 0], [3, 3], [7, 1], [3, 4], [7, 2], [4, 4], [6, 2], [5, 4], [6, 3], [5, 3], [6, 4], [6, 3], [6, 5], [5, 3], [6, 6], [4, 3], [5, 6], [4, 2], [6, 6], [4, 1], [7, 6], [3, 1], [7, 7], [3, 0], [6, 7], [2, 0], [5, 7], [1, 0], [4, 7], [0, 0], [3, 7], [0, 1], [3, 6], [0, 2], [2, 6], [0, 3], [2, 7], [0, 4], [1, 7], [1, 4], [0, 7], [2, 4], [0, 6], [2, 5], [0, 7], [2, 4], [0, 6], [2, 5], [0, 7], [1, 5], [1, 7], [1, 6], [2, 7], [1, 5], [2, 6], [1, 6]], "a_eggs_laid": [1, 1, 1, 1, 2, 2, 2, 2, 3, 3, 3, 3, 4, 4, 4, 4, 5, 5, 5, 5, 6, 6, 6, 6, 7, 7, 7, 7, 8, 8, 8, 8, 8, 8, 8, 8, 8, 8, 8, 8, 9, 9, 9, 9, 9, 9, 9, 9, 12, 12, 12, 12, 13, 13, 13, 13, 14, 14, 14, 14, 15, 15, 15, 15, 16, 16, 16, 16, 17, 17, 17, 17, 17, 17, 17, 17, 17, 17, 17, 17], "b_eggs_laid": [0, 1, 1, 1, 1, 2, 2, 2, 2, 3, 3, 3, 3, 4, 4, 4, 4, 5, 5, 5, 5, 6, 6, 6, 6, 7, 7, 7, 7, 8, 8, 8, 8, 9, 9, 9, 9, 10, 10, 10, 10, 11, 11, 11, 11, 11, 11, 11, 11, 12, 12, 12, 12, 13, 13, 13, 13, 14, 14, 14, 14, 15, 15, 15, 15, 15, 15, 15, 15, 16, 16, 16, 16, 16, 16, 16, 16, 17, 17, 17], "a_turds_left": [5, 5, 5, 5, 5, 5, 5, 5, 5, 5, 5, 5, 5, 5, 5, 5, 5, 5, 5, 5, 5, 5, 5, 5, 5, 5, 5, 5, 5, 5, 5, 5, 5, 5, 5, 5, 5, 5, 5, 5, 5, 5, 5, 5, 5, 5, 5, 5, 5, 5, 5, 5, 5, 5, 5, 5, 5, 5, 5, 5, 5, 5, 5, 5, 5, 5, 5, 5, 5, 5, 5, 5, 5, 5, 5, 5, 5, 5, 5, 5], "b_turds_left": [5, 5, 5, 4, 4, 4, 4, 3, 3, 3, 3, 2, 2, 2, 2, 1, 1, 1, 1, 0, 0, 0, 0, 0, 0, 0, 0, 0, 0, 0, 0, 0, 0, 0, 0, 0, 0, 0, 0, 0, 0, 0, 0, 0, 0, 0, 0, 0, 0, 0, 0, 0, 0, 0, 0, 0, 0, 0, 0, 0, 0, 0, 0, 0, 0, 0, 0, 0, 0, 0, 0, 0, 0, 0, 0, 0, 0, 0, 0, 0], "a_time_left": [359.9964437910239, 359.9964437910239, 359.99458624905674, 359.99458624905674, 359.99129404110136, 359.99129404110136, 359.9904839990777, 359.9904839990777, 359.9880311660236, 359.9880311660236, 359.986695499043, 359.986695499043, 359.98323174903635, 359.98323174903635, 359.9829356650589, 359.9829356650589, 359.98259287310066, 359.98259287310066, 359.9823762481101, 359.9823762481101, 359.98214791412465, 359.98214791412465, 359.9819076220738, 359.9819076220738, 359.98174020502483, 359.98174020502483, 359.9816422049771, 359.9816422049771, 359.98152991296956, 359.98152991296956, 359.9814294539974, 359.9814294539974, 359.981319745013, 359.981319745013, 359.98123224498704, 359.98123224498704, 359.981155077985, 359.981155077985, 359.9810535359429, 359.9810535359429, 359.98092595190974, 359.98092595190974, 359.9808240348939, 359.9808240348939, 359.98058132687584, 359.98058132687584, 359.9803323269007, 359.9803323269007, 359.98009274393553, 359.98009274393553, 359.9798603269155, 359.9798603269155, 359.97958036896307, 359.97958036896307, 359.9793272439274, 359.9793272439274, 359.97894982795697, 359.97894982795697, 359.9786832869286, 359.9786832869286, 359.9784487868892, 359.9784487868892, 359.9782146618818, 359.9782146618818, 359.977982995857, 359.977982995857, 359.977892036899, 359.977892036899, 359.9777019529138, 359.9777019529138, 359.9775108699105, 359.9775108699105, 359.9774468279211, 359.9774468279211, 359.9772560359561, 359.9772560359561, 359.9770623279619, 359.9770623279619, 359.97696786996676, 359.97696786996676], "b_time_left": [360, 359.9966502500465, 359.9966502500465, 359.99489770806395, 359.99489770806395, 359.99241449905094, 359.99241449905094, 359.99071954004467, 359.99071954004467, 359.989407332032, 359.989407332032, 359.98775204003323, 359.98775204003323, 359.9860312490491, 359.9860312490491, 359.98440079099964, 359.98440079099964, 359.98371466598473, 359.98371466598473, 359.9820823739865, 359.9820823739865, 359.98143941600574, 359.98143941600574, 359.9811007910175, 359.9811007910175, 359.9806912909844, 359.9806912909844, 359.9804700409877, 359.9804700409877, 359.98037649999605, 359.98037649999605, 359.98029524995945, 359.98029524995945, 359.98020474996883, 359.98020474996883, 359.980138874962, 359.980138874962, 359.9800767079578, 359.9800767079578, 359.97986820799997, 359.97986820799997, 359.9797874579672, 359.9797874579672, 359.97673120797845, 359.97673120797845, 359.9759854579461, 359.9759854579461, 359.97569999995176, 359.97569999995176, 359.9756139579695, 359.9756139579695, 359.97543974994915, 359.97543974994915, 359.97520687495125, 359.97520687495125, 359.9750420409255, 359.9750420409255, 359.9749395409599, 359.9749395409599, 359.97486995800864, 359.97486995800864, 359.9746623329702, 359.9746623329702, 359.9744880410144, 359.9744880410144, 359.97417566599324, 359.97417566599324, 359.9740098329494, 359.9740098329494, 359.97392412496265, 359.97392412496265, 359.973741957976, 359.973741957976, 359.9734924999648, 359.9734924999648, 359.9733051249641, 359.9733051249641, 359.9731511249556, 359.9731511249556, 359.97297849995084], "a_moves_left": [39, 39, 38, 38, 37, 37, 36, 36, 35, 35, 34, 34, 33, 33, 32, 32, 31, 31, 30, 30, 29, 29, 28, 28, 27, 27, 26, 26, 25, 25, 24, 24, 23, 23, 22, 22, 21, 21, 20, 20, 19, 19, 18, 18, 17, 17, 16, 16, 15, 15, 14, 14, 13, 13, 12, 12, 11, 11, 10, 10, 9, 9, 8, 8, 7, 7, 6, 6, 5, 5, 4, 4, 3, 3, 2, 2, 1, 1, 0, 0], "b_moves_left": [40, 39, 39, 38, 38, 37, 37, 36, 36, 35, 35, 34, 34, 33, 33, 32, 32, 31, 31, 30, 30, 29, 29, 28, 28, 27, 27, 26, 26, 25, 25, 24, 24, 23, 23, 22, 22, 21, 21, 20, 20, 19, 19, 18, 18, 17, 17, 16, 16, 15, 15, 14, 14, 13, 13, 12, 12, 11, 11, 10, 10, 9, 9, 8, 8, 7, 7, 6, 6, 5, 5, 4, 4, 3, 3, 2, 2, 1, 1, 0], "trapdoor_triggered": [0, 0, 0, 0, 0, 0, 0, 0, 0, 0, 0, 0, 0, 0, 0, 0, 0, 0, 0, 0, 0, 0, 0, 0, 0, 0, 0, 0, 0, 0, 0, 0, 0, 0, 0, 0, 0, 0, 0, 0, 0, 0, 0, 0, 0, 0, 0, 0, 0, 0, 0, 0, 0, 0, 0, 0, 0, 0, 0, 0, 0, 0, 0, 0, 0, 0, 0, 0, 0, 0, 0, 0, 0, 0, 0, 0, 0, 0, 0, 0], "left_behind": ["egg", "egg", "plain", "turd", "egg", "egg", "plain", "turd", "egg", "egg", "plain", "turd", "egg", "egg", "plain", "turd", "egg", "egg", "plain", "turd", "egg", "egg", "plain", "plain", "egg", "egg", "plain", "plain", "egg", "egg", "plain", "plain", "plain", "egg", "plain", "plain", "plain", "egg", "plain", "plain", "egg", "egg", "plain", "plain", "plain", "plain", "plain", "plain", "egg", "egg", "plain", "plain", "egg", "egg", "plain", "plain", "egg", "egg", "plain", "plain", "egg", "egg", "plain", "plain", "egg", "plain", "plain", "plain", "egg", "egg", "plain", "plain", "plain", "plain", "plain", "plain", "plain", "egg", "plain", "plain"], "errlog_a": "", "errlog_b": "", "start_time": 360, "start_moves": 40, "turn_count": 80, "result": 2, "reason": "EGGS_LAID", "trapdoors": [[3, 5], [5, 2]], "spawn_a": [7, 5], "spawn_b": [0, 5]}