{"pos": [[1, 4], [6, 4], [1, 3], [6, 3], [0, 3], [6, 2], [0, 2], [5, 2], [1, 2], [5, 1], [1, 1], [4, 1], [0, 1], [3, 1], [0, 0], [2, 1], [1, 0], [2, 0], [1, 1], [1, 0], [1, 2], [2, 0], [1, 3], [3, 0], [2, 3], [4, 0], [1, 3], [5, 0], [0, 3], [6, 0], [0, 2], [6, 1], [0, 1], [7, 1], [0, 0], [7, 0], [0, 1], [7, 1], [1, 1], [7, 2], [1, 2], [7, 3], [2, 2], [6, 3], [2, 3], [5, 3], [2, 2], [5, 4], [2, 3], [5, 3], [2, 2], [4, 3], [1, 2], [4, 2], [0, 2], [4, 1], [0, 3], [4, 2], [0, 4], [5, 2], [0, 5], [4, 2], [1, 5], [4, 3], [2, 5], [4, 2], [3, 5], [4, 3], [4, 5], [5, 3], [4, 4], [5, 4], [4, 5], [5, 5], [4, 6], [5, 6], [3, 6], [6, 6], [2, 6], [6, 5]], "a_eggs_laid": [1, 1, 1, 1, 2, 2, 2, 2, 3, 3, 3, 3, 4, 4, 4, 4, 7, 7, 7, 7, 7, 7, 7, 7, 7, 7, 7, 7, 7, 7, 7, 7, 7, 7, 7, 7, 7, 7, 7, 7, 7, 7, 7, 7, 8, 8, 8, 8, 8, 8, 8, 8, 8, 8, 8, 8, 8, 8, 8, 8, 8, 8, 8, 8, 9, 9, 9, 9, 10, 10, 10, 10, 11, 11, 11, 11, 12, 12, 12, 12], "b_eggs_laid": [0, 1, 1, 1, 1, 2, 2, 2, 2, 3, 3, 3, 3, 4, 4, 4, 4, 5, 5, 5, 5, 6, 6, 6, 6, 7, 7, 7, 7, 8, 8, 8, 8, 9, 9, 9, 9, 12, 12, 12, 12, 13, 13, 13, 13, 13, 13, 13, 13, 14, 14, 14, 14, 15, 15, 15, 15, 15, 15, 15, 15, 15, 15, 15, 15, 15, 15, 15, 15, 15, 15, 15, 15, 15, 15, 15, 15, 16, 16, 16], "a_turds_left": [5, 5, 5, 5, 5, 5, 5, 5, 5, 5, 5, 5, 5, 5, 5, 5, 5, 5, 5, 5, 5, 5, 5, 5, 5, 5, 5, 5, 5, 5, 5, 5, 5, 5, 5, 5, 5, 5, 5, 5, 5, 5, 5, 5, 5, 5, 5, 5, 5, 5, 5, 5, 5, 5, 5, 5, 5, 5, 5, 5, 5, 5, 5, 5, 5, 5, 5, 5, 5, 5, 5, 5, 5, 5, 5, 5, 5, 5, 5, 5], "b_turds_left": [5, 5, 5, 4, 4, 4, 4, 3, 3, 3, 3, 2, 2, 2, 2, 1, 1, 1, 1, 0, 0, 0, 0, 0, 0, 0, 0, 0, 0, 0, 0, 0, 0, 0, 0, 0, 0, 0, 0, 0, 0, 0, 0, 0, 0, 0, 0, 0, 0, 0, 0, 0, 0, 0, 0, 0, 0, 0, 0, 0, 0, 0, 0, 0, 0, 0, 0, 0, 0, 0, 0, 0, 0, 0, 0, 0, 0, 0, 0, 0], "a_time_left": [359.99604641698534, 359.99604641698534, 359.9942498339806, 359.9942498339806, 359.990962708951, 359.990962708951, 359.99016387591837, 359.99016387591837, 359.98856379289646, 359.98856379289646, 359.98722004290903, 359.98722004290903, 359.98600145988166, 359.98600145988166, 359.9856238348293, 359.9856238348293, 359.98534075182397, 359.98534075182397, 359.9852383348625, 359.9852383348625, 359.9851222518482, 359.9851222518482, 359.98499579384224, 359.98499579384224, 359.98489641881315, 359.98489641881315, 359.98478879377944, 359.98478879377944, 359.9846952097723, 359.9846952097723, 359.98441229277523, 359.98441229277523, 359.9841816677945, 359.9841816677945, 359.9839394178125, 359.9839394178125, 359.9837758347858, 359.9837758347858, 359.9834922927548, 359.9834922927548, 359.98328383476473, 359.98328383476473, 359.9830100017716, 359.9830100017716, 359.98266837676056, 359.98266837676056, 359.98241825174773, 359.98241825174773, 359.98222533473745, 359.98222533473745, 359.9821091267513, 359.9821091267513, 359.9819120847387, 359.9819120847387, 359.9816445427714, 359.9816445427714, 359.98145170975477, 359.98145170975477, 359.981354584801, 359.981354584801, 359.98114108480513, 359.98114108480513, 359.9809231268009, 359.9809231268009, 359.9806252937997, 359.9806252937997, 359.9803554188111, 359.9803554188111, 359.9799923778628, 359.9799923778628, 359.9798823358724, 359.9798823358724, 359.97981041885214, 359.97981041885214, 359.9797370018787, 359.9797370018787, 359.97964471089654, 359.97964471089654, 359.9795548779075, 359.9795548779075], "b_time_left": [360, 359.99658883397933, 359.99658883397933, 359.9948564589722, 359.9948564589722, 359.9923642089707, 359.9923642089707, 359.9917032509693, 359.9917032509693, 359.98930008499883, 359.98930008499883, 359.98765875201207, 359.98765875201207, 359.98672254401026, 359.98672254401026, 359.98508662800305, 359.98508662800305, 359.9834557939903, 359.9834557939903, 359.98319595999783, 359.98319595999783, 359.9831148350495, 359.9831148350495, 359.9829955850728, 359.9829955850728, 359.98284379404504, 359.98284379404504, 359.98274396103807, 359.98274396103807, 359.98256766900886, 359.98256766900886, 359.98235896101687, 359.98235896101687, 359.98156279401155, 359.98156279401155, 359.98136670998065, 359.98136670998065, 359.98115679295734, 359.98115679295734, 359.9809100429411, 359.9809100429411, 359.9806621679454, 359.9806621679454, 359.9804691269528, 359.9804691269528, 359.98001750191906, 359.98001750191906, 359.9798084599315, 359.9798084599315, 359.97953408490866, 359.97953408490866, 359.97912441787776, 359.97912441787776, 359.97887220885605, 359.97887220885605, 359.9786677918164, 359.9786677918164, 359.9782392088091, 359.9782392088091, 359.977798333799, 359.977798333799, 359.97736020880984, 359.97736020880984, 359.9769851248129, 359.9769851248129, 359.97620287479367, 359.97620287479367, 359.97602870780975, 359.97602870780975, 359.9757077078102, 359.9757077078102, 359.9756413748255, 359.9756413748255, 359.97550116683124, 359.97550116683124, 359.9754417508375, 359.9754417508375, 359.97537175082834, 359.97537175082834, 359.975312208815], "a_moves_left": [39, 39, 38, 38, 37, 37, 36, 36, 35, 35, 34, 34, 33, 33, 32, 32, 31, 31, 30, 30, 29, 29, 28, 28, 27, 27, 26, 26, 25, 25, 24, 24, 23, 23, 22, 22, 21, 21, 20, 20, 19, 19, 18, 18, 17, 17, 16, 16, 15, 15, 14, 14, 13, 13, 12, 12, 11, 11, 10, 10, 9, 9, 8, 8, 7, 7, 6, 6, 5, 5, 4, 4, 3, 3, 2, 2, 1, 1, 0, 0], "b_moves_left": [40, 39, 39, 38, 38, 37, 37, 36, 36, 35, 35, 34, 34, 33, 33, 32, 32, 31, 31, 30, 30, 29, 29, 28, 28, 27, 27, 26, 26, 25, 25, 24, 24, 23, 23, 22, 22, 21, 21, 20, 20, 19, 19, 18, 18, 17, 17, 16, 16, 15, 15, 14, 14, 13, 13, 12, 12, 11, 11, 10, 10, 9, 9, 8, 8, 7, 7, 6, 6, 5, 5, 4, 4, 3, 3, 2, 2, 1, 1, 0], "trapdoor_triggered": [0, 0, 0, 0, 0, 0, 0, 0, 0, 0, 0, 0, 0, 0, 0, 0, 0, 0, 0, 0, 0, 0, 0, 0, 0, 0, 0, 0, 0, 0, 0, 0, 0, 0, 0, 0, 0, 0, 0, 0, 0, 0, 0, 0, 0, 0, 0, 0, 0, 0, 0, 0, 0, 0, 0, 0, 0, 0, 0, 0, 0, 0, 0, 0, 0, 0, 0, 0, 0, 0, 0, 0, 0, 0, 0, 0, 0, 0, 0, 0], "left_behind": ["egg", "egg", "plain", "turd", "egg", "egg", "plain", "turd", "egg", "egg", "plain", "turd", "egg", "egg", "plain", "turd", "egg", "egg", "plain", "turd", "plain", "egg", "plain", "plain", "plain", "egg", "plain", "plain", "plain", "egg", "plain", "plain", "plain", "egg", "plain", "plain", "plain", "egg", "plain", "plain", "plain", "egg", "plain", "plain", "egg", "plain", "plain", "plain", "plain", "egg", "plain", "plain", "plain", "egg", "plain", "plain", "plain", "plain", "plain", "plain", "plain", "plain", "plain", "plain", "egg", "plain", "plain", "plain", "egg", "plain", "plain", "plain", "egg", "plain", "plain", "plain", "egg", "egg", "plain", "plain"], "errlog_a": "", "errlog_b": "", "start_time": 360, "start_moves": 40, "turn_count": 80, "result": 1, "reason": "EGGS_LAID", "trapdoors": [[3, 3], [3, 2]], "spawn_a": [0, 4], "spawn_b": [7, 4]}