{"pos": [[1, 4], [6, 4], [1, 3], [6, 3], [0, 3], [6, 2], [0, 2], [5, 2], [1, 2], [5, 1], [1, 1], [4, 1], [0, 1], [3, 1], [0, 0], [2, 1], [1, 0], [2, 0], [1, 1], [1, 0], [1, 2], [2, 0], [2, 2], [3, 0], [2, 3], [4, 0], [2, 4], [5, 0], [1, 4], [6, 0], [1, 5], [6, 1], [0, 5], [7, 1], [0, 6], [7, 2], [1, 6], [7, 3], [2, 6], [6, 3], [2, 7], [5, 3], [3, 7], [5, 4], [4, 7], [5, 3], [4, 6], [5, 4], [5, 6], [5, 5], [6, 6], [5, 6], [7, 6], [5, 7], [7, 7], [6, 7], [7, 6], [5, 7], [7, 5], [4, 7], [7, 6], [5, 7], [6, 6], [5, 6], [7, 6], [5, 5], [7, 5], [6, 5], [7, 6], [6, 4], [7, 7], [6, 5], [7, 6], [5, 5], [6, 6], [6, 5], [7, 6], [6, 4], [7, 5], [7, 4]], "a_eggs_laid": [1, 1, 1, 1, 2, 2, 2, 2, 3, 3, 3, 3, 4, 4, 4, 4, 7, 7, 7, 7, 7, 7, 7, 7, 8, 8, 8, 8, 9, 9, 9, 9, 10, 10, 10, 10, 11, 11, 11, 11, 12, 12, 12, 12, 13, 13, 13, 13, 14, 14, 14, 14, 15, 15, 15, 15, 18, 18, 18, 18, 19, 19, 19, 19, 19, 19, 19, 19, 19, 19, 19, 19, 19, 19, 19, 19, 19, 19, 19, 19], "b_eggs_laid": [0, 1, 1, 1, 1, 2, 2, 2, 2, 3, 3, 3, 3, 4, 4, 4, 4, 5, 5, 5, 5, 6, 6, 6, 6, 7, 7, 7, 7, 8, 8, 8, 8, 9, 9, 9, 9, 10, 10, 10, 10, 10, 10, 10, 10, 11, 11, 11, 11, 11, 11, 11, 11, 12, 12, 12, 12, 13, 13, 13, 13, 14, 14, 14, 14, 14, 14, 14, 14, 15, 15, 15, 15, 15, 15, 15, 15, 15, 15, 15], "a_turds_left": [5, 5, 5, 5, 5, 5, 5, 5, 5, 5, 5, 5, 5, 5, 5, 5, 5, 5, 5, 5, 5, 5, 5, 5, 5, 5, 5, 5, 5, 5, 5, 5, 5, 5, 5, 5, 5, 5, 5, 5, 5, 5, 5, 5, 5, 5, 5, 5, 5, 5, 5, 5, 5, 5, 5, 5, 5, 5, 5, 5, 5, 5, 5, 5, 5, 5, 5, 5, 5, 5, 5, 5, 5, 5, 5, 5, 5, 5, 5, 5], "b_turds_left": [5, 5, 5, 4, 4, 4, 4, 3, 3, 3, 3, 2, 2, 2, 2, 1, 1, 1, 1, 0, 0, 0, 0, 0, 0, 0, 0, 0, 0, 0, 0, 0, 0, 0, 0, 0, 0, 0, 0, 0, 0, 0, 0, 0, 0, 0, 0, 0, 0, 0, 0, 0, 0, 0, 0, 0, 0, 0, 0, 0, 0, 0, 0, 0, 0, 0, 0, 0, 0, 0, 0, 0, 0, 0, 0, 0, 0, 0, 0, 0], "a_time_left": [359.9963500839658, 359.9963500839658, 359.99455500097247, 359.99455500097247, 359.9907448349404, 359.9907448349404, 359.9899429179495, 359.9899429179495, 359.98748004296795, 359.98748004296795, 359.9861752509605, 359.9861752509605, 359.9829783339519, 359.9829783339519, 359.98270058399066, 359.98270058399066, 359.98241833399516, 359.98241833399516, 359.982321168005, 359.982321168005, 359.98209441796644, 359.98209441796644, 359.98196512594586, 359.98196512594586, 359.98185850091977, 359.98185850091977, 359.9817406669026, 359.9817406669026, 359.9816184999072, 359.9816184999072, 359.9815260419273, 359.9815260419273, 359.98141229193425, 359.98141229193425, 359.98132587590953, 359.98132587590953, 359.981225708907, 359.981225708907, 359.9811236669193, 359.9811236669193, 359.9810114999418, 359.9810114999418, 359.98093099996913, 359.98093099996913, 359.98083862493513, 359.98083862493513, 359.9807614579331, 359.9807614579331, 359.9806507489411, 359.9806507489411, 359.9805788319791, 359.9805788319791, 359.98050020693336, 359.98050020693336, 359.980427665927, 359.980427665927, 359.98036212392617, 359.98036212392617, 359.9721794159268, 359.9721794159268, 359.97208937391406, 359.97208937391406, 359.971856457938, 359.971856457938, 359.9716756239068, 359.9716756239068, 359.96444091491867, 359.96444091491867, 359.96421187295346, 359.96421187295346, 359.96398616494844, 359.96398616494844, 359.9638264559326, 359.9638264559326, 359.9636081639328, 359.9636081639328, 359.96343408094253, 359.96343408094253, 359.96319603995653, 359.96319603995653], "b_time_left": [360, 359.99678245797986, 359.99678245797986, 359.99502570793265, 359.99502570793265, 359.9924934999435, 359.9924934999435, 359.99081079196185, 359.99081079196185, 359.988355376001, 359.988355376001, 359.9866983339889, 359.9866983339889, 359.9842465429683, 359.9842465429683, 359.98254479299067, 359.98254479299067, 359.9818628769717, 359.9818628769717, 359.9812517929822, 359.9812517929822, 359.9811552509782, 359.9811552509782, 359.9810280429665, 359.9810280429665, 359.9808710429352, 359.9808710429352, 359.98076016793493, 359.98076016793493, 359.9805557929212, 359.9805557929212, 359.98047412594315, 359.98047412594315, 359.980360833928, 359.980360833928, 359.98027995892335, 359.98027995892335, 359.9801840839209, 359.9801840839209, 359.9801095428993, 359.9801095428993, 359.97994258487597, 359.97994258487597, 359.9798615438631, 359.9798615438631, 359.9797650438268, 359.9797650438268, 359.9796130018658, 359.9796130018658, 359.97934825188713, 359.97934825188713, 359.97926233592443, 359.97926233592443, 359.9791860029218, 359.9791860029218, 359.9791183779016, 359.9791183779016, 359.97905191994505, 359.97905191994505, 359.9788095029653, 359.9788095029653, 359.9786123779486, 359.9786123779486, 359.9784133779467, 359.9784133779467, 359.9780469619436, 359.9780469619436, 359.977614961972, 359.977614961972, 359.9774021289777, 359.9774021289777, 359.9771733789821, 359.9771733789821, 359.9769907959271, 359.9769907959271, 359.97669092094293, 359.97669092094293, 359.9764085459756, 359.9764085459756, 359.97620704595465], "a_moves_left": [39, 39, 38, 38, 37, 37, 36, 36, 35, 35, 34, 34, 33, 33, 32, 32, 31, 31, 30, 30, 29, 29, 28, 28, 27, 27, 26, 26, 25, 25, 24, 24, 23, 23, 22, 22, 21, 21, 20, 20, 19, 19, 18, 18, 17, 17, 16, 16, 15, 15, 14, 14, 13, 13, 12, 12, 11, 11, 10, 10, 9, 9, 8, 8, 7, 7, 6, 6, 5, 5, 4, 4, 3, 3, 2, 2, 1, 1, 0, 0], "b_moves_left": [40, 39, 39, 38, 38, 37, 37, 36, 36, 35, 35, 34, 34, 33, 33, 32, 32, 31, 31, 30, 30, 29, 29, 28, 28, 27, 27, 26, 26, 25, 25, 24, 24, 23, 23, 22, 22, 21, 21, 20, 20, 19, 19, 18, 18, 17, 17, 16, 16, 15, 15, 14, 14, 13, 13, 12, 12, 11, 11, 10, 10, 9, 9, 8, 8, 7, 7, 6, 6, 5, 5, 4, 4, 3, 3, 2, 2, 1, 1, 0], "trapdoor_triggered": [0, 0, 0, 0, 0, 0, 0, 0, 0, 0, 0, 0, 0, 0, 0, 0, 0, 0, 0, 0, 0, 0, 0, 0, 0, 0, 0, 0, 0, 0, 0, 0, 0, 0, 0, 0, 0, 0, 0, 0, 0, 0, 0, 0, 0, 0, 0, 0, 0, 0, 0, 0, 0, 0, 0, 0, 0, 0, 0, 0, 0, 0, 0, 0, 0, 0, 0, 0, 0, 0, 0, 0, 0, 0, 0, 0, 0, 0, 0, 0], "left_behind": ["egg", "egg", "plain", "turd", "egg", "egg", "plain", "turd", "egg", "egg", "plain", "turd", "egg", "egg", "plain", "turd", "egg", "egg", "plain", "turd", "plain", "egg", "plain", "plain", "egg", "egg", "plain", "plain", "egg", "egg", "plain", "plain", "egg", "egg", "plain", "plain", "egg", "egg", "plain", "plain", "egg", "plain", "plain", "plain", "egg", "egg", "plain", "plain", "egg", "plain", "plain", "plain", "egg", "egg", "plain", "plain", "egg", "egg", "plain", "plain", "egg", "egg", "plain", "plain", "plain", "plain", "plain", "plain", "plain", "egg", "plain", "plain", "plain", "plain", "plain", "plain", "plain", "plain", "plain", "plain"], "errlog_a": "", "errlog_b": "", "start_time": 360, "start_moves": 40, "turn_count": 80, "result": 0, "reason": "EGGS_LAID", "trapdoors": [[3, 3], [4, 5]], "spawn_a": [0, 4], "spawn_b": [7, 4]}