{"pos": [[1, 6], [6, 6], [2, 6], [5, 6], [2, 7], [4, 6], [3, 7], [3, 6], [2, 7], [3, 5], [1, 7], [4, 5], [0, 7], [5, 5], [1, 7], [5, 6], [1, 6], [5, 7], [1, 5], [4, 7], [0, 5], [4, 6], [0, 4], [4, 5], [1, 4], [4, 4], [1, 3], [5, 4], [1, 4], [6, 4], [2, 4], [6, 5], [1, 4], [7, 5], [1, 5], [7, 4], [0, 5], [7, 3], [0, 6], [6, 3], [0, 7], [6, 2], [0, 6], [6, 1], [1, 6], [5, 1], [2, 6], [4, 1], [2, 7], [3, 1], [3, 7], [2, 1], [2, 7], [2, 2], [2, 6], [1, 2], [1, 6], [1, 1], [1, 5], [1, 0], [0, 5], [2, 0], [0, 4], [3, 0], [0, 3], [4, 0], [0, 2], [5, 0], [0, 1], [6, 0], [1, 1], [7, 0], [0, 1], [7, 1], [0, 0], [7, 2], [0, 1], [6, 2], [1, 1], [5, 2]], "a_eggs_laid": [1, 1, 1, 1, 2, 2, 2, 2, 3, 3, 3, 3, 4, 4, 4, 4, 4, 4, 4, 4, 5, 5, 5, 5, 6, 6, 6, 6, 7, 7, 7, 7, 8, 8, 8, 8, 8, 8, 8, 8, 8, 8, 8, 8, 8, 8, 8, 8, 8, 8, 8, 8, 8, 8, 8, 8, 8, 8, 8, 8, 8, 8, 8, 8, 8, 8, 8, 8, 9, 9, 9, 9, 10, 10, 10, 10, 13, 13, 13, 13], "b_eggs_laid": [0, 1, 1, 1, 1, 2, 2, 2, 2, 3, 3, 3, 3, 4, 4, 4, 4, 4, 4, 4, 4, 5, 5, 5, 5, 5, 5, 5, 5, 6, 6, 6, 6, 7, 7, 7, 7, 8, 8, 8, 8, 9, 9, 9, 9, 10, 10, 10, 10, 11, 11, 11, 11, 12, 12, 12, 12, 13, 13, 13, 13, 14, 14, 14, 14, 15, 15, 15, 15, 16, 16, 16, 16, 19, 19, 19, 19, 20, 20, 20], "a_turds_left": [5, 5, 5, 5, 5, 5, 5, 5, 5, 5, 5, 5, 5, 5, 5, 5, 5, 5, 5, 5, 5, 5, 5, 5, 5, 5, 5, 5, 5, 5, 5, 5, 5, 5, 5, 5, 5, 5, 5, 5, 5, 5, 5, 5, 5, 5, 5, 5, 5, 5, 5, 5, 5, 5, 5, 5, 5, 5, 5, 5, 5, 5, 5, 5, 5, 5, 5, 5, 5, 5, 5, 5, 5, 5, 5, 5, 5, 5, 5, 5], "b_turds_left": [5, 5, 5, 4, 4, 4, 4, 3, 3, 3, 3, 2, 2, 2, 2, 1, 1, 1, 1, 0, 0, 0, 0, 0, 0, 0, 0, 0, 0, 0, 0, 0, 0, 0, 0, 0, 0, 0, 0, 0, 0, 0, 0, 0, 0, 0, 0, 0, 0, 0, 0, 0, 0, 0, 0, 0, 0, 0, 0, 0, 0, 0, 0, 0, 0, 0, 0, 0, 0, 0, 0, 0, 0, 0, 0, 0, 0, 0, 0, 0], "a_time_left": [359.9963366249576, 359.9963366249576, 359.9944773329771, 359.9944773329771, 359.9912272489746, 359.9912272489746, 359.9892692489666, 359.9892692489666, 359.9884946239763, 359.9884946239763, 359.9881517490139, 359.9881517490139, 359.9856340820552, 359.9856340820552, 359.98537283204496, 359.98537283204496, 359.9848130820901, 359.9848130820901, 359.98397241614293, 359.98397241614293, 359.98365054116584, 359.98365054116584, 359.9833584581502, 359.9833584581502, 359.9832179991645, 359.9832179991645, 359.9830922901747, 359.9830922901747, 359.98295337316813, 359.98295337316813, 359.9828482901794, 359.9828482901794, 359.98274104017764, 359.98274104017764, 359.9826301651774, 359.9826301651774, 359.98253933218075, 359.98253933218075, 359.98244166519726, 359.98244166519726, 359.9823454571888, 359.9823454571888, 359.9822620822233, 359.9822620822233, 359.98217604123056, 359.98217604123056, 359.98207112425007, 359.98207112425007, 359.9819880822324, 359.9819880822324, 359.9818920822581, 359.9818920822581, 359.9818198742578, 359.9818198742578, 359.9817283322918, 359.9817283322918, 359.98164758231724, 359.98164758231724, 359.98154649930075, 359.98154649930075, 359.981457916263, 359.981457916263, 359.9813618742628, 359.9813618742628, 359.9812727072858, 359.9812727072858, 359.98115441628033, 359.98115441628033, 359.9810563752544, 359.9810563752544, 359.9809578752611, 359.9809578752611, 359.9808771252865, 359.9808771252865, 359.98077245929744, 359.98077245929744, 359.98054195928853, 359.98054195928853, 359.9801812512451, 359.9801812512451], "b_time_left": [360, 359.99661550001474, 359.99661550001474, 359.9947855840437, 359.9947855840437, 359.99227683403296, 359.99227683403296, 359.9903827930102, 359.9903827930102, 359.9893848350039, 359.9893848350039, 359.9876509180176, 359.9876509180176, 359.98595212597866, 359.98595212597866, 359.9847440419835, 359.9847440419835, 359.98442879196955, 359.98442879196955, 359.98400050000055, 359.98400050000055, 359.9838911250117, 359.9838911250117, 359.9837962500169, 359.9837962500169, 359.98360729200067, 359.98360729200067, 359.983257584041, 359.983257584041, 359.98267920903163, 359.98267920903163, 359.98235437605763, 359.98235437605763, 359.9819381260313, 359.9819381260313, 359.9818456679932, 359.9818456679932, 359.98174987599486, 359.98174987599486, 359.9816656669718, 359.9816656669718, 359.9815657499712, 359.9815657499712, 359.98148224997567, 359.98148224997567, 359.98137749999296, 359.98137749999296, 359.9812960419804, 359.9812960419804, 359.9811992920004, 359.9811992920004, 359.98112687503453, 359.98112687503453, 359.9810400000424, 359.9810400000424, 359.98096783302026, 359.98096783302026, 359.98089174903, 359.98089174903, 359.98082899901783, 359.98082899901783, 359.9807490829844, 359.9807490829844, 359.9806838329532, 359.9806838329532, 359.9806080829585, 359.9806080829585, 359.9805403749342, 359.9805403749342, 359.9804614999448, 359.9804614999448, 359.9803954579402, 359.9803954579402, 359.9803328749258, 359.9803328749258, 359.98025795887224, 359.98025795887224, 359.9801763748983, 359.9801763748983, 359.97988149989396], "a_moves_left": [39, 39, 38, 38, 37, 37, 36, 36, 35, 35, 34, 34, 33, 33, 32, 32, 31, 31, 30, 30, 29, 29, 28, 28, 27, 27, 26, 26, 25, 25, 24, 24, 23, 23, 22, 22, 21, 21, 20, 20, 19, 19, 18, 18, 17, 17, 16, 16, 15, 15, 14, 14, 13, 13, 12, 12, 11, 11, 10, 10, 9, 9, 8, 8, 7, 7, 6, 6, 5, 5, 4, 4, 3, 3, 2, 2, 1, 1, 0, 0], "b_moves_left": [40, 39, 39, 38, 38, 37, 37, 36, 36, 35, 35, 34, 34, 33, 33, 32, 32, 31, 31, 30, 30, 29, 29, 28, 28, 27, 27, 26, 26, 25, 25, 24, 24, 23, 23, 22, 22, 21, 21, 20, 20, 19, 19, 18, 18, 17, 17, 16, 16, 15, 15, 14, 14, 13, 13, 12, 12, 11, 11, 10, 10, 9, 9, 8, 8, 7, 7, 6, 6, 5, 5, 4, 4, 3, 3, 2, 2, 1, 1, 0], "trapdoor_triggered": [0, 0, 0, 0, 0, 0, 0, 0, 0, 0, 0, 0, 0, 0, 0, 0, 0, 0, 0, 0, 0, 0, 0, 0, 0, 0, 0, 0, 0, 0, 0, 0, 0, 0, 0, 0, 0, 0, 0, 0, 0, 0, 0, 0, 0, 0, 0, 0, 0, 0, 0, 0, 0, 0, 0, 0, 0, 0, 0, 0, 0, 0, 0, 0, 0, 0, 0, 0, 0, 0, 0, 0, 0, 0, 0, 0, 0, 0, 0, 0], "left_behind": ["egg", "egg", "plain", "turd", "egg", "egg", "plain", "turd", "egg", "egg", "plain", "turd", "egg", "egg", "plain", "turd", "plain", "plain", "plain", "turd", "egg", "egg", "plain", "plain", "egg", "plain", "plain", "plain", "egg", "egg", "plain", "plain", "egg", "egg", "plain", "plain", "plain", "egg", "plain", "plain", "plain", "egg", "plain", "plain", "plain", "egg", "plain", "plain", "plain", "egg", "plain", "plain", "plain", "egg", "plain", "plain", "plain", "egg", "plain", "plain", "plain", "egg", "plain", "plain", "plain", "egg", "plain", "plain", "egg", "egg", "plain", "plain", "egg", "egg", "plain", "plain", "egg", "egg", "plain", "plain"], "errlog_a": "", "errlog_b": "", "start_time": 360, "start_moves": 40, "turn_count": 80, "result": 1, "reason": "EGGS_LAID", "trapdoors": [[4, 2], [2, 3]], "spawn_a": [0, 6], "spawn_b": [7, 6]}