{"pos": [[6, 1], [1, 1], [5, 1], [2, 1], [5, 0], [3, 1], [4, 0], [4, 1], [5, 0], [4, 2], [6, 0], [3, 2], [7, 0], [2, 2], [6, 0], [2, 1], [6, 1], [2, 0], [6, 2], [3, 0], [7, 2], [3, 1], [7, 3], [4, 1], [6, 3], [4, 2], [6, 2], [5, 2], [6, 3], [5, 3], [6, 4], [6, 3], [7, 4], [5, 3], [7, 5], [4, 3], [6, 5], [5, 3], [6, 6], [5, 4], [7, 6], [5, 5], [7, 7], [6, 5], [6, 7], [5, 5], [5, 7], [5, 6], [4, 7], [4, 6], [3, 7], [3, 6], [2, 7], [3, 5], [2, 6], [4, 5], [2, 7], [4, 6], [1, 7], [4, 7], [0, 7], [4, 6], [0, 6], [3, 6], [0, 5], [3, 5], [1, 5], [4, 5], [1, 4], [3, 5], [2, 4], [3, 4], [1, 4], [3, 3], [1, 3], [2, 3], [0, 3], [2, 2], [0, 2], [1, 2]], "a_eggs_laid": [1, 1, 1, 1, 2, 2, 2, 2, 3, 3, 3, 3, 4, 4, 4, 4, 4, 4, 4, 4, 5, 5, 5, 5, 6, 6, 6, 6, 6, 6, 6, 6, 7, 7, 7, 7, 8, 8, 8, 8, 9, 9, 9, 9, 12, 12, 12, 12, 13, 13, 13, 13, 14, 14, 14, 14, 15, 15, 15, 15, 16, 16, 16, 16, 17, 17, 17, 17, 18, 18, 18, 18, 19, 19, 19, 19, 20, 20, 20, 20], "b_eggs_laid": [0, 1, 1, 1, 1, 2, 2, 2, 2, 3, 3, 3, 3, 4, 4, 4, 4, 4, 4, 4, 4, 5, 5, 5, 5, 5, 5, 5, 5, 6, 6, 6, 6, 7, 7, 7, 7, 8, 8, 8, 8, 9, 9, 9, 9, 10, 10, 10, 10, 11, 11, 11, 11, 12, 12, 12, 12, 13, 13, 13, 13, 14, 14, 14, 14, 14, 14, 14, 14, 14, 14, 14, 14, 15, 15, 15, 15, 16, 16, 16], "a_turds_left": [5, 5, 5, 5, 5, 5, 5, 5, 5, 5, 5, 5, 5, 5, 5, 5, 5, 5, 5, 5, 5, 5, 5, 5, 5, 5, 5, 5, 5, 5, 5, 5, 5, 5, 5, 5, 5, 5, 5, 5, 5, 5, 5, 5, 5, 5, 5, 5, 5, 5, 5, 5, 5, 5, 5, 5, 5, 5, 5, 5, 5, 5, 5, 5, 5, 5, 5, 5, 5, 5, 5, 5, 5, 5, 5, 5, 5, 5, 5, 5], "b_turds_left": [5, 5, 5, 4, 4, 4, 4, 3, 3, 3, 3, 2, 2, 2, 2, 1, 1, 1, 1, 0, 0, 0, 0, 0, 0, 0, 0, 0, 0, 0, 0, 0, 0, 0, 0, 0, 0, 0, 0, 0, 0, 0, 0, 0, 0, 0, 0, 0, 0, 0, 0, 0, 0, 0, 0, 0, 0, 0, 0, 0, 0, 0, 0, 0, 0, 0, 0, 0, 0, 0, 0, 0, 0, 0, 0, 0, 0, 0, 0, 0], "a_time_left": [359.9842757919687, 359.9842757919687, 359.9824375419994, 359.9824375419994, 359.981188167003, 359.981188167003, 359.9799125010031, 359.9799125010031, 359.97915816801833, 359.97915816801833, 359.9783280840493, 359.9783280840493, 359.9757966250763, 359.9757966250763, 359.9754870830802, 359.9754870830802, 359.97491275012726, 359.97491275012726, 359.9738332091365, 359.9738332091365, 359.9734779181308, 359.9734779181308, 359.97317108511925, 359.97317108511925, 359.97282841813285, 359.97282841813285, 359.97249466809444, 359.97249466809444, 359.9722627090523, 359.9722627090523, 359.9721543760388, 359.9721543760388, 359.9718767090235, 359.9718767090235, 359.97176566702547, 359.97176566702547, 359.97164812503615, 359.97164812503615, 359.97152862505754, 359.97152862505754, 359.9713947920827, 359.9713947920827, 359.9712887920905, 359.9712887920905, 359.9711858340888, 359.9711858340888, 359.97108900005696, 359.97108900005696, 359.97099050006364, 359.97099050006364, 359.97090266708983, 359.97090266708983, 359.9708070420893, 359.9708070420893, 359.97069883410586, 359.97069883410586, 359.97058225009823, 359.97058225009823, 359.97049575007986, 359.97049575007986, 359.97038616705686, 359.97038616705686, 359.97017554205377, 359.97017554205377, 359.9698992500198, 359.9698992500198, 359.96963308297563, 359.96963308297563, 359.96931866696104, 359.96931866696104, 359.96119370800443, 359.96119370800443, 359.9610995830153, 359.9610995830153, 359.9608209580183, 359.9608209580183, 359.9606163750286, 359.9606163750286, 359.96037200000137, 359.96037200000137], "b_time_left": [360, 359.9965198750142, 359.9965198750142, 359.9946705409675, 359.9946705409675, 359.9921936239698, 359.9921936239698, 359.9547366659972, 359.9547366659972, 359.9537437490071, 359.9537437490071, 359.9520159990061, 359.9520159990061, 359.95027854002547, 359.95027854002547, 359.92852524801856, 359.92852524801856, 359.92652204004116, 359.92652204004116, 359.92611137300264, 359.92611137300264, 359.92587216501124, 359.92587216501124, 359.9256145400577, 359.9256145400577, 359.92539329006104, 359.92539329006104, 359.92472924810136, 359.92472924810136, 359.9240775810904, 359.9240775810904, 359.9231942470651, 359.9231942470651, 359.92293262208113, 359.92293262208113, 359.9226644131122, 359.9226644131122, 359.92206907912623, 359.92206907912623, 359.921893162129, 359.921893162129, 359.9217979121022, 359.9217979121022, 359.92172162007773, 359.92172162007773, 359.9216456200811, 359.9216456200811, 359.9214170370833, 359.9214170370833, 359.9213355790707, 359.9213355790707, 359.9212532870588, 359.9212532870588, 359.9211505370331, 359.9211505370331, 359.921073412057, 359.921073412057, 359.9209776210482, 359.9209776210482, 359.92088845407125, 359.92088845407125, 359.9202854540781, 359.9202854540781, 359.9200878290576, 359.9200878290576, 359.91978157911217, 359.91978157911217, 359.91922912112204, 359.91922912112204, 359.9190459130914, 359.9190459130914, 359.91860691306647, 359.91860691306647, 359.9182560380432, 359.9182560380432, 359.91807024599984, 359.91807024599984, 359.9178932879586, 359.9178932879586, 359.917686287954], "a_moves_left": [39, 39, 38, 38, 37, 37, 36, 36, 35, 35, 34, 34, 33, 33, 32, 32, 31, 31, 30, 30, 29, 29, 28, 28, 27, 27, 26, 26, 25, 25, 24, 24, 23, 23, 22, 22, 21, 21, 20, 20, 19, 19, 18, 18, 17, 17, 16, 16, 15, 15, 14, 14, 13, 13, 12, 12, 11, 11, 10, 10, 9, 9, 8, 8, 7, 7, 6, 6, 5, 5, 4, 4, 3, 3, 2, 2, 1, 1, 0, 0], "b_moves_left": [40, 39, 39, 38, 38, 37, 37, 36, 36, 35, 35, 34, 34, 33, 33, 32, 32, 31, 31, 30, 30, 29, 29, 28, 28, 27, 27, 26, 26, 25, 25, 24, 24, 23, 23, 22, 22, 21, 21, 20, 20, 19, 19, 18, 18, 17, 17, 16, 16, 15, 15, 14, 14, 13, 13, 12, 12, 11, 11, 10, 10, 9, 9, 8, 8, 7, 7, 6, 6, 5, 5, 4, 4, 3, 3, 2, 2, 1, 1, 0], "trapdoor_triggered": [0, 0, 0, 0, 0, 0, 0, 0, 0, 0, 0, 0, 0, 0, 0, 0, 0, 0, 0, 0, 0, 0, 0, 0, 0, 0, 0, 0, 0, 0, 0, 0, 0, 0, 0, 0, 0, 0, 0, 0, 0, 0, 0, 0, 0, 0, 0, 0, 0, 0, 0, 0, 0, 0, 0, 0, 0, 0, 0, 0, 0, 0, 0, 0, 0, 0, 0, 0, 0, 0, 0, 0, 0, 0, 0, 0, 0, 0, 0, 0], "left_behind": ["egg", "egg", "plain", "turd", "egg", "egg", "plain", "turd", "egg", "egg", "plain", "turd", "egg", "egg", "plain", "turd", "plain", "plain", "plain", "turd", "egg", "egg", "plain", "plain", "egg", "plain", "plain", "plain", "plain", "egg", "plain", "plain", "egg", "egg", "plain", "plain", "egg", "egg", "plain", "plain", "egg", "egg", "plain", "plain", "egg", "egg", "plain", "plain", "egg", "egg", "plain", "plain", "egg", "egg", "plain", "plain", "egg", "egg", "plain", "plain", "egg", "egg", "plain", "plain", "egg", "plain", "plain", "plain", "egg", "plain", "plain", "plain", "egg", "egg", "plain", "plain", "egg", "egg", "plain", "plain"], "errlog_a": "", "errlog_b": "", "start_time": 360, "start_moves": 40, "turn_count": 80, "result": 0, "reason": "EGGS_LAID", "trapdoors": [[4, 4], [2, 5]], "spawn_a": [7, 1], "spawn_b": [0, 1]}