{"pos": [[6, 3], [1, 3], [6, 2], [1, 2], [7, 2], [1, 1], [7, 1], [2, 1], [6, 1], [3, 1], [5, 1], [4, 1], [5, 0], [4, 0], [6, 0], [5, 0], [7, 0], [4, 0], [6, 0], [3, 0], [6, 1], [2, 0], [5, 1], [1, 0], [5, 2], [0, 0], [4, 2], [0, 1], [5, 2], [0, 2], [4, 2], [1, 2], [5, 2], [2, 2], [6, 2], [2, 1], [6, 3], [2, 2], [6, 4], [2, 1], [6, 5], [2, 2], [6, 6], [1, 2], [5, 6], [0, 2], [5, 5], [0, 1], [4, 5], [0, 0], [4, 4], [1, 0], [5, 4], [1, 1], [6, 4], [1, 0], [7, 4], [2, 0], [7, 5], [3, 0], [7, 6], [3, 1], [7, 7], [4, 1], [6, 7], [3, 1], [5, 7], [4, 1], [4, 7], [4, 0], [4, 6], [5, 0], [3, 6], [4, 0], [3, 5], [5, 0], [2, 5], [4, 0], [2, 4], [3, 0]], "a_eggs_laid": [1, 1, 1, 1, 2, 2, 2, 2, 3, 3, 3, 3, 4, 4, 4, 4, 5, 5, 5, 5, 5, 5, 5, 5, 5, 5, 5, 5, 6, 6, 6, 6, 6, 6, 6, 6, 6, 6, 6, 6, 7, 7, 7, 7, 8, 8, 8, 8, 9, 9, 9, 9, 10, 10, 10, 10, 10, 10, 10, 10, 11, 11, 11, 11, 14, 14, 14, 14, 15, 15, 15, 15, 16, 16, 16, 16, 17, 17, 17, 17], "b_eggs_laid": [0, 1, 1, 1, 1, 2, 2, 2, 2, 3, 3, 3, 3, 4, 4, 4, 4, 5, 5, 5, 5, 6, 6, 6, 6, 7, 7, 7, 7, 8, 8, 8, 8, 8, 8, 8, 8, 8, 8, 8, 8, 8, 8, 8, 8, 8, 8, 8, 8, 8, 8, 8, 8, 8, 8, 8, 8, 8, 8, 8, 8, 8, 8, 8, 8, 8, 8, 8, 8, 8, 8, 8, 8, 8, 8, 8, 8, 8, 8, 8], "a_turds_left": [5, 5, 5, 5, 5, 5, 5, 5, 5, 5, 5, 5, 5, 5, 5, 5, 5, 5, 5, 5, 5, 5, 5, 5, 5, 5, 5, 5, 5, 5, 5, 5, 5, 5, 5, 5, 5, 5, 5, 5, 5, 5, 5, 5, 5, 5, 5, 5, 5, 5, 5, 5, 5, 5, 5, 5, 5, 5, 5, 5, 5, 5, 5, 5, 5, 5, 5, 5, 5, 5, 5, 5, 5, 5, 5, 5, 5, 5, 5, 5], "b_turds_left": [5, 5, 5, 4, 4, 4, 4, 3, 3, 3, 3, 2, 2, 2, 2, 1, 1, 1, 1, 1, 1, 1, 1, 0, 0, 0, 0, 0, 0, 0, 0, 0, 0, 0, 0, 0, 0, 0, 0, 0, 0, 0, 0, 0, 0, 0, 0, 0, 0, 0, 0, 0, 0, 0, 0, 0, 0, 0, 0, 0, 0, 0, 0, 0, 0, 0, 0, 0, 0, 0, 0, 0, 0, 0, 0, 0, 0, 0, 0, 0], "a_time_left": [359.9965075830114, 359.9965075830114, 359.9947077910183, 359.9947077910183, 359.9934565410367, 359.9934565410367, 359.9926400820259, 359.9926400820259, 359.9901731660357, 359.9901731660357, 359.98891383304726, 359.98891383304726, 359.9871107910294, 359.9871107910294, 359.9870283740456, 359.9870283740456, 359.9867988740443, 359.9867988740443, 359.98670045804465, 359.98670045804465, 359.9864926250302, 359.9864926250302, 359.9863733330276, 359.9863733330276, 359.9862934999983, 359.9862934999983, 359.9861767499824, 359.9861767499824, 359.9860711249639, 359.9860711249639, 359.9859576249728, 359.9859576249728, 359.9858686249936, 359.9858686249936, 359.9857725829934, 359.9857725829934, 359.9856898749713, 359.9856898749713, 359.9855850409949, 359.9855850409949, 359.9833986250451, 359.9833986250451, 359.98328800004674, 359.98328800004674, 359.98297920805635, 359.98297920805635, 359.98286941606784, 359.98286941606784, 359.98274683207273, 359.98274683207273, 359.9824632490636, 359.9824632490636, 359.9821434990736, 359.9821434990736, 359.98187649907777, 359.98187649907777, 359.9816584161017, 359.9816584161017, 359.9814470410929, 359.9814470410929, 359.9811835830915, 359.9811835830915, 359.9809340831125, 359.9809340831125, 359.9807157081086, 359.9807157081086, 359.9804768751492, 359.9804768751492, 359.98014679114567, 359.98014679114567, 359.9800477491808, 359.9800477491808, 359.9799261241569, 359.9799261241569, 359.9798357071704, 359.9798357071704, 359.97972258215304, 359.97972258215304, 359.97962658212055, 359.97962658212055], "b_time_left": [360, 359.9966865419992, 359.9966865419992, 359.9949317089631, 359.9949317089631, 359.992378624971, 359.992378624971, 359.99169408297166, 359.99169408297166, 359.99074220797047, 359.99074220797047, 359.9889991659438, 359.9889991659438, 359.98727487394353, 359.98727487394353, 359.9867485819268, 359.9867485819268, 359.98648770694854, 359.98648770694854, 359.986199873907, 359.986199873907, 359.98571533191716, 359.98571533191716, 359.9853519149474, 359.9853519149474, 359.9852043319843, 359.9852043319843, 359.9850943320198, 359.9850943320198, 359.9849372910103, 359.9849372910103, 359.98484170698794, 359.98484170698794, 359.98464778997004, 359.98464778997004, 359.9845603729482, 359.9845603729482, 359.98437378997914, 359.98437378997914, 359.98410445597256, 359.98410445597256, 359.980800247984, 359.980800247984, 359.9789726230083, 359.9789726230083, 359.9785080809961, 359.9785080809961, 359.9784142060089, 359.9784142060089, 359.97831012203824, 359.97831012203824, 359.9781196640688, 359.9781196640688, 359.92165858106455, 359.92165858106455, 359.9215648310492, 359.9215648310492, 359.9213464980712, 359.9213464980712, 359.92116104008164, 359.92116104008164, 359.9209512900561, 359.9209512900561, 359.92053374805255, 359.92053374805255, 359.92034316505305, 359.92034316505305, 359.91992362303426, 359.91992362303426, 359.9198272060021, 359.9198272060021, 359.91974491399014, 359.91974491399014, 359.91967362200376, 359.91967362200376, 359.91960541298613, 359.91960541298613, 359.9195402049809, 359.9195402049809, 359.91947366297245], "a_moves_left": [39, 39, 38, 38, 37, 37, 36, 36, 35, 35, 34, 34, 33, 33, 32, 32, 31, 31, 30, 30, 29, 29, 28, 28, 27, 27, 26, 26, 25, 25, 24, 24, 23, 23, 22, 22, 21, 21, 20, 20, 19, 19, 18, 18, 17, 17, 16, 16, 15, 15, 14, 14, 13, 13, 12, 12, 11, 11, 10, 10, 9, 9, 8, 8, 7, 7, 6, 6, 5, 5, 4, 4, 3, 3, 2, 2, 1, 1, 0, 0], "b_moves_left": [40, 39, 39, 38, 38, 37, 37, 36, 36, 35, 35, 34, 34, 33, 33, 32, 32, 31, 31, 30, 30, 29, 29, 28, 28, 27, 27, 26, 26, 25, 25, 24, 24, 23, 23, 22, 22, 21, 21, 20, 20, 19, 19, 18, 18, 17, 17, 16, 16, 15, 15, 14, 14, 13, 13, 12, 12, 11, 11, 10, 10, 9, 9, 8, 8, 7, 7, 6, 6, 5, 5, 4, 4, 3, 3, 2, 2, 1, 1, 0], "trapdoor_triggered": [0, 0, 0, 0, 0, 0, 0, 0, 0, 0, 0, 0, 0, 0, 0, 0, 0, 0, 0, 0, 0, 0, 0, 0, 0, 0, 0, 0, 0, 0, 0, 0, 0, 0, 0, 0, 0, 0, 0, 0, 0, 0, 0, 0, 0, 0, 0, 0, 0, 0, 0, 0, 0, 0, 0, 0, 0, 0, 0, 0, 0, 0, 0, 0, 0, 0, 0, 0, 0, 0, 0, 0, 0, 0, 0, 0, 0, 0, 0, 0], "left_behind": ["egg", "egg", "plain", "turd", "egg", "egg", "plain", "turd", "egg", "egg", "plain", "turd", "egg", "egg", "plain", "turd", "egg", "egg", "plain", "plain", "plain", "egg", "plain", "turd", "plain", "egg", "plain", "plain", "egg", "egg", "plain", "plain", "plain", "plain", "plain", "plain", "plain", "plain", "plain", "plain", "egg", "plain", "plain", "plain", "egg", "plain", "plain", "plain", "egg", "plain", "plain", "plain", "egg", "plain", "plain", "plain", "plain", "plain", "plain", "plain", "egg", "plain", "plain", "plain", "egg", "plain", "plain", "plain", "egg", "plain", "plain", "plain", "egg", "plain", "plain", "plain", "egg", "plain", "plain", "plain"], "errlog_a": "", "errlog_b": "", "start_time": 360, "start_moves": 40, "turn_count": 80, "result": 0, "reason": "EGGS_LAID", "trapdoors": [[5, 3], [2, 3]], "spawn_a": [7, 3], "spawn_b": [0, 3]}