{"pos": [[1, 2], [6, 2], [1, 1], [6, 1], [0, 1], [5, 1], [0, 0], [4, 1], [1, 0], [3, 1], [2, 0], [2, 1], [1, 0], [2, 2], [1, 1], [1, 2], [0, 1], [1, 3], [0, 2], [0, 3], [0, 1], [0, 4], [0, 0], [1, 4], [1, 0], [2, 4], [2, 0], [2, 3], [1, 0], [3, 3], [1, 1], [4, 3], [0, 1], [5, 3], [0, 0], [5, 2], [1, 0], [5, 1], [2, 0], [5, 0], [1, 0], [6, 0], [1, 1], [7, 0], [0, 1], [7, 1], [0, 2], [6, 1], [0, 1], [6, 0], [0, 0], [7, 0], [1, 0], [7, 1], [2, 0], [7, 2], [1, 0], [7, 3], [1, 1], [6, 3], [0, 1], [6, 4], [0, 2], [6, 5], [0, 1], [6, 6], [0, 0], [5, 6], [0, 1], [5, 5], [0, 2], [5, 4], [0, 1], [4, 4], [1, 1], [4, 5], [1, 0], [4, 6], [2, 0], [3, 6]], "a_eggs_laid": [1, 1, 1, 1, 2, 2, 2, 2, 5, 5, 5, 5, 6, 6, 6, 6, 6, 6, 6, 6, 6, 6, 6, 6, 6, 6, 6, 6, 6, 6, 6, 6, 6, 6, 6, 6, 6, 6, 6, 6, 6, 6, 6, 6, 6, 6, 6, 6, 6, 6, 6, 6, 6, 6, 6, 6, 6, 6, 6, 6, 6, 6, 6, 6, 6, 6, 6, 6, 6, 6, 6, 6, 6, 6, 6, 6, 6, 6, 6, 6], "b_eggs_laid": [0, 1, 1, 1, 1, 2, 2, 2, 2, 3, 3, 3, 3, 4, 4, 4, 4, 5, 5, 5, 5, 6, 6, 6, 6, 7, 7, 7, 7, 8, 8, 8, 8, 9, 9, 9, 9, 10, 10, 10, 10, 11, 11, 11, 11, 14, 14, 14, 14, 14, 14, 14, 14, 14, 14, 14, 14, 14, 14, 14, 14, 15, 15, 15, 15, 16, 16, 16, 16, 17, 17, 17, 17, 18, 18, 18, 18, 19, 19, 19], "a_turds_left": [5, 5, 5, 5, 5, 5, 5, 5, 5, 5, 5, 5, 5, 5, 5, 5, 5, 5, 5, 5, 5, 5, 5, 5, 5, 5, 5, 5, 5, 5, 5, 5, 5, 5, 5, 5, 5, 5, 5, 5, 5, 5, 5, 5, 5, 5, 5, 5, 5, 5, 5, 5, 5, 5, 5, 5, 5, 5, 5, 5, 5, 5, 5, 5, 5, 5, 5, 5, 5, 5, 5, 5, 5, 5, 5, 5, 5, 5, 5, 5], "b_turds_left": [5, 5, 5, 4, 4, 4, 4, 3, 3, 3, 3, 2, 2, 2, 2, 1, 1, 1, 1, 0, 0, 0, 0, 0, 0, 0, 0, 0, 0, 0, 0, 0, 0, 0, 0, 0, 0, 0, 0, 0, 0, 0, 0, 0, 0, 0, 0, 0, 0, 0, 0, 0, 0, 0, 0, 0, 0, 0, 0, 0, 0, 0, 0, 0, 0, 0, 0, 0, 0, 0, 0, 0, 0, 0, 0, 0, 0, 0, 0, 0], "a_time_left": [359.99635237496113, 359.99635237496113, 359.9945519999601, 359.9945519999601, 359.9913615419646, 359.9913615419646, 359.9905715420027, 359.9905715420027, 359.9888579589897, 359.9888579589897, 359.9880688759731, 359.9880688759731, 359.98779616696993, 359.98779616696993, 359.9874911259976, 359.9874911259976, 359.98724045901326, 359.98724045901326, 359.98694129200885, 359.98694129200885, 359.98683241702383, 359.98683241702383, 359.98671000101604, 359.98671000101604, 359.9865992090199, 359.9865992090199, 359.98648879205575, 359.98648879205575, 359.9863917080802, 359.9863917080802, 359.9862715420895, 359.9862715420895, 359.98616908409167, 359.98616908409167, 359.98605370911537, 359.98605370911537, 359.9859555431176, 359.9859555431176, 359.9858418761287, 359.9858418761287, 359.98574500111863, 359.98574500111863, 359.98563400108833, 359.98563400108833, 359.98552933405153, 359.98552933405153, 359.9854087920394, 359.9854087920394, 359.98531820904464, 359.98531820904464, 359.98520670906873, 359.98520670906873, 359.9851052510785, 359.9851052510785, 359.98499387607444, 359.98499387607444, 359.9849026260781, 359.9849026260781, 359.98479141807184, 359.98479141807184, 359.9846847100998, 359.9846847100998, 359.9845532930922, 359.9845532930922, 359.984463377099, 359.984463377099, 359.9843267100514, 359.9843267100514, 359.98422412603395, 359.98422412603395, 359.98410054302076, 359.98410054302076, 359.9837965010083, 359.9837965010083, 359.9834805839928, 359.9834805839928, 359.9832132930169, 359.9832132930169, 359.9828872930375, 359.9828872930375], "b_time_left": [360, 359.9966718330397, 359.9966718330397, 359.9949719160795, 359.9949719160795, 359.9924289570772, 359.9924289570772, 359.99074699904304, 359.99074699904304, 359.9882810410345, 359.9882810410345, 359.98657325003296, 359.98657325003296, 359.9856676660711, 359.9856676660711, 359.98437512508826, 359.98437512508826, 359.9835016250727, 359.9835016250727, 359.9828819161048, 359.9828819161048, 359.98262008314487, 359.98262008314487, 359.9823739991407, 359.9823739991407, 359.9817684991285, 359.9817684991285, 359.9814478320768, 359.9814478320768, 359.9813544990611, 359.9813544990611, 359.9812833740725, 359.9812833740725, 359.9811909580603, 359.9811909580603, 359.9811260420829, 359.9811260420829, 359.98103591712425, 359.98103591712425, 359.980945125164, 359.980945125164, 359.9808650831692, 359.9808650831692, 359.9808058741619, 359.9808058741619, 359.9806881661643, 359.9806881661643, 359.9806207912043, 359.9806207912043, 359.9805313742254, 359.9805313742254, 359.9804677912616, 359.9804677912616, 359.9803954992676, 359.9803954992676, 359.9803292902652, 359.9803292902652, 359.9801742902491, 359.9801742902491, 359.98010379023617, 359.98010379023617, 359.9800094982493, 359.9800094982493, 359.9799346642685, 359.9799346642685, 359.97984108130913, 359.97984108130913, 359.9797679563053, 359.9797679563053, 359.9796736653079, 359.9796736653079, 359.97947170730913, 359.97947170730913, 359.9793555403594, 359.9793555403594, 359.97916749934666, 359.97916749934666, 359.9789090413251, 359.9789090413251, 359.9788210413535], "a_moves_left": [39, 39, 38, 38, 37, 37, 36, 36, 35, 35, 34, 34, 33, 33, 32, 32, 31, 31, 30, 30, 29, 29, 28, 28, 27, 27, 26, 26, 25, 25, 24, 24, 23, 23, 22, 22, 21, 21, 20, 20, 19, 19, 18, 18, 17, 17, 16, 16, 15, 15, 14, 14, 13, 13, 12, 12, 11, 11, 10, 10, 9, 9, 8, 8, 7, 7, 6, 6, 5, 5, 4, 4, 3, 3, 2, 2, 1, 1, 0, 0], "b_moves_left": [40, 39, 39, 38, 38, 37, 37, 36, 36, 35, 35, 34, 34, 33, 33, 32, 32, 31, 31, 30, 30, 29, 29, 28, 28, 27, 27, 26, 26, 25, 25, 24, 24, 23, 23, 22, 22, 21, 21, 20, 20, 19, 19, 18, 18, 17, 17, 16, 16, 15, 15, 14, 14, 13, 13, 12, 12, 11, 11, 10, 10, 9, 9, 8, 8, 7, 7, 6, 6, 5, 5, 4, 4, 3, 3, 2, 2, 1, 1, 0], "trapdoor_triggered": [0, 0, 0, 0, 0, 0, 0, 0, 0, 0, 0, 0, 0, 0, 0, 0, 0, 0, 0, 0, 0, 0, 0, 0, 0, 0, 0, 0, 0, 0, 0, 0, 0, 0, 0, 0, 0, 0, 0, 0, 0, 0, 0, 0, 0, 0, 0, 0, 0, 0, 0, 0, 0, 0, 0, 0, 0, 0, 0, 0, 0, 0, 0, 0, 0, 0, 0, 0, 0, 0, 0, 0, 0, 0, 0, 0, 0, 0, 0, 0], "left_behind": ["egg", "egg", "plain", "turd", "egg", "egg", "plain", "turd", "egg", "egg", "plain", "turd", "egg", "egg", "plain", "turd", "plain", "egg", "plain", "turd", "plain", "egg", "plain", "plain", "plain", "egg", "plain", "plain", "plain", "egg", "plain", "plain", "plain", "egg", "plain", "plain", "plain", "egg", "plain", "plain", "plain", "egg", "plain", "plain", "plain", "egg", "plain", "plain", "plain", "plain", "plain", "plain", "plain", "plain", "plain", "plain", "plain", "plain", "plain", "plain", "plain", "egg", "plain", "plain", "plain", "egg", "plain", "plain", "plain", "egg", "plain", "plain", "plain", "egg", "plain", "plain", "plain", "egg", "plain", "plain"], "errlog_a": "", "errlog_b": "", "start_time": 360, "start_moves": 40, "turn_count": 80, "result": 1, "reason": "EGGS_LAID", "trapdoors": [[4, 2], [3, 2]], "spawn_a": [0, 2], "spawn_b": [7, 2]}