{"pos": [[6, 5], [1, 5], [6, 4], [1, 4], [7, 4], [1, 3], [7, 3], [2, 3], [6, 3], [2, 4], [6, 2], [0, 5], [7, 2], [0, 4], [7, 1], [0, 3], [6, 1], [0, 2], [5, 1], [1, 2], [5, 0], [1, 1], [6, 0], [2, 1], [7, 0], [3, 1], [7, 1], [4, 1], [6, 1], [4, 2], [6, 2], [3, 2], [5, 2], [2, 2], [5, 3], [3, 2], [5, 4], [4, 2], [5, 5], [5, 2], [5, 6], [4, 2], [6, 6], [4, 1], [7, 6], [4, 0], [7, 7], [5, 0], [6, 7], [4, 0], [5, 7], [3, 0], [4, 7], [2, 0], [4, 6], [1, 0], [3, 6], [0, 0], [4, 6], [0, 1], [4, 5], [1, 1], [4, 4], [2, 1], [5, 4], [3, 1], [5, 3], [3, 0], [6, 3], [2, 0], [6, 4], [1, 0], [6, 5], [0, 0], [6, 6], [0, 1], [5, 6], [0, 2], [5, 5], [1, 2]], "a_eggs_laid": [1, 1, 1, 1, 2, 2, 2, 2, 3, 3, 3, 3, 8, 8, 8, 8, 9, 9, 9, 9, 10, 10, 10, 10, 11, 11, 11, 11, 11, 11, 11, 11, 11, 11, 11, 11, 12, 12, 12, 12, 13, 13, 13, 13, 14, 14, 14, 14, 17, 17, 17, 17, 18, 18, 18, 18, 19, 19, 19, 19, 19, 19, 19, 19, 20, 20, 20, 20, 20, 20, 20, 20, 20, 20, 20, 20, 20, 20, 20, 20], "b_eggs_laid": [0, 1, 1, 1, 1, 2, 2, 2, 2, 3, 3, 3, 3, 3, 3, 3, 3, 4, 4, 4, 4, 5, 5, 5, 5, 6, 6, 6, 6, 7, 7, 7, 7, 8, 8, 8, 8, 8, 8, 8, 8, 9, 9, 9, 9, 9, 9, 9, 9, 10, 10, 10, 10, 11, 11, 11, 11, 12, 12, 12, 12, 13, 13, 13, 13, 13, 13, 13, 13, 13, 13, 13, 13, 13, 13, 13, 13, 13, 13, 13], "a_turds_left": [5, 5, 5, 5, 5, 5, 5, 5, 5, 5, 5, 5, 5, 5, 5, 5, 5, 5, 5, 5, 5, 5, 5, 5, 5, 5, 5, 5, 5, 5, 5, 5, 5, 5, 5, 5, 5, 5, 5, 5, 5, 5, 5, 5, 5, 5, 5, 5, 5, 5, 5, 5, 5, 5, 5, 5, 5, 5, 5, 5, 5, 5, 5, 5, 5, 5, 5, 5, 5, 5, 5, 5, 5, 5, 5, 5, 5, 5, 5, 5], "b_turds_left": [5, 5, 5, 4, 4, 4, 4, 3, 3, 3, 3, 2, 2, 2, 2, 1, 1, 1, 1, 0, 0, 0, 0, 0, 0, 0, 0, 0, 0, 0, 0, 0, 0, 0, 0, 0, 0, 0, 0, 0, 0, 0, 0, 0, 0, 0, 0, 0, 0, 0, 0, 0, 0, 0, 0, 0, 0, 0, 0, 0, 0, 0, 0, 0, 0, 0, 0, 0, 0, 0, 0, 0, 0, 0, 0, 0, 0, 0, 0, 0], "a_time_left": [359.9984526669723, 359.9984526669723, 359.9967215839424, 359.9967215839424, 359.99347295891494, 359.99347295891494, 359.99269958387595, 359.99269958387595, 359.9902356248931, 359.9902356248931, 359.9889660408953, 359.9889660408953, 359.9855381658999, 359.9855381658999, 359.9852554159006, 359.9852554159006, 359.98511304089334, 359.98511304089334, 359.9849794568727, 359.9849794568727, 359.984832498827, 359.984832498827, 359.9847142487997, 359.9847142487997, 359.984585248807, 359.984585248807, 359.9844790828065, 359.9844790828065, 359.9843750828295, 359.9843750828295, 359.9842536658398, 359.9842536658398, 359.98413316585356, 359.98413316585356, 359.98401458287844, 359.98401458287844, 359.9838720408734, 359.9838720408734, 359.9837522908347, 359.9837522908347, 359.9836118738167, 359.9836118738167, 359.9834917067783, 359.9834917067783, 359.9833485397976, 359.9833485397976, 359.9832419147715, 359.9832419147715, 359.98313228978077, 359.98313228978077, 359.9830163727747, 359.9830163727747, 359.98289762280183, 359.98289762280183, 359.9827859138022, 359.9827859138022, 359.98266483080806, 359.98266483080806, 359.9825437468244, 359.9825437468244, 359.98243508080486, 359.98243508080486, 359.98231628880603, 359.98231628880603, 359.98219228879316, 359.98219228879316, 359.9820863727946, 359.9820863727946, 359.98199603974354, 359.98199603974354, 359.98137120570755, 359.98137120570755, 359.9809497477254, 359.9809497477254, 359.98068103869446, 359.98068103869446, 359.98043653869536, 359.98043653869536, 359.9801470806706, 359.9801470806706], "b_time_left": [360, 359.99862733401824, 359.99862733401824, 359.99667329201475, 359.99667329201475, 359.9956895840005, 359.9956895840005, 359.99395229300717, 359.99395229300717, 359.9929833760252, 359.9929833760252, 359.99163004301954, 359.99163004301954, 359.99093446001643, 359.99093446001643, 359.99016741802916, 359.99016741802916, 359.98977079306496, 359.98977079306496, 359.98928704304853, 359.98928704304853, 359.98881616804283, 359.98881616804283, 359.9884641680401, 359.9884641680401, 359.9875922090723, 359.9875922090723, 359.9872257511015, 359.9872257511015, 359.98658983409405, 359.98658983409405, 359.98649983410724, 359.98649983410724, 359.9863962921081, 359.9863962921081, 359.9863111670711, 359.9863111670711, 359.9860547501012, 359.9860547501012, 359.9858410420711, 359.9858410420711, 359.9857805830543, 359.9857805830543, 359.9856339170947, 359.9856339170947, 359.98544537607813, 359.98544537607813, 359.9853740420658, 359.9853740420658, 359.9853120010812, 359.9853120010812, 359.9852210430545, 359.9852210430545, 359.9851364600472, 359.9851364600472, 359.9850730430917, 359.9850730430917, 359.9849877510569, 359.9849877510569, 359.9849242090713, 359.9849242090713, 359.9848322090693, 359.9848322090693, 359.98474212607834, 359.98474212607834, 359.9846242510248, 359.9846242510248, 359.9845408340334, 359.9845408340334, 359.9844508750248, 359.9844508750248, 359.98435533302836, 359.98435533302836, 359.9842492910684, 359.9842492910684, 359.9840706241084, 359.9840706241084, 359.9838620821247, 359.9838620821247, 359.9836807901156], "a_moves_left": [39, 39, 38, 38, 37, 37, 36, 36, 35, 35, 34, 34, 33, 33, 32, 32, 31, 31, 30, 30, 29, 29, 28, 28, 27, 27, 26, 26, 25, 25, 24, 24, 23, 23, 22, 22, 21, 21, 20, 20, 19, 19, 18, 18, 17, 17, 16, 16, 15, 15, 14, 14, 13, 13, 12, 12, 11, 11, 10, 10, 9, 9, 8, 8, 7, 7, 6, 6, 5, 5, 4, 4, 3, 3, 2, 2, 1, 1, 0, 0], "b_moves_left": [40, 39, 39, 38, 38, 37, 37, 36, 36, 35, 35, 34, 34, 33, 33, 32, 32, 31, 31, 30, 30, 29, 29, 28, 28, 27, 27, 26, 26, 25, 25, 24, 24, 23, 23, 22, 22, 21, 21, 20, 20, 19, 19, 18, 18, 17, 17, 16, 16, 15, 15, 14, 14, 13, 13, 12, 12, 11, 11, 10, 10, 9, 9, 8, 8, 7, 7, 6, 6, 5, 5, 4, 4, 3, 3, 2, 2, 1, 1, 0], "trapdoor_triggered": [0, 0, 0, 0, 0, 0, 0, 0, 0, 0, 0, 1, 0, 0, 0, 0, 0, 0, 0, 0, 0, 0, 0, 0, 0, 0, 0, 0, 0, 0, 0, 0, 0, 0, 0, 0, 0, 0, 0, 0, 0, 0, 0, 0, 0, 0, 0, 0, 0, 0, 0, 0, 0, 0, 0, 0, 0, 0, 0, 0, 0, 0, 0, 0, 0, 0, 0, 0, 0, 0, 0, 0, 0, 0, 0, 0, 0, 0, 0, 0], "left_behind": ["egg", "egg", "plain", "turd", "egg", "egg", "plain", "turd", "egg", "egg", "plain", "turd", "egg", "plain", "plain", "turd", "egg", "egg", "plain", "turd", "egg", "egg", "plain", "plain", "egg", "egg", "plain", "plain", "plain", "egg", "plain", "plain", "plain", "egg", "plain", "plain", "egg", "plain", "plain", "plain", "egg", "egg", "plain", "plain", "egg", "plain", "plain", "plain", "egg", "egg", "plain", "plain", "egg", "egg", "plain", "plain", "egg", "egg", "plain", "plain", "plain", "egg", "plain", "plain", "egg", "plain", "plain", "plain", "plain", "plain", "plain", "plain", "plain", "plain", "plain", "plain", "plain", "plain", "plain", "plain"], "errlog_a": "", "errlog_b": "", "start_time": 360, "start_moves": 40, "turn_count": 80, "result": 0, "reason": "EGGS_LAID", "trapdoors": [[3, 5], [3, 4]], "spawn_a": [7, 5], "spawn_b": [0, 5]}