{"pos": [[6, 3], [1, 3], [6, 2], [1, 2], [7, 2], [1, 1], [7, 1], [2, 1], [6, 1], [3, 1], [5, 1], [4, 1], [5, 0], [4, 0], [6, 0], [5, 0], [7, 0], [4, 0], [6, 0], [3, 0], [6, 1], [2, 0], [5, 1], [1, 0], [5, 2], [0, 0], [5, 3], [0, 1], [6, 3], [0, 2], [6, 4], [1, 2], [7, 4], [2, 2], [7, 5], [2, 3], [6, 5], [2, 2], [6, 6], [2, 1], [7, 6], [2, 2], [7, 7], [2, 3], [6, 7], [3, 3], [5, 7], [4, 3], [5, 6], [3, 3], [5, 5], [3, 4], [5, 4], [2, 4], [5, 3], [2, 5], [5, 2], [2, 6], [6, 2], [3, 6], [7, 2], [4, 6], [7, 1], [4, 5], [7, 0], [4, 6], [7, 1], [5, 6], [6, 1], [4, 6], [5, 1], [4, 7], [5, 2], [3, 7], [4, 2], [2, 7], [5, 2], [1, 7], [4, 2], [1, 6]], "a_eggs_laid": [1, 1, 1, 1, 2, 2, 2, 2, 3, 3, 3, 3, 4, 4, 4, 4, 5, 5, 5, 5, 5, 5, 5, 5, 5, 5, 5, 5, 6, 6, 6, 6, 7, 7, 7, 7, 8, 8, 8, 8, 9, 9, 9, 9, 12, 12, 12, 12, 13, 13, 13, 13, 14, 14, 14, 14, 14, 14, 14, 14, 14, 14, 14, 14, 14, 14, 14, 14, 14, 14, 14, 14, 14, 14, 14, 14, 15, 15, 15, 15], "b_eggs_laid": [0, 1, 1, 1, 1, 2, 2, 2, 2, 3, 3, 3, 3, 4, 4, 4, 4, 5, 5, 5, 5, 6, 6, 6, 6, 7, 7, 7, 7, 8, 8, 8, 8, 8, 8, 8, 8, 9, 9, 9, 9, 9, 9, 9, 9, 9, 9, 9, 9, 10, 10, 10, 10, 11, 11, 11, 11, 12, 12, 12, 12, 13, 13, 13, 13, 14, 14, 14, 14, 15, 15, 15, 15, 16, 16, 16, 16, 17, 17, 17], "a_turds_left": [5, 5, 5, 5, 5, 5, 5, 5, 5, 5, 5, 5, 5, 5, 5, 5, 5, 5, 5, 5, 5, 5, 5, 5, 5, 5, 5, 5, 5, 5, 5, 5, 5, 5, 5, 5, 5, 5, 5, 5, 5, 5, 5, 5, 5, 5, 5, 5, 5, 5, 5, 5, 5, 5, 5, 5, 5, 5, 5, 5, 5, 5, 5, 5, 5, 5, 5, 5, 5, 5, 5, 5, 5, 5, 5, 5, 5, 5, 5, 5], "b_turds_left": [5, 5, 5, 4, 4, 4, 4, 3, 3, 3, 3, 2, 2, 2, 2, 1, 1, 1, 1, 1, 1, 1, 1, 0, 0, 0, 0, 0, 0, 0, 0, 0, 0, 0, 0, 0, 0, 0, 0, 0, 0, 0, 0, 0, 0, 0, 0, 0, 0, 0, 0, 0, 0, 0, 0, 0, 0, 0, 0, 0, 0, 0, 0, 0, 0, 0, 0, 0, 0, 0, 0, 0, 0, 0, 0, 0, 0, 0, 0, 0], "a_time_left": [359.99613354203757, 359.99613354203757, 359.99426812608726, 359.99426812608726, 359.99291412608, 359.99291412608, 359.99206346005667, 359.99206346005667, 359.98936687706737, 359.98936687706737, 359.98781250201864, 359.98781250201864, 359.9860171270557, 359.9860171270557, 359.98576966905966, 359.98576966905966, 359.9854899600614, 359.9854899600614, 359.9852372520254, 359.9852372520254, 359.98496579303173, 359.98496579303173, 359.98465821007267, 359.98465821007267, 359.9845434180461, 359.9845434180461, 359.98440908506745, 359.98440908506745, 359.98425379308173, 359.98425379308173, 359.98413891805103, 359.98413891805103, 359.9840091680526, 359.9840091680526, 359.98391083505703, 359.98391083505703, 359.9835929600522, 359.9835929600522, 359.9832902100752, 359.9832902100752, 359.98292996006785, 359.98292996006785, 359.98266204306856, 359.98266204306856, 359.9824025850976, 359.9824025850976, 359.98209846013924, 359.98209846013924, 359.9817222520942, 359.9817222520942, 359.9814474611194, 359.9814474611194, 359.9811052951263, 359.9811052951263, 359.9807936291327, 359.9807936291327, 359.98068321309984, 359.98068321309984, 359.98040483810473, 359.98040483810473, 359.98016638011904, 359.98016638011904, 359.9799462130759, 359.9799462130759, 359.9797255040612, 359.9797255040612, 359.9795197540079, 359.9795197540079, 359.9793100450188, 359.9793100450188, 359.9790440450306, 359.9790440450306, 359.9788345450652, 359.9788345450652, 359.9785485030734, 359.9785485030734, 359.9784580860869, 359.9784580860869, 359.978336461063, 359.978336461063], "b_time_left": [360, 359.99856337497476, 359.99856337497476, 359.9978707919945, 359.9978707919945, 359.9953947089962, 359.9953947089962, 359.99368875002256, 359.99368875002256, 359.9912218330428, 359.9912218330428, 359.9893235830241, 359.9893235830241, 359.9886496660183, 359.9886496660183, 359.9881320410641, 359.9881320410641, 359.987919957086, 359.987919957086, 359.9876479150844, 359.9876479150844, 359.98746404005215, 359.98746404005215, 359.98712329001864, 359.98712329001864, 359.9867437900393, 359.9867437900393, 359.9866566650453, 359.9866566650453, 359.9864987480105, 359.9864987480105, 359.98642691399436, 359.98642691399436, 359.986253081006, 359.986253081006, 359.98617245606147, 359.98617245606147, 359.985142122081, 359.985142122081, 359.98469728807686, 359.98469728807686, 359.9842339970637, 359.9842339970637, 359.98379249707796, 359.98379249707796, 359.98295524704736, 359.98295524704736, 359.98273733002134, 359.98273733002134, 359.9798143710359, 359.9798143710359, 359.9792515380541, 359.9792515380541, 359.979016455065, 359.979016455065, 359.97883162106154, 359.97883162106154, 359.9785719130887, 359.9785719130887, 359.9783222460537, 359.9783222460537, 359.9781093290658, 359.9781093290658, 359.9780305370805, 359.9780305370805, 359.9778147870675, 359.9778147870675, 359.97742045408813, 359.97742045408813, 359.9772805790417, 359.9772805790417, 359.97700762102613, 359.97700762102613, 359.9769362040679, 359.9769362040679, 359.9768610370811, 359.9768610370811, 359.9767018700368, 359.9767018700368, 359.97663891204866], "a_moves_left": [39, 39, 38, 38, 37, 37, 36, 36, 35, 35, 34, 34, 33, 33, 32, 32, 31, 31, 30, 30, 29, 29, 28, 28, 27, 27, 26, 26, 25, 25, 24, 24, 23, 23, 22, 22, 21, 21, 20, 20, 19, 19, 18, 18, 17, 17, 16, 16, 15, 15, 14, 14, 13, 13, 12, 12, 11, 11, 10, 10, 9, 9, 8, 8, 7, 7, 6, 6, 5, 5, 4, 4, 3, 3, 2, 2, 1, 1, 0, 0], "b_moves_left": [40, 39, 39, 38, 38, 37, 37, 36, 36, 35, 35, 34, 34, 33, 33, 32, 32, 31, 31, 30, 30, 29, 29, 28, 28, 27, 27, 26, 26, 25, 25, 24, 24, 23, 23, 22, 22, 21, 21, 20, 20, 19, 19, 18, 18, 17, 17, 16, 16, 15, 15, 14, 14, 13, 13, 12, 12, 11, 11, 10, 10, 9, 9, 8, 8, 7, 7, 6, 6, 5, 5, 4, 4, 3, 3, 2, 2, 1, 1, 0], "trapdoor_triggered": [0, 0, 0, 0, 0, 0, 0, 0, 0, 0, 0, 0, 0, 0, 0, 0, 0, 0, 0, 0, 0, 0, 0, 0, 0, 0, 0, 0, 0, 0, 0, 0, 0, 0, 0, 0, 0, 0, 0, 0, 0, 0, 0, 0, 0, 0, 0, 0, 0, 0, 0, 0, 0, 0, 0, 0, 0, 0, 0, 0, 0, 0, 0, 0, 0, 0, 0, 0, 0, 0, 0, 0, 0, 0, 0, 0, 0, 0, 0, 0], "left_behind": ["egg", "egg", "plain", "turd", "egg", "egg", "plain", "turd", "egg", "egg", "plain", "turd", "egg", "egg", "plain", "turd", "egg", "egg", "plain", "plain", "plain", "egg", "plain", "turd", "plain", "egg", "plain", "plain", "egg", "egg", "plain", "plain", "egg", "plain", "plain", "plain", "egg", "egg", "plain", "plain", "egg", "plain", "plain", "plain", "egg", "plain", "plain", "plain", "egg", "egg", "plain", "plain", "egg", "egg", "plain", "plain", "plain", "egg", "plain", "plain", "plain", "egg", "plain", "plain", "plain", "egg", "plain", "plain", "plain", "egg", "plain", "plain", "plain", "egg", "plain", "plain", "egg", "egg", "plain", "plain"], "errlog_a": "", "errlog_b": "", "start_time": 360, "start_moves": 40, "turn_count": 80, "result": 1, "reason": "EGGS_LAID", "trapdoors": [[4, 4], [3, 2]], "spawn_a": [7, 3], "spawn_b": [0, 3]}