{"pos": [[6, 1], [1, 1], [5, 1], [2, 1], [5, 0], [3, 1], [4, 0], [4, 1], [5, 0], [4, 2], [6, 0], [4, 3], [7, 0], [5, 3], [6, 0], [6, 3], [6, 1], [6, 2], [5, 1], [6, 1], [5, 0], [6, 2], [4, 0], [7, 2], [5, 0], [7, 3], [5, 1], [7, 4], [5, 0], [6, 4], [6, 0], [6, 5], [7, 0], [6, 6], [7, 1], [5, 6], [7, 0], [4, 6], [7, 1], [4, 5], [7, 0], [3, 5], [6, 0], [3, 4], [7, 0], [2, 4], [7, 1], [2, 3], [7, 0], [2, 2], [6, 0], [3, 2], [5, 0], [3, 1], [4, 0], [3, 0], [5, 0], [2, 0], [4, 0], [1, 0], [5, 0], [0, 0], [5, 1], [1, 0], [5, 0], [2, 0], [4, 0], [3, 0], [5, 0], [2, 0], [5, 1], [2, 1], [5, 0], [2, 2], [5, 1], [1, 2], [5, 0], [1, 3], [6, 0], [1, 4]], "a_eggs_laid": [1, 1, 1, 1, 2, 2, 2, 2, 3, 3, 3, 3, 4, 4, 4, 4, 4, 4, 4, 4, 4, 4, 4, 4, 4, 4, 4, 4, 4, 4, 4, 4, 4, 4, 4, 4, 4, 4, 4, 4, 4, 4, 4, 4, 4, 4, 4, 4, 4, 4, 4, 4, 4, 4, 4, 4, 4, 4, 4, 4, 4, 4, 4, 4, 4, 4, 4, 4, 4, 4, 4, 4, 4, 4, 4, 4, 4, 4, 4, 4], "b_eggs_laid": [0, 1, 1, 1, 1, 2, 2, 2, 2, 3, 3, 3, 3, 4, 4, 4, 4, 5, 5, 5, 5, 6, 6, 6, 6, 7, 7, 7, 7, 8, 8, 8, 8, 9, 9, 9, 9, 10, 10, 10, 10, 11, 11, 11, 11, 12, 12, 12, 12, 13, 13, 13, 13, 14, 14, 14, 14, 15, 15, 15, 15, 16, 16, 16, 16, 16, 16, 16, 16, 16, 16, 16, 16, 16, 16, 16, 16, 17, 17, 17], "a_turds_left": [5, 5, 5, 5, 5, 5, 5, 5, 5, 5, 5, 5, 5, 5, 5, 5, 5, 5, 5, 5, 5, 5, 5, 5, 5, 5, 5, 5, 5, 5, 5, 5, 5, 5, 5, 5, 5, 5, 5, 5, 5, 5, 5, 5, 5, 5, 5, 5, 5, 5, 5, 5, 5, 5, 5, 5, 5, 5, 5, 5, 5, 5, 5, 5, 5, 5, 5, 5, 5, 5, 5, 5, 5, 5, 5, 5, 5, 5, 5, 5], "b_turds_left": [5, 5, 5, 4, 4, 4, 4, 3, 3, 3, 3, 2, 2, 2, 2, 1, 1, 1, 1, 0, 0, 0, 0, 0, 0, 0, 0, 0, 0, 0, 0, 0, 0, 0, 0, 0, 0, 0, 0, 0, 0, 0, 0, 0, 0, 0, 0, 0, 0, 0, 0, 0, 0, 0, 0, 0, 0, 0, 0, 0, 0, 0, 0, 0, 0, 0, 0, 0, 0, 0, 0, 0, 0, 0, 0, 0, 0, 0, 0, 0], "a_time_left": [359.99631983297877, 359.99631983297877, 359.9944820829551, 359.9944820829551, 359.99127008294454, 359.99127008294454, 359.989977332938, 359.989977332938, 359.98915758292424, 359.98915758292424, 359.9883458329132, 359.9883458329132, 359.98584054090315, 359.98584054090315, 359.98555174889043, 359.98555174889043, 359.98497379093897, 359.98497379093897, 359.9848336659488, 359.9848336659488, 359.9847283739946, 359.9847283739946, 359.98461004003184, 359.98461004003184, 359.9845105819986, 359.9845105819986, 359.9843946239562, 359.9843946239562, 359.9842914149631, 359.9842914149631, 359.98418391495943, 359.98418391495943, 359.9840788319125, 359.9840788319125, 359.9839789989055, 359.9839789989055, 359.98389637388755, 359.98389637388755, 359.98379941488383, 359.98379941488383, 359.9837149148807, 359.9837149148807, 359.9836217898992, 359.9836217898992, 359.98352437390713, 359.98352437390713, 359.9834334149491, 359.9834334149491, 359.98335512389895, 359.98335512389895, 359.983257998887, 359.983257998887, 359.98316504090326, 359.98316504090326, 359.9830606659525, 359.9830606659525, 359.9829824999324, 359.9829824999324, 359.9828809169703, 359.9828809169703, 359.98279591696337, 359.98279591696337, 359.98269166698446, 359.98269166698446, 359.982605584024, 359.982605584024, 359.9824945839937, 359.9824945839937, 359.98241395899095, 359.98241395899095, 359.9823045420344, 359.9823045420344, 359.9822120000608, 359.9822120000608, 359.98210587503854, 359.98210587503854, 359.98201758402865, 359.98201758402865, 359.9819091670215, 359.9819091670215], "b_time_left": [360, 359.99651058297604, 359.99651058297604, 359.994700582989, 359.994700582989, 359.9918312909431, 359.9918312909431, 359.99006404093234, 359.99006404093234, 359.98906816594535, 359.98906816594535, 359.9874177489546, 359.9874177489546, 359.985075956909, 359.985075956909, 359.9834565818892, 359.9834565818892, 359.98103999893647, 359.98103999893647, 359.9804120819899, 359.9804120819899, 359.9803356649936, 359.9803356649936, 359.98015599901555, 359.98015599901555, 359.97988145804266, 359.97988145804266, 359.9797337910277, 359.9797337910277, 359.979168333055, 359.979168333055, 359.9791020830162, 359.9791020830162, 359.97901075001573, 359.97901075001573, 359.9789414170082, 359.9789414170082, 359.9788418340031, 359.9788418340031, 359.97877545899246, 359.97877545899246, 359.97869008395355, 359.97869008395355, 359.9786270839395, 359.9786270839395, 359.9785378749366, 359.9785378749366, 359.97847324993927, 359.97847324993927, 359.9783902079216, 359.9783902079216, 359.9783271669294, 359.9783271669294, 359.97824829193996, 359.97824829193996, 359.97817133396165, 359.97817133396165, 359.9781094589853, 359.9781094589853, 359.9780485419906, 359.9780485419906, 359.977974666981, 359.977974666981, 359.9779191259877, 359.9779191259877, 359.9778446680284, 359.9778446680284, 359.97778283507796, 359.97778283507796, 359.97771912708413, 359.97771912708413, 359.97765171009814, 359.97765171009814, 359.97746450209524, 359.97746450209524, 359.977329169109, 359.977329169109, 359.97724583611125, 359.97724583611125, 359.9771842531045], "a_moves_left": [39, 39, 38, 38, 37, 37, 36, 36, 35, 35, 34, 34, 33, 33, 32, 32, 31, 31, 30, 30, 29, 29, 28, 28, 27, 27, 26, 26, 25, 25, 24, 24, 23, 23, 22, 22, 21, 21, 20, 20, 19, 19, 18, 18, 17, 17, 16, 16, 15, 15, 14, 14, 13, 13, 12, 12, 11, 11, 10, 10, 9, 9, 8, 8, 7, 7, 6, 6, 5, 5, 4, 4, 3, 3, 2, 2, 1, 1, 0, 0], "b_moves_left": [40, 39, 39, 38, 38, 37, 37, 36, 36, 35, 35, 34, 34, 33, 33, 32, 32, 31, 31, 30, 30, 29, 29, 28, 28, 27, 27, 26, 26, 25, 25, 24, 24, 23, 23, 22, 22, 21, 21, 20, 20, 19, 19, 18, 18, 17, 17, 16, 16, 15, 15, 14, 14, 13, 13, 12, 12, 11, 11, 10, 10, 9, 9, 8, 8, 7, 7, 6, 6, 5, 5, 4, 4, 3, 3, 2, 2, 1, 1, 0], "trapdoor_triggered": [0, 0, 0, 0, 0, 0, 0, 0, 0, 0, 0, 0, 0, 0, 0, 0, 0, 0, 0, 0, 0, 0, 0, 0, 0, 0, 0, 0, 0, 0, 0, 0, 0, 0, 0, 0, 0, 0, 0, 0, 0, 0, 0, 0, 0, 0, 0, 0, 0, 0, 0, 0, 0, 0, 0, 0, 0, 0, 0, 0, 0, 0, 0, 0, 0, 0, 0, 0, 0, 0, 0, 0, 0, 0, 0, 0, 0, 0, 0, 0], "left_behind": ["egg", "egg", "plain", "turd", "egg", "egg", "plain", "turd", "egg", "egg", "plain", "turd", "egg", "egg", "plain", "turd", "plain", "egg", "plain", "turd", "plain", "egg", "plain", "plain", "plain", "egg", "plain", "plain", "plain", "egg", "plain", "plain", "plain", "egg", "plain", "plain", "plain", "egg", "plain", "plain", "plain", "egg", "plain", "plain", "plain", "egg", "plain", "plain", "plain", "egg", "plain", "plain", "plain", "egg", "plain", "plain", "plain", "egg", "plain", "plain", "plain", "egg", "plain", "plain", "plain", "plain", "plain", "plain", "plain", "plain", "plain", "plain", "plain", "plain", "plain", "plain", "plain", "egg", "plain", "plain"], "errlog_a": "", "errlog_b": "", "start_time": 360, "start_moves": 40, "turn_count": 80, "result": 1, "reason": "EGGS_LAID", "trapdoors": [[3, 3], [5, 2]], "spawn_a": [7, 1], "spawn_b": [0, 1]}