{"pos": [[1, 2], [6, 2], [1, 1], [6, 1], [0, 1], [5, 1], [0, 0], [4, 1], [1, 0], [3, 1], [2, 0], [2, 1], [1, 0], [2, 2], [1, 1], [1, 2], [0, 1], [1, 3], [0, 2], [0, 3], [0, 1], [0, 4], [0, 0], [1, 4], [1, 0], [1, 5], [2, 0], [2, 5], [1, 0], [2, 6], [1, 1], [3, 6], [0, 1], [4, 6], [0, 0], [4, 5], [0, 1], [3, 5], [0, 2], [3, 4], [0, 1], [2, 4], [1, 1], [2, 3], [1, 0], [2, 2], [2, 0], [2, 1], [1, 0], [3, 1], [2, 0], [3, 0], [1, 0], [4, 0], [0, 0], [5, 0], [0, 1], [6, 0], [0, 2], [7, 0], [0, 1], [7, 1], [1, 1], [6, 1], [1, 0], [6, 0], [2, 0], [5, 0], [1, 0], [4, 0], [0, 0], [3, 0], [0, 1], [3, 1], [0, 2], [4, 1], [0, 1], [4, 2], [1, 1], [5, 2]], "a_eggs_laid": [1, 1, 1, 1, 2, 2, 2, 2, 5, 5, 5, 5, 6, 6, 6, 6, 6, 6, 6, 6, 6, 6, 6, 6, 6, 6, 6, 6, 6, 6, 6, 6, 6, 6, 6, 6, 6, 6, 6, 6, 6, 6, 6, 6, 6, 6, 6, 6, 6, 6, 6, 6, 6, 6, 6, 6, 6, 6, 6, 6, 6, 6, 6, 6, 6, 6, 6, 6, 6, 6, 6, 6, 6, 6, 6, 6, 6, 6, 6, 6], "b_eggs_laid": [0, 1, 1, 1, 1, 2, 2, 2, 2, 3, 3, 3, 3, 4, 4, 4, 4, 5, 5, 5, 5, 6, 6, 6, 6, 7, 7, 7, 7, 8, 8, 8, 8, 9, 9, 9, 9, 10, 10, 10, 10, 11, 11, 11, 11, 12, 12, 12, 12, 12, 12, 12, 12, 13, 13, 13, 13, 14, 14, 14, 14, 17, 17, 17, 17, 17, 17, 17, 17, 17, 17, 17, 17, 17, 17, 17, 17, 17, 17, 17], "a_turds_left": [5, 5, 5, 5, 5, 5, 5, 5, 5, 5, 5, 5, 5, 5, 5, 5, 5, 5, 5, 5, 5, 5, 5, 5, 5, 5, 5, 5, 5, 5, 5, 5, 5, 5, 5, 5, 5, 5, 5, 5, 5, 5, 5, 5, 5, 5, 5, 5, 5, 5, 5, 5, 5, 5, 5, 5, 5, 5, 5, 5, 5, 5, 5, 5, 5, 5, 5, 5, 5, 5, 5, 5, 5, 5, 5, 5, 5, 5, 5, 5], "b_turds_left": [5, 5, 5, 4, 4, 4, 4, 3, 3, 3, 3, 2, 2, 2, 2, 1, 1, 1, 1, 0, 0, 0, 0, 0, 0, 0, 0, 0, 0, 0, 0, 0, 0, 0, 0, 0, 0, 0, 0, 0, 0, 0, 0, 0, 0, 0, 0, 0, 0, 0, 0, 0, 0, 0, 0, 0, 0, 0, 0, 0, 0, 0, 0, 0, 0, 0, 0, 0, 0, 0, 0, 0, 0, 0, 0, 0, 0, 0, 0, 0], "a_time_left": [359.9963664590032, 359.9963664590032, 359.99459154199576, 359.99459154199576, 359.9913626249763, 359.9913626249763, 359.9905206669937, 359.9905206669937, 359.98852412501583, 359.98852412501583, 359.9877421670244, 359.9877421670244, 359.9874182920321, 359.9874182920321, 359.9871140420437, 359.9871140420437, 359.98682979203295, 359.98682979203295, 359.9865283340332, 359.9865283340332, 359.9862702510436, 359.9862702510436, 359.9859483760665, 359.9859483760665, 359.98581466806354, 359.98581466806354, 359.9856779600377, 359.9856779600377, 359.98556937708054, 359.98556937708054, 359.9854386270745, 359.9854386270745, 359.9853204610408, 359.9853204610408, 359.98519233602565, 359.98519233602565, 359.98508208600106, 359.98508208600106, 359.98496812797384, 359.98496812797384, 359.984881211014, 359.984881211014, 359.98455350199947, 359.98455350199947, 359.98442454403266, 359.98442454403266, 359.98411358502926, 359.98411358502926, 359.98386162600946, 359.98386162600946, 359.9835451680119, 359.9835451680119, 359.9833007930429, 359.9833007930429, 359.983003209054, 359.983003209054, 359.98276125005214, 359.98276125005214, 359.9824512920459, 359.9824512920459, 359.98222212604014, 359.98222212604014, 359.98194237606367, 359.98194237606367, 359.98166366806254, 359.98166366806254, 359.9813919600565, 359.9813919600565, 359.981192668085, 359.981192668085, 359.9809213350527, 359.9809213350527, 359.98065658507403, 359.98065658507403, 359.9803953350638, 359.9803953350638, 359.9803034600336, 359.9803034600336, 359.9801890850067, 359.9801890850067], "b_time_left": [360, 359.9965818329947, 359.9965818329947, 359.99484579096315, 359.99484579096315, 359.99222445691703, 359.99222445691703, 359.9905089159147, 359.9905089159147, 359.98798320791684, 359.98798320791684, 359.98624295793707, 359.98624295793707, 359.9853019998991, 359.9853019998991, 359.98372291686246, 359.98372291686246, 359.98282808286604, 359.98282808286604, 359.9812288748799, 359.9812288748799, 359.9805512498715, 359.9805512498715, 359.9798007918871, 359.9798007918871, 359.9782208338729, 359.9782208338729, 359.97787091787905, 359.97787091787905, 359.97776183491806, 359.97776183491806, 359.9776669599232, 359.9776669599232, 359.9775617509149, 359.9775617509149, 359.97748350090114, 359.97748350090114, 359.9773851679056, 359.9773851679056, 359.97732062696014, 359.97732062696014, 359.9770565019571, 359.9770565019571, 359.9768037519534, 359.9768037519534, 359.9767046269262, 359.9767046269262, 359.97652650193777, 359.97652650193777, 359.97632483491907, 359.97632483491907, 359.97612570994534, 359.97612570994534, 359.9759314179537, 359.9759314179537, 359.97576283395756, 359.97576283395756, 359.9756688749767, 359.9756688749767, 359.9754836659413, 359.9754836659413, 359.9753068329301, 359.9753068329301, 359.97514166595647, 359.97514166595647, 359.97491404094035, 359.97491404094035, 359.97475324891275, 359.97475324891275, 359.97454383189324, 359.97454383189324, 359.9743768319022, 359.9743768319022, 359.97419533191714, 359.97419533191714, 359.97403191495687, 359.97403191495687, 359.97386783198453, 359.97386783198453, 359.9737972909934], "a_moves_left": [39, 39, 38, 38, 37, 37, 36, 36, 35, 35, 34, 34, 33, 33, 32, 32, 31, 31, 30, 30, 29, 29, 28, 28, 27, 27, 26, 26, 25, 25, 24, 24, 23, 23, 22, 22, 21, 21, 20, 20, 19, 19, 18, 18, 17, 17, 16, 16, 15, 15, 14, 14, 13, 13, 12, 12, 11, 11, 10, 10, 9, 9, 8, 8, 7, 7, 6, 6, 5, 5, 4, 4, 3, 3, 2, 2, 1, 1, 0, 0], "b_moves_left": [40, 39, 39, 38, 38, 37, 37, 36, 36, 35, 35, 34, 34, 33, 33, 32, 32, 31, 31, 30, 30, 29, 29, 28, 28, 27, 27, 26, 26, 25, 25, 24, 24, 23, 23, 22, 22, 21, 21, 20, 20, 19, 19, 18, 18, 17, 17, 16, 16, 15, 15, 14, 14, 13, 13, 12, 12, 11, 11, 10, 10, 9, 9, 8, 8, 7, 7, 6, 6, 5, 5, 4, 4, 3, 3, 2, 2, 1, 1, 0], "trapdoor_triggered": [0, 0, 0, 0, 0, 0, 0, 0, 0, 0, 0, 0, 0, 0, 0, 0, 0, 0, 0, 0, 0, 0, 0, 0, 0, 0, 0, 0, 0, 0, 0, 0, 0, 0, 0, 0, 0, 0, 0, 0, 0, 0, 0, 0, 0, 0, 0, 0, 0, 0, 0, 0, 0, 0, 0, 0, 0, 0, 0, 0, 0, 0, 0, 0, 0, 0, 0, 0, 0, 0, 0, 0, 0, 0, 0, 0, 0, 0, 0, 0], "left_behind": ["egg", "egg", "plain", "turd", "egg", "egg", "plain", "turd", "egg", "egg", "plain", "turd", "egg", "egg", "plain", "turd", "plain", "egg", "plain", "turd", "plain", "egg", "plain", "plain", "plain", "egg", "plain", "plain", "plain", "egg", "plain", "plain", "plain", "egg", "plain", "plain", "plain", "egg", "plain", "plain", "plain", "egg", "plain", "plain", "plain", "egg", "plain", "plain", "plain", "plain", "plain", "plain", "plain", "egg", "plain", "plain", "plain", "egg", "plain", "plain", "plain", "egg", "plain", "plain", "plain", "plain", "plain", "plain", "plain", "plain", "plain", "plain", "plain", "plain", "plain", "plain", "plain", "plain", "plain", "plain"], "errlog_a": "", "errlog_b": "", "start_time": 360, "start_moves": 40, "turn_count": 80, "result": 1, "reason": "EGGS_LAID", "trapdoors": [[4, 4], [3, 2]], "spawn_a": [0, 2], "spawn_b": [7, 2]}