{"pos": [[1, 2], [6, 2], [1, 1], [6, 1], [0, 1], [5, 1], [0, 0], [4, 1], [1, 0], [3, 1], [2, 0], [2, 1], [1, 0], [2, 2], [1, 1], [1, 2], [0, 1], [1, 3], [0, 2], [0, 3], [0, 1], [0, 4], [0, 0], [1, 4], [1, 0], [1, 5], [2, 0], [1, 6], [1, 0], [2, 6], [1, 1], [3, 6], [0, 1], [4, 6], [0, 0], [5, 6], [0, 1], [6, 6], [0, 2], [6, 5], [0, 1], [6, 4], [1, 1], [6, 3], [1, 0], [5, 3], [2, 0], [6, 3], [1, 0], [7, 3], [0, 0], [7, 4], [0, 1], [7, 5], [0, 2], [7, 6], [0, 1], [7, 7], [1, 1], [6, 7], [1, 0], [5, 7], [2, 0], [4, 7], [1, 0], [3, 7], [0, 0], [2, 7], [0, 1], [1, 7], [0, 2], [0, 7], [0, 1], [0, 6], [1, 1], [0, 5], [1, 0], [1, 5], [2, 0], [2, 5]], "a_eggs_laid": [1, 1, 1, 1, 2, 2, 2, 2, 5, 5, 5, 5, 6, 6, 6, 6, 6, 6, 6, 6, 6, 6, 6, 6, 6, 6, 6, 6, 6, 6, 6, 6, 6, 6, 6, 6, 6, 6, 6, 6, 6, 6, 6, 6, 6, 6, 6, 6, 6, 6, 6, 6, 6, 6, 6, 6, 6, 6, 6, 6, 6, 6, 6, 6, 6, 6, 6, 6, 6, 6, 6, 6, 6, 6, 6, 6, 6, 6, 6, 6], "b_eggs_laid": [0, 1, 1, 1, 1, 2, 2, 2, 2, 3, 3, 3, 3, 4, 4, 4, 4, 5, 5, 5, 5, 6, 6, 6, 6, 7, 7, 7, 7, 8, 8, 8, 8, 9, 9, 9, 9, 10, 10, 10, 10, 11, 11, 11, 11, 12, 12, 12, 12, 12, 12, 12, 12, 13, 13, 13, 13, 14, 14, 14, 14, 15, 15, 15, 15, 16, 16, 16, 16, 17, 17, 17, 17, 20, 20, 20, 20, 21, 21, 21], "a_turds_left": [5, 5, 5, 5, 5, 5, 5, 5, 5, 5, 5, 5, 5, 5, 5, 5, 5, 5, 5, 5, 5, 5, 5, 5, 5, 5, 5, 5, 5, 5, 5, 5, 5, 5, 5, 5, 5, 5, 5, 5, 5, 5, 5, 5, 5, 5, 5, 5, 5, 5, 5, 5, 5, 5, 5, 5, 5, 5, 5, 5, 5, 5, 5, 5, 5, 5, 5, 5, 5, 5, 5, 5, 5, 5, 5, 5, 5, 5, 5, 5], "b_turds_left": [5, 5, 5, 4, 4, 4, 4, 3, 3, 3, 3, 2, 2, 2, 2, 1, 1, 1, 1, 0, 0, 0, 0, 0, 0, 0, 0, 0, 0, 0, 0, 0, 0, 0, 0, 0, 0, 0, 0, 0, 0, 0, 0, 0, 0, 0, 0, 0, 0, 0, 0, 0, 0, 0, 0, 0, 0, 0, 0, 0, 0, 0, 0, 0, 0, 0, 0, 0, 0, 0, 0, 0, 0, 0, 0, 0, 0, 0, 0, 0], "a_time_left": [359.9961406659568, 359.9961406659568, 359.9942354989471, 359.9942354989471, 359.9909349149675, 359.9909349149675, 359.98994124797173, 359.98994124797173, 359.98813083197456, 359.98813083197456, 359.9873084979481, 359.9873084979481, 359.98698574793525, 359.98698574793525, 359.9866646229639, 359.9866646229639, 359.98633612296544, 359.98633612296544, 359.9860035809688, 359.9860035809688, 359.985730997927, 359.985730997927, 359.9854252898949, 359.9854252898949, 359.98512937285705, 359.98512937285705, 359.9848003728548, 359.9848003728548, 359.9845272478997, 359.9845272478997, 359.9842852479196, 359.9842852479196, 359.9840015809168, 359.9840015809168, 359.98370299692033, 359.98370299692033, 359.9834179969621, 359.9834179969621, 359.9831164549687, 359.9831164549687, 359.9830066629802, 359.9830066629802, 359.9828804959543, 359.9828804959543, 359.9827619959251, 359.9827619959251, 359.98263557988685, 359.98263557988685, 359.9825275799376, 359.9825275799376, 359.9824041639222, 359.9824041639222, 359.9822739139199, 359.9822739139199, 359.98214337188983, 359.98214337188983, 359.98203799687326, 359.98203799687326, 359.9819072888931, 359.9819072888931, 359.98090491391486, 359.98090491391486, 359.9807558719185, 359.9807558719185, 359.98049083095975, 359.98049083095975, 359.98035441397224, 359.98035441397224, 359.9802312469692, 359.9802312469692, 359.9799152049818, 359.9799152049818, 359.9796810380067, 359.9796810380067, 359.979369912995, 359.979369912995, 359.9790795799927, 359.9790795799927, 359.9787625799654, 359.9787625799654], "b_time_left": [360, 359.99752479197923, 359.99752479197923, 359.9958008749527, 359.9958008749527, 359.99338258395437, 359.99338258395437, 359.98882941692136, 359.98882941692136, 359.9862981669139, 359.9862981669139, 359.98559820791706, 359.98559820791706, 359.9845825419179, 359.9845825419179, 359.97297612490365, 359.97297612490365, 359.972588958859, 359.972588958859, 359.97099129186245, 359.97099129186245, 359.97029841691256, 359.97029841691256, 359.9696274169255, 359.9696274169255, 359.9678984169732, 359.9678984169732, 359.96699116699165, 359.96699116699165, 359.96670316695236, 359.96670316695236, 359.9664611669141, 359.9664611669141, 359.9661613338976, 359.9661613338976, 359.96605545887724, 359.96605545887724, 359.9657975838636, 359.9657975838636, 359.96571766684065, 359.96571766684065, 359.96560308284825, 359.96560308284825, 359.965524248837, 359.965524248837, 359.96543045778526, 359.96543045778526, 359.96535012481036, 359.96535012481036, 359.96501083282055, 359.96501083282055, 359.96494454180356, 359.96494454180356, 359.9648597087944, 359.9648597087944, 359.96479625080246, 359.96479625080246, 359.96472175081726, 359.96472175081726, 359.9646521678078, 359.9646521678078, 359.96440633485327, 359.96440633485327, 359.9642228768207, 359.9642228768207, 359.9639971688157, 359.9639971688157, 359.9639103358495, 359.9639103358495, 359.9636905028019, 359.9636905028019, 359.96350991976215, 359.96350991976215, 359.96333700377727, 359.96333700377727, 359.96325783780776, 359.96325783780776, 359.96303412981797, 359.96303412981797, 359.9627033378347], "a_moves_left": [39, 39, 38, 38, 37, 37, 36, 36, 35, 35, 34, 34, 33, 33, 32, 32, 31, 31, 30, 30, 29, 29, 28, 28, 27, 27, 26, 26, 25, 25, 24, 24, 23, 23, 22, 22, 21, 21, 20, 20, 19, 19, 18, 18, 17, 17, 16, 16, 15, 15, 14, 14, 13, 13, 12, 12, 11, 11, 10, 10, 9, 9, 8, 8, 7, 7, 6, 6, 5, 5, 4, 4, 3, 3, 2, 2, 1, 1, 0, 0], "b_moves_left": [40, 39, 39, 38, 38, 37, 37, 36, 36, 35, 35, 34, 34, 33, 33, 32, 32, 31, 31, 30, 30, 29, 29, 28, 28, 27, 27, 26, 26, 25, 25, 24, 24, 23, 23, 22, 22, 21, 21, 20, 20, 19, 19, 18, 18, 17, 17, 16, 16, 15, 15, 14, 14, 13, 13, 12, 12, 11, 11, 10, 10, 9, 9, 8, 8, 7, 7, 6, 6, 5, 5, 4, 4, 3, 3, 2, 2, 1, 1, 0], "trapdoor_triggered": [0, 0, 0, 0, 0, 0, 0, 0, 0, 0, 0, 0, 0, 0, 0, 0, 0, 0, 0, 0, 0, 0, 0, 0, 0, 0, 0, 0, 0, 0, 0, 0, 0, 0, 0, 0, 0, 0, 0, 0, 0, 0, 0, 0, 0, 0, 0, 0, 0, 0, 0, 0, 0, 0, 0, 0, 0, 0, 0, 0, 0, 0, 0, 0, 0, 0, 0, 0, 0, 0, 0, 0, 0, 0, 0, 0, 0, 0, 0, 0], "left_behind": ["egg", "egg", "plain", "turd", "egg", "egg", "plain", "turd", "egg", "egg", "plain", "turd", "egg", "egg", "plain", "turd", "plain", "egg", "plain", "turd", "plain", "egg", "plain", "plain", "plain", "egg", "plain", "plain", "plain", "egg", "plain", "plain", "plain", "egg", "plain", "plain", "plain", "egg", "plain", "plain", "plain", "egg", "plain", "plain", "plain", "egg", "plain", "plain", "plain", "plain", "plain", "plain", "plain", "egg", "plain", "plain", "plain", "egg", "plain", "plain", "plain", "egg", "plain", "plain", "plain", "egg", "plain", "plain", "plain", "egg", "plain", "plain", "plain", "egg", "plain", "plain", "plain", "egg", "plain", "plain"], "errlog_a": "", "errlog_b": "", "start_time": 360, "start_moves": 40, "turn_count": 80, "result": 1, "reason": "EGGS_LAID", "trapdoors": [[5, 5], [4, 3]], "spawn_a": [0, 2], "spawn_b": [7, 2]}