{"pos": [[7, 0], [0, 2], [7, 1], [0, 1], [7, 0], [1, 1], [7, 1], [1, 0], [7, 2], [1, 1], [7, 1], [0, 1], [7, 0], [1, 1], [7, 1], [2, 1], [7, 0], [3, 1], [7, 1], [3, 0], [7, 2], [3, 1], [7, 1], [4, 1], [7, 0], [3, 1], [7, 1], [4, 1], [7, 0], [3, 1], [7, 1], [3, 0], [7, 2], [3, 1], [7, 1], [3, 2], [7, 0], [3, 3], [7, 1], [0, 1], [7, 0], [0, 0], [7, 1], [1, 0], [7, 2], [1, 1], [7, 1], [1, 2], [7, 0], [1, 1], [7, 1], [2, 1], [7, 0], [2, 0], [7, 1], [2, 1], [7, 0], [2, 2], [7, 1], [2, 1], [7, 0], [2, 0], [7, 1], [3, 0], [7, 2], [3, 1], [7, 1], [2, 1], [7, 0], [2, 0], [7, 1], [3, 0], [7, 2], [2, 0], [7, 1], [1, 0], [7, 2], [0, 0], [7, 1], [1, 0]], "a_eggs_laid": [1, 1, 1, 1, 1, 1, 1, 1, 1, 1, 1, 1, 1, 1, 1, 1, 1, 1, 1, 1, 1, 1, 1, 1, 1, 1, 1, 1, 1, 1, 1, 1, 1, 1, 1, 1, 1, 1, 1, 1, 5, 5, 5, 5, 5, 5, 5, 5, 5, 5, 5, 5, 5, 5, 5, 5, 5, 5, 5, 5, 5, 5, 5, 5, 5, 5, 5, 5, 5, 5, 5, 5, 5, 5, 5, 5, 5, 5, 5, 5], "b_eggs_laid": [0, 0, 0, 0, 0, 0, 0, 0, 0, 0, 0, 0, 0, 0, 0, 0, 0, 0, 0, 0, 0, 0, 0, 0, 0, 0, 0, 0, 0, 1, 1, 1, 1, 1, 1, 1, 1, 2, 2, 2, 2, 2, 2, 2, 2, 2, 2, 2, 2, 3, 3, 3, 3, 3, 3, 3, 3, 3, 3, 3, 3, 3, 3, 3, 3, 3, 3, 3, 3, 3, 3, 3, 3, 3, 3, 3, 3, 3, 3, 3], "a_turds_left": [5, 5, 5, 5, 5, 5, 5, 5, 5, 5, 5, 5, 5, 5, 5, 5, 5, 5, 5, 5, 5, 5, 5, 5, 5, 5, 5, 5, 5, 5, 5, 5, 5, 5, 5, 5, 5, 5, 5, 5, 5, 5, 5, 5, 5, 5, 5, 5, 5, 5, 5, 5, 5, 5, 5, 5, 5, 5, 5, 5, 5, 5, 5, 5, 5, 5, 5, 5, 5, 5, 5, 5, 5, 5, 5, 5, 5, 5, 5, 5], "b_turds_left": [5, 4, 4, 4, 4, 4, 4, 3, 3, 3, 3, 3, 3, 3, 3, 3, 3, 2, 2, 1, 1, 0, 0, 0, 0, 0, 0, 0, 0, 0, 0, 0, 0, 0, 0, 0, 0, 0, 0, 0, 0, 0, 0, 0, 0, 0, 0, 0, 0, 0, 0, 0, 0, 0, 0, 0, 0, 0, 0, 0, 0, 0, 0, 0, 0, 0, 0, 0, 0, 0, 0, 0, 0, 0, 0, 0, 0, 0, 0, 0], "a_time_left": [359.95499970798846, 359.95499970798846, 359.9465351239778, 359.9465351239778, 359.93210441601695, 359.93210441601695, 359.91257633198984, 359.91257633198984, 359.8847246229998, 359.8847246229998, 359.8587477899855, 359.8587477899855, 359.8407638730132, 359.8407638730132, 359.8279451650451, 359.8279451650451, 359.7974956650287, 359.7974956650287, 359.783139665029, 359.783139665029, 359.74463016499067, 359.74463016499067, 359.72107578994473, 359.72107578994473, 359.69825012393994, 359.69825012393994, 359.6834694989375, 359.6834694989375, 359.6587984569487, 359.6587984569487, 359.64205016492633, 359.64205016492633, 359.6176189149264, 359.6176189149264, 359.5938855819404, 359.5938855819404, 359.5690872069681, 359.5690872069681, 359.5623733319808, 359.5623733319808, 359.5455081650289, 359.5455081650289, 359.5320460810326, 359.5320460810326, 359.5205992060364, 359.5205992060364, 359.4973331640358, 359.4973331640358, 359.47376616403926, 359.47376616403926, 359.4644289140124, 359.4644289140124, 359.44497912202496, 359.44497912202496, 359.4113014549948, 359.4113014549948, 359.39109724696027, 359.39109724696027, 359.3574576219544, 359.3574576219544, 359.3374777469435, 359.3374777469435, 359.3211231219466, 359.3211231219466, 359.30189770594006, 359.30189770594006, 359.28083920595236, 359.28083920595236, 359.25641274795635, 359.25641274795635, 359.23997066391166, 359.23997066391166, 359.2220900388784, 359.2220900388784, 359.19472999690333, 359.19472999690333, 359.18123349687085, 359.18123349687085, 359.17568566382397, 359.17568566382397], "b_time_left": [360, 358.45880991598824, 358.45880991598824, 356.9530851659947, 356.9530851659947, 355.44744262401946, 355.44744262401946, 353.94183933199383, 353.94183933199383, 352.4361368319951, 352.4361368319951, 350.9303818739718, 350.9303818739718, 349.42468145798193, 349.42468145798193, 347.9190169159556, 347.9190169159556, 346.4132230829564, 346.4132230829564, 344.9074807499419, 344.9074807499419, 343.40182074991753, 343.40182074991753, 341.8964482079027, 341.8964482079027, 340.3907667499152, 340.3907667499152, 338.8821312909131, 338.8821312909131, 337.37621204095194, 337.37621204095194, 335.8707701249514, 335.8707701249514, 334.36525658296887, 334.36525658296887, 332.8598570419708, 332.8598570419708, 331.3498662079801, 331.3498662079801, 329.84443991596345, 329.84443991596345, 328.33688737399643, 328.33688737399643, 326.82974295696476, 326.82974295696476, 325.32917891594116, 325.32917891594116, 323.82379645790206, 323.82379645790206, 322.31837737490423, 322.31837737490423, 320.8128078749287, 320.8128078749287, 319.29843208391685, 319.29843208391685, 317.79212145891506, 317.79212145891506, 316.2837531248806, 316.2837531248806, 314.77840274985647, 314.77840274985647, 313.27298924984643, 313.27298924984643, 311.77043137484, 311.77043137484, 310.2650511658285, 310.2650511658285, 308.7596394988359, 308.7596394988359, 307.2536414988572, 307.2536414988572, 305.74812916480005, 305.74812916480005, 304.24269324878696, 304.24269324878696, 302.73955683177337, 302.73955683177337, 301.23408604075667, 301.23408604075667, 299.72584887378616], "a_moves_left": [39, 39, 38, 38, 37, 37, 36, 36, 35, 35, 34, 34, 33, 33, 32, 32, 31, 31, 30, 30, 29, 29, 28, 28, 27, 27, 26, 26, 25, 25, 24, 24, 23, 23, 22, 22, 21, 21, 20, 20, 19, 19, 18, 18, 17, 17, 16, 16, 15, 15, 14, 14, 13, 13, 12, 12, 11, 11, 10, 10, 9, 9, 8, 8, 7, 7, 6, 6, 5, 5, 4, 4, 3, 3, 2, 2, 1, 1, 0, 0], "b_moves_left": [40, 39, 39, 38, 38, 37, 37, 36, 36, 35, 35, 34, 34, 33, 33, 32, 32, 31, 31, 30, 30, 29, 29, 28, 28, 27, 27, 26, 26, 25, 25, 24, 24, 23, 23, 22, 22, 21, 21, 20, 20, 19, 19, 18, 18, 17, 17, 16, 16, 15, 15, 14, 14, 13, 13, 12, 12, 11, 11, 10, 10, 9, 9, 8, 8, 7, 7, 6, 6, 5, 5, 4, 4, 3, 3, 2, 2, 1, 1, 0], "trapdoor_triggered": [0, 0, 0, 0, 0, 0, 0, 0, 0, 0, 0, 0, 0, 0, 0, 0, 0, 0, 0, 0, 0, 0, 0, 0, 0, 0, 0, 0, 0, 0, 0, 0, 0, 0, 0, 0, 0, 0, 0, 1, 0, 0, 0, 0, 0, 0, 0, 0, 0, 0, 0, 0, 0, 0, 0, 0, 0, 0, 0, 0, 0, 0, 0, 0, 0, 0, 0, 0, 0, 0, 0, 0, 0, 0, 0, 0, 0, 0, 0, 0], "left_behind": ["egg", "turd", "plain", "plain", "plain", "plain", "plain", "turd", "plain", "plain", "plain", "plain", "plain", "plain", "plain", "plain", "plain", "turd", "plain", "turd", "plain", "turd", "plain", "plain", "plain", "plain", "plain", "plain", "plain", "egg", "plain", "plain", "plain", "plain", "plain", "plain", "plain", "egg", "plain", "plain", "plain", "plain", "plain", "plain", "plain", "plain", "plain", "plain", "plain", "egg", "plain", "plain", "plain", "plain", "plain", "plain", "plain", "plain", "plain", "plain", "plain", "plain", "plain", "plain", "plain", "plain", "plain", "plain", "plain", "plain", "plain", "plain", "plain", "plain", "plain", "plain", "plain", "plain", "plain", "plain"], "errlog_a": "", "errlog_b": "", "start_time": 360, "start_moves": 40, "turn_count": 80, "result": 0, "reason": "EGGS_LAID", "trapdoors": [[4, 2], [3, 4]], "spawn_a": [7, 1], "spawn_b": [0, 1]}