{"pos": [[6, 5], [1, 5], [6, 4], [1, 4], [6, 3], [0, 4], [6, 2], [0, 3], [6, 1], [1, 3], [5, 1], [1, 2], [4, 1], [0, 2], [3, 1], [0, 1], [2, 1], [1, 1], [2, 0], [1, 0], [3, 0], [0, 0], [4, 0], [1, 0], [5, 0], [1, 1], [6, 0], [2, 1], [7, 0], [2, 2], [7, 1], [1, 2], [7, 2], [1, 3], [7, 3], [1, 4], [7, 4], [2, 4], [6, 4], [3, 4], [5, 4], [2, 4], [5, 3], [2, 5], [5, 2], [1, 5], [4, 2], [1, 6], [4, 3], [1, 7], [4, 2], [2, 7], [5, 2], [3, 7], [5, 1], [3, 6], [6, 1], [4, 6], [6, 2], [4, 5], [6, 3], [4, 4], [5, 3], [4, 3], [5, 4], [3, 3], [6, 4], [3, 2], [6, 5], [3, 3], [6, 6], [3, 2], [5, 6], [2, 2], [5, 7], [2, 1], [6, 7], [2, 2], [7, 7], [2, 1]], "a_eggs_laid": [1, 1, 1, 1, 2, 2, 2, 2, 3, 3, 3, 3, 4, 4, 4, 4, 5, 5, 5, 5, 6, 6, 6, 6, 7, 7, 7, 7, 8, 8, 8, 8, 9, 9, 9, 9, 10, 10, 10, 10, 10, 10, 10, 10, 11, 11, 11, 11, 12, 12, 12, 12, 12, 12, 12, 12, 12, 12, 12, 12, 12, 12, 12, 12, 12, 12, 12, 12, 12, 12, 12, 12, 13, 13, 13, 13, 14, 14, 14, 14], "b_eggs_laid": [0, 1, 1, 1, 1, 2, 2, 2, 2, 3, 3, 3, 3, 4, 4, 4, 4, 5, 5, 5, 5, 6, 6, 6, 6, 6, 6, 6, 6, 7, 7, 7, 7, 7, 7, 7, 7, 7, 7, 7, 7, 8, 8, 8, 8, 9, 9, 9, 9, 10, 10, 10, 10, 11, 11, 11, 11, 12, 12, 12, 12, 13, 13, 13, 13, 14, 14, 14, 14, 15, 15, 15, 15, 15, 15, 15, 15, 15, 15, 15], "a_turds_left": [5, 5, 5, 5, 5, 5, 5, 5, 5, 5, 5, 5, 5, 5, 5, 5, 5, 5, 5, 5, 5, 5, 5, 5, 5, 5, 5, 5, 5, 5, 5, 5, 5, 5, 5, 5, 5, 5, 5, 5, 5, 5, 5, 5, 5, 5, 5, 5, 5, 5, 5, 5, 5, 5, 5, 5, 5, 5, 5, 5, 5, 5, 5, 5, 5, 5, 5, 5, 5, 5, 5, 5, 5, 5, 5, 5, 5, 5, 5, 5], "b_turds_left": [5, 5, 5, 5, 5, 5, 5, 5, 5, 5, 5, 5, 5, 5, 5, 5, 5, 5, 5, 5, 5, 5, 5, 5, 5, 5, 5, 5, 5, 5, 5, 5, 5, 5, 5, 5, 5, 5, 5, 5, 5, 5, 5, 5, 5, 5, 5, 5, 5, 5, 5, 5, 5, 5, 5, 5, 5, 5, 5, 5, 5, 5, 5, 5, 5, 5, 5, 5, 5, 5, 5, 5, 5, 5, 5, 5, 5, 5, 5, 5], "a_time_left": [359.9996584589826, 359.9996584589826, 359.999335333996, 359.999335333996, 359.9989906249684, 359.9989906249684, 359.9986454169848, 359.9986454169848, 359.99829779198626, 359.99829779198626, 359.9979775840184, 359.9979775840184, 359.9978100840235, 359.9978100840235, 359.99746358400444, 359.99746358400444, 359.99731195898494, 359.99731195898494, 359.9971994589432, 359.9971994589432, 359.99711250094697, 359.99711250094697, 359.99684812594205, 359.99684812594205, 359.99673787591746, 359.99673787591746, 359.9964891669224, 359.9964891669224, 359.99636066693347, 359.99636066693347, 359.9962587499176, 359.9962587499176, 359.99615795892896, 359.99615795892896, 359.996065916901, 359.996065916901, 359.99596087489044, 359.99596087489044, 359.9958669588668, 359.9958669588668, 359.9957735838834, 359.9957735838834, 359.99567083385773, 359.99567083385773, 359.9955645008595, 359.9955645008595, 359.9954785008449, 359.9954785008449, 359.99537683383096, 359.99537683383096, 359.9952834168216, 359.9952834168216, 359.99520433385624, 359.99520433385624, 359.9951147918473, 359.9951147918473, 359.99503512488445, 359.99503512488445, 359.994949207874, 359.994949207874, 359.99486974987667, 359.99486974987667, 359.9947878748644, 359.9947878748644, 359.9947178338771, 359.9947178338771, 359.99463066790486, 359.99463066790486, 359.99455275095534, 359.99455275095534, 359.99446837592404, 359.99446837592404, 359.9943670009379, 359.9943670009379, 359.9942867929349, 359.9942867929349, 359.99420041794656, 359.99420041794656, 359.9941242519417, 359.9941242519417], "b_time_left": [360, 359.9974378750194, 359.9974378750194, 359.99570912506897, 359.99570912506897, 359.9923933330574, 359.9923933330574, 359.99160020804266, 359.99160020804266, 359.98915216705063, 359.98915216705063, 359.98790137504693, 359.98790137504693, 359.98668279103003, 359.98668279103003, 359.98641720804153, 359.98641720804153, 359.9862921240274, 359.9862921240274, 359.9861714990111, 359.9861714990111, 359.9860687490436, 359.9860687490436, 359.9859798330581, 359.9859798330581, 359.9858984160237, 359.9858984160237, 359.98579524905654, 359.98579524905654, 359.98570529103745, 359.98570529103745, 359.98560491600074, 359.98560491600074, 359.98550624900963, 359.98550624900963, 359.9854097900097, 359.9854097900097, 359.98532045597676, 359.98532045597676, 359.9852196649881, 359.9852196649881, 359.9851102899993, 359.9851102899993, 359.9850140399649, 359.9850140399649, 359.9849114989629, 359.9849114989629, 359.98482624895405, 359.98482624895405, 359.9847259579692, 359.9847259579692, 359.9846478329855, 359.9846478329855, 359.98455870797625, 359.98455870797625, 359.9844775000238, 359.9844775000238, 359.9843723750091, 359.9843723750091, 359.9842761660111, 359.9842761660111, 359.9841713330243, 359.9841713330243, 359.9840882490389, 359.9840882490389, 359.9840154580306, 359.9840154580306, 359.98392558301566, 359.98392558301566, 359.983847791038, 359.983847791038, 359.98376820702106, 359.98376820702106, 359.98371283203596, 359.98371283203596, 359.9836294990382, 359.9836294990382, 359.9835689990432, 359.9835689990432, 359.98349054105347], "a_moves_left": [39, 39, 38, 38, 37, 37, 36, 36, 35, 35, 34, 34, 33, 33, 32, 32, 31, 31, 30, 30, 29, 29, 28, 28, 27, 27, 26, 26, 25, 25, 24, 24, 23, 23, 22, 22, 21, 21, 20, 20, 19, 19, 18, 18, 17, 17, 16, 16, 15, 15, 14, 14, 13, 13, 12, 12, 11, 11, 10, 10, 9, 9, 8, 8, 7, 7, 6, 6, 5, 5, 4, 4, 3, 3, 2, 2, 1, 1, 0, 0], "b_moves_left": [40, 39, 39, 38, 38, 37, 37, 36, 36, 35, 35, 34, 34, 33, 33, 32, 32, 31, 31, 30, 30, 29, 29, 28, 28, 27, 27, 26, 26, 25, 25, 24, 24, 23, 23, 22, 22, 21, 21, 20, 20, 19, 19, 18, 18, 17, 17, 16, 16, 15, 15, 14, 14, 13, 13, 12, 12, 11, 11, 10, 10, 9, 9, 8, 8, 7, 7, 6, 6, 5, 5, 4, 4, 3, 3, 2, 2, 1, 1, 0], "trapdoor_triggered": [0, 0, 0, 0, 0, 0, 0, 0, 0, 0, 0, 0, 0, 0, 0, 0, 0, 0, 0, 0, 0, 0, 0, 0, 0, 0, 0, 0, 0, 0, 0, 0, 0, 0, 0, 0, 0, 0, 0, 0, 0, 0, 0, 0, 0, 0, 0, 0, 0, 0, 0, 0, 0, 0, 0, 0, 0, 0, 0, 0, 0, 0, 0, 0, 0, 0, 0, 0, 0, 0, 0, 0, 0, 0, 0, 0, 0, 0, 0, 0], "left_behind": ["egg", "egg", "plain", "plain", "egg", "egg", "plain", "plain", "egg", "egg", "plain", "plain", "egg", "egg", "plain", "plain", "egg", "egg", "plain", "plain", "egg", "egg", "plain", "plain", "egg", "plain", "plain", "plain", "egg", "egg", "plain", "plain", "egg", "plain", "plain", "plain", "egg", "plain", "plain", "plain", "plain", "egg", "plain", "plain", "egg", "egg", "plain", "plain", "egg", "egg", "plain", "plain", "plain", "egg", "plain", "plain", "plain", "egg", "plain", "plain", "plain", "egg", "plain", "plain", "plain", "egg", "plain", "plain", "plain", "egg", "plain", "plain", "egg", "plain", "plain", "plain", "egg", "plain", "plain", "plain"], "errlog_a": "", "errlog_b": "", "start_time": 360, "start_moves": 40, "turn_count": 80, "result": 1, "reason": "EGGS_LAID", "trapdoors": [[3, 5], [2, 3]], "spawn_a": [7, 5], "spawn_b": [0, 5]}