{"pos": [[6, 5], [1, 5], [6, 4], [1, 4], [7, 4], [2, 4], [7, 3], [2, 3], [7, 2], [2, 4], [6, 2], [2, 3], [6, 1], [3, 3], [5, 1], [0, 5], [5, 2], [0, 4], [5, 3], [1, 4], [6, 3], [2, 4], [6, 2], [1, 4], [6, 1], [1, 3], [6, 0], [1, 2], [7, 0], [1, 3], [7, 1], [1, 2], [7, 0], [0, 5], [7, 1], [0, 6], [7, 2], [1, 6], [7, 3], [1, 7], [6, 3], [1, 6], [6, 4], [0, 6], [5, 4], [0, 7], [5, 5], [0, 6], [5, 6], [0, 5], [6, 6], [0, 4], [7, 6], [0, 5], [7, 7], [0, 4], [6, 7], [0, 5], [5, 7], [0, 6], [4, 7], [0, 7], [4, 6], [0, 6], [3, 6], [1, 6], [3, 5], [2, 6], [4, 5], [1, 6], [4, 4], [2, 6], [5, 4], [3, 6], [5, 3], [3, 7], [5, 2], [4, 7], [4, 2], [3, 7]], "a_eggs_laid": [1, 1, 1, 1, 2, 2, 2, 2, 3, 3, 3, 3, 4, 4, 4, 4, 9, 9, 9, 9, 10, 10, 10, 10, 10, 10, 10, 10, 11, 11, 11, 11, 12, 12, 16, 16, 16, 16, 16, 16, 16, 16, 16, 16, 16, 16, 16, 16, 17, 17, 17, 17, 18, 18, 18, 18, 21, 21, 21, 21, 22, 22, 22, 22, 23, 23, 23, 23, 24, 24, 24, 24, 25, 25, 25, 25, 25, 25, 25, 25], "b_eggs_laid": [0, 0, 0, 0, 0, 0, 0, 0, 0, 0, 0, 0, 0, 0, 0, 0, 0, 0, 0, 0, 0, 0, 0, 0, 0, 0, 0, 0, 0, 1, 1, 1, 1, 1, 1, 1, 1, 1, 1, 1, 1, 1, 1, 1, 1, 1, 1, 1, 1, 1, 1, 1, 1, 1, 1, 1, 1, 1, 1, 1, 1, 1, 1, 4, 4, 4, 4, 5, 5, 5, 5, 5, 5, 5, 5, 6, 6, 6, 6, 7], "a_turds_left": [5, 5, 5, 5, 5, 5, 5, 5, 5, 5, 5, 5, 5, 5, 5, 5, 5, 5, 5, 5, 5, 5, 5, 5, 5, 5, 5, 5, 5, 5, 5, 5, 5, 5, 5, 5, 5, 5, 5, 5, 5, 5, 5, 5, 5, 5, 5, 5, 5, 5, 5, 5, 5, 5, 5, 5, 5, 5, 5, 5, 5, 5, 5, 5, 5, 5, 5, 5, 5, 5, 5, 5, 5, 5, 5, 5, 5, 5, 5, 5], "b_turds_left": [5, 4, 4, 4, 4, 4, 4, 3, 3, 3, 3, 3, 3, 2, 2, 1, 1, 1, 1, 1, 1, 0, 0, 0, 0, 0, 0, 0, 0, 0, 0, 0, 0, 0, 0, 0, 0, 0, 0, 0, 0, 0, 0, 0, 0, 0, 0, 0, 0, 0, 0, 0, 0, 0, 0, 0, 0, 0, 0, 0, 0, 0, 0, 0, 0, 0, 0, 0, 0, 0, 0, 0, 0, 0, 0, 0, 0, 0, 0, 0], "a_time_left": [359.99984174995916, 359.99984174995916, 359.9997163329972, 359.9997163329972, 359.99937937496, 359.99937937496, 359.9992599999532, 359.9992599999532, 359.9990101659787, 359.9990101659787, 359.99883570801467, 359.99883570801467, 359.99862070800737, 359.99862070800737, 359.9985069159884, 359.9985069159884, 359.9983240829897, 359.9983240829897, 359.9981997499708, 359.9981997499708, 359.9980062079849, 359.9980062079849, 359.9977462909883, 359.9977462909883, 359.99746729101753, 359.99746729101753, 359.9973458320019, 359.9973458320019, 359.99720308196265, 359.99720308196265, 359.9970212489716, 359.9970212489716, 359.9968430819572, 359.9968430819572, 359.9967541240039, 359.9967541240039, 359.99665883299895, 359.99665883299895, 359.996488875011, 359.996488875011, 359.996317290992, 359.996317290992, 359.9960838739644, 359.9960838739644, 359.99575733195525, 359.99575733195525, 359.99555941595463, 359.99555941595463, 359.99528545793146, 359.99528545793146, 359.9950874169008, 359.9950874169008, 359.99491645785747, 359.99491645785747, 359.99478241585894, 359.99478241585894, 359.99467120785266, 359.99467120785266, 359.9944122908637, 359.9944122908637, 359.99418099882314, 359.99418099882314, 359.99400812381646, 359.99400812381646, 359.9937820828054, 359.9937820828054, 359.9936647078139, 359.9936647078139, 359.993443624815, 359.993443624815, 359.99326024984475, 359.99326024984475, 359.9930457078153, 359.9930457078153, 359.99285779183265, 359.99285779183265, 359.9926746248384, 359.9926746248384, 359.9924204588169, 359.9924204588169], "b_time_left": [360, 358.4585008749855, 358.4585008749855, 356.95291566703236, 356.95291566703236, 355.4470844590105, 355.4470844590105, 353.9415805010358, 353.9415805010358, 352.4405008760514, 352.4405008760514, 350.9346026680432, 350.9346026680432, 349.428828793054, 349.428828793054, 347.92302837606985, 347.92302837606985, 346.41727808408905, 346.41727808408905, 344.9115605840925, 344.9115605840925, 343.40569887612946, 343.40569887612946, 341.9002700431738, 341.9002700431738, 340.3945543761947, 340.3945543761947, 338.88896783423843, 338.88896783423843, 337.38321512623224, 337.38321512623224, 335.8776007932611, 335.8776007932611, 334.37200929329265, 334.37200929329265, 332.8664680432994, 332.8664680432994, 331.3609603352961, 331.3609603352961, 329.8552813763381, 329.8552813763381, 328.34962066833396, 328.34962066833396, 326.8361377933179, 326.8361377933179, 325.33066862629494, 325.33066862629494, 323.82503904227633, 323.82503904227633, 322.31944941723486, 322.31944941723486, 320.81384787528077, 320.81384787528077, 319.3082671252778, 319.3082671252778, 317.802663917304, 317.802663917304, 316.2970973763149, 316.2970973763149, 314.79026266827714, 314.79026266827714, 313.28480041824514, 313.28480041824514, 311.78041775122983, 311.78041775122983, 310.2751651262515, 310.2751651262515, 308.76942312624305, 308.76942312624305, 307.2672834182158, 307.2672834182158, 305.7624609602499, 305.7624609602499, 304.2616522102617, 304.2616522102617, 302.75609458528925, 302.75609458528925, 301.2505110442871, 301.2505110442871, 299.7448806692846], "a_moves_left": [39, 39, 38, 38, 37, 37, 36, 36, 35, 35, 34, 34, 33, 33, 32, 32, 31, 31, 30, 30, 29, 29, 28, 28, 27, 27, 26, 26, 25, 25, 24, 24, 23, 23, 22, 22, 21, 21, 20, 20, 19, 19, 18, 18, 17, 17, 16, 16, 15, 15, 14, 14, 13, 13, 12, 12, 11, 11, 10, 10, 9, 9, 8, 8, 7, 7, 6, 6, 5, 5, 4, 4, 3, 3, 2, 2, 1, 1, 0, 0], "b_moves_left": [40, 39, 39, 38, 38, 37, 37, 36, 36, 35, 35, 34, 34, 33, 33, 32, 32, 31, 31, 30, 30, 29, 29, 28, 28, 27, 27, 26, 26, 25, 25, 24, 24, 23, 23, 22, 22, 21, 21, 20, 20, 19, 19, 18, 18, 17, 17, 16, 16, 15, 15, 14, 14, 13, 13, 12, 12, 11, 11, 10, 10, 9, 9, 8, 8, 7, 7, 6, 6, 5, 5, 4, 4, 3, 3, 2, 2, 1, 1, 0], "trapdoor_triggered": [0, 0, 0, 0, 0, 0, 0, 0, 0, 0, 0, 0, 0, 0, 0, 1, 0, 0, 0, 0, 0, 0, 0, 0, 0, 0, 0, 0, 0, 0, 0, 0, 0, 1, 0, 0, 0, 0, 0, 0, 0, 0, 0, 0, 0, 0, 0, 0, 0, 0, 0, 0, 0, 0, 0, 0, 0, 0, 0, 0, 0, 0, 0, 0, 0, 0, 0, 0, 0, 0, 0, 0, 0, 0, 0, 0, 0, 0, 0, 0], "left_behind": ["egg", "turd", "plain", "plain", "egg", "plain", "plain", "turd", "egg", "plain", "plain", "plain", "egg", "turd", "plain", "turd", "egg", "plain", "plain", "plain", "egg", "turd", "plain", "plain", "plain", "plain", "plain", "plain", "egg", "egg", "plain", "plain", "egg", "plain", "plain", "plain", "plain", "plain", "plain", "plain", "plain", "plain", "plain", "plain", "plain", "plain", "plain", "plain", "egg", "plain", "plain", "plain", "egg", "plain", "plain", "plain", "egg", "plain", "plain", "plain", "egg", "plain", "plain", "egg", "egg", "plain", "plain", "egg", "egg", "plain", "plain", "plain", "egg", "plain", "plain", "egg", "plain", "plain", "plain", "egg"], "errlog_a": "", "errlog_b": "", "start_time": 360, "start_moves": 40, "turn_count": 80, "result": 0, "reason": "EGGS_LAID", "trapdoors": [[2, 2], [4, 3]], "spawn_a": [7, 5], "spawn_b": [0, 5]}