{"pos": [[1, 2], [7, 3], [1, 1], [7, 2], [0, 1], [7, 3], [0, 0], [6, 3], [1, 0], [7, 3], [2, 0], [7, 4], [2, 1], [7, 5], [3, 1], [7, 6], [3, 0], [7, 5], [4, 0], [7, 6], [4, 1], [7, 7], [5, 1], [7, 6], [5, 0], [7, 7], [6, 0], [7, 6], [6, 1], [7, 5], [6, 2], [6, 5], [5, 2], [5, 5], [4, 2], [5, 4], [5, 2], [4, 4], [5, 3], [3, 4], [4, 3], [4, 4], [4, 2], [7, 2], [3, 2], [7, 1], [2, 2], [6, 1], [2, 1], [7, 1], [3, 1], [6, 1], [4, 1], [7, 1], [5, 1], [7, 0], [5, 0], [7, 1], [6, 0], [7, 2], [5, 0], [7, 3], [4, 0], [7, 4], [3, 0], [7, 3], [2, 0], [7, 4], [1, 0], [7, 5], [1, 1], [7, 6], [1, 2], [7, 7], [1, 3], [6, 7], [0, 3], [6, 6], [0, 4], [6, 7]], "a_eggs_laid": [1, 1, 1, 1, 2, 2, 2, 2, 5, 5, 5, 5, 6, 6, 6, 6, 7, 7, 7, 7, 8, 8, 8, 8, 9, 9, 9, 9, 10, 10, 10, 10, 11, 11, 11, 11, 11, 11, 11, 11, 11, 11, 11, 11, 15, 15, 15, 15, 16, 16, 16, 16, 16, 16, 16, 16, 16, 16, 16, 16, 16, 16, 16, 16, 16, 16, 16, 16, 16, 16, 16, 16, 16, 16, 16, 16, 17, 17, 17, 17], "b_eggs_laid": [0, 1, 1, 1, 1, 1, 1, 1, 1, 2, 2, 2, 2, 2, 2, 2, 2, 2, 2, 2, 2, 3, 3, 3, 3, 3, 3, 3, 3, 3, 3, 3, 3, 4, 4, 4, 4, 5, 5, 5, 5, 5, 5, 5, 5, 5, 5, 5, 5, 5, 5, 5, 5, 6, 6, 6, 6, 9, 9, 9, 9, 9, 9, 9, 9, 9, 9, 9, 9, 9, 9, 9, 9, 9, 9, 9, 9, 10, 10, 10], "a_turds_left": [5, 5, 5, 5, 5, 5, 5, 5, 5, 5, 5, 5, 5, 5, 5, 5, 5, 5, 5, 5, 5, 5, 5, 5, 5, 5, 5, 5, 5, 5, 5, 5, 5, 5, 5, 5, 4, 4, 4, 4, 3, 3, 3, 3, 3, 3, 3, 3, 3, 3, 3, 3, 3, 3, 3, 3, 3, 3, 3, 3, 3, 3, 3, 3, 3, 3, 3, 3, 3, 3, 3, 3, 3, 3, 3, 3, 3, 3, 3, 3], "b_turds_left": [5, 5, 5, 4, 4, 4, 4, 4, 4, 4, 4, 4, 4, 3, 3, 3, 3, 3, 3, 3, 3, 3, 3, 2, 2, 2, 2, 2, 2, 2, 2, 1, 1, 1, 1, 0, 0, 0, 0, 0, 0, 0, 0, 0, 0, 0, 0, 0, 0, 0, 0, 0, 0, 0, 0, 0, 0, 0, 0, 0, 0, 0, 0, 0, 0, 0, 0, 0, 0, 0, 0, 0, 0, 0, 0, 0, 0, 0, 0, 0], "a_time_left": [359.9996393750189, 359.9996393750189, 359.9993755830219, 359.9993755830219, 359.9989944160334, 359.9989944160334, 359.9985230410239, 359.9985230410239, 359.99822695803596, 359.99822695803596, 359.9978427490569, 359.9978427490569, 359.9972274150932, 359.9972274150932, 359.99689349811524, 359.99689349811524, 359.9965333730797, 359.9965333730797, 359.9962314150762, 359.9962314150762, 359.9958416231093, 359.9958416231093, 359.99555758107454, 359.99555758107454, 359.99509829003364, 359.99509829003364, 359.9947765400284, 359.9947765400284, 359.9943208740442, 359.9943208740442, 359.9939607490087, 359.9939607490087, 359.9934589160257, 359.9934589160257, 359.9928705409984, 359.9928705409984, 359.99249970697565, 359.99249970697565, 359.9921662489651, 359.9921662489651, 359.9916428329889, 359.9916428329889, 359.9912974999752, 359.9912974999752, 359.99092691595433, 359.99092691595433, 359.99062179093016, 359.99062179093016, 359.989993999945, 359.989993999945, 359.98973341693636, 359.98973341693636, 359.98935370898107, 359.98935370898107, 359.9889569589868, 359.9889569589868, 359.9882938339724, 359.9882938339724, 359.98795187601354, 359.98795187601354, 359.9875476260204, 359.9875476260204, 359.9871907090419, 359.9871907090419, 359.9868935010745, 359.9868935010745, 359.9864789590356, 359.9864789590356, 359.9860942090163, 359.9860942090163, 359.9857232920476, 359.9857232920476, 359.98507845803397, 359.98507845803397, 359.98448466602713, 359.98448466602713, 359.9839182080468, 359.9839182080468, 359.9834529160289, 359.9834529160289], "b_time_left": [360, 358.4627992080059, 358.4627992080059, 356.9571780830156, 356.9571780830156, 355.4514330830425, 355.4514330830425, 353.94584566605045, 353.94584566605045, 352.44005737506086, 352.44005737506086, 350.93447391706286, 350.93447391706286, 349.4287137500942, 349.4287137500942, 347.92295250011375, 347.92295250011375, 346.41693587513873, 346.41693587513873, 344.9114353341283, 344.9114353341283, 343.4057464590878, 343.4057464590878, 341.9001832921058, 341.9001832921058, 340.39453345909715, 340.39453345909715, 338.88903270912124, 338.88903270912124, 337.38278137514135, 337.38278137514135, 335.87696912512183, 335.87696912512183, 334.37129237514455, 334.37129237514455, 332.8656960001681, 332.8656960001681, 331.3599945412134, 331.3599945412134, 329.8545840831939, 329.8545840831939, 328.348921541241, 328.348921541241, 326.843377374229, 326.843377374229, 325.33783058222616, 325.33783058222616, 323.8323628322105, 323.8323628322105, 322.32688916521147, 322.32688916521147, 320.82129383221036, 320.82129383221036, 319.31570583221037, 319.31570583221037, 317.8101784152095, 317.8101784152095, 316.304550915258, 316.304550915258, 314.799154623237, 314.799154623237, 313.2934920391999, 313.2934920391999, 311.7878482051892, 311.7878482051892, 310.2821646631928, 310.2821646631928, 308.77662528818473, 308.77662528818473, 307.27121891319985, 307.27121891319985, 305.76555666321656, 305.76555666321656, 304.2598743722192, 304.2598743722192, 302.75452233018586, 302.75452233018586, 301.24914199719205, 301.24914199719205, 299.74374695518054], "a_moves_left": [39, 39, 38, 38, 37, 37, 36, 36, 35, 35, 34, 34, 33, 33, 32, 32, 31, 31, 30, 30, 29, 29, 28, 28, 27, 27, 26, 26, 25, 25, 24, 24, 23, 23, 22, 22, 21, 21, 20, 20, 19, 19, 18, 18, 17, 17, 16, 16, 15, 15, 14, 14, 13, 13, 12, 12, 11, 11, 10, 10, 9, 9, 8, 8, 7, 7, 6, 6, 5, 5, 4, 4, 3, 3, 2, 2, 1, 1, 0, 0], "b_moves_left": [40, 39, 39, 38, 38, 37, 37, 36, 36, 35, 35, 34, 34, 33, 33, 32, 32, 31, 31, 30, 30, 29, 29, 28, 28, 27, 27, 26, 26, 25, 25, 24, 24, 23, 23, 22, 22, 21, 21, 20, 20, 19, 19, 18, 18, 17, 17, 16, 16, 15, 15, 14, 14, 13, 13, 12, 12, 11, 11, 10, 10, 9, 9, 8, 8, 7, 7, 6, 6, 5, 5, 4, 4, 3, 3, 2, 2, 1, 1, 0], "trapdoor_triggered": [0, 0, 0, 0, 0, 0, 0, 0, 0, 0, 0, 0, 0, 0, 0, 0, 0, 0, 0, 0, 0, 0, 0, 0, 0, 0, 0, 0, 0, 0, 0, 0, 0, 0, 0, 0, 0, 0, 0, 0, 0, 0, 0, 1, 0, 0, 0, 0, 0, 0, 0, 0, 0, 0, 0, 0, 0, 0, 0, 0, 0, 0, 0, 0, 0, 0, 0, 0, 0, 0, 0, 0, 0, 0, 0, 0, 0, 0, 0, 0], "left_behind": ["egg", "egg", "plain", "turd", "egg", "plain", "plain", "plain", "egg", "egg", "plain", "plain", "egg", "turd", "plain", "plain", "egg", "plain", "plain", "plain", "egg", "egg", "plain", "turd", "egg", "plain", "plain", "plain", "egg", "plain", "plain", "turd", "egg", "egg", "plain", "turd", "turd", "egg", "plain", "plain", "turd", "plain", "plain", "plain", "plain", "plain", "plain", "plain", "egg", "plain", "plain", "plain", "plain", "egg", "plain", "plain", "plain", "egg", "plain", "plain", "plain", "plain", "plain", "plain", "plain", "plain", "plain", "plain", "plain", "plain", "plain", "plain", "plain", "plain", "plain", "plain", "egg", "egg", "plain", "plain"], "errlog_a": "", "errlog_b": "", "start_time": 360, "start_moves": 40, "turn_count": 80, "result": 0, "reason": "EGGS_LAID", "trapdoors": [[3, 5], [4, 5]], "spawn_a": [0, 2], "spawn_b": [7, 2]}