{"pos": [[1, 6], [6, 6], [1, 5], [6, 5], [1, 4], [7, 5], [1, 3], [7, 4], [1, 2], [6, 4], [1, 1], [6, 3], [2, 1], [6, 4], [3, 1], [5, 4], [4, 1], [5, 5], [5, 1], [5, 6], [6, 1], [4, 6], [6, 2], [4, 7], [5, 2], [5, 7], [6, 2], [6, 7], [7, 2], [7, 7], [7, 1], [7, 6], [7, 0], [6, 6], [6, 0], [6, 5], [5, 0], [5, 5], [4, 0], [4, 5], [4, 1], [4, 4], [4, 2], [5, 4], [4, 3], [4, 4], [3, 3], [4, 5], [3, 4], [3, 5], [4, 4], [3, 6], [4, 3], [2, 6], [4, 2], [1, 6], [5, 2], [1, 7], [5, 1], [2, 7], [6, 1], [3, 7], [6, 0], [3, 6], [7, 0], [3, 5], [7, 1], [2, 5], [7, 2], [2, 4], [7, 3], [1, 4], [7, 2], [0, 4], [7, 3], [0, 3], [7, 2], [0, 2], [6, 2], [1, 2]], "a_eggs_laid": [1, 1, 1, 1, 2, 2, 2, 2, 3, 3, 3, 3, 4, 4, 4, 4, 5, 5, 5, 5, 6, 6, 6, 6, 7, 7, 7, 7, 7, 7, 7, 7, 8, 8, 8, 8, 9, 9, 9, 9, 10, 10, 10, 10, 11, 11, 11, 11, 12, 12, 12, 12, 13, 13, 13, 13, 13, 13, 13, 13, 13, 13, 13, 13, 13, 13, 13, 13, 13, 13, 13, 13, 14, 14, 14, 14, 14, 14, 14, 14], "b_eggs_laid": [0, 1, 1, 1, 1, 2, 2, 2, 2, 3, 3, 3, 3, 4, 4, 4, 4, 5, 5, 5, 5, 6, 6, 6, 6, 7, 7, 7, 7, 8, 8, 8, 8, 8, 8, 8, 8, 8, 8, 8, 8, 9, 9, 9, 9, 9, 9, 9, 9, 9, 9, 9, 9, 10, 10, 10, 10, 11, 11, 11, 11, 12, 12, 12, 12, 12, 12, 12, 12, 13, 13, 13, 13, 14, 14, 14, 14, 15, 15, 15], "a_turds_left": [5, 5, 5, 5, 5, 5, 5, 5, 5, 5, 5, 5, 5, 5, 5, 5, 5, 5, 5, 5, 5, 5, 5, 5, 5, 5, 5, 5, 5, 5, 5, 5, 5, 5, 5, 5, 5, 5, 5, 5, 5, 5, 5, 5, 5, 5, 5, 5, 5, 5, 5, 5, 5, 5, 5, 5, 5, 5, 5, 5, 5, 5, 5, 5, 5, 5, 5, 5, 5, 5, 5, 5, 5, 5, 5, 5, 5, 5, 5, 5], "b_turds_left": [5, 5, 5, 5, 5, 5, 5, 5, 5, 5, 5, 5, 5, 5, 5, 5, 5, 5, 5, 5, 5, 5, 5, 5, 5, 5, 5, 5, 5, 5, 5, 5, 5, 5, 5, 5, 5, 5, 5, 5, 5, 5, 5, 5, 5, 5, 5, 5, 5, 5, 5, 5, 5, 5, 5, 5, 5, 5, 5, 5, 5, 5, 5, 5, 5, 5, 5, 5, 5, 5, 5, 5, 5, 5, 5, 5, 5, 5, 5, 5], "a_time_left": [359.99963879201096, 359.99963879201096, 359.999314292043, 359.999314292043, 359.99892800004454, 359.99892800004454, 359.99859616707545, 359.99859616707545, 359.99843054206576, 359.99843054206576, 359.9981118750875, 359.9981118750875, 359.99774125008844, 359.99774125008844, 359.99742225010414, 359.99742225010414, 359.99728437513113, 359.99728437513113, 359.997175750148, 359.997175750148, 359.9968567501637, 359.9968567501637, 359.9965908341692, 359.9965908341692, 359.99647050118074, 359.99647050118074, 359.99636879214086, 359.99636879214086, 359.99629604211077, 359.99629604211077, 359.99622316710884, 359.99622316710884, 359.9961332920939, 359.9961332920939, 359.996070500114, 359.996070500114, 359.99597891711164, 359.99597891711164, 359.99590137507766, 359.99590137507766, 359.9958087920677, 359.9958087920677, 359.9957304170239, 359.9957304170239, 359.9956322090584, 359.9956322090584, 359.9955737920245, 359.9955737920245, 359.99548170901835, 359.99548170901835, 359.9954241680098, 359.9954241680098, 359.99535512703005, 359.99535512703005, 359.99527991906507, 359.99527991906507, 359.99521116906544, 359.99521116906544, 359.99511446006363, 359.99511446006363, 359.9950452100602, 359.9950452100602, 359.99496871005977, 359.99496871005977, 359.99490241805324, 359.99490241805324, 359.99484150100034, 359.99484150100034, 359.9947737089824, 359.9947737089824, 359.9947081680293, 359.9947081680293, 359.9946546680294, 359.9946546680294, 359.99458350101486, 359.99458350101486, 359.9945366680622, 359.9945366680622, 359.99446808506036, 359.99446808506036], "b_time_left": [360, 359.9967687079916, 359.9967687079916, 359.9950456249644, 359.9950456249644, 359.9918359579751, 359.9918359579751, 359.9909311669762, 359.9909311669762, 359.98855074995663, 359.98855074995663, 359.98729183297837, 359.98729183297837, 359.9842010419816, 359.9842010419816, 359.9834053340019, 359.9834053340019, 359.98309350101044, 359.98309350101044, 359.9828303339891, 359.9828303339891, 359.98249858396593, 359.98249858396593, 359.98238133394625, 359.98238133394625, 359.98210025095614, 359.98210025095614, 359.98198754293844, 359.98198754293844, 359.9818778759218, 359.9818778759218, 359.9817908339319, 359.9817908339319, 359.98170633392874, 359.98170633392874, 359.9816022089799, 359.9816022089799, 359.9815163339954, 359.9815163339954, 359.98138662503334, 359.98138662503334, 359.98127570800716, 359.98127570800716, 359.98118445801083, 359.98118445801083, 359.98109283304075, 359.98109283304075, 359.98099287506193, 359.98099287506193, 359.9809151670197, 359.9809151670197, 359.98083091701847, 359.98083091701847, 359.9807280009845, 359.9807280009845, 359.9806454599602, 359.9806454599602, 359.98057275096653, 359.98057275096653, 359.9804941259208, 359.9804941259208, 359.98040641791886, 359.98040641791886, 359.98032925190637, 359.98032925190637, 359.9802512109163, 359.9802512109163, 359.98016541986726, 359.98016541986726, 359.9800781698432, 359.9800781698432, 359.97999004484154, 359.97999004484154, 359.97991312883096, 359.97991312883096, 359.9798372958321, 359.9798372958321, 359.9797576298588, 359.9797576298588, 359.9796817548922], "a_moves_left": [39, 39, 38, 38, 37, 37, 36, 36, 35, 35, 34, 34, 33, 33, 32, 32, 31, 31, 30, 30, 29, 29, 28, 28, 27, 27, 26, 26, 25, 25, 24, 24, 23, 23, 22, 22, 21, 21, 20, 20, 19, 19, 18, 18, 17, 17, 16, 16, 15, 15, 14, 14, 13, 13, 12, 12, 11, 11, 10, 10, 9, 9, 8, 8, 7, 7, 6, 6, 5, 5, 4, 4, 3, 3, 2, 2, 1, 1, 0, 0], "b_moves_left": [40, 39, 39, 38, 38, 37, 37, 36, 36, 35, 35, 34, 34, 33, 33, 32, 32, 31, 31, 30, 30, 29, 29, 28, 28, 27, 27, 26, 26, 25, 25, 24, 24, 23, 23, 22, 22, 21, 21, 20, 20, 19, 19, 18, 18, 17, 17, 16, 16, 15, 15, 14, 14, 13, 13, 12, 12, 11, 11, 10, 10, 9, 9, 8, 8, 7, 7, 6, 6, 5, 5, 4, 4, 3, 3, 2, 2, 1, 1, 0], "trapdoor_triggered": [0, 0, 0, 0, 0, 0, 0, 0, 0, 0, 0, 0, 0, 0, 0, 0, 0, 0, 0, 0, 0, 0, 0, 0, 0, 0, 0, 0, 0, 0, 0, 0, 0, 0, 0, 0, 0, 0, 0, 0, 0, 0, 0, 0, 0, 0, 0, 0, 0, 0, 0, 0, 0, 0, 0, 0, 0, 0, 0, 0, 0, 0, 0, 0, 0, 0, 0, 0, 0, 0, 0, 0, 0, 0, 0, 0, 0, 0, 0, 0], "left_behind": ["egg", "egg", "plain", "plain", "egg", "egg", "plain", "plain", "egg", "egg", "plain", "plain", "egg", "egg", "plain", "plain", "egg", "egg", "plain", "plain", "egg", "egg", "plain", "plain", "egg", "egg", "plain", "plain", "plain", "egg", "plain", "plain", "egg", "plain", "plain", "plain", "egg", "plain", "plain", "plain", "egg", "egg", "plain", "plain", "egg", "plain", "plain", "plain", "egg", "plain", "plain", "plain", "egg", "egg", "plain", "plain", "plain", "egg", "plain", "plain", "plain", "egg", "plain", "plain", "plain", "plain", "plain", "plain", "plain", "egg", "plain", "plain", "egg", "egg", "plain", "plain", "plain", "egg", "plain", "plain"], "errlog_a": "", "errlog_b": "", "start_time": 360, "start_moves": 40, "turn_count": 80, "result": 1, "reason": "EGGS_LAID", "trapdoors": [[5, 3], [3, 2]], "spawn_a": [0, 6], "spawn_b": [7, 6]}