{"pos": [[7, 0], [0, 2], [7, 1], [1, 2], [7, 0], [1, 3], [7, 1], [1, 4], [7, 0], [1, 5], [7, 1], [1, 4], [7, 0], [1, 5], [7, 1], [2, 5], [7, 0], [2, 6], [7, 1], [3, 6], [7, 0], [3, 7], [7, 1], [4, 7], [7, 0], [3, 7], [7, 1], [3, 6], [7, 0], [3, 7], [7, 1], [3, 6], [7, 0], [3, 7], [7, 1], [3, 6], [7, 0], [3, 7], [7, 1], [3, 6], [7, 0], [3, 7], [7, 1], [3, 6], [7, 0], [3, 7], [7, 1], [3, 6], [7, 0], [3, 7], [7, 1], [3, 6], [7, 0], [3, 7], [7, 1], [3, 6], [7, 0], [3, 7], [7, 1], [3, 6], [7, 0], [3, 7], [7, 1], [3, 6], [7, 0], [3, 7], [7, 1], [3, 6], [7, 0], [3, 7], [7, 1], [3, 6], [7, 0], [3, 7], [7, 1], [3, 6], [7, 0], [3, 7], [7, 1], [2, 7]], "a_eggs_laid": [1, 1, 1, 1, 1, 1, 1, 1, 1, 1, 1, 1, 1, 1, 1, 1, 1, 1, 1, 1, 1, 1, 1, 1, 1, 1, 1, 1, 1, 1, 1, 1, 1, 1, 1, 1, 1, 1, 1, 1, 1, 1, 1, 1, 1, 1, 1, 1, 1, 1, 1, 1, 1, 1, 1, 1, 1, 1, 1, 1, 1, 1, 1, 1, 1, 1, 1, 1, 1, 1, 1, 1, 1, 1, 1, 1, 1, 1, 1, 1], "b_eggs_laid": [0, 1, 1, 1, 1, 2, 2, 2, 2, 3, 3, 3, 3, 3, 3, 3, 3, 4, 4, 4, 4, 5, 5, 5, 5, 6, 6, 6, 6, 6, 6, 6, 6, 6, 6, 6, 6, 6, 6, 6, 6, 6, 6, 6, 6, 6, 6, 6, 6, 6, 6, 6, 6, 6, 6, 6, 6, 6, 6, 6, 6, 6, 6, 6, 6, 6, 6, 6, 6, 6, 6, 6, 6, 6, 6, 6, 6, 6, 6, 6], "a_turds_left": [5, 5, 5, 5, 5, 5, 5, 5, 5, 5, 5, 5, 5, 5, 5, 5, 5, 5, 5, 5, 5, 5, 5, 5, 5, 5, 5, 5, 5, 5, 5, 5, 5, 5, 5, 5, 5, 5, 5, 5, 5, 5, 5, 5, 5, 5, 5, 5, 5, 5, 5, 5, 5, 5, 5, 5, 5, 5, 5, 5, 5, 5, 5, 5, 5, 5, 5, 5, 5, 5, 5, 5, 5, 5, 5, 5, 5, 5, 5, 5], "b_turds_left": [5, 5, 5, 5, 5, 5, 5, 5, 5, 5, 5, 5, 5, 5, 5, 5, 5, 5, 5, 5, 5, 5, 5, 5, 5, 5, 5, 5, 5, 5, 5, 5, 5, 5, 5, 5, 5, 5, 5, 5, 5, 5, 5, 5, 5, 5, 5, 5, 5, 5, 5, 5, 5, 5, 5, 5, 5, 5, 5, 5, 5, 5, 5, 5, 5, 5, 5, 5, 5, 5, 5, 5, 5, 5, 5, 5, 5, 5, 5, 5], "a_time_left": [359.92238541599363, 359.92238541599363, 359.9169620409957, 359.9169620409957, 359.90227137401234, 359.90227137401234, 359.8948191240197, 359.8948191240197, 359.87891679099994, 359.87891679099994, 359.8714237490203, 359.8714237490203, 359.8557324989815, 359.8557324989815, 359.8485259580193, 359.8485259580193, 359.83306620805524, 359.83306620805524, 359.8256388330483, 359.8256388330483, 359.80979708308587, 359.80979708308587, 359.80433258309495, 359.80433258309495, 359.79309295810526, 359.79309295810526, 359.7875398740871, 359.7875398740871, 359.7775437911041, 359.7775437911041, 359.77240400010487, 359.77240400010487, 359.76245212508366, 359.76245212508366, 359.7571771671064, 359.7571771671064, 359.7472880841233, 359.7472880841233, 359.7421157921199, 359.7421157921199, 359.73239966714755, 359.73239966714755, 359.72730616718763, 359.72730616718763, 359.7172345421859, 359.7172345421859, 359.7120615421445, 359.7120615421445, 359.70208904217, 359.70208904217, 359.6969816671917, 359.6969816671917, 359.68711766717024, 359.68711766717024, 359.6819747922127, 359.6819747922127, 359.67218925023917, 359.67218925023917, 359.6671427092515, 359.6671427092515, 359.657351917238, 359.657351917238, 359.6520370002254, 359.6520370002254, 359.6420811252319, 359.6420811252319, 359.63683320820564, 359.63683320820564, 359.6268761662068, 359.6268761662068, 359.62180195818655, 359.62180195818655, 359.61210204218514, 359.61210204218514, 359.6068036261713, 359.6068036261713, 359.60029070917517, 359.60029070917517, 359.59890200017253, 359.59890200017253], "b_time_left": [360, 359.93018949998077, 359.93018949998077, 359.90006395900855, 359.90006395900855, 359.8343606670387, 359.8343606670387, 359.7993840840063, 359.7993840840063, 359.73905545898015, 359.73905545898015, 359.6902528339415, 359.6902528339415, 359.66381545894546, 359.66381545894546, 359.62211633392144, 359.62211633392144, 359.5640960839228, 359.5640960839228, 359.513968333893, 359.513968333893, 359.46838029293576, 359.46838029293576, 359.4201388769434, 359.4201388769434, 359.394532585924, 359.394532585924, 359.35390487790573, 359.35390487790573, 359.34050725289853, 359.34050725289853, 359.30240641889395, 359.30240641889395, 359.288874918886, 359.288874918886, 359.25092700187815, 359.25092700187815, 359.2373829188873, 359.2373829188873, 359.19943858589977, 359.19943858589977, 359.18613521085354, 359.18613521085354, 359.14867150184, 359.14867150184, 359.13524183485424, 359.13524183485424, 359.09766129386844, 359.09766129386844, 359.0845032518846, 359.0845032518846, 359.0471443348797, 359.0471443348797, 359.0337563349167, 359.0337563349167, 358.9960707098944, 358.9960707098944, 358.9827508768649, 358.9827508768649, 358.9444276688155, 358.9444276688155, 358.9309952108306, 358.9309952108306, 358.89305741881253, 358.89305741881253, 358.8795959188137, 358.8795959188137, 358.8419838778209, 358.8419838778209, 358.8285882528289, 358.8285882528289, 358.79106929479167, 358.79106929479167, 358.7777341697947, 358.7777341697947, 358.73957646178314, 358.73957646178314, 358.7356333787902, 358.7356333787902, 358.7346997128334], "a_moves_left": [39, 39, 38, 38, 37, 37, 36, 36, 35, 35, 34, 34, 33, 33, 32, 32, 31, 31, 30, 30, 29, 29, 28, 28, 27, 27, 26, 26, 25, 25, 24, 24, 23, 23, 22, 22, 21, 21, 20, 20, 19, 19, 18, 18, 17, 17, 16, 16, 15, 15, 14, 14, 13, 13, 12, 12, 11, 11, 10, 10, 9, 9, 8, 8, 7, 7, 6, 6, 5, 5, 4, 4, 3, 3, 2, 2, 1, 1, 0, 0], "b_moves_left": [40, 39, 39, 38, 38, 37, 37, 36, 36, 35, 35, 34, 34, 33, 33, 32, 32, 31, 31, 30, 30, 29, 29, 28, 28, 27, 27, 26, 26, 25, 25, 24, 24, 23, 23, 22, 22, 21, 21, 20, 20, 19, 19, 18, 18, 17, 17, 16, 16, 15, 15, 14, 14, 13, 13, 12, 12, 11, 11, 10, 10, 9, 9, 8, 8, 7, 7, 6, 6, 5, 5, 4, 4, 3, 3, 2, 2, 1, 1, 0], "trapdoor_triggered": [0, 0, 0, 0, 0, 0, 0, 0, 0, 0, 0, 0, 0, 0, 0, 0, 0, 0, 0, 0, 0, 0, 0, 0, 0, 0, 0, 0, 0, 0, 0, 0, 0, 0, 0, 0, 0, 0, 0, 0, 0, 0, 0, 0, 0, 0, 0, 0, 0, 0, 0, 0, 0, 0, 0, 0, 0, 0, 0, 0, 0, 0, 0, 0, 0, 0, 0, 0, 0, 0, 0, 0, 0, 0, 0, 0, 0, 0, 0, 0], "left_behind": ["egg", "egg", "plain", "plain", "plain", "egg", "plain", "plain", "plain", "egg", "plain", "plain", "plain", "plain", "plain", "plain", "plain", "egg", "plain", "plain", "plain", "egg", "plain", "plain", "plain", "egg", "plain", "plain", "plain", "plain", "plain", "plain", "plain", "plain", "plain", "plain", "plain", "plain", "plain", "plain", "plain", "plain", "plain", "plain", "plain", "plain", "plain", "plain", "plain", "plain", "plain", "plain", "plain", "plain", "plain", "plain", "plain", "plain", "plain", "plain", "plain", "plain", "plain", "plain", "plain", "plain", "plain", "plain", "plain", "plain", "plain", "plain", "plain", "plain", "plain", "plain", "plain", "plain", "plain", "plain"], "errlog_a": "", "errlog_b": "", "start_time": 360, "start_moves": 40, "turn_count": 80, "result": 1, "reason": "EGGS_LAID", "trapdoors": [[4, 4], [3, 4]], "spawn_a": [7, 1], "spawn_b": [0, 1]}