{"pos": [[7, 2], [0, 2], [7, 1], [0, 1], [7, 0], [1, 1], [7, 1], [0, 1], [7, 0], [1, 1], [7, 1], [2, 1], [7, 0], [1, 1], [7, 1], [1, 0], [7, 2], [1, 1], [7, 1], [2, 1], [7, 0], [3, 1], [7, 1], [4, 1], [7, 0], [4, 0], [7, 1], [4, 1], [7, 0], [5, 1], [7, 1], [6, 1], [7, 0], [6, 2], [6, 0], [6, 3], [5, 0], [6, 2], [5, 1], [6, 1], [5, 2], [6, 2], [5, 1], [5, 2], [5, 0], [4, 2], [5, 1], [4, 3], [5, 0], [4, 4], [5, 1], [4, 3], [5, 0], [5, 3], [5, 1], [5, 4], [5, 0], [5, 5], [5, 1], [5, 4], [5, 0], [4, 4], [5, 1], [5, 4], [5, 0], [5, 5], [5, 1], [5, 6], [5, 0], [5, 7], [5, 1], [5, 6], [5, 0], [4, 6], [5, 1], [5, 6], [5, 0], [5, 7], [5, 1], [5, 6]], "a_eggs_laid": [1, 1, 1, 1, 2, 2, 2, 2, 2, 2, 2, 2, 2, 2, 2, 2, 2, 2, 2, 2, 2, 2, 2, 2, 2, 2, 2, 2, 2, 2, 2, 2, 2, 2, 2, 2, 3, 3, 3, 3, 4, 4, 4, 4, 4, 4, 4, 4, 4, 4, 4, 4, 4, 4, 4, 4, 4, 4, 4, 4, 4, 4, 4, 4, 4, 4, 4, 4, 4, 4, 4, 4, 4, 4, 4, 4, 4, 4, 4, 4], "b_eggs_laid": [0, 0, 0, 0, 0, 0, 0, 0, 0, 0, 0, 0, 0, 0, 0, 0, 0, 0, 0, 0, 0, 0, 0, 0, 0, 1, 1, 1, 1, 1, 1, 1, 1, 2, 2, 2, 2, 3, 3, 3, 3, 3, 3, 3, 3, 4, 4, 4, 4, 4, 4, 4, 4, 4, 4, 4, 4, 5, 5, 5, 5, 5, 5, 5, 5, 5, 5, 5, 5, 6, 6, 6, 6, 6, 6, 6, 6, 6, 6, 6], "a_turds_left": [5, 5, 5, 5, 5, 5, 5, 5, 5, 5, 5, 5, 5, 5, 5, 5, 5, 5, 5, 5, 5, 5, 5, 5, 5, 5, 5, 5, 5, 5, 5, 5, 5, 5, 5, 5, 5, 5, 5, 5, 5, 5, 5, 5, 5, 5, 5, 5, 5, 5, 5, 5, 5, 5, 5, 5, 5, 5, 5, 5, 5, 5, 5, 5, 5, 5, 5, 5, 5, 5, 5, 5, 5, 5, 5, 5, 5, 5, 5, 5], "b_turds_left": [5, 5, 5, 5, 5, 4, 4, 3, 3, 3, 3, 3, 3, 2, 2, 2, 2, 1, 1, 1, 1, 1, 1, 0, 0, 0, 0, 0, 0, 0, 0, 0, 0, 0, 0, 0, 0, 0, 0, 0, 0, 0, 0, 0, 0, 0, 0, 0, 0, 0, 0, 0, 0, 0, 0, 0, 0, 0, 0, 0, 0, 0, 0, 0, 0, 0, 0, 0, 0, 0, 0, 0, 0, 0, 0, 0, 0, 0, 0, 0], "a_time_left": [359.9247093750164, 359.9247093750164, 359.9048574580229, 359.9048574580229, 359.84635045804316, 359.84635045804316, 359.8327865000465, 359.8327865000465, 359.8180178750772, 359.8180178750772, 359.80132066609804, 359.80132066609804, 359.76893062505405, 359.76893062505405, 359.74981900001876, 359.74981900001876, 359.7236009580083, 359.7236009580083, 359.696546583029, 359.696546583029, 359.67463479103753, 359.67463479103753, 359.65284633199917, 359.65284633199917, 359.6228021660354, 359.6228021660354, 359.60427837399766, 359.60427837399766, 359.58360370702576, 359.58360370702576, 359.57082174904644, 359.57082174904644, 359.5625540820183, 359.5625540820183, 359.5493302070536, 359.5493302070536, 359.5137275400921, 359.5137275400921, 359.5041732901009, 359.5041732901009, 359.4817285400932, 359.4817285400932, 359.4635681650834, 359.4635681650834, 359.4579993740772, 359.4579993740772, 359.4476119990577, 359.4476119990577, 359.4407966650906, 359.4407966650906, 359.4249885401223, 359.4249885401223, 359.41716462309705, 359.41716462309705, 359.4009576230892, 359.4009576230892, 359.3932871230645, 359.3932871230645, 359.38187445607036, 359.38187445607036, 359.375441581069, 359.375441581069, 359.3594276230433, 359.3594276230433, 359.35219029005384, 359.35219029005384, 359.33916733105434, 359.33916733105434, 359.3289197900449, 359.3289197900449, 359.3115016230731, 359.3115016230731, 359.30265716509894, 359.30265716509894, 359.27867458207766, 359.27867458207766, 359.2715182900429, 359.2715182900429, 359.26615516503807, 359.26615516503807], "b_time_left": [360, 358.4581033330178, 358.4581033330178, 356.9525562080089, 356.9525562080089, 355.4467914580018, 355.4467914580018, 353.941307125031, 353.941307125031, 352.43566979200114, 352.43566979200114, 350.9300720419851, 350.9300720419851, 349.4243025420001, 349.4243025420001, 347.9185540009639, 347.9185540009639, 346.40580170898465, 346.40580170898465, 344.89939620898804, 344.89939620898804, 343.3934719589888, 343.3934719589888, 341.88770166697213, 341.88770166697213, 340.3819245839841, 340.3819245839841, 338.85126387595665, 338.85126387595665, 337.34524925093865, 337.34524925093865, 335.8440009599435, 335.8440009599435, 334.3382453349768, 334.3382453349768, 332.83591050095856, 332.83591050095856, 331.328330291959, 331.328330291959, 329.822734000918, 329.822734000918, 328.3173428759328, 328.3173428759328, 326.8119963759091, 326.8119963759091, 325.3061196669005, 325.3061196669005, 323.8007183748996, 323.8007183748996, 322.2952494578785, 322.2952494578785, 320.78983945783693, 320.78983945783693, 319.2843594578444, 319.2843594578444, 317.7789836238371, 317.7789836238371, 316.2735660818289, 316.2735660818289, 314.7682176238159, 314.7682176238159, 313.2627160408301, 313.2627160408301, 311.75735562480986, 311.75735562480986, 310.2560441668611, 310.2560441668611, 308.7552867088816, 308.7552867088816, 307.25360870885197, 307.25360870885197, 305.74827024986735, 305.74827024986735, 304.24228191690054, 304.24228191690054, 302.7366332078818, 302.7366332078818, 301.23089537385385, 301.23089537385385, 299.7253444988746], "a_moves_left": [39, 39, 38, 38, 37, 37, 36, 36, 35, 35, 34, 34, 33, 33, 32, 32, 31, 31, 30, 30, 29, 29, 28, 28, 27, 27, 26, 26, 25, 25, 24, 24, 23, 23, 22, 22, 21, 21, 20, 20, 19, 19, 18, 18, 17, 17, 16, 16, 15, 15, 14, 14, 13, 13, 12, 12, 11, 11, 10, 10, 9, 9, 8, 8, 7, 7, 6, 6, 5, 5, 4, 4, 3, 3, 2, 2, 1, 1, 0, 0], "b_moves_left": [40, 39, 39, 38, 38, 37, 37, 36, 36, 35, 35, 34, 34, 33, 33, 32, 32, 31, 31, 30, 30, 29, 29, 28, 28, 27, 27, 26, 26, 25, 25, 24, 24, 23, 23, 22, 22, 21, 21, 20, 20, 19, 19, 18, 18, 17, 17, 16, 16, 15, 15, 14, 14, 13, 13, 12, 12, 11, 11, 10, 10, 9, 9, 8, 8, 7, 7, 6, 6, 5, 5, 4, 4, 3, 3, 2, 2, 1, 1, 0], "trapdoor_triggered": [0, 0, 0, 0, 0, 0, 0, 0, 0, 0, 0, 0, 0, 0, 0, 0, 0, 0, 0, 0, 0, 0, 0, 0, 0, 0, 0, 0, 0, 0, 0, 0, 0, 0, 0, 0, 0, 0, 0, 0, 0, 0, 0, 0, 0, 0, 0, 0, 0, 0, 0, 0, 0, 0, 0, 0, 0, 0, 0, 0, 0, 0, 0, 0, 0, 0, 0, 0, 0, 0, 0, 0, 0, 0, 0, 0, 0, 0, 0, 0], "left_behind": ["egg", "plain", "plain", "plain", "egg", "turd", "plain", "turd", "plain", "plain", "plain", "plain", "plain", "turd", "plain", "plain", "plain", "turd", "plain", "plain", "plain", "plain", "plain", "turd", "plain", "egg", "plain", "plain", "plain", "plain", "plain", "plain", "plain", "egg", "plain", "plain", "egg", "egg", "plain", "plain", "egg", "plain", "plain", "plain", "plain", "egg", "plain", "plain", "plain", "plain", "plain", "plain", "plain", "plain", "plain", "plain", "plain", "egg", "plain", "plain", "plain", "plain", "plain", "plain", "plain", "plain", "plain", "plain", "plain", "egg", "plain", "plain", "plain", "plain", "plain", "plain", "plain", "plain", "plain", "plain"], "errlog_a": "", "errlog_b": "", "start_time": 360, "start_moves": 40, "turn_count": 80, "result": 1, "reason": "EGGS_LAID", "trapdoors": [[3, 3], [3, 4]], "spawn_a": [7, 3], "spawn_b": [0, 3]}