{"pos": [[1, 2], [7, 3], [1, 1], [7, 2], [2, 1], [6, 2], [3, 1], [5, 2], [4, 1], [6, 2], [5, 1], [6, 1], [5, 0], [7, 1], [4, 0], [7, 2], [3, 0], [7, 3], [2, 0], [7, 2], [1, 0], [7, 1], [0, 0], [7, 0], [0, 1], [6, 0], [1, 1], [7, 0], [2, 1], [7, 1], [2, 2], [7, 2], [3, 2], [7, 1], [4, 2], [6, 1], [4, 3], [6, 2], [5, 3], [5, 2], [5, 4], [6, 2], [6, 4], [5, 2], [6, 5], [6, 2], [6, 6], [6, 1], [5, 6], [6, 2], [5, 7], [7, 2], [6, 7], [6, 2], [7, 7], [6, 3], [7, 6], [7, 3], [7, 5], [6, 3], [6, 5], [6, 2], [0, 2], [6, 1], [0, 3], [6, 0], [1, 3], [5, 0], [2, 3], [6, 0], [2, 4], [6, 1], [3, 4], [6, 0], [3, 5], [6, 1], [3, 6], [6, 0], [2, 6], [6, 1]], "a_eggs_laid": [1, 1, 1, 1, 2, 2, 2, 2, 3, 3, 3, 3, 4, 4, 4, 4, 5, 5, 5, 5, 6, 6, 6, 6, 9, 9, 9, 9, 9, 9, 9, 9, 10, 10, 10, 10, 11, 11, 11, 11, 12, 12, 12, 12, 13, 13, 13, 13, 14, 14, 14, 14, 15, 15, 15, 15, 18, 18, 18, 18, 19, 19, 19, 19, 19, 19, 19, 19, 20, 20, 20, 20, 21, 21, 21, 21, 22, 22, 22, 22], "b_eggs_laid": [0, 0, 0, 0, 0, 1, 1, 1, 1, 2, 2, 2, 2, 2, 2, 2, 2, 2, 2, 2, 2, 2, 2, 2, 2, 2, 2, 2, 2, 2, 2, 2, 2, 2, 2, 2, 2, 2, 2, 2, 2, 2, 2, 2, 2, 2, 2, 2, 2, 2, 2, 2, 2, 2, 2, 2, 2, 2, 2, 2, 2, 3, 3, 7, 7, 7, 7, 7, 7, 8, 8, 8, 8, 8, 8, 8, 8, 8, 8, 8], "a_turds_left": [5, 5, 5, 5, 5, 5, 5, 5, 5, 5, 5, 5, 5, 5, 5, 5, 5, 5, 5, 5, 5, 5, 5, 5, 5, 5, 5, 5, 5, 5, 5, 5, 5, 5, 5, 5, 5, 5, 5, 5, 5, 5, 5, 5, 5, 5, 5, 5, 5, 5, 5, 5, 5, 5, 5, 5, 5, 5, 5, 5, 5, 5, 5, 5, 5, 5, 5, 5, 5, 5, 5, 5, 5, 5, 5, 5, 5, 5, 5, 5], "b_turds_left": [5, 5, 5, 5, 5, 5, 5, 5, 5, 5, 5, 4, 4, 3, 3, 3, 3, 3, 3, 2, 2, 2, 2, 2, 2, 2, 2, 2, 2, 2, 2, 1, 1, 1, 1, 1, 1, 1, 1, 1, 1, 1, 1, 1, 1, 1, 1, 1, 1, 1, 1, 1, 1, 1, 1, 1, 1, 1, 1, 1, 1, 1, 1, 1, 1, 1, 1, 0, 0, 0, 0, 0, 0, 0, 0, 0, 0, 0, 0, 0], "a_time_left": [359.99983833299484, 359.99983833299484, 359.9997543329955, 359.9997543329955, 359.9994982909993, 359.9994982909993, 359.9993904160219, 359.9993904160219, 359.99922429106664, 359.99922429106664, 359.99907820805674, 359.99907820805674, 359.9989913330646, 359.9989913330646, 359.99885333311977, 359.99885333311977, 359.99867695814464, 359.99867695814464, 359.99857058312045, 359.99857058312045, 359.99831962410826, 359.99831962410826, 359.9981576240971, 359.9981576240971, 359.99793649907224, 359.99793649907224, 359.9978005820303, 359.9978005820303, 359.9976479570614, 359.9976479570614, 359.9974911240861, 359.9974911240861, 359.9972152490518, 359.9972152490518, 359.9970836650464, 359.9970836650464, 359.99691812403034, 359.99691812403034, 359.99679429101525, 359.99679429101525, 359.9967077070032, 359.9967077070032, 359.9964752480155, 359.9964752480155, 359.9963231639704, 359.9963231639704, 359.9960880809813, 359.9960880809813, 359.9958334969706, 359.9958334969706, 359.99570482992567, 359.99570482992567, 359.99556687189033, 359.99556687189033, 359.9954661639058, 359.9954661639058, 359.99535933090374, 359.99535933090374, 359.9952532888856, 359.9952532888856, 359.99504820484435, 359.99504820484435, 359.9948918718728, 359.9948918718728, 359.99475691391854, 359.99475691391854, 359.99462232994847, 359.99462232994847, 359.9944294959423, 359.9944294959423, 359.9943103289115, 359.9943103289115, 359.99401657894487, 359.99401657894487, 359.9938848709571, 359.9938848709571, 359.99365812097676, 359.99365812097676, 359.9933921629563, 359.9933921629563], "b_time_left": [360, 358.46547291701427, 358.46547291701427, 356.95995816704817, 356.95995816704817, 355.4543488340569, 355.4543488340569, 353.94878545904066, 353.94878545904066, 352.4431234590593, 352.4431234590593, 350.9375366680906, 350.9375366680906, 349.4319650020916, 349.4319650020916, 347.9263955861097, 347.9263955861097, 346.4207902951166, 346.4207902951166, 344.9153845871333, 344.9153845871333, 343.40941404615296, 343.40941404615296, 341.9037105051684, 341.9037105051684, 340.3981226301403, 340.3981226301403, 338.89253171312157, 338.89253171312157, 337.3868602550938, 337.3868602550938, 335.88126567110885, 335.88126567110885, 334.3756046711351, 334.3756046711351, 332.8700246711378, 332.8700246711378, 331.3643967131502, 331.3643967131502, 329.85885983816115, 329.85885983816115, 328.3532881711144, 328.3532881711144, 326.8476627120981, 326.8476627120981, 325.3421521700802, 325.3421521700802, 323.8365478370688, 323.8365478370688, 322.3309368781047, 322.3309368781047, 320.82534150307765, 320.82534150307765, 319.3207105030888, 319.3207105030888, 317.8151242531021, 317.8151242531021, 316.30954654410016, 316.30954654410016, 314.80397441913374, 314.80397441913374, 313.2984951691469, 313.2984951691469, 311.7927452531294, 311.7927452531294, 310.28713196213357, 310.28713196213357, 308.78159929515095, 308.78159929515095, 307.276067045168, 307.276067045168, 305.7704954201472, 305.7704954201472, 304.2649301281199, 304.2649301281199, 302.75943637813907, 302.75943637813907, 301.2537881701719, 301.2537881701719, 299.74827721121255], "a_moves_left": [39, 39, 38, 38, 37, 37, 36, 36, 35, 35, 34, 34, 33, 33, 32, 32, 31, 31, 30, 30, 29, 29, 28, 28, 27, 27, 26, 26, 25, 25, 24, 24, 23, 23, 22, 22, 21, 21, 20, 20, 19, 19, 18, 18, 17, 17, 16, 16, 15, 15, 14, 14, 13, 13, 12, 12, 11, 11, 10, 10, 9, 9, 8, 8, 7, 7, 6, 6, 5, 5, 4, 4, 3, 3, 2, 2, 1, 1, 0, 0], "b_moves_left": [40, 39, 39, 38, 38, 37, 37, 36, 36, 35, 35, 34, 34, 33, 33, 32, 32, 31, 31, 30, 30, 29, 29, 28, 28, 27, 27, 26, 26, 25, 25, 24, 24, 23, 23, 22, 22, 21, 21, 20, 20, 19, 19, 18, 18, 17, 17, 16, 16, 15, 15, 14, 14, 13, 13, 12, 12, 11, 11, 10, 10, 9, 9, 8, 8, 7, 7, 6, 6, 5, 5, 4, 4, 3, 3, 2, 2, 1, 1, 0], "trapdoor_triggered": [0, 0, 0, 0, 0, 0, 0, 0, 0, 0, 0, 0, 0, 0, 0, 0, 0, 0, 0, 0, 0, 0, 0, 0, 0, 0, 0, 0, 0, 0, 0, 0, 0, 0, 0, 0, 0, 0, 0, 0, 0, 0, 0, 0, 0, 0, 0, 0, 0, 0, 0, 0, 0, 0, 0, 0, 0, 0, 0, 0, 0, 0, 1, 0, 0, 0, 0, 0, 0, 0, 0, 0, 0, 0, 0, 0, 0, 0, 0, 0], "left_behind": ["egg", "plain", "plain", "plain", "egg", "egg", "plain", "plain", "egg", "egg", "plain", "turd", "egg", "turd", "plain", "plain", "egg", "plain", "plain", "turd", "egg", "plain", "plain", "plain", "egg", "plain", "plain", "plain", "plain", "plain", "plain", "turd", "egg", "plain", "plain", "plain", "egg", "plain", "plain", "plain", "egg", "plain", "plain", "plain", "egg", "plain", "plain", "plain", "egg", "plain", "plain", "plain", "egg", "plain", "plain", "plain", "egg", "plain", "plain", "plain", "egg", "egg", "plain", "plain", "plain", "plain", "plain", "turd", "egg", "egg", "plain", "plain", "egg", "plain", "plain", "plain", "egg", "plain", "plain", "plain"], "errlog_a": "", "errlog_b": "", "start_time": 360, "start_moves": 40, "turn_count": 80, "result": 0, "reason": "EGGS_LAID", "trapdoors": [[5, 5], [2, 5]], "spawn_a": [0, 2], "spawn_b": [7, 2]}