{"pos": [[0, 5], [7, 7], [0, 4], [6, 7], [0, 3], [7, 7], [0, 2], [6, 7], [0, 1], [5, 7], [0, 0], [6, 7], [1, 0], [7, 7], [2, 0], [6, 7], [3, 0], [5, 7], [4, 0], [6, 7], [5, 0], [7, 7], [6, 0], [6, 7], [7, 0], [6, 6], [7, 1], [6, 7], [7, 0], [7, 7], [7, 1], [6, 7], [7, 0], [6, 6], [7, 1], [5, 6], [7, 0], [4, 6], [7, 1], [5, 6], [7, 0], [5, 7], [7, 1], [4, 7], [7, 0], [4, 6], [7, 1], [3, 6], [7, 0], [4, 6], [7, 1], [4, 5], [7, 0], [4, 6], [7, 1], [4, 7], [7, 0], [4, 6], [7, 1], [4, 7], [7, 0], [4, 6], [7, 1], [5, 6], [7, 0], [5, 5], [7, 1], [4, 5], [7, 0], [3, 5], [7, 1], [3, 6], [7, 0], [2, 6], [7, 1], [3, 6], [7, 0], [3, 7], [7, 1], [4, 7]], "a_eggs_laid": [1, 1, 1, 1, 2, 2, 2, 2, 3, 3, 3, 3, 6, 6, 6, 6, 7, 7, 7, 7, 8, 8, 8, 8, 9, 9, 9, 9, 10, 10, 10, 10, 10, 10, 10, 10, 10, 10, 10, 10, 10, 10, 10, 10, 10, 10, 10, 10, 10, 10, 10, 10, 10, 10, 10, 10, 10, 10, 10, 10, 10, 10, 10, 10, 10, 10, 10, 10, 10, 10, 10, 10, 10, 10, 10, 10, 10, 10, 10, 10], "b_eggs_laid": [0, 0, 0, 0, 0, 1, 1, 1, 1, 1, 1, 1, 1, 1, 1, 1, 1, 1, 1, 1, 1, 1, 1, 1, 1, 1, 1, 1, 1, 1, 1, 1, 1, 1, 1, 1, 1, 2, 2, 2, 2, 2, 2, 2, 2, 2, 2, 2, 2, 3, 3, 3, 3, 4, 4, 4, 4, 4, 4, 4, 4, 4, 4, 4, 4, 4, 4, 4, 4, 4, 4, 4, 4, 4, 4, 4, 4, 4, 4, 4], "a_turds_left": [5, 5, 5, 5, 5, 5, 5, 5, 5, 5, 5, 5, 5, 5, 5, 5, 5, 5, 5, 5, 5, 5, 5, 5, 5, 5, 5, 5, 5, 5, 5, 5, 5, 5, 5, 5, 5, 5, 5, 5, 5, 5, 5, 5, 5, 5, 5, 5, 5, 5, 5, 5, 5, 5, 5, 5, 5, 5, 5, 5, 5, 5, 5, 5, 5, 5, 5, 5, 5, 5, 5, 5, 5, 5, 5, 5, 5, 5, 5, 5], "b_turds_left": [5, 5, 5, 5, 5, 5, 5, 5, 5, 5, 5, 5, 5, 5, 5, 5, 5, 5, 5, 4, 4, 4, 4, 3, 3, 3, 3, 3, 3, 3, 3, 3, 3, 3, 3, 3, 3, 3, 3, 3, 3, 3, 3, 3, 3, 3, 3, 3, 3, 3, 3, 2, 2, 2, 2, 2, 2, 2, 2, 2, 2, 2, 2, 2, 2, 2, 2, 2, 2, 2, 2, 1, 1, 1, 1, 0, 0, 0, 0, 0], "a_time_left": [359.91418425005395, 359.91418425005395, 359.8953329580254, 359.8953329580254, 359.8263116659946, 359.8263116659946, 359.8146899989806, 359.8146899989806, 359.74333733198, 359.74333733198, 359.7193363319966, 359.7193363319966, 359.68818870699033, 359.68818870699033, 359.67632137297187, 359.67632137297187, 359.6258199149743, 359.6258199149743, 359.59927662299015, 359.59927662299015, 359.5498062479892, 359.5498062479892, 359.5313016650034, 359.5313016650034, 359.4982885820209, 359.4982885820209, 359.4815283320495, 359.4815283320495, 359.44824674905976, 359.44824674905976, 359.436747749045, 359.436747749045, 359.42782258201623, 359.42782258201623, 359.41127862402936, 359.41127862402936, 359.3921572070685, 359.3921572070685, 359.3761416650377, 359.3761416650377, 359.36484670703067, 359.36484670703067, 359.35410562402103, 359.35410562402103, 359.34460724901874, 359.34460724901874, 359.3262972900411, 359.3262972900411, 359.3061741240672, 359.3061741240672, 359.29089724906953, 359.29089724906953, 359.26475887408014, 359.26475887408014, 359.24598879111, 359.24598879111, 359.22986379108625, 359.22986379108625, 359.21371666603955, 359.21371666603955, 359.2006652500713, 359.2006652500713, 359.1843444171245, 359.1843444171245, 359.1733745841193, 359.1733745841193, 359.1559058341081, 359.1559058341081, 359.1411083760904, 359.1411083760904, 359.1247773350915, 359.1247773350915, 359.111514501099, 359.111514501099, 359.0875103760627, 359.0875103760627, 359.07294429204194, 359.07294429204194, 359.06744625105057, 359.06744625105057], "b_time_left": [360, 358.4635315419873, 358.4635315419873, 356.9580471669906, 356.9580471669906, 355.4524513760116, 355.4524513760116, 353.94686970999464, 353.94686970999464, 352.44116146001033, 352.44116146001033, 350.935581127007, 350.935581127007, 349.42998225201154, 349.42998225201154, 347.924455210974, 347.924455210974, 346.418891460984, 346.418891460984, 344.91323416901287, 344.91323416901287, 343.4075368780177, 343.4075368780177, 341.90188479499193, 341.90188479499193, 340.3961665860261, 340.3961665860261, 338.89043429499725, 338.89043429499725, 337.3847580869915, 337.3847580869915, 335.8792202959885, 335.8792202959885, 334.3734073379892, 334.3734073379892, 332.86771617102204, 332.86771617102204, 331.3619923790102, 331.3619923790102, 329.8564177950029, 329.8564177950029, 328.3508341279812, 328.3508341279812, 326.84528337797383, 326.84528337797383, 325.339695253002, 325.339695253002, 323.8341352120042, 323.8341352120042, 322.328514170018, 322.328514170018, 320.82308921200456, 320.82308921200456, 319.3176435449859, 319.3176435449859, 317.81211191997863, 317.81211191997863, 316.3065286289784, 316.3065286289784, 314.80097329599084, 314.80097329599084, 313.295397336944, 313.295397336944, 311.78987233689986, 311.78987233689986, 310.28365158691304, 310.28365158691304, 308.77797654492315, 308.77797654492315, 307.2723284199601, 307.2723284199601, 305.76527662796434, 305.76527662796434, 304.25656871096, 304.25656871096, 302.7510036699241, 302.7510036699241, 301.24515816994244, 301.24515816994244, 299.74245333694853], "a_moves_left": [39, 39, 38, 38, 37, 37, 36, 36, 35, 35, 34, 34, 33, 33, 32, 32, 31, 31, 30, 30, 29, 29, 28, 28, 27, 27, 26, 26, 25, 25, 24, 24, 23, 23, 22, 22, 21, 21, 20, 20, 19, 19, 18, 18, 17, 17, 16, 16, 15, 15, 14, 14, 13, 13, 12, 12, 11, 11, 10, 10, 9, 9, 8, 8, 7, 7, 6, 6, 5, 5, 4, 4, 3, 3, 2, 2, 1, 1, 0, 0], "b_moves_left": [40, 39, 39, 38, 38, 37, 37, 36, 36, 35, 35, 34, 34, 33, 33, 32, 32, 31, 31, 30, 30, 29, 29, 28, 28, 27, 27, 26, 26, 25, 25, 24, 24, 23, 23, 22, 22, 21, 21, 20, 20, 19, 19, 18, 18, 17, 17, 16, 16, 15, 15, 14, 14, 13, 13, 12, 12, 11, 11, 10, 10, 9, 9, 8, 8, 7, 7, 6, 6, 5, 5, 4, 4, 3, 3, 2, 2, 1, 1, 0], "trapdoor_triggered": [0, 0, 0, 0, 0, 0, 0, 0, 0, 0, 0, 0, 0, 0, 0, 0, 0, 0, 0, 0, 0, 0, 0, 0, 0, 0, 0, 0, 0, 0, 0, 0, 0, 0, 0, 0, 0, 0, 0, 0, 0, 0, 0, 0, 0, 0, 0, 0, 0, 0, 0, 0, 0, 0, 0, 0, 0, 0, 0, 0, 0, 0, 0, 0, 0, 0, 0, 0, 0, 0, 0, 0, 0, 0, 0, 0, 0, 0, 0, 0], "left_behind": ["egg", "plain", "plain", "plain", "egg", "egg", "plain", "plain", "egg", "plain", "plain", "plain", "egg", "plain", "plain", "plain", "egg", "plain", "plain", "turd", "egg", "plain", "plain", "turd", "egg", "plain", "plain", "plain", "egg", "plain", "plain", "plain", "plain", "plain", "plain", "plain", "plain", "egg", "plain", "plain", "plain", "plain", "plain", "plain", "plain", "plain", "plain", "plain", "plain", "egg", "plain", "turd", "plain", "egg", "plain", "plain", "plain", "plain", "plain", "plain", "plain", "plain", "plain", "plain", "plain", "plain", "plain", "plain", "plain", "plain", "plain", "turd", "plain", "plain", "plain", "turd", "plain", "plain", "plain", "plain"], "errlog_a": "", "errlog_b": "", "start_time": 360, "start_moves": 40, "turn_count": 80, "result": 0, "reason": "EGGS_LAID", "trapdoors": [[5, 3], [4, 3]], "spawn_a": [0, 6], "spawn_b": [7, 6]}