{"pos": [[0, 5], [7, 7], [0, 6], [6, 7], [0, 7], [5, 7], [0, 6], [6, 7], [0, 7], [5, 7], [0, 6], [4, 7], [0, 7], [5, 7], [0, 6], [6, 7], [0, 7], [5, 7], [0, 6], [4, 7], [0, 7], [3, 7], [0, 6], [4, 7], [0, 7], [5, 7], [0, 6], [5, 6], [0, 7], [4, 6], [0, 6], [4, 7], [0, 7], [4, 6], [0, 6], [5, 6], [0, 7], [5, 7], [0, 6], [5, 6], [0, 7], [5, 7], [0, 6], [4, 7], [0, 7], [5, 7], [0, 6], [4, 7], [0, 7], [4, 6], [0, 6], [4, 7], [0, 7], [4, 6], [0, 6], [5, 6], [0, 7], [5, 5], [0, 6], [4, 5], [0, 7], [5, 5], [0, 6], [6, 5], [0, 7], [6, 4], [0, 6], [6, 5], [0, 7], [5, 5], [0, 6], [4, 5], [0, 7], [3, 5], [0, 6], [3, 4], [0, 7], [7, 6], [0, 6], [7, 7]], "a_eggs_laid": [1, 1, 1, 1, 1, 1, 1, 1, 1, 1, 1, 1, 1, 1, 1, 1, 1, 1, 1, 1, 1, 1, 1, 1, 1, 1, 1, 1, 1, 1, 1, 1, 1, 1, 1, 1, 1, 1, 1, 1, 1, 1, 1, 1, 1, 1, 1, 1, 1, 1, 1, 1, 1, 1, 1, 1, 1, 1, 1, 1, 1, 1, 1, 1, 1, 1, 1, 1, 1, 1, 1, 1, 1, 1, 1, 1, 1, 1, 5, 5], "b_eggs_laid": [0, 0, 0, 0, 0, 0, 0, 0, 0, 0, 0, 0, 0, 0, 0, 0, 0, 0, 0, 0, 0, 1, 1, 1, 1, 1, 1, 1, 1, 2, 2, 2, 2, 2, 2, 2, 2, 2, 2, 2, 2, 2, 2, 2, 2, 2, 2, 2, 2, 2, 2, 2, 2, 2, 2, 2, 2, 2, 2, 2, 2, 2, 2, 2, 2, 3, 3, 3, 3, 3, 3, 3, 3, 3, 3, 3, 3, 4, 4, 5], "a_turds_left": [5, 5, 5, 5, 5, 5, 5, 5, 5, 5, 5, 5, 5, 5, 5, 5, 5, 5, 5, 5, 5, 5, 5, 5, 5, 5, 5, 5, 5, 5, 5, 5, 5, 5, 5, 5, 5, 5, 5, 5, 5, 5, 5, 5, 5, 5, 5, 5, 5, 5, 5, 5, 5, 5, 5, 5, 5, 5, 5, 5, 5, 5, 5, 5, 5, 5, 5, 5, 5, 5, 5, 5, 5, 5, 5, 5, 5, 5, 5, 5], "b_turds_left": [5, 5, 5, 5, 5, 4, 4, 4, 4, 4, 4, 4, 4, 4, 4, 4, 4, 4, 4, 4, 4, 4, 4, 3, 3, 3, 3, 2, 2, 2, 2, 2, 2, 2, 2, 1, 1, 1, 1, 1, 1, 1, 1, 1, 1, 1, 1, 1, 1, 1, 1, 1, 1, 1, 1, 1, 1, 1, 1, 1, 1, 0, 0, 0, 0, 0, 0, 0, 0, 0, 0, 0, 0, 0, 0, 0, 0, 0, 0, 0], "a_time_left": [359.9998975000344, 359.9998975000344, 359.9997022500029, 359.9997022500029, 359.99923375004437, 359.99923375004437, 359.99886604206404, 359.99886604206404, 359.99855295807356, 359.99855295807356, 359.99834012507927, 359.99834012507927, 359.99807329208124, 359.99807329208124, 359.9978485010797, 359.9978485010797, 359.9975357101066, 359.9975357101066, 359.997316585097, 359.997316585097, 359.9970103771193, 359.9970103771193, 359.99683571013156, 359.99683571013156, 359.99644516810076, 359.99644516810076, 359.9961981261149, 359.9961981261149, 359.99574237607885, 359.99574237607885, 359.995395876118, 359.995395876118, 359.9945995431044, 359.9945995431044, 359.99435046012513, 359.99435046012513, 359.99412729311734, 359.99412729311734, 359.99389433511533, 359.99389433511533, 359.99371908511966, 359.99371908511966, 359.9935150021338, 359.9935150021338, 359.9933196681668, 359.9933196681668, 359.9931201681611, 359.9931201681611, 359.9929070021608, 359.9929070021608, 359.9927377521526, 359.9927377521526, 359.99248579418054, 359.99248579418054, 359.9922965861624, 359.9922965861624, 359.99194187816465, 359.99194187816465, 359.99177187815076, 359.99177187815076, 359.9915655871155, 359.9915655871155, 359.99135517008835, 359.99135517008835, 359.99120517011033, 359.99120517011033, 359.9910501281265, 359.9910501281265, 359.9905132530839, 359.9905132530839, 359.9902403781307, 359.9902403781307, 359.9899540031329, 359.9899540031329, 359.98977417015703, 359.98977417015703, 359.9895921701682, 359.9895921701682, 359.98933483619476, 359.98933483619476], "b_time_left": [360, 358.4643783750362, 358.4643783750362, 356.9585168750491, 356.9585168750491, 355.4524671250838, 355.4524671250838, 353.94679000007454, 353.94679000007454, 352.4411847080337, 352.4411847080337, 350.93547908304026, 350.93547908304026, 349.4297750830301, 349.4297750830301, 347.924020874023, 347.924020874023, 346.418273249059, 346.418273249059, 344.91256141505437, 344.91256141505437, 343.4069075820735, 343.4069075820735, 341.9013174570282, 341.9013174570282, 340.3956513320445, 340.3956513320445, 338.89015191601356, 338.89015191601356, 337.38440308201825, 337.38440308201825, 335.87863941601245, 335.87863941601245, 334.3726911660051, 334.3726911660051, 332.8668895409792, 332.8668895409792, 331.361199499981, 331.361199499981, 329.8556413749466, 329.8556413749466, 328.349935874925, 328.349935874925, 326.8444034169079, 326.8444034169079, 325.3387506668805, 325.3387506668805, 323.8332394589088, 323.8332394589088, 322.32762595888926, 322.32762595888926, 320.8219916258822, 320.8219916258822, 319.3163186258753, 319.3163186258753, 317.8107121678768, 317.8107121678768, 316.30510408390546, 316.30510408390546, 314.7993821668788, 314.7993821668788, 313.29373699985445, 313.29373699985445, 311.78825595782837, 311.78825595782837, 310.282725290861, 310.282725290861, 308.7770334998495, 308.7770334998495, 307.27174183388706, 307.27174183388706, 305.7660610838793, 305.7660610838793, 304.2604684168473, 304.2604684168473, 302.7549723748234, 302.7549723748234, 301.2494077497977, 301.2494077497977, 299.74374874978093], "a_moves_left": [39, 39, 38, 38, 37, 37, 36, 36, 35, 35, 34, 34, 33, 33, 32, 32, 31, 31, 30, 30, 29, 29, 28, 28, 27, 27, 26, 26, 25, 25, 24, 24, 23, 23, 22, 22, 21, 21, 20, 20, 19, 19, 18, 18, 17, 17, 16, 16, 15, 15, 14, 14, 13, 13, 12, 12, 11, 11, 10, 10, 9, 9, 8, 8, 7, 7, 6, 6, 5, 5, 4, 4, 3, 3, 2, 2, 1, 1, 0, 0], "b_moves_left": [40, 39, 39, 38, 38, 37, 37, 36, 36, 35, 35, 34, 34, 33, 33, 32, 32, 31, 31, 30, 30, 29, 29, 28, 28, 27, 27, 26, 26, 25, 25, 24, 24, 23, 23, 22, 22, 21, 21, 20, 20, 19, 19, 18, 18, 17, 17, 16, 16, 15, 15, 14, 14, 13, 13, 12, 12, 11, 11, 10, 10, 9, 9, 8, 8, 7, 7, 6, 6, 5, 5, 4, 4, 3, 3, 2, 2, 1, 1, 0], "trapdoor_triggered": [0, 0, 0, 0, 0, 0, 0, 0, 0, 0, 0, 0, 0, 0, 0, 0, 0, 0, 0, 0, 0, 0, 0, 0, 0, 0, 0, 0, 0, 0, 0, 0, 0, 0, 0, 0, 0, 0, 0, 0, 0, 0, 0, 0, 0, 0, 0, 0, 0, 0, 0, 0, 0, 0, 0, 0, 0, 0, 0, 0, 0, 0, 0, 0, 0, 0, 0, 0, 0, 0, 0, 0, 0, 0, 0, 0, 0, 1, 0, 0], "left_behind": ["egg", "plain", "plain", "plain", "plain", "turd", "plain", "plain", "plain", "plain", "plain", "plain", "plain", "plain", "plain", "plain", "plain", "plain", "plain", "plain", "plain", "egg", "plain", "turd", "plain", "plain", "plain", "turd", "plain", "egg", "plain", "plain", "plain", "plain", "plain", "turd", "plain", "plain", "plain", "plain", "plain", "plain", "plain", "plain", "plain", "plain", "plain", "plain", "plain", "plain", "plain", "plain", "plain", "plain", "plain", "plain", "plain", "plain", "plain", "plain", "plain", "turd", "plain", "plain", "plain", "egg", "plain", "plain", "plain", "plain", "plain", "plain", "plain", "plain", "plain", "plain", "plain", "egg", "plain", "egg"], "errlog_a": "", "errlog_b": "", "start_time": 360, "start_moves": 40, "turn_count": 80, "result": 2, "reason": "EGGS_LAID", "trapdoors": [[4, 4], [2, 5]], "spawn_a": [0, 6], "spawn_b": [7, 6]}