{"pos": [[7, 0], [0, 2], [7, 1], [0, 1], [7, 0], [0, 2], [7, 1], [0, 1], [7, 0], [0, 0], [7, 1], [1, 0], [7, 2], [0, 0], [7, 1], [0, 1], [7, 0], [1, 1], [7, 1], [0, 1], [7, 0], [0, 0], [7, 1], [0, 1], [7, 0]], "a_eggs_laid": [1, 1, 1, 1, 1, 1, 1, 1, 1, 1, 1, 1, 1, 1, 1, 1, 1, 1, 1, 1, 1, 1, 1, 1, 1], "b_eggs_laid": [0, 0, 0, 0, 0, 0, 0, 0, 0, 0, 0, 0, 0, 0, 0, 0, 0, 0, 0, 0, 0, 0, 0, 0, 0], "a_turds_left": [5, 5, 5, 5, 5, 5, 5, 5, 5, 5, 5, 5, 5, 5, 5, 5, 5, 5, 5, 5, 5, 5, 5, 5, 5], "b_turds_left": [5, 4, 4, 3, 3, 3, 3, 3, 3, 3, 3, 3, 3, 2, 2, 2, 2, 2, 2, 1, 1, 1, 1, 1, 1], "a_time_left": [359.95525183400605, 359.95525183400605, 359.9469383750111, 359.9469383750111, 359.92786900000647, 359.92786900000647, 359.91276125004515, 359.91276125004515, 359.8961719170329, 359.8961719170329, 359.8822444170364, 359.8822444170364, 359.84335974999703, 359.84335974999703, 359.8236264999723, 359.8236264999723, 359.8071079169749, 359.8071079169749, 359.7924238339765, 359.7924238339765, 359.77356800000416, 359.77356800000416, 359.76153220800916, 359.76153220800916, 359.7421695830417], "b_time_left": [360, 358.45720116700977, 358.45720116700977, 356.95169358403655, 356.95169358403655, 355.4461015840643, 355.4461015840643, 353.94044362503337, 353.94044362503337, 352.4347901670262, 352.4347901670262, 350.929243459017, 350.929243459017, 349.42365229298593, 349.42365229298593, 347.9179304179852, 347.9179304179852, 346.41218166798353, 346.41218166798353, 344.90650366799673, 344.90650366799673, 343.40096891799476, 343.40096891799476, 341.8956380839809, 341.8956380839809], "a_moves_left": [39, 39, 38, 38, 37, 37, 36, 36, 35, 35, 34, 34, 33, 33, 32, 32, 31, 31, 30, 30, 29, 29, 28, 28, 27], "b_moves_left": [40, 39, 39, 38, 38, 37, 37, 36, 36, 35, 35, 34, 34, 33, 33, 32, 32, 31, 31, 30, 30, 29, 29, 28, 28], "trapdoor_triggered": [0, 0, 0, 0, 0, 0, 0, 0, 0, 0, 0, 0, 0, 0, 0, 0, 0, 0, 0, 0, 0, 0, 0, 0, 0], "left_behind": ["egg", "turd", "plain", "turd", "plain", "plain", "plain", "plain", "plain", "plain", "plain", "plain", "plain", "turd", "plain", "plain", "plain", "plain", "plain", "turd", "plain", "plain", "plain", "plain", "plain"], "errlog_a": "", "errlog_b": "Timeout", "start_time": 360, "start_moves": 40, "turn_count": 25, "result": 0, "reason": "CODE_CRASH", "trapdoors": [[4, 4], [3, 4]], "spawn_a": [7, 1], "spawn_b": [0, 1]}