{"pos": [[6, 1], [1, 1], [6, 2], [1, 2], [6, 3], [0, 2], [6, 4], [0, 3], [6, 5], [1, 3], [6, 6], [1, 4], [5, 6], [0, 4], [6, 6], [0, 5], [7, 6], [1, 5], [7, 5], [1, 4], [7, 4], [2, 4], [7, 3], [2, 3], [7, 2], [2, 2], [6, 2], [3, 2], [5, 2], [3, 1], [5, 1], [4, 1], [5, 0], [4, 0], [6, 0], [5, 0], [7, 0], [4, 0], [7, 1], [3, 0], [6, 1], [2, 0], [5, 1], [2, 1], [5, 2], [3, 1], [5, 3], [4, 1], [5, 4], [4, 2], [5, 3], [5, 2], [4, 3], [4, 2], [3, 3], [4, 3], [3, 4], [4, 2], [3, 5], [4, 3], [3, 6], [4, 4], [4, 6], [4, 5], [4, 7], [4, 4], [5, 7], [5, 4], [6, 7], [4, 4], [7, 7], [3, 4], [7, 6], [2, 4], [7, 5], [2, 3], [6, 5], [2, 2], [6, 4], [2, 1]], "a_eggs_laid": [1, 1, 1, 1, 2, 2, 2, 2, 3, 3, 3, 3, 4, 4, 4, 4, 4, 4, 4, 4, 5, 5, 5, 5, 6, 6, 6, 6, 6, 6, 6, 6, 7, 7, 7, 7, 8, 8, 8, 8, 8, 8, 8, 8, 8, 8, 8, 8, 9, 9, 9, 9, 9, 9, 9, 9, 10, 10, 10, 10, 11, 11, 11, 11, 12, 12, 12, 12, 13, 13, 13, 13, 16, 16, 16, 16, 16, 16, 16, 16], "b_eggs_laid": [0, 1, 1, 1, 1, 2, 2, 2, 2, 3, 3, 3, 3, 4, 4, 4, 4, 5, 5, 5, 5, 5, 5, 5, 5, 6, 6, 6, 6, 7, 7, 7, 7, 8, 8, 8, 8, 9, 9, 9, 9, 10, 10, 10, 10, 11, 11, 11, 11, 11, 11, 11, 11, 12, 12, 12, 12, 13, 13, 13, 13, 13, 13, 13, 13, 14, 14, 14, 14, 15, 15, 15, 15, 16, 16, 16, 16, 16, 16, 16], "a_turds_left": [5, 5, 5, 5, 5, 5, 5, 5, 5, 5, 5, 5, 5, 5, 5, 5, 5, 5, 5, 5, 5, 5, 5, 5, 5, 5, 5, 5, 5, 5, 5, 5, 5, 5, 5, 5, 5, 5, 5, 5, 5, 5, 5, 5, 5, 5, 5, 5, 5, 5, 5, 5, 5, 5, 5, 5, 5, 5, 5, 5, 5, 5, 5, 5, 5, 5, 5, 5, 5, 5, 5, 5, 5, 5, 5, 5, 5, 5, 5, 5], "b_turds_left": [5, 5, 5, 5, 5, 5, 5, 5, 5, 5, 5, 5, 5, 5, 5, 5, 5, 5, 5, 5, 5, 5, 5, 5, 5, 5, 5, 5, 5, 5, 5, 5, 5, 5, 5, 5, 5, 5, 5, 5, 5, 5, 5, 5, 5, 5, 5, 5, 5, 5, 5, 5, 5, 5, 5, 5, 5, 5, 5, 5, 5, 5, 5, 5, 5, 5, 5, 5, 5, 5, 5, 5, 5, 5, 5, 5, 5, 5, 5, 5], "a_time_left": [359.99966079200385, 359.99966079200385, 359.9993387919967, 359.9993387919967, 359.99900729197543, 359.99900729197543, 359.99870216695126, 359.99870216695126, 359.9983254999388, 359.9983254999388, 359.99802287493367, 359.99802287493367, 359.9976863329066, 359.9976863329066, 359.9973703738651, 359.9973703738651, 359.9970972488518, 359.9970972488518, 359.9968182488228, 359.9968182488228, 359.9966844987939, 359.9966844987939, 359.996587498812, 359.996587498812, 359.9964677487733, 359.9964677487733, 359.996371248737, 359.996371248737, 359.9962753317086, 359.9962753317086, 359.99617404071614, 359.99617404071614, 359.9960780827096, 359.9960780827096, 359.99600087472936, 359.99600087472936, 359.99592037469847, 359.99592037469847, 359.9958389166859, 359.9958389166859, 359.9957554166904, 359.9957554166904, 359.9956558747217, 359.9956558747217, 359.99557687470224, 359.99557687470224, 359.99548204173334, 359.99548204173334, 359.9953734577284, 359.9953734577284, 359.99527341668727, 359.99527341668727, 359.9951875837287, 359.9951875837287, 359.9951091246912, 359.9951091246912, 359.9950405416894, 359.9950405416894, 359.99494812468765, 359.99494812468765, 359.99483758368297, 359.99483758368297, 359.9947568746866, 359.9947568746866, 359.9946772076655, 359.9946772076655, 359.99459999863757, 359.99459999863757, 359.99451195664005, 359.99451195664005, 359.9944397896761, 359.9944397896761, 359.9943633726798, 359.9943633726798, 359.9942859977018, 359.9942859977018, 359.99421745567815, 359.99421745567815, 359.9941348307184, 359.9941348307184], "b_time_left": [360, 359.99654933298007, 359.99654933298007, 359.99482324998826, 359.99482324998826, 359.99171583302086, 359.99171583302086, 359.9909597079968, 359.9909597079968, 359.98844466602895, 359.98844466602895, 359.9871566660586, 359.9871566660586, 359.98356929107103, 359.98356929107103, 359.9832852081163, 359.9832852081163, 359.98297029110836, 359.98297029110836, 359.98264591611223, 359.98264591611223, 359.98253687511897, 359.98253687511897, 359.9824329591356, 359.9824329591356, 359.98231066716835, 359.98231066716835, 359.98218762519537, 359.98218762519537, 359.9820732091903, 359.9820732091903, 359.9819750011666, 359.9819750011666, 359.98187216819497, 359.98187216819497, 359.9817825022037, 359.9817825022037, 359.98170129425125, 359.98170129425125, 359.9816111692926, 359.9816111692926, 359.9814972523018, 359.9814972523018, 359.98140766931465, 359.98140766931465, 359.9812907943269, 359.9812907943269, 359.9811960023362, 359.9811960023362, 359.98111796035664, 359.98111796035664, 359.98101833532564, 359.98101833532564, 359.9809422523249, 359.9809422523249, 359.980842169316, 359.980842169316, 359.98074816929875, 359.98074816929875, 359.9806540023419, 359.9806540023419, 359.9805799193564, 359.9805799193564, 359.9804834603565, 359.9804834603565, 359.98039658536436, 359.98039658536436, 359.980316794361, 359.980316794361, 359.98024629434804, 359.98024629434804, 359.9801659193472, 359.9801659193472, 359.98009566939436, 359.98009566939436, 359.9800132943783, 359.9800132943783, 359.9799452943844, 359.9799452943844, 359.9798662943649], "a_moves_left": [39, 39, 38, 38, 37, 37, 36, 36, 35, 35, 34, 34, 33, 33, 32, 32, 31, 31, 30, 30, 29, 29, 28, 28, 27, 27, 26, 26, 25, 25, 24, 24, 23, 23, 22, 22, 21, 21, 20, 20, 19, 19, 18, 18, 17, 17, 16, 16, 15, 15, 14, 14, 13, 13, 12, 12, 11, 11, 10, 10, 9, 9, 8, 8, 7, 7, 6, 6, 5, 5, 4, 4, 3, 3, 2, 2, 1, 1, 0, 0], "b_moves_left": [40, 39, 39, 38, 38, 37, 37, 36, 36, 35, 35, 34, 34, 33, 33, 32, 32, 31, 31, 30, 30, 29, 29, 28, 28, 27, 27, 26, 26, 25, 25, 24, 24, 23, 23, 22, 22, 21, 21, 20, 20, 19, 19, 18, 18, 17, 17, 16, 16, 15, 15, 14, 14, 13, 13, 12, 12, 11, 11, 10, 10, 9, 9, 8, 8, 7, 7, 6, 6, 5, 5, 4, 4, 3, 3, 2, 2, 1, 1, 0], "trapdoor_triggered": [0, 0, 0, 0, 0, 0, 0, 0, 0, 0, 0, 0, 0, 0, 0, 0, 0, 0, 0, 0, 0, 0, 0, 0, 0, 0, 0, 0, 0, 0, 0, 0, 0, 0, 0, 0, 0, 0, 0, 0, 0, 0, 0, 0, 0, 0, 0, 0, 0, 0, 0, 0, 0, 0, 0, 0, 0, 0, 0, 0, 0, 0, 0, 0, 0, 0, 0, 0, 0, 0, 0, 0, 0, 0, 0, 0, 0, 0, 0, 0], "left_behind": ["egg", "egg", "plain", "plain", "egg", "egg", "plain", "plain", "egg", "egg", "plain", "plain", "egg", "egg", "plain", "plain", "plain", "egg", "plain", "plain", "egg", "plain", "plain", "plain", "egg", "egg", "plain", "plain", "plain", "egg", "plain", "plain", "egg", "egg", "plain", "plain", "egg", "egg", "plain", "plain", "plain", "egg", "plain", "plain", "plain", "egg", "plain", "plain", "egg", "plain", "plain", "plain", "plain", "egg", "plain", "plain", "egg", "egg", "plain", "plain", "egg", "plain", "plain", "plain", "egg", "egg", "plain", "plain", "egg", "egg", "plain", "plain", "egg", "egg", "plain", "plain", "plain", "plain", "plain", "plain"], "errlog_a": "", "errlog_b": "", "start_time": 360, "start_moves": 40, "turn_count": 80, "result": 2, "reason": "EGGS_LAID", "trapdoors": [[5, 5], [2, 5]], "spawn_a": [7, 1], "spawn_b": [0, 1]}