{"pos": [[7, 0], [0, 2], [7, 1], [0, 1], [7, 0], [0, 0], [7, 1], [0, 1], [7, 0], [0, 2], [7, 1], [1, 2], [7, 0], [1, 3], [7, 1], [1, 4], [7, 0], [1, 3], [7, 1], [2, 3], [7, 0], [2, 4], [7, 1], [1, 4], [7, 0], [0, 4], [7, 1], [1, 4], [7, 0], [2, 4], [7, 1]], "a_eggs_laid": [1, 1, 1, 1, 1, 1, 1, 1, 1, 1, 1, 1, 1, 1, 1, 1, 1, 1, 1, 1, 1, 1, 1, 1, 1, 1, 1, 1, 1, 1, 1], "b_eggs_laid": [0, 1, 1, 1, 1, 1, 1, 1, 1, 1, 1, 1, 1, 2, 2, 2, 2, 3, 3, 3, 3, 3, 3, 3, 3, 3, 3, 3, 3, 3, 3], "a_turds_left": [5, 5, 5, 5, 5, 5, 5, 5, 5, 5, 5, 5, 5, 5, 5, 5, 5, 5, 5, 5, 5, 5, 5, 5, 5, 5, 5, 5, 5, 5, 5], "b_turds_left": [5, 5, 5, 5, 5, 5, 5, 5, 5, 5, 5, 5, 5, 5, 5, 4, 4, 4, 4, 4, 4, 4, 4, 4, 4, 4, 4, 4, 4, 4, 4], "a_time_left": [359.9442986250506, 359.9442986250506, 359.93664658407215, 359.93664658407215, 359.9187343760277, 359.9187343760277, 359.9067177930265, 359.9067177930265, 359.89151937601855, 359.89151937601855, 359.8807993339724, 359.8807993339724, 359.85299795895116, 359.85299795895116, 359.8402997509693, 359.8402997509693, 359.8094032929512, 359.8094032929512, 359.7933147929143, 359.7933147929143, 359.759276542929, 359.759276542929, 359.7470939599443, 359.7470939599443, 359.7268970849109, 359.7268970849109, 359.71229704289, 359.71229704289, 359.6928387088701, 359.6928387088701, 359.68123754288536], "b_time_left": [360, 358.4645550000132, 358.4645550000132, 356.9590758330305, 356.9590758330305, 355.4534768330632, 355.4534768330632, 353.947811958089, 353.947811958089, 352.4421349581098, 352.4421349581098, 350.9364427080727, 350.9364427080727, 349.43071404105285, 349.43071404105285, 347.92505874909693, 347.92505874909693, 346.41889424907276, 346.41889424907276, 344.9132830820745, 344.9132830820745, 343.40757137403125, 343.40757137403125, 341.90182037401246, 341.90182037401246, 340.3962728740298, 340.3962728740298, 338.8906306240242, 338.8906306240242, 337.3849426660454, 337.3849426660454], "a_moves_left": [39, 39, 38, 38, 37, 37, 36, 36, 35, 35, 34, 34, 33, 33, 32, 32, 31, 31, 30, 30, 29, 29, 28, 28, 27, 27, 26, 26, 25, 25, 24], "b_moves_left": [40, 39, 39, 38, 38, 37, 37, 36, 36, 35, 35, 34, 34, 33, 33, 32, 32, 31, 31, 30, 30, 29, 29, 28, 28, 27, 27, 26, 26, 25, 25], "trapdoor_triggered": [0, 0, 0, 0, 0, 0, 0, 0, 0, 0, 0, 0, 0, 0, 0, 0, 0, 0, 0, 0, 0, 0, 0, 0, 0, 0, 0, 0, 0, 0, 0], "left_behind": ["egg", "egg", "plain", "plain", "plain", "plain", "plain", "plain", "plain", "plain", "plain", "plain", "plain", "egg", "plain", "turd", "plain", "egg", "plain", "plain", "plain", "plain", "plain", "plain", "plain", "plain", "plain", "plain", "plain", "plain", "plain"], "errlog_a": "", "errlog_b": "Timeout", "start_time": 360, "start_moves": 40, "turn_count": 31, "result": 0, "reason": "CODE_CRASH", "trapdoors": [[4, 4], [4, 3]], "spawn_a": [7, 1], "spawn_b": [0, 1]}