{"pos": [[1, 6], [6, 6], [1, 5], [6, 5], [1, 4], [7, 5], [1, 3], [7, 4], [1, 2], [6, 4], [1, 1], [6, 3], [2, 1], [7, 3], [3, 1], [7, 2], [4, 1], [6, 2], [5, 1], [6, 1], [4, 1], [7, 1], [4, 0], [7, 0], [3, 0], [6, 0], [2, 0], [5, 0], [1, 0], [6, 0], [0, 0], [6, 1], [0, 1], [6, 2], [0, 2], [5, 2], [0, 3], [5, 3], [0, 4], [5, 4], [0, 5], [5, 5], [1, 5], [4, 5], [2, 5], [4, 6], [2, 6], [3, 6], [2, 7], [4, 6], [1, 7], [4, 7], [0, 7], [4, 6], [0, 6], [5, 6], [1, 6], [6, 6], [2, 6], [6, 7], [2, 5], [7, 7], [2, 4], [7, 6], [2, 3], [7, 5], [2, 2], [6, 5], [2, 3], [6, 4], [3, 3], [6, 3], [3, 4], [5, 3], [4, 4], [5, 4], [3, 4], [5, 5], [3, 3], [4, 5]], "a_eggs_laid": [1, 1, 1, 1, 2, 2, 2, 2, 3, 3, 3, 3, 4, 4, 4, 4, 5, 5, 5, 5, 6, 6, 6, 6, 7, 7, 7, 7, 8, 8, 8, 8, 11, 11, 11, 11, 12, 12, 12, 12, 13, 13, 13, 13, 13, 13, 13, 13, 14, 14, 14, 14, 15, 15, 15, 15, 15, 15, 15, 15, 15, 15, 15, 15, 16, 16, 16, 16, 17, 17, 17, 17, 18, 18, 18, 18, 19, 19, 19, 19], "b_eggs_laid": [0, 1, 1, 1, 1, 2, 2, 2, 2, 3, 3, 3, 3, 4, 4, 4, 4, 5, 5, 5, 5, 6, 6, 6, 6, 9, 9, 9, 9, 10, 10, 10, 10, 10, 10, 10, 10, 11, 11, 11, 11, 12, 12, 12, 12, 13, 13, 13, 13, 14, 14, 14, 14, 15, 15, 15, 15, 16, 16, 16, 16, 17, 17, 17, 17, 17, 17, 17, 17, 17, 17, 17, 17, 17, 17, 17, 17, 17, 17, 17], "a_turds_left": [5, 5, 5, 5, 5, 5, 5, 5, 5, 5, 5, 5, 5, 5, 5, 5, 5, 5, 5, 5, 5, 5, 5, 5, 5, 5, 5, 5, 5, 5, 5, 5, 5, 5, 5, 5, 5, 5, 5, 5, 5, 5, 5, 5, 5, 5, 5, 5, 5, 5, 5, 5, 5, 5, 5, 5, 5, 5, 5, 5, 5, 5, 5, 5, 5, 5, 5, 5, 5, 5, 5, 5, 5, 5, 5, 5, 5, 5, 5, 5], "b_turds_left": [5, 5, 5, 5, 5, 5, 5, 5, 5, 5, 5, 5, 5, 5, 5, 5, 5, 5, 5, 5, 5, 5, 5, 5, 5, 5, 5, 5, 5, 5, 5, 5, 5, 5, 5, 5, 5, 5, 5, 5, 5, 5, 5, 5, 5, 5, 5, 5, 5, 5, 5, 5, 5, 5, 5, 5, 5, 5, 5, 5, 5, 5, 5, 5, 5, 5, 5, 5, 5, 5, 5, 5, 5, 5, 5, 5, 5, 5, 5, 5], "a_time_left": [359.999660875008, 359.999660875008, 359.9993523750454, 359.9993523750454, 359.9989769580425, 359.9989769580425, 359.99860395805445, 359.99860395805445, 359.9981849580654, 359.9981849580654, 359.9978710410651, 359.9978710410651, 359.9977110410691, 359.9977110410691, 359.9975789160817, 359.9975789160817, 359.99743150005816, 359.99743150005816, 359.99711908306926, 359.99711908306926, 359.99687545810593, 359.99687545810593, 359.996601333085, 359.996601333085, 359.9962971240748, 359.9962971240748, 359.9962016241043, 359.9962016241043, 359.99608883209294, 359.99608883209294, 359.99599433213007, 359.99599433213007, 359.9959082491114, 359.9959082491114, 359.99582037411164, 359.99582037411164, 359.9957153321011, 359.9957153321011, 359.9956243740744, 359.9956243740744, 359.9955267070909, 359.9955267070909, 359.99543945712503, 359.99543945712503, 359.99535429116804, 359.99535429116804, 359.99525854119565, 359.99525854119565, 359.99517199915135, 359.99517199915135, 359.9950954581727, 359.9950954581727, 359.995002000127, 359.995002000127, 359.994929000095, 359.994929000095, 359.9948596251197, 359.9948596251197, 359.9947802911047, 359.9947802911047, 359.99471133213956, 359.99471133213956, 359.9946277901763, 359.9946277901763, 359.99453162314603, 359.99453162314603, 359.9944524151506, 359.9944524151506, 359.9943530821474, 359.9943530821474, 359.99427266517887, 359.99427266517887, 359.99417645618087, 359.99417645618087, 359.994097915187, 359.994097915187, 359.9940369151882, 359.9940369151882, 359.9939612901653, 359.9939612901653], "b_time_left": [360, 359.9966862910078, 359.9966862910078, 359.9949230410275, 359.9949230410275, 359.9936473740381, 359.9936473740381, 359.9917220410425, 359.9917220410425, 359.9892859160318, 359.9892859160318, 359.98789829103043, 359.98789829103043, 359.98661874904064, 359.98661874904064, 359.98649904102786, 359.98649904102786, 359.98613704100717, 359.98613704100717, 359.985827040975, 359.985827040975, 359.98549616598757, 359.98549616598757, 359.98519958299585, 359.98519958299585, 359.9850763749564, 359.9850763749564, 359.98493037495064, 359.98493037495064, 359.984840415942, 359.984840415942, 359.98473941592965, 359.98473941592965, 359.98463616595836, 359.98463616595836, 359.9845249989885, 359.9845249989885, 359.98441270703916, 359.98441270703916, 359.98429704108275, 359.98429704108275, 359.9841718740645, 359.9841718740645, 359.9840653320425, 359.9840653320425, 359.9839492070605, 359.9839492070605, 359.9838512490387, 359.9838512490387, 359.9837614580174, 359.9837614580174, 359.98367579100886, 359.98367579100886, 359.9835910410038, 359.9835910410038, 359.9835075409501, 359.9835075409501, 359.9834066249314, 359.9834066249314, 359.9833240839653, 359.9833240839653, 359.98323316697497, 359.98323316697497, 359.98316183302086, 359.98316183302086, 359.98309616703773, 359.98309616703773, 359.9830195840332, 359.9830195840332, 359.98294575099135, 359.98294575099135, 359.9828631679993, 359.9828631679993, 359.982786751003, 359.982786751003, 359.9827010430163, 359.9827010430163, 359.9826338770217, 359.9826338770217, 359.9825472520315], "a_moves_left": [39, 39, 38, 38, 37, 37, 36, 36, 35, 35, 34, 34, 33, 33, 32, 32, 31, 31, 30, 30, 29, 29, 28, 28, 27, 27, 26, 26, 25, 25, 24, 24, 23, 23, 22, 22, 21, 21, 20, 20, 19, 19, 18, 18, 17, 17, 16, 16, 15, 15, 14, 14, 13, 13, 12, 12, 11, 11, 10, 10, 9, 9, 8, 8, 7, 7, 6, 6, 5, 5, 4, 4, 3, 3, 2, 2, 1, 1, 0, 0], "b_moves_left": [40, 39, 39, 38, 38, 37, 37, 36, 36, 35, 35, 34, 34, 33, 33, 32, 32, 31, 31, 30, 30, 29, 29, 28, 28, 27, 27, 26, 26, 25, 25, 24, 24, 23, 23, 22, 22, 21, 21, 20, 20, 19, 19, 18, 18, 17, 17, 16, 16, 15, 15, 14, 14, 13, 13, 12, 12, 11, 11, 10, 10, 9, 9, 8, 8, 7, 7, 6, 6, 5, 5, 4, 4, 3, 3, 2, 2, 1, 1, 0], "trapdoor_triggered": [0, 0, 0, 0, 0, 0, 0, 0, 0, 0, 0, 0, 0, 0, 0, 0, 0, 0, 0, 0, 0, 0, 0, 0, 0, 0, 0, 0, 0, 0, 0, 0, 0, 0, 0, 0, 0, 0, 0, 0, 0, 0, 0, 0, 0, 0, 0, 0, 0, 0, 0, 0, 0, 0, 0, 0, 0, 0, 0, 0, 0, 0, 0, 0, 0, 0, 0, 0, 0, 0, 0, 0, 0, 0, 0, 0, 0, 0, 0, 0], "left_behind": ["egg", "egg", "plain", "plain", "egg", "egg", "plain", "plain", "egg", "egg", "plain", "plain", "egg", "egg", "plain", "plain", "egg", "egg", "plain", "plain", "egg", "egg", "plain", "plain", "egg", "egg", "plain", "plain", "egg", "egg", "plain", "plain", "egg", "plain", "plain", "plain", "egg", "egg", "plain", "plain", "egg", "egg", "plain", "plain", "plain", "egg", "plain", "plain", "egg", "egg", "plain", "plain", "egg", "egg", "plain", "plain", "plain", "egg", "plain", "plain", "plain", "egg", "plain", "plain", "egg", "plain", "plain", "plain", "egg", "plain", "plain", "plain", "egg", "plain", "plain", "plain", "egg", "plain", "plain", "plain"], "errlog_a": "", "errlog_b": "", "start_time": 360, "start_moves": 40, "turn_count": 80, "result": 0, "reason": "EGGS_LAID", "trapdoors": [[3, 5], [4, 3]], "spawn_a": [0, 6], "spawn_b": [7, 6]}