{"pos": [[6, 1], [1, 1], [6, 2], [1, 2], [6, 3], [0, 2], [6, 2], [0, 3], [7, 2], [1, 3], [7, 1], [1, 4], [7, 0], [0, 4], [6, 0], [0, 5], [5, 0], [1, 5], [5, 1], [1, 6], [5, 2], [0, 6], [5, 1], [0, 7], [4, 1], [1, 7], [3, 1], [2, 7], [2, 1], [2, 6], [2, 2], [2, 5], [3, 2], [2, 4], [3, 3], [2, 3], [3, 4], [1, 3], [4, 4], [1, 4], [5, 4], [2, 4], [5, 5], [3, 4], [6, 5], [3, 5], [6, 6], [3, 6], [5, 6], [3, 7], [4, 6], [4, 7], [4, 5], [5, 7], [3, 5], [5, 6], [4, 5], [5, 7], [4, 4], [6, 7], [5, 4], [7, 7], [5, 5], [7, 6], [6, 5], [7, 5], [6, 4], [6, 5], [7, 4], [7, 5], [7, 3], [7, 4], [6, 3], [7, 5], [6, 4], [6, 5], [6, 3], [7, 5], [7, 3], [7, 4]], "a_eggs_laid": [1, 1, 1, 1, 2, 2, 2, 2, 2, 2, 2, 2, 2, 2, 2, 2, 3, 3, 3, 3, 4, 4, 4, 4, 4, 4, 4, 4, 5, 5, 5, 5, 6, 6, 6, 6, 7, 7, 7, 7, 8, 8, 8, 8, 9, 9, 9, 9, 10, 10, 10, 10, 11, 11, 11, 11, 12, 12, 12, 12, 12, 12, 12, 12, 12, 12, 12, 12, 13, 13, 13, 13, 14, 14, 14, 14, 14, 14, 14, 14], "b_eggs_laid": [0, 1, 1, 1, 1, 2, 2, 2, 2, 3, 3, 3, 3, 4, 4, 4, 4, 5, 5, 5, 5, 6, 6, 6, 6, 9, 9, 9, 9, 10, 10, 10, 10, 11, 11, 11, 11, 12, 12, 12, 12, 12, 12, 12, 12, 13, 13, 13, 13, 14, 14, 14, 14, 15, 15, 15, 15, 16, 16, 16, 16, 17, 17, 17, 17, 18, 18, 18, 18, 19, 19, 19, 19, 20, 20, 20, 20, 20, 20, 20], "a_turds_left": [5, 5, 5, 5, 5, 5, 5, 5, 5, 5, 5, 5, 5, 5, 5, 5, 5, 5, 5, 5, 5, 5, 5, 5, 5, 5, 5, 5, 5, 5, 5, 5, 5, 5, 5, 5, 5, 5, 5, 5, 5, 5, 5, 5, 5, 5, 5, 5, 5, 5, 5, 5, 5, 5, 5, 5, 5, 5, 5, 5, 5, 5, 5, 5, 5, 5, 5, 5, 5, 5, 5, 5, 5, 5, 5, 5, 5, 5, 5, 5], "b_turds_left": [5, 5, 5, 5, 5, 5, 5, 5, 5, 5, 5, 5, 5, 5, 5, 5, 5, 5, 5, 5, 5, 5, 5, 5, 5, 5, 5, 5, 5, 5, 5, 5, 5, 5, 5, 5, 5, 5, 5, 5, 5, 5, 5, 5, 5, 5, 5, 5, 5, 5, 5, 5, 5, 5, 5, 5, 5, 5, 5, 5, 5, 5, 5, 5, 5, 5, 5, 5, 5, 5, 5, 5, 5, 5, 5, 5, 5, 5, 5, 5], "a_time_left": [359.99966400000267, 359.99966400000267, 359.9993583750329, 359.9993583750329, 359.9989715000265, 359.9989715000265, 359.9986606660532, 359.9986606660532, 359.9984062490403, 359.9984062490403, 359.99811837403104, 359.99811837403104, 359.99788112402894, 359.99788112402894, 359.99760970805073, 359.99760970805073, 359.9973351660301, 359.9973351660301, 359.9972123330226, 359.9972123330226, 359.9968937910162, 359.9968937910162, 359.99661920801736, 359.99661920801736, 359.9965007910505, 359.9965007910505, 359.9963914580294, 359.9963914580294, 359.9962718330207, 359.9962718330207, 359.99616962496657, 359.99616962496657, 359.9960686249542, 359.9960686249542, 359.9959733329597, 359.9959733329597, 359.99589462496806, 359.99589462496806, 359.9958047089749, 359.9958047089749, 359.99570350098656, 359.99570350098656, 359.99561837600777, 359.99561837600777, 359.99551829200936, 359.99551829200936, 359.9954357080278, 359.9954357080278, 359.9953349160496, 359.9953349160496, 359.99525158305187, 359.99525158305187, 359.99518620804884, 359.99518620804884, 359.9951048330404, 359.9951048330404, 359.99504183302633, 359.99504183302633, 359.9949645830202, 359.9949645830202, 359.9949027079856, 359.9949027079856, 359.9948163329391, 359.9948163329391, 359.99475283297943, 359.99475283297943, 359.9946964159608, 359.9946964159608, 359.9946224989253, 359.9946224989253, 359.9945665409323, 359.9945665409323, 359.99450724892085, 359.99450724892085, 359.99442304094555, 359.99442304094555, 359.9943657499389, 359.9943657499389, 359.9942903339397, 359.9942903339397], "b_time_left": [360, 359.99657370802015, 359.99657370802015, 359.9948138750042, 359.9948138750042, 359.9915297499974, 359.9915297499974, 359.9907582500018, 359.9907582500018, 359.9882345839869, 359.9882345839869, 359.98685566696804, 359.98685566696804, 359.98368095897604, 359.98368095897604, 359.98331045900704, 359.98331045900704, 359.98295612604124, 359.98295612604124, 359.9828207510873, 359.9828207510873, 359.9824532510829, 359.9824532510829, 359.9820790430531, 359.9820790430531, 359.9819497100543, 359.9819497100543, 359.98183666804107, 359.98183666804107, 359.9817088760319, 359.9817088760319, 359.98158704303205, 359.98158704303205, 359.98145454307087, 359.98145454307087, 359.98134812607896, 359.98134812607896, 359.98124433413614, 359.98124433413614, 359.9811327511561, 359.9811327511561, 359.9810323351412, 359.9810323351412, 359.9809176681447, 359.9809176681447, 359.98081571015064, 359.98081571015064, 359.9807017931598, 359.9807017931598, 359.9805720431614, 359.9805720431614, 359.98046612611506, 359.98046612611506, 359.9803625011118, 359.9803625011118, 359.98022708512144, 359.98022708512144, 359.9801432941458, 359.9801432941458, 359.98004908510484, 359.98004908510484, 359.9799505021074, 359.9799505021074, 359.9798612941522, 359.9798612941522, 359.97976104414556, 359.97976104414556, 359.97966279415414, 359.97966279415414, 359.97957166912965, 359.97957166912965, 359.97947466908954, 359.97947466908954, 359.97938037710264, 359.97938037710264, 359.97928125207545, 359.97928125207545, 359.9792017521104, 359.9792017521104, 359.97911625209963], "a_moves_left": [39, 39, 38, 38, 37, 37, 36, 36, 35, 35, 34, 34, 33, 33, 32, 32, 31, 31, 30, 30, 29, 29, 28, 28, 27, 27, 26, 26, 25, 25, 24, 24, 23, 23, 22, 22, 21, 21, 20, 20, 19, 19, 18, 18, 17, 17, 16, 16, 15, 15, 14, 14, 13, 13, 12, 12, 11, 11, 10, 10, 9, 9, 8, 8, 7, 7, 6, 6, 5, 5, 4, 4, 3, 3, 2, 2, 1, 1, 0, 0], "b_moves_left": [40, 39, 39, 38, 38, 37, 37, 36, 36, 35, 35, 34, 34, 33, 33, 32, 32, 31, 31, 30, 30, 29, 29, 28, 28, 27, 27, 26, 26, 25, 25, 24, 24, 23, 23, 22, 22, 21, 21, 20, 20, 19, 19, 18, 18, 17, 17, 16, 16, 15, 15, 14, 14, 13, 13, 12, 12, 11, 11, 10, 10, 9, 9, 8, 8, 7, 7, 6, 6, 5, 5, 4, 4, 3, 3, 2, 2, 1, 1, 0], "trapdoor_triggered": [0, 0, 0, 0, 0, 0, 0, 0, 0, 0, 0, 0, 0, 0, 0, 0, 0, 0, 0, 0, 0, 0, 0, 0, 0, 0, 0, 0, 0, 0, 0, 0, 0, 0, 0, 0, 0, 0, 0, 0, 0, 0, 0, 0, 0, 0, 0, 0, 0, 0, 0, 0, 0, 0, 0, 0, 0, 0, 0, 0, 0, 0, 0, 0, 0, 0, 0, 0, 0, 0, 0, 0, 0, 0, 0, 0, 0, 0, 0, 0], "left_behind": ["egg", "egg", "plain", "plain", "egg", "egg", "plain", "plain", "plain", "egg", "plain", "plain", "plain", "egg", "plain", "plain", "egg", "egg", "plain", "plain", "egg", "egg", "plain", "plain", "plain", "egg", "plain", "plain", "egg", "egg", "plain", "plain", "egg", "egg", "plain", "plain", "egg", "egg", "plain", "plain", "egg", "plain", "plain", "plain", "egg", "egg", "plain", "plain", "egg", "egg", "plain", "plain", "egg", "egg", "plain", "plain", "egg", "egg", "plain", "plain", "plain", "egg", "plain", "plain", "plain", "egg", "plain", "plain", "egg", "egg", "plain", "plain", "egg", "egg", "plain", "plain", "plain", "plain", "plain", "plain"], "errlog_a": "", "errlog_b": "", "start_time": 360, "start_moves": 40, "turn_count": 80, "result": 1, "reason": "EGGS_LAID", "trapdoors": [[5, 3], [4, 3]], "spawn_a": [7, 1], "spawn_b": [0, 1]}