{"pos": [[7, 4], [0, 6], [7, 3], [1, 6], [7, 2], [1, 7], [7, 1], [1, 6], [7, 0], [1, 5], [6, 0], [2, 5], [7, 0], [2, 6], [7, 1], [3, 6], [7, 0], [4, 6], [7, 1], [5, 6], [7, 0], [5, 7], [7, 1], [5, 6], [7, 0], [5, 7], [7, 1], [4, 7], [7, 0], [4, 6], [7, 1], [4, 7], [7, 0], [5, 7], [7, 1], [6, 7], [7, 0], [5, 7], [7, 1], [4, 7], [7, 0], [5, 7], [6, 0], [5, 6], [7, 0], [4, 6], [7, 1], [5, 6], [7, 0], [5, 5], [6, 0], [6, 5], [7, 0], [6, 6], [6, 0], [7, 6], [7, 0], [7, 7], [6, 0], [7, 6], [7, 0], [6, 6], [7, 1], [6, 5], [7, 0], [6, 6], [6, 0], [6, 5], [7, 0], [6, 4], [6, 0], [7, 4], [7, 0], [6, 4], [7, 1], [7, 4], [7, 0], [6, 4], [6, 0], [6, 3]], "a_eggs_laid": [1, 1, 1, 1, 2, 2, 2, 2, 3, 3, 3, 3, 4, 4, 4, 4, 4, 4, 4, 4, 4, 4, 4, 4, 4, 4, 4, 4, 4, 4, 4, 4, 4, 4, 4, 4, 4, 4, 4, 4, 4, 4, 4, 4, 4, 4, 4, 4, 4, 4, 4, 4, 4, 4, 4, 4, 4, 4, 4, 4, 4, 4, 4, 4, 4, 4, 4, 4, 4, 4, 4, 4, 4, 4, 4, 4, 4, 4, 4, 4], "b_eggs_laid": [0, 0, 0, 0, 0, 0, 0, 0, 0, 0, 0, 0, 0, 0, 0, 0, 0, 0, 0, 0, 0, 0, 0, 0, 0, 0, 0, 0, 0, 1, 1, 1, 1, 1, 1, 1, 1, 2, 2, 2, 2, 2, 2, 2, 2, 2, 2, 2, 2, 2, 2, 2, 2, 2, 2, 2, 2, 2, 2, 2, 2, 2, 2, 2, 2, 2, 2, 2, 2, 3, 3, 3, 3, 4, 4, 4, 4, 4, 4, 4], "a_turds_left": [5, 5, 5, 5, 5, 5, 5, 5, 5, 5, 4, 4, 4, 4, 4, 4, 4, 4, 4, 4, 4, 4, 4, 4, 4, 4, 4, 4, 4, 4, 4, 4, 4, 4, 4, 4, 4, 4, 4, 4, 4, 4, 4, 4, 4, 4, 4, 4, 4, 4, 4, 4, 4, 4, 4, 4, 4, 4, 4, 4, 4, 4, 4, 4, 4, 4, 4, 4, 4, 4, 4, 4, 4, 4, 4, 4, 4, 4, 4, 4], "b_turds_left": [5, 5, 5, 4, 4, 4, 4, 4, 4, 3, 3, 3, 3, 2, 2, 1, 1, 0, 0, 0, 0, 0, 0, 0, 0, 0, 0, 0, 0, 0, 0, 0, 0, 0, 0, 0, 0, 0, 0, 0, 0, 0, 0, 0, 0, 0, 0, 0, 0, 0, 0, 0, 0, 0, 0, 0, 0, 0, 0, 0, 0, 0, 0, 0, 0, 0, 0, 0, 0, 0, 0, 0, 0, 0, 0, 0, 0, 0, 0, 0], "a_time_left": [359.9997467499925, 359.9997467499925, 359.9995067919954, 359.9995067919954, 359.99924099998316, 359.99924099998316, 359.99886950000655, 359.99886950000655, 359.9983453750028, 359.9983453750028, 359.9979254169739, 359.9979254169739, 359.9976648759912, 359.9976648759912, 359.99743183498504, 359.99743183498504, 359.9971986679593, 359.9971986679593, 359.99696054297965, 359.99696054297965, 359.996545625967, 359.996545625967, 359.99607275094604, 359.99607275094604, 359.99559416697593, 359.99559416697593, 359.99535983393434, 359.99535983393434, 359.99513350095367, 359.99513350095367, 359.99488145898795, 359.99488145898795, 359.9947088760091, 359.9947088760091, 359.9944827510044, 359.9944827510044, 359.9940655429964, 359.9940655429964, 359.99367462599184, 359.99367462599184, 359.9934475009795, 359.9934475009795, 359.99301420897245, 359.99301420897245, 359.99270374997286, 359.99270374997286, 359.9925122499699, 359.9925122499699, 359.9921606669668, 359.9921606669668, 359.9919708749512, 359.9919708749512, 359.99163237499306, 359.99163237499306, 359.9914002919686, 359.9914002919686, 359.99097791698296, 359.99097791698296, 359.99072591698496, 359.99072591698496, 359.98999458394246, 359.98999458394246, 359.9898031259654, 359.9898031259654, 359.9893225839478, 359.9893225839478, 359.98913233395433, 359.98913233395433, 359.9889287929982, 359.9889287929982, 359.98872670996934, 359.98872670996934, 359.98852991795866, 359.98852991795866, 359.98833179299254, 359.98833179299254, 359.9881415019627, 359.9881415019627, 359.98783404397545, 359.98783404397545], "b_time_left": [360, 358.4628487500013, 358.4628487500013, 356.9571638330235, 356.9571638330235, 355.45148929202696, 355.45148929202696, 353.9457393340417, 353.9457393340417, 352.4399450420169, 352.4399450420169, 350.9343219580478, 350.9343219580478, 349.4286669580033, 349.4286669580033, 347.9229662489961, 347.9229662489961, 346.4171285830089, 346.4171285830089, 344.9115779160056, 344.9115779160056, 343.4082897490007, 343.4082897490007, 341.90244241501205, 341.90244241501205, 340.396658415033, 340.396658415033, 338.89113599905977, 338.89113599905977, 337.3855919150519, 337.3855919150519, 335.88010558107635, 335.88010558107635, 334.3744262891123, 334.3744262891123, 332.86905653908616, 332.86905653908616, 331.36345028912183, 331.36345028912183, 329.85795541416155, 329.85795541416155, 328.3523960391758, 328.3523960391758, 326.84687462216243, 326.84687462216243, 325.34130549716065, 325.34130549716065, 323.8377630391624, 323.8377630391624, 322.33220516418805, 322.33220516418805, 320.82673103921115, 320.82673103921115, 319.3210419982206, 319.3210419982206, 317.81554037320893, 317.81554037320893, 316.3099537482485, 316.3099537482485, 314.80389808124164, 314.80389808124164, 313.2983278722386, 313.2983278722386, 311.7927585382131, 311.7927585382131, 310.2871927052038, 310.2871927052038, 308.78173116320977, 308.78173116320977, 307.27623858023435, 307.27623858023435, 305.7707479962264, 305.7707479962264, 304.26528878719546, 304.26528878719546, 302.75983020319836, 302.75983020319836, 301.2543523281929, 301.2543523281929, 299.74886212020647], "a_moves_left": [39, 39, 38, 38, 37, 37, 36, 36, 35, 35, 34, 34, 33, 33, 32, 32, 31, 31, 30, 30, 29, 29, 28, 28, 27, 27, 26, 26, 25, 25, 24, 24, 23, 23, 22, 22, 21, 21, 20, 20, 19, 19, 18, 18, 17, 17, 16, 16, 15, 15, 14, 14, 13, 13, 12, 12, 11, 11, 10, 10, 9, 9, 8, 8, 7, 7, 6, 6, 5, 5, 4, 4, 3, 3, 2, 2, 1, 1, 0, 0], "b_moves_left": [40, 39, 39, 38, 38, 37, 37, 36, 36, 35, 35, 34, 34, 33, 33, 32, 32, 31, 31, 30, 30, 29, 29, 28, 28, 27, 27, 26, 26, 25, 25, 24, 24, 23, 23, 22, 22, 21, 21, 20, 20, 19, 19, 18, 18, 17, 17, 16, 16, 15, 15, 14, 14, 13, 13, 12, 12, 11, 11, 10, 10, 9, 9, 8, 8, 7, 7, 6, 6, 5, 5, 4, 4, 3, 3, 2, 2, 1, 1, 0], "trapdoor_triggered": [0, 0, 0, 0, 0, 0, 0, 0, 0, 0, 0, 0, 0, 0, 0, 0, 0, 0, 0, 0, 0, 0, 0, 0, 0, 0, 0, 0, 0, 0, 0, 0, 0, 0, 0, 0, 0, 0, 0, 0, 0, 0, 0, 0, 0, 0, 0, 0, 0, 0, 0, 0, 0, 0, 0, 0, 0, 0, 0, 0, 0, 0, 0, 0, 0, 0, 0, 0, 0, 0, 0, 0, 0, 0, 0, 0, 0, 0, 0, 0], "left_behind": ["egg", "plain", "plain", "turd", "egg", "plain", "plain", "plain", "egg", "turd", "turd", "plain", "egg", "turd", "plain", "turd", "plain", "turd", "plain", "plain", "plain", "plain", "plain", "plain", "plain", "plain", "plain", "plain", "plain", "egg", "plain", "plain", "plain", "plain", "plain", "plain", "plain", "egg", "plain", "plain", "plain", "plain", "plain", "plain", "plain", "plain", "plain", "plain", "plain", "plain", "plain", "plain", "plain", "plain", "plain", "plain", "plain", "plain", "plain", "plain", "plain", "plain", "plain", "plain", "plain", "plain", "plain", "plain", "plain", "egg", "plain", "plain", "plain", "egg", "plain", "plain", "plain", "plain", "plain", "plain"], "errlog_a": "", "errlog_b": "", "start_time": 360, "start_moves": 40, "turn_count": 80, "result": 2, "reason": "EGGS_LAID", "trapdoors": [[3, 5], [4, 5]], "spawn_a": [7, 5], "spawn_b": [0, 5]}