{"pos": [[6, 3], [1, 3], [6, 2], [1, 2], [6, 1], [0, 2], [5, 1], [0, 1], [4, 1], [1, 1], [3, 1], [2, 1], [4, 1], [2, 0], [4, 0], [3, 0], [5, 0], [2, 0], [6, 0], [1, 0], [7, 0], [0, 0], [7, 1], [1, 0], [7, 2], [1, 1], [6, 2], [2, 1], [5, 2], [2, 2], [4, 2], [3, 2], [5, 2], [2, 2], [5, 3], [2, 3], [5, 4], [3, 3], [6, 4], [3, 2], [6, 5], [3, 3], [7, 5], [2, 3], [7, 4], [2, 4], [6, 4], [2, 5], [6, 3], [2, 4], [5, 3], [1, 4], [5, 4], [0, 4], [6, 4], [0, 5], [6, 5], [0, 6], [6, 6], [1, 6], [5, 6], [1, 7], [5, 7], [2, 7], [6, 7], [3, 7], [7, 7], [4, 7], [7, 6], [4, 6], [6, 6], [5, 6], [7, 6], [5, 5], [7, 7], [6, 5], [6, 7], [5, 5], [5, 7], [5, 4]], "a_eggs_laid": [1, 1, 1, 1, 2, 2, 2, 2, 3, 3, 3, 3, 4, 4, 4, 4, 5, 5, 5, 5, 6, 6, 6, 6, 7, 7, 7, 7, 7, 7, 7, 7, 8, 8, 8, 8, 9, 9, 9, 9, 10, 10, 10, 10, 11, 11, 11, 11, 11, 11, 11, 11, 11, 11, 11, 11, 11, 11, 11, 11, 12, 12, 12, 12, 13, 13, 13, 13, 16, 16, 16, 16, 16, 16, 16, 16, 16, 16, 16, 16], "b_eggs_laid": [0, 1, 1, 1, 1, 2, 2, 2, 2, 3, 3, 3, 3, 4, 4, 4, 4, 5, 5, 5, 5, 6, 6, 6, 6, 6, 6, 6, 6, 6, 6, 6, 6, 7, 7, 7, 7, 8, 8, 8, 8, 8, 8, 8, 8, 8, 8, 8, 8, 9, 9, 9, 9, 10, 10, 10, 10, 11, 11, 11, 11, 12, 12, 12, 12, 13, 13, 13, 13, 14, 14, 14, 14, 15, 15, 15, 15, 16, 16, 16], "a_turds_left": [5, 5, 5, 5, 5, 5, 5, 5, 5, 5, 5, 5, 5, 5, 5, 5, 5, 5, 5, 5, 5, 5, 5, 5, 5, 5, 5, 5, 5, 5, 5, 5, 5, 5, 5, 5, 5, 5, 5, 5, 5, 5, 5, 5, 5, 5, 5, 5, 5, 5, 5, 5, 5, 5, 5, 5, 5, 5, 5, 5, 5, 5, 5, 5, 5, 5, 5, 5, 5, 5, 5, 5, 5, 5, 5, 5, 5, 5, 5, 5], "b_turds_left": [5, 5, 5, 5, 5, 5, 5, 5, 5, 5, 5, 5, 5, 5, 5, 5, 5, 5, 5, 5, 5, 5, 5, 5, 5, 5, 5, 5, 5, 5, 5, 5, 5, 5, 5, 5, 5, 5, 5, 5, 5, 5, 5, 5, 5, 5, 5, 5, 5, 5, 5, 5, 5, 5, 5, 5, 5, 5, 5, 5, 5, 5, 5, 5, 5, 5, 5, 5, 5, 5, 5, 5, 5, 5, 5, 5, 5, 5, 5, 5], "a_time_left": [359.99965620896546, 359.99965620896546, 359.9993288759724, 359.9993288759724, 359.9989723340259, 359.9989723340259, 359.99863266700413, 359.99863266700413, 359.9982848340296, 359.9982848340296, 359.99798645899864, 359.99798645899864, 359.9976777919801, 359.9976777919801, 359.9973764579627, 359.9973764579627, 359.9971327499952, 359.9971327499952, 359.99680612504017, 359.99680612504017, 359.9966782500269, 359.9966782500269, 359.9965897500515, 359.9965897500515, 359.9963043330936, 359.9963043330936, 359.99605154106393, 359.99605154106393, 359.99591708305525, 359.99591708305525, 359.9958166240831, 359.9958166240831, 359.99571783310967, 359.99571783310967, 359.99561570811784, 359.99561570811784, 359.9954992501298, 359.9954992501298, 359.9954013751121, 359.9954013751121, 359.9953007501317, 359.9953007501317, 359.99521716614254, 359.99521716614254, 359.99511924915714, 359.99511924915714, 359.9950429581222, 359.9950429581222, 359.9949631251511, 359.9949631251511, 359.9948823331506, 359.9948823331506, 359.99480774911353, 359.99480774911353, 359.9947254571016, 359.9947254571016, 359.994651957124, 359.994651957124, 359.99456483213, 359.99456483213, 359.9944644161733, 359.9944644161733, 359.99437945813406, 359.99437945813406, 359.9942956661107, 359.9942956661107, 359.9942190410802, 359.9942190410802, 359.994141125062, 359.994141125062, 359.9940605420852, 359.9940605420852, 359.9939910841058, 359.9939910841058, 359.99391845910577, 359.99391845910577, 359.99385770910885, 359.99385770910885, 359.9937873761519, 359.9937873761519], "b_time_left": [360, 359.9962654589908, 359.9962654589908, 359.99444562598364, 359.99444562598364, 359.99121512594866, 359.99121512594866, 359.9904212919646, 359.9904212919646, 359.98798804194666, 359.98798804194666, 359.9850640419754, 359.9850640419754, 359.982353208994, 359.982353208994, 359.9820467089885, 359.9820467089885, 359.98177887598285, 359.98177887598285, 359.98164579301374, 359.98164579301374, 359.98151737696026, 359.98151737696026, 359.98124895995716, 359.98124895995716, 359.9809503349243, 359.9809503349243, 359.98080541793024, 359.98080541793024, 359.98070125095546, 359.98070125095546, 359.98058275098447, 359.98058275098447, 359.9804792510113, 359.9804792510113, 359.9803676669835, 359.9803676669835, 359.9802515829797, 359.9802515829797, 359.9801492919796, 359.9801492919796, 359.98007487598807, 359.98007487598807, 359.9799688339699, 359.9799688339699, 359.97988075000467, 359.97988075000467, 359.9797883339925, 359.9797883339925, 359.97967604303267, 359.97967604303267, 359.9795932090492, 359.9795932090492, 359.9794933340163, 359.9794933340163, 359.97941045905463, 359.97941045905463, 359.97931541805156, 359.97931541805156, 359.9792405850603, 359.9792405850603, 359.97914121003123, 359.97914121003123, 359.97906700201565, 359.97906700201565, 359.9789780859719, 359.9789780859719, 359.9789001700119, 359.9789001700119, 359.97882866999134, 359.97882866999134, 359.9787456279737, 359.9787456279737, 359.9786767109763, 359.9786767109763, 359.9785916689434, 359.9785916689434, 359.9785292519955, 359.9785292519955, 359.9784484189586], "a_moves_left": [39, 39, 38, 38, 37, 37, 36, 36, 35, 35, 34, 34, 33, 33, 32, 32, 31, 31, 30, 30, 29, 29, 28, 28, 27, 27, 26, 26, 25, 25, 24, 24, 23, 23, 22, 22, 21, 21, 20, 20, 19, 19, 18, 18, 17, 17, 16, 16, 15, 15, 14, 14, 13, 13, 12, 12, 11, 11, 10, 10, 9, 9, 8, 8, 7, 7, 6, 6, 5, 5, 4, 4, 3, 3, 2, 2, 1, 1, 0, 0], "b_moves_left": [40, 39, 39, 38, 38, 37, 37, 36, 36, 35, 35, 34, 34, 33, 33, 32, 32, 31, 31, 30, 30, 29, 29, 28, 28, 27, 27, 26, 26, 25, 25, 24, 24, 23, 23, 22, 22, 21, 21, 20, 20, 19, 19, 18, 18, 17, 17, 16, 16, 15, 15, 14, 14, 13, 13, 12, 12, 11, 11, 10, 10, 9, 9, 8, 8, 7, 7, 6, 6, 5, 5, 4, 4, 3, 3, 2, 2, 1, 1, 0], "trapdoor_triggered": [0, 0, 0, 0, 0, 0, 0, 0, 0, 0, 0, 0, 0, 0, 0, 0, 0, 0, 0, 0, 0, 0, 0, 0, 0, 0, 0, 0, 0, 0, 0, 0, 0, 0, 0, 0, 0, 0, 0, 0, 0, 0, 0, 0, 0, 0, 0, 0, 0, 0, 0, 0, 0, 0, 0, 0, 0, 0, 0, 0, 0, 0, 0, 0, 0, 0, 0, 0, 0, 0, 0, 0, 0, 0, 0, 0, 0, 0, 0, 0], "left_behind": ["egg", "egg", "plain", "plain", "egg", "egg", "plain", "plain", "egg", "egg", "plain", "plain", "egg", "egg", "plain", "plain", "egg", "egg", "plain", "plain", "egg", "egg", "plain", "plain", "egg", "plain", "plain", "plain", "plain", "plain", "plain", "plain", "egg", "egg", "plain", "plain", "egg", "egg", "plain", "plain", "egg", "plain", "plain", "plain", "egg", "plain", "plain", "plain", "plain", "egg", "plain", "plain", "plain", "egg", "plain", "plain", "plain", "egg", "plain", "plain", "egg", "egg", "plain", "plain", "egg", "egg", "plain", "plain", "egg", "egg", "plain", "plain", "plain", "egg", "plain", "plain", "plain", "egg", "plain", "plain"], "errlog_a": "", "errlog_b": "", "start_time": 360, "start_moves": 40, "turn_count": 80, "result": 2, "reason": "EGGS_LAID", "trapdoors": [[3, 5], [4, 3]], "spawn_a": [7, 3], "spawn_b": [0, 3]}