{"pos": [[6, 3], [1, 3], [6, 2], [1, 2], [6, 1], [0, 2], [5, 1], [0, 1], [4, 1], [1, 1], [5, 1], [2, 1], [5, 2], [1, 1], [5, 3], [1, 0], [6, 3], [0, 0], [6, 4], [0, 1], [7, 4], [0, 2], [7, 5], [1, 2], [6, 5], [1, 3], [6, 6], [1, 4], [5, 6], [2, 4], [5, 5], [2, 3], [5, 4], [2, 2], [4, 4], [3, 2], [4, 5], [2, 2], [4, 6], [2, 1], [3, 6], [2, 0], [3, 5], [3, 0], [4, 5], [3, 1], [4, 4], [4, 1], [4, 3], [3, 1], [3, 3], [3, 2], [4, 3], [3, 1], [5, 3], [4, 1], [5, 2], [3, 1], [6, 2], [3, 0], [7, 2], [2, 0], [7, 1], [1, 0], [7, 0], [0, 0], [6, 0], [1, 0], [5, 0], [2, 0], [4, 0], [3, 0], [5, 0], [2, 0], [6, 0], [2, 1], [6, 1], [2, 2], [7, 1], [2, 3]], "a_eggs_laid": [1, 1, 1, 1, 2, 2, 2, 2, 3, 3, 3, 3, 3, 3, 3, 3, 4, 4, 4, 4, 5, 5, 5, 5, 6, 6, 6, 6, 7, 7, 7, 7, 8, 8, 8, 8, 9, 9, 9, 9, 10, 10, 10, 10, 11, 11, 11, 11, 11, 11, 11, 11, 12, 12, 12, 12, 12, 12, 12, 12, 12, 12, 12, 12, 13, 13, 13, 13, 14, 14, 14, 14, 15, 15, 15, 15, 15, 15, 15, 15], "b_eggs_laid": [0, 1, 1, 1, 1, 2, 2, 2, 2, 3, 3, 3, 3, 4, 4, 4, 4, 5, 5, 5, 5, 5, 5, 5, 5, 5, 5, 5, 5, 6, 6, 6, 6, 7, 7, 7, 7, 8, 8, 8, 8, 8, 8, 8, 8, 9, 9, 9, 9, 10, 10, 10, 10, 10, 10, 10, 10, 10, 10, 10, 10, 10, 10, 10, 10, 10, 10, 10, 10, 10, 10, 10, 10, 10, 10, 10, 10, 10, 10, 10], "a_turds_left": [5, 5, 5, 5, 5, 5, 5, 5, 5, 5, 5, 5, 5, 5, 5, 5, 5, 5, 5, 5, 5, 5, 5, 5, 5, 5, 5, 5, 5, 5, 5, 5, 5, 5, 5, 5, 5, 5, 5, 5, 5, 5, 5, 5, 5, 5, 5, 5, 5, 5, 5, 5, 5, 5, 5, 5, 5, 5, 5, 5, 5, 5, 5, 5, 5, 5, 5, 5, 5, 5, 5, 5, 5, 5, 5, 5, 5, 5, 5, 5], "b_turds_left": [5, 5, 5, 5, 5, 5, 5, 5, 5, 5, 5, 5, 5, 5, 5, 5, 5, 5, 5, 5, 5, 5, 5, 5, 5, 5, 5, 5, 5, 5, 5, 5, 5, 5, 5, 5, 5, 5, 5, 5, 5, 5, 5, 5, 5, 5, 5, 5, 5, 5, 5, 5, 5, 5, 5, 5, 5, 5, 5, 5, 5, 5, 5, 5, 5, 5, 5, 5, 5, 5, 5, 5, 5, 5, 5, 5, 5, 5, 5, 5], "a_time_left": [359.99963620799826, 359.99963620799826, 359.9993287079851, 359.9993287079851, 359.99894808302633, 359.99894808302633, 359.99862770806067, 359.99862770806067, 359.9983567080926, 359.9983567080926, 359.9980470830924, 359.9980470830924, 359.997747916088, 359.997747916088, 359.9974725820939, 359.9974725820939, 359.9971547910827, 359.9971547910827, 359.9968945410801, 359.9968945410801, 359.99655408307444, 359.99655408307444, 359.99624566704733, 359.99624566704733, 359.9959783750819, 359.9959783750819, 359.99572600005195, 359.99572600005195, 359.9954177500913, 359.9954177500913, 359.9952961250674, 359.9952961250674, 359.995177792036, 359.995177792036, 359.9950720000197, 359.9950720000197, 359.99496170901693, 359.99496170901693, 359.99486762599554, 359.99486762599554, 359.994755126012, 359.994755126012, 359.9946522510145, 359.9946522510145, 359.99453900102526, 359.99453900102526, 359.99445604300126, 359.99445604300126, 359.9943841260392, 359.9943841260392, 359.99430225102697, 359.99430225102697, 359.99423141701845, 359.99423141701845, 359.9941483340226, 359.9941483340226, 359.9940766670625, 359.9940766670625, 359.9939949170803, 359.9939949170803, 359.99392537609674, 359.99392537609674, 359.9938556670677, 359.9938556670677, 359.99376704206225, 359.99376704206225, 359.9937074590707, 359.9937074590707, 359.9936216250644, 359.9936216250644, 359.9935457080719, 359.9935457080719, 359.99348654109053, 359.99348654109053, 359.99341812508646, 359.99341812508646, 359.9933506670641, 359.9933506670641, 359.99326666706474, 359.99326666706474], "b_time_left": [360, 359.99661799997557, 359.99661799997557, 359.9947408749722, 359.9947408749722, 359.9915233339416, 359.9915233339416, 359.99071112595266, 359.99071112595266, 359.9882231679512, 359.9882231679512, 359.9869275429519, 359.9869275429519, 359.9837161679752, 359.9837161679752, 359.98293341801036, 359.98293341801036, 359.98262771003647, 359.98262771003647, 359.98240496002836, 359.98240496002836, 359.98216775100445, 359.98216775100445, 359.98189783503767, 359.98189783503767, 359.9816411260399, 359.9816411260399, 359.98151695902925, 359.98151695902925, 359.98138220905093, 359.98138220905093, 359.9812697090674, 359.9812697090674, 359.9811548750731, 359.9811548750731, 359.9810645831167, 359.9810645831167, 359.9809597081039, 359.9809597081039, 359.98086837510346, 359.98086837510346, 359.9807821670547, 359.9807821670547, 359.9806986670592, 359.9806986670592, 359.9805997500662, 359.9805997500662, 359.98050916707143, 359.98050916707143, 359.98040958406636, 359.98040958406636, 359.9803235010477, 359.9803235010477, 359.98025358404266, 359.98025358404266, 359.9801568760304, 359.9801568760304, 359.98007166804746, 359.98007166804746, 359.97998191806255, 359.97998191806255, 359.9799112510518, 359.9799112510518, 359.9798316260567, 359.9798316260567, 359.97975775104715, 359.97975775104715, 359.979685043043, 359.979685043043, 359.9796166680171, 359.9796166680171, 359.9795340850251, 359.9795340850251, 359.97946750104893, 359.97946750104893, 359.97939154302003, 359.97939154302003, 359.97930920904037, 359.97930920904037, 359.97921970905736], "a_moves_left": [39, 39, 38, 38, 37, 37, 36, 36, 35, 35, 34, 34, 33, 33, 32, 32, 31, 31, 30, 30, 29, 29, 28, 28, 27, 27, 26, 26, 25, 25, 24, 24, 23, 23, 22, 22, 21, 21, 20, 20, 19, 19, 18, 18, 17, 17, 16, 16, 15, 15, 14, 14, 13, 13, 12, 12, 11, 11, 10, 10, 9, 9, 8, 8, 7, 7, 6, 6, 5, 5, 4, 4, 3, 3, 2, 2, 1, 1, 0, 0], "b_moves_left": [40, 39, 39, 38, 38, 37, 37, 36, 36, 35, 35, 34, 34, 33, 33, 32, 32, 31, 31, 30, 30, 29, 29, 28, 28, 27, 27, 26, 26, 25, 25, 24, 24, 23, 23, 22, 22, 21, 21, 20, 20, 19, 19, 18, 18, 17, 17, 16, 16, 15, 15, 14, 14, 13, 13, 12, 12, 11, 11, 10, 10, 9, 9, 8, 8, 7, 7, 6, 6, 5, 5, 4, 4, 3, 3, 2, 2, 1, 1, 0], "trapdoor_triggered": [0, 0, 0, 0, 0, 0, 0, 0, 0, 0, 0, 0, 0, 0, 0, 0, 0, 0, 0, 0, 0, 0, 0, 0, 0, 0, 0, 0, 0, 0, 0, 0, 0, 0, 0, 0, 0, 0, 0, 0, 0, 0, 0, 0, 0, 0, 0, 0, 0, 0, 0, 0, 0, 0, 0, 0, 0, 0, 0, 0, 0, 0, 0, 0, 0, 0, 0, 0, 0, 0, 0, 0, 0, 0, 0, 0, 0, 0, 0, 0], "left_behind": ["egg", "egg", "plain", "plain", "egg", "egg", "plain", "plain", "egg", "egg", "plain", "plain", "plain", "egg", "plain", "plain", "egg", "egg", "plain", "plain", "egg", "plain", "plain", "plain", "egg", "plain", "plain", "plain", "egg", "egg", "plain", "plain", "egg", "egg", "plain", "plain", "egg", "egg", "plain", "plain", "egg", "plain", "plain", "plain", "egg", "egg", "plain", "plain", "plain", "egg", "plain", "plain", "egg", "plain", "plain", "plain", "plain", "plain", "plain", "plain", "plain", "plain", "plain", "plain", "egg", "plain", "plain", "plain", "egg", "plain", "plain", "plain", "egg", "plain", "plain", "plain", "plain", "plain", "plain", "plain"], "errlog_a": "", "errlog_b": "", "start_time": 360, "start_moves": 40, "turn_count": 80, "result": 0, "reason": "EGGS_LAID", "trapdoors": [[4, 2], [2, 5]], "spawn_a": [7, 3], "spawn_b": [0, 3]}