{"pos": [[1, 6], [7, 5], [1, 5], [7, 6], [1, 4], [7, 7], [1, 3], [6, 7], [1, 2], [7, 7], [1, 1], [6, 7], [2, 1], [5, 7], [3, 1], [5, 6], [4, 1], [4, 6], [5, 1], [4, 7], [6, 1], [3, 7], [6, 2], [3, 6], [6, 1], [7, 6], [6, 2], [7, 7], [6, 1], [6, 7], [6, 2], [7, 7], [6, 1], [6, 7], [6, 2], [5, 7], [6, 1], [5, 6], [6, 2], [4, 6], [6, 1], [4, 7], [6, 2], [4, 6], [6, 1], [3, 6], [6, 2], [4, 6], [6, 1], [3, 6], [6, 2], [2, 6], [6, 1], [2, 5], [6, 2], [2, 4], [6, 1], [1, 4], [6, 2], [2, 4], [6, 1], [3, 4], [6, 2], [2, 4], [6, 1], [3, 4], [6, 2], [4, 4], [6, 1], [4, 5], [6, 2], [7, 6], [6, 1], [7, 5], [6, 2], [6, 5], [6, 1], [6, 4], [6, 2], [7, 4]], "a_eggs_laid": [1, 1, 1, 1, 2, 2, 2, 2, 3, 3, 3, 3, 4, 4, 4, 4, 5, 5, 5, 5, 6, 6, 6, 6, 7, 7, 11, 11, 11, 11, 11, 11, 11, 11, 11, 11, 11, 11, 11, 11, 11, 11, 11, 11, 11, 11, 11, 11, 11, 11, 11, 11, 11, 11, 11, 11, 11, 11, 11, 11, 11, 11, 11, 11, 11, 11, 11, 11, 11, 11, 11, 11, 15, 15, 15, 15, 15, 15, 15, 15], "b_eggs_laid": [0, 0, 0, 0, 0, 0, 0, 0, 0, 0, 0, 0, 0, 0, 0, 0, 0, 1, 1, 1, 1, 1, 1, 1, 1, 1, 1, 1, 1, 1, 1, 2, 2, 2, 2, 2, 2, 2, 2, 2, 2, 2, 2, 2, 2, 2, 2, 2, 2, 2, 2, 2, 2, 2, 2, 3, 3, 3, 3, 4, 4, 4, 4, 4, 4, 4, 4, 5, 5, 5, 5, 6, 6, 6, 6, 6, 6, 7, 7, 7], "a_turds_left": [5, 5, 5, 5, 5, 5, 5, 5, 5, 5, 5, 5, 5, 5, 5, 5, 5, 5, 5, 5, 5, 5, 5, 5, 5, 5, 5, 5, 5, 5, 5, 5, 5, 5, 5, 5, 5, 5, 5, 5, 5, 5, 5, 5, 5, 5, 5, 5, 5, 5, 5, 5, 5, 5, 5, 5, 5, 5, 5, 5, 5, 5, 5, 5, 5, 5, 5, 5, 5, 5, 5, 5, 5, 5, 5, 5, 5, 5, 5, 5], "b_turds_left": [5, 4, 4, 4, 4, 4, 4, 3, 3, 3, 3, 3, 3, 3, 3, 2, 2, 2, 2, 2, 2, 2, 2, 1, 1, 0, 0, 0, 0, 0, 0, 0, 0, 0, 0, 0, 0, 0, 0, 0, 0, 0, 0, 0, 0, 0, 0, 0, 0, 0, 0, 0, 0, 0, 0, 0, 0, 0, 0, 0, 0, 0, 0, 0, 0, 0, 0, 0, 0, 0, 0, 0, 0, 0, 0, 0, 0, 0, 0, 0], "a_time_left": [359.9998505830299, 359.9998505830299, 359.99976533302106, 359.99976533302106, 359.9996294170269, 359.9996294170269, 359.9994822090375, 359.9994822090375, 359.9992887090193, 359.9992887090193, 359.99918070907006, 359.99918070907006, 359.99903770908713, 359.99903770908713, 359.9988617511117, 359.9988617511117, 359.9985873341211, 359.9985873341211, 359.9984371261671, 359.9984371261671, 359.9981601262116, 359.9981601262116, 359.99805358523736, 359.99805358523736, 359.9979265022557, 359.9979265022557, 359.9978221692145, 359.9978221692145, 359.99767429422354, 359.99767429422354, 359.9974593772786, 359.9974593772786, 359.99734133528545, 359.99734133528545, 359.99720321031054, 359.99720321031054, 359.99709491827525, 359.99709491827525, 359.9968737103045, 359.9968737103045, 359.9967235432705, 359.9967235432705, 359.9964565432747, 359.9964565432747, 359.996281501255, 359.996281501255, 359.9960600422346, 359.9960600422346, 359.9959258332383, 359.9959258332383, 359.99574625020614, 359.99574625020614, 359.9955531252199, 359.9955531252199, 359.99541283323197, 359.99541283323197, 359.9952504172106, 359.9952504172106, 359.9950994582032, 359.9950994582032, 359.9949360002065, 359.9949360002065, 359.9947904581786, 359.9947904581786, 359.99460912519135, 359.99460912519135, 359.99449137516785, 359.99449137516785, 359.9943200421985, 359.9943200421985, 359.99413050018484, 359.99413050018484, 359.9940332911792, 359.9940332911792, 359.9938901241985, 359.9938901241985, 359.9937824581866, 359.9937824581866, 359.9935497911647, 359.9935497911647], "b_time_left": [360, 358.4649441249785, 358.4649441249785, 356.9593455839786, 356.9593455839786, 355.45361458399566, 355.45361458399566, 353.9480285839527, 353.9480285839527, 352.4422637929674, 352.4422637929674, 350.9366963339853, 350.9366963339853, 349.43101533397567, 349.43101533397567, 347.9254092919873, 347.9254092919873, 346.4196245839703, 346.4196245839703, 344.9138903339626, 344.9138903339626, 343.40828233398497, 343.40828233398497, 341.9027201680001, 341.9027201680001, 340.3969547090237, 340.3969547090237, 338.8911939589889, 338.8911939589889, 337.38559333398007, 337.38559333398007, 335.8798997919657, 335.8798997919657, 334.3743777089985, 334.3743777089985, 332.8688389179879, 332.8688389179879, 331.36329137696885, 331.36329137696885, 329.8575199599727, 329.8575199599727, 328.3519435019698, 328.3519435019698, 326.8463537939824, 326.8463537939824, 325.34082771098474, 325.34082771098474, 323.8352547530085, 323.8352547530085, 322.32966254500207, 322.32966254500207, 320.8241800449905, 320.8241800449905, 319.31869325297885, 319.31869325297885, 317.813000627968, 317.813000627968, 316.30723333597416, 316.30723333597416, 314.8018466689973, 314.8018466689973, 313.2969117939938, 313.2969117939938, 311.79131446097745, 311.79131446097745, 310.285818669945, 310.285818669945, 308.7802073789644, 308.7802073789644, 307.2746416699956, 307.2746416699956, 305.7690591290011, 305.7690591290011, 304.26351204601815, 304.26351204601815, 302.75797983800294, 302.75797983800294, 301.2523526719888, 301.2523526719888, 299.7468701299513], "a_moves_left": [39, 39, 38, 38, 37, 37, 36, 36, 35, 35, 34, 34, 33, 33, 32, 32, 31, 31, 30, 30, 29, 29, 28, 28, 27, 27, 26, 26, 25, 25, 24, 24, 23, 23, 22, 22, 21, 21, 20, 20, 19, 19, 18, 18, 17, 17, 16, 16, 15, 15, 14, 14, 13, 13, 12, 12, 11, 11, 10, 10, 9, 9, 8, 8, 7, 7, 6, 6, 5, 5, 4, 4, 3, 3, 2, 2, 1, 1, 0, 0], "b_moves_left": [40, 39, 39, 38, 38, 37, 37, 36, 36, 35, 35, 34, 34, 33, 33, 32, 32, 31, 31, 30, 30, 29, 29, 28, 28, 27, 27, 26, 26, 25, 25, 24, 24, 23, 23, 22, 22, 21, 21, 20, 20, 19, 19, 18, 18, 17, 17, 16, 16, 15, 15, 14, 14, 13, 13, 12, 12, 11, 11, 10, 10, 9, 9, 8, 8, 7, 7, 6, 6, 5, 5, 4, 4, 3, 3, 2, 2, 1, 1, 0], "trapdoor_triggered": [0, 0, 0, 0, 0, 0, 0, 0, 0, 0, 0, 0, 0, 0, 0, 0, 0, 0, 0, 0, 0, 0, 0, 0, 0, 1, 0, 0, 0, 0, 0, 0, 0, 0, 0, 0, 0, 0, 0, 0, 0, 0, 0, 0, 0, 0, 0, 0, 0, 0, 0, 0, 0, 0, 0, 0, 0, 0, 0, 0, 0, 0, 0, 0, 0, 0, 0, 0, 0, 0, 0, 1, 0, 0, 0, 0, 0, 0, 0, 0], "left_behind": ["egg", "turd", "plain", "plain", "egg", "plain", "plain", "turd", "egg", "plain", "plain", "plain", "egg", "plain", "plain", "turd", "egg", "egg", "plain", "plain", "egg", "plain", "plain", "turd", "egg", "turd", "plain", "plain", "plain", "plain", "plain", "egg", "plain", "plain", "plain", "plain", "plain", "plain", "plain", "plain", "plain", "plain", "plain", "plain", "plain", "plain", "plain", "plain", "plain", "plain", "plain", "plain", "plain", "plain", "plain", "egg", "plain", "plain", "plain", "egg", "plain", "plain", "plain", "plain", "plain", "plain", "plain", "egg", "plain", "plain", "plain", "egg", "plain", "plain", "plain", "plain", "plain", "egg", "plain", "plain"], "errlog_a": "", "errlog_b": "", "start_time": 360, "start_moves": 40, "turn_count": 80, "result": 0, "reason": "EGGS_LAID", "trapdoors": [[3, 5], [4, 3]], "spawn_a": [0, 6], "spawn_b": [7, 6]}