{"pos": [[6, 1], [1, 1], [6, 2], [1, 2], [6, 3], [0, 2], [6, 2], [0, 3], [7, 2], [1, 3], [7, 1], [1, 4], [7, 0], [0, 4], [6, 0], [0, 5], [5, 0], [1, 5], [5, 1], [1, 6], [5, 2], [0, 6], [4, 2], [0, 7], [3, 2], [1, 7], [3, 1], [2, 7], [2, 1], [2, 6], [2, 2], [2, 5], [2, 3], [2, 4], [3, 3], [2, 3], [3, 4], [1, 3], [4, 4], [1, 4], [5, 4], [2, 4], [6, 4], [3, 4], [6, 5], [3, 5], [6, 6], [3, 6], [5, 6], [3, 7], [5, 5], [4, 7], [4, 5], [4, 6], [3, 5], [5, 6], [4, 5], [5, 7], [4, 6], [6, 7], [4, 5], [7, 7], [4, 4], [7, 6], [5, 4], [7, 5], [6, 4], [6, 5], [7, 4], [7, 5], [7, 3], [7, 4], [6, 3], [7, 5], [7, 3], [7, 4], [7, 2], [7, 5], [6, 2], [6, 5]], "a_eggs_laid": [1, 1, 1, 1, 2, 2, 2, 2, 2, 2, 2, 2, 2, 2, 2, 2, 3, 3, 3, 3, 4, 4, 4, 4, 5, 5, 5, 5, 6, 6, 6, 6, 7, 7, 7, 7, 8, 8, 8, 8, 9, 9, 9, 9, 10, 10, 10, 10, 11, 11, 11, 11, 12, 12, 12, 12, 13, 13, 13, 13, 14, 14, 14, 14, 14, 14, 14, 14, 14, 14, 14, 14, 15, 15, 15, 15, 15, 15, 15, 15], "b_eggs_laid": [0, 1, 1, 1, 1, 2, 2, 2, 2, 3, 3, 3, 3, 4, 4, 4, 4, 5, 5, 5, 5, 6, 6, 6, 6, 9, 9, 9, 9, 10, 10, 10, 10, 11, 11, 11, 11, 12, 12, 12, 12, 12, 12, 12, 12, 13, 13, 13, 13, 14, 14, 14, 14, 15, 15, 15, 15, 16, 16, 16, 16, 17, 17, 17, 17, 18, 18, 18, 18, 19, 19, 19, 19, 20, 20, 20, 20, 20, 20, 20], "a_turds_left": [5, 5, 5, 5, 5, 5, 5, 5, 5, 5, 5, 5, 5, 5, 5, 5, 5, 5, 5, 5, 5, 5, 5, 5, 5, 5, 5, 5, 5, 5, 5, 5, 5, 5, 5, 5, 5, 5, 5, 5, 5, 5, 5, 5, 5, 5, 5, 5, 5, 5, 5, 5, 5, 5, 5, 5, 5, 5, 5, 5, 5, 5, 5, 5, 5, 5, 5, 5, 5, 5, 5, 5, 5, 5, 5, 5, 5, 5, 5, 5], "b_turds_left": [5, 5, 5, 5, 5, 5, 5, 5, 5, 5, 5, 5, 5, 5, 5, 5, 5, 5, 5, 5, 5, 5, 5, 5, 5, 5, 5, 5, 5, 5, 5, 5, 5, 5, 5, 5, 5, 5, 5, 5, 5, 5, 5, 5, 5, 5, 5, 5, 5, 5, 5, 5, 5, 5, 5, 5, 5, 5, 5, 5, 5, 5, 5, 5, 5, 5, 5, 5, 5, 5, 5, 5, 5, 5, 5, 5, 5, 5, 5, 5], "a_time_left": [359.99964291701326, 359.99964291701326, 359.9992596670054, 359.9992596670054, 359.99890941701597, 359.99890941701597, 359.9979853760451, 359.9979853760451, 359.99788833403727, 359.99788833403727, 359.9976357090636, 359.9976357090636, 359.99734904203797, 359.99734904203797, 359.99711108306656, 359.99711108306656, 359.9968347920221, 359.9968347920221, 359.99656470905757, 359.99656470905757, 359.9962453340413, 359.9962453340413, 359.99598620907636, 359.99598620907636, 359.99572087608976, 359.99572087608976, 359.9956234180718, 359.9956234180718, 359.9951819590642, 359.9951819590642, 359.9949360420578, 359.9949360420578, 359.99484633404063, 359.99484633404063, 359.9947862920235, 359.9947862920235, 359.9947037509992, 359.9947037509992, 359.9946252090158, 359.9946252090158, 359.99452950101113, 359.99452950101113, 359.99444954301, 359.99444954301, 359.9943523349939, 359.9943523349939, 359.9942762099672, 359.9942762099672, 359.9941849599709, 359.9941849599709, 359.99410500196973, 359.99410500196973, 359.9940105849528, 359.9940105849528, 359.9939523349749, 359.9939523349749, 359.9938960010186, 359.9938960010186, 359.99382258503465, 359.99382258503465, 359.9937706690398, 359.9937706690398, 359.9936908360687, 359.9936908360687, 359.9936289610341, 359.9936289610341, 359.99355312698754, 359.99355312698754, 359.9934921269887, 359.9934921269887, 359.99344046000624, 359.99344046000624, 359.9933796679834, 359.9933796679834, 359.9932996680145, 359.9932996680145, 359.99324654304655, 359.99324654304655, 359.99317787605105, 359.99317787605105], "b_time_left": [360, 359.99631850002334, 359.99631850002334, 359.9945980000193, 359.9945980000193, 359.99150395800825, 359.99150395800825, 359.99068162497133, 359.99068162497133, 359.988183999958, 359.988183999958, 359.98751162498957, 359.98751162498957, 359.9842813750147, 359.9842813750147, 359.9839910840383, 359.9839910840383, 359.98367591702845, 359.98367591702845, 359.9833548340248, 359.9833548340248, 359.98301875102334, 359.98301875102334, 359.9827497510123, 359.9827497510123, 359.98245312605286, 359.98245312605286, 359.9821798760677, 359.9821798760677, 359.98184950108407, 359.98184950108407, 359.9816465010517, 359.9816465010517, 359.9815172100207, 359.9815172100207, 359.98139912600163, 359.98139912600163, 359.98130066797603, 359.98130066797603, 359.9811801259639, 359.9811801259639, 359.9810730839381, 359.9810730839381, 359.9809592499514, 359.9809592499514, 359.98084833292523, 359.98084833292523, 359.98075062490534, 359.98075062490534, 359.9806383749237, 359.9806383749237, 359.9805507919518, 359.9805507919518, 359.9804532919079, 359.9804532919079, 359.9803531258949, 359.9803531258949, 359.98026541789295, 359.98026541789295, 359.9801819178974, 359.9801819178974, 359.9800993759418, 359.9800993759418, 359.980008667917, 359.980008667917, 359.97992462594993, 359.97992462594993, 359.9798433339456, 359.9798433339456, 359.97976824990474, 359.97976824990474, 359.97968479193514, 359.97968479193514, 359.9796097499202, 359.9796097499202, 359.97952433291357, 359.97952433291357, 359.9794577918947, 359.9794577918947, 359.97937258385355], "a_moves_left": [39, 39, 38, 38, 37, 37, 36, 36, 35, 35, 34, 34, 33, 33, 32, 32, 31, 31, 30, 30, 29, 29, 28, 28, 27, 27, 26, 26, 25, 25, 24, 24, 23, 23, 22, 22, 21, 21, 20, 20, 19, 19, 18, 18, 17, 17, 16, 16, 15, 15, 14, 14, 13, 13, 12, 12, 11, 11, 10, 10, 9, 9, 8, 8, 7, 7, 6, 6, 5, 5, 4, 4, 3, 3, 2, 2, 1, 1, 0, 0], "b_moves_left": [40, 39, 39, 38, 38, 37, 37, 36, 36, 35, 35, 34, 34, 33, 33, 32, 32, 31, 31, 30, 30, 29, 29, 28, 28, 27, 27, 26, 26, 25, 25, 24, 24, 23, 23, 22, 22, 21, 21, 20, 20, 19, 19, 18, 18, 17, 17, 16, 16, 15, 15, 14, 14, 13, 13, 12, 12, 11, 11, 10, 10, 9, 9, 8, 8, 7, 7, 6, 6, 5, 5, 4, 4, 3, 3, 2, 2, 1, 1, 0], "trapdoor_triggered": [0, 0, 0, 0, 0, 0, 0, 0, 0, 0, 0, 0, 0, 0, 0, 0, 0, 0, 0, 0, 0, 0, 0, 0, 0, 0, 0, 0, 0, 0, 0, 0, 0, 0, 0, 0, 0, 0, 0, 0, 0, 0, 0, 0, 0, 0, 0, 0, 0, 0, 0, 0, 0, 0, 0, 0, 0, 0, 0, 0, 0, 0, 0, 0, 0, 0, 0, 0, 0, 0, 0, 0, 0, 0, 0, 0, 0, 0, 0, 0], "left_behind": ["egg", "egg", "plain", "plain", "egg", "egg", "plain", "plain", "plain", "egg", "plain", "plain", "plain", "egg", "plain", "plain", "egg", "egg", "plain", "plain", "egg", "egg", "plain", "plain", "egg", "egg", "plain", "plain", "egg", "egg", "plain", "plain", "egg", "egg", "plain", "plain", "egg", "egg", "plain", "plain", "egg", "plain", "plain", "plain", "egg", "egg", "plain", "plain", "egg", "egg", "plain", "plain", "egg", "egg", "plain", "plain", "egg", "egg", "plain", "plain", "egg", "egg", "plain", "plain", "plain", "egg", "plain", "plain", "plain", "egg", "plain", "plain", "egg", "egg", "plain", "plain", "plain", "plain", "plain", "plain"], "errlog_a": "", "errlog_b": "", "start_time": 360, "start_moves": 40, "turn_count": 80, "result": 1, "reason": "EGGS_LAID", "trapdoors": [[5, 3], [4, 3]], "spawn_a": [7, 1], "spawn_b": [0, 1]}