{"pos": [[7, 4], [0, 4], [6, 4], [0, 5], [6, 3], [0, 6], [5, 3], [1, 6], [5, 2], [0, 6], [4, 2], [1, 6], [4, 1], [1, 7], [3, 1], [0, 7], [3, 0], [0, 6], [4, 0], [1, 6], [5, 0], [0, 6], [5, 1], [0, 5], [5, 0], [0, 6], [6, 0], [0, 5], [7, 0], [1, 5], [7, 1], [1, 4], [7, 0], [1, 5], [7, 1], [1, 6], [7, 0], [0, 6], [7, 1], [1, 6], [7, 0], [1, 5], [7, 1], [0, 5], [7, 0], [0, 6], [7, 1], [1, 6], [7, 0], [1, 7], [7, 1], [2, 7], [7, 0], [2, 6], [7, 1], [3, 6], [7, 0], [2, 6], [7, 1], [2, 7], [7, 0], [2, 6], [7, 1], [3, 6], [7, 0], [4, 6], [7, 1], [4, 7], [7, 0], [4, 6], [7, 1], [4, 5], [7, 0], [3, 5], [7, 1], [3, 6], [7, 0], [4, 6], [7, 1], [4, 7]], "a_eggs_laid": [1, 1, 1, 1, 2, 2, 2, 2, 3, 3, 3, 3, 4, 4, 4, 4, 5, 5, 5, 5, 6, 6, 6, 6, 7, 7, 7, 7, 8, 8, 8, 8, 9, 9, 9, 9, 9, 9, 9, 9, 9, 9, 9, 9, 9, 9, 9, 9, 9, 9, 9, 9, 9, 9, 9, 9, 9, 9, 9, 9, 9, 9, 9, 9, 9, 9, 9, 9, 9, 9, 9, 9, 9, 9, 9, 9, 9, 9, 9, 9], "b_eggs_laid": [0, 1, 1, 1, 1, 1, 1, 1, 1, 1, 1, 1, 1, 2, 2, 2, 2, 5, 5, 5, 5, 5, 5, 5, 5, 5, 5, 5, 5, 5, 5, 5, 5, 6, 6, 6, 6, 6, 6, 6, 6, 6, 6, 6, 6, 6, 6, 6, 6, 6, 6, 6, 6, 7, 7, 7, 7, 7, 7, 7, 7, 7, 7, 7, 7, 7, 7, 7, 7, 7, 7, 7, 7, 7, 7, 7, 7, 7, 7, 7], "a_turds_left": [5, 5, 5, 5, 5, 5, 5, 5, 5, 5, 5, 5, 5, 5, 5, 5, 5, 5, 5, 5, 5, 5, 5, 5, 5, 5, 5, 5, 5, 5, 5, 5, 5, 5, 5, 5, 5, 5, 5, 5, 5, 5, 5, 5, 5, 5, 5, 5, 5, 5, 5, 5, 5, 5, 5, 5, 5, 5, 5, 5, 5, 5, 5, 5, 5, 5, 5, 5, 5, 5, 5, 5, 5, 5, 5, 5, 5, 5, 5, 5], "b_turds_left": [5, 5, 5, 4, 4, 4, 4, 3, 3, 3, 3, 3, 3, 3, 3, 2, 2, 2, 2, 2, 2, 2, 2, 2, 2, 2, 2, 2, 2, 2, 2, 1, 1, 1, 1, 1, 1, 1, 1, 1, 1, 1, 1, 1, 1, 1, 1, 1, 1, 1, 1, 1, 1, 1, 1, 1, 1, 0, 0, 0, 0, 0, 0, 0, 0, 0, 0, 0, 0, 0, 0, 0, 0, 0, 0, 0, 0, 0, 0, 0], "a_time_left": [359.5201043339912, 359.5201043339912, 359.3331987929996, 359.3331987929996, 358.8802982099587, 358.8802982099587, 358.6156822099583, 358.6156822099583, 357.8113005849882, 357.8113005849882, 357.6424849599716, 357.6424849599716, 356.8387168769841, 356.8387168769841, 356.57922587695066, 356.57922587695066, 356.3586137929815, 356.3586137929815, 356.2888385009719, 356.2888385009719, 356.10892891697586, 356.10892891697586, 356.0388347089756, 356.0388347089756, 355.83021504298085, 355.83021504298085, 355.76358629297465, 355.76358629297465, 355.64516858401475, 355.64516858401475, 355.5637278750073, 355.5637278750073, 355.40378091699677, 355.40378091699677, 355.3565454589552, 355.3565454589552, 355.31064608396264, 355.31064608396264, 355.2733726669685, 355.2733726669685, 355.2326757499832, 355.2326757499832, 355.1771399169811, 355.1771399169811, 355.1478754579439, 355.1478754579439, 355.1142482489813, 355.1142482489813, 355.0677413739613, 355.0677413739613, 355.0371937909513, 355.0371937909513, 354.9923608749523, 354.9923608749523, 354.93673391698394, 354.93673391698394, 354.86465262499405, 354.86465262499405, 354.82155937497737, 354.82155937497737, 354.79610145895276, 354.79610145895276, 354.75364925095346, 354.75364925095346, 354.71990945894504, 354.71990945894504, 354.6766085429699, 354.6766085429699, 354.65566379297525, 354.65566379297525, 354.62384741799906, 354.62384741799906, 354.5870808339678, 354.5870808339678, 354.5461915420019, 354.5461915420019, 354.5135789999622, 354.5135789999622, 354.5042201249744, 354.5042201249744], "b_time_left": [360, 358.46458420797717, 358.46458420797717, 356.9589865829912, 356.9589865829912, 355.4534140409669, 355.4534140409669, 353.9477515829494, 353.9477515829494, 352.44178995798575, 352.44178995798575, 350.93625229096506, 350.93625229096506, 349.43084145797184, 349.43084145797184, 347.9252679159981, 347.9252679159981, 346.419537623995, 346.419537623995, 344.9137457489851, 344.9137457489851, 343.40798758197343, 343.40798758197343, 341.90244316495955, 341.90244316495955, 340.39679399796296, 340.39679399796296, 338.8910965809482, 338.8910965809482, 337.38552070595324, 337.38552070595324, 335.8798121229629, 335.8798121229629, 334.37412187294103, 334.37412187294103, 332.8684776649461, 332.8684776649461, 331.3628117069602, 331.3628117069602, 329.85729249898577, 329.85729249898577, 328.3517079160083, 328.3517079160083, 326.84618170699105, 326.84618170699105, 325.3405394569854, 325.3405394569854, 323.8350332909613, 323.8350332909613, 322.32928699895274, 322.32928699895274, 320.8237654159311, 320.8237654159311, 319.3181683329749, 319.3181683329749, 317.81252362497617, 317.81252362497617, 316.3068765409989, 316.3068765409989, 314.8013563330169, 314.8013563330169, 313.29580354096834, 313.29580354096834, 311.79030412400607, 311.79030412400607, 310.28477462398587, 310.28477462398587, 308.7791861239821, 308.7791861239821, 307.2735262910137, 307.2735262910137, 305.7679648739868, 305.7679648739868, 304.2624102909467, 304.2624102909467, 302.7569163319422, 302.7569163319422, 301.2512796239462, 301.2512796239462, 299.7458034159499], "a_moves_left": [39, 39, 38, 38, 37, 37, 36, 36, 35, 35, 34, 34, 33, 33, 32, 32, 31, 31, 30, 30, 29, 29, 28, 28, 27, 27, 26, 26, 25, 25, 24, 24, 23, 23, 22, 22, 21, 21, 20, 20, 19, 19, 18, 18, 17, 17, 16, 16, 15, 15, 14, 14, 13, 13, 12, 12, 11, 11, 10, 10, 9, 9, 8, 8, 7, 7, 6, 6, 5, 5, 4, 4, 3, 3, 2, 2, 1, 1, 0, 0], "b_moves_left": [40, 39, 39, 38, 38, 37, 37, 36, 36, 35, 35, 34, 34, 33, 33, 32, 32, 31, 31, 30, 30, 29, 29, 28, 28, 27, 27, 26, 26, 25, 25, 24, 24, 23, 23, 22, 22, 21, 21, 20, 20, 19, 19, 18, 18, 17, 17, 16, 16, 15, 15, 14, 14, 13, 13, 12, 12, 11, 11, 10, 10, 9, 9, 8, 8, 7, 7, 6, 6, 5, 5, 4, 4, 3, 3, 2, 2, 1, 1, 0], "trapdoor_triggered": [0, 0, 0, 0, 0, 0, 0, 0, 0, 0, 0, 0, 0, 0, 0, 0, 0, 0, 0, 0, 0, 0, 0, 0, 0, 0, 0, 0, 0, 0, 0, 0, 0, 0, 0, 0, 0, 0, 0, 0, 0, 0, 0, 0, 0, 0, 0, 0, 0, 0, 0, 0, 0, 0, 0, 0, 0, 0, 0, 0, 0, 0, 0, 0, 0, 0, 0, 0, 0, 0, 0, 0, 0, 0, 0, 0, 0, 0, 0, 0], "left_behind": ["egg", "egg", "plain", "turd", "egg", "plain", "plain", "turd", "egg", "plain", "plain", "plain", "egg", "egg", "plain", "turd", "egg", "egg", "plain", "plain", "egg", "plain", "plain", "plain", "egg", "plain", "plain", "plain", "egg", "plain", "plain", "turd", "egg", "egg", "plain", "plain", "plain", "plain", "plain", "plain", "plain", "plain", "plain", "plain", "plain", "plain", "plain", "plain", "plain", "plain", "plain", "plain", "plain", "egg", "plain", "plain", "plain", "turd", "plain", "plain", "plain", "plain", "plain", "plain", "plain", "plain", "plain", "plain", "plain", "plain", "plain", "plain", "plain", "plain", "plain", "plain", "plain", "plain", "plain", "plain"], "errlog_a": "", "errlog_b": "", "start_time": 360, "start_moves": 40, "turn_count": 80, "result": 0, "reason": "EGGS_LAID", "trapdoors": [[2, 4], [3, 2]], "spawn_a": [7, 5], "spawn_b": [0, 5]}