{"pos": [[7, 2], [0, 2], [7, 3], [1, 2], [7, 2], [1, 1], [7, 3], [2, 1], [7, 2], [2, 0], [7, 3], [3, 0], [7, 4], [4, 0], [7, 3], [5, 0], [7, 4], [6, 0], [7, 3], [7, 0], [6, 3], [7, 1], [5, 3], [7, 0], [5, 2], [7, 1], [5, 1], [7, 2], [5, 2], [6, 2], [5, 1], [6, 1], [5, 2], [7, 1], [5, 3], [7, 0], [5, 4], [7, 1], [4, 4], [7, 0], [4, 3], [7, 1], [4, 2], [7, 0], [4, 1], [7, 1], [4, 0], [7, 0], [4, 1], [7, 1], [4, 0], [7, 0], [4, 1], [7, 1], [4, 0], [7, 0], [4, 1], [7, 1], [4, 0], [7, 0], [4, 1], [7, 1], [4, 0], [7, 0], [4, 1], [7, 1], [4, 0], [7, 0], [4, 1], [7, 1], [4, 0], [7, 0], [4, 1], [7, 1], [4, 0], [7, 0], [4, 1], [6, 0], [4, 0], [6, 1]], "a_eggs_laid": [1, 1, 1, 1, 1, 1, 1, 1, 1, 1, 1, 1, 1, 1, 1, 1, 1, 1, 1, 1, 1, 1, 1, 1, 1, 1, 1, 1, 2, 2, 2, 2, 2, 2, 2, 2, 2, 2, 2, 2, 2, 2, 2, 2, 2, 2, 2, 2, 2, 2, 2, 2, 2, 2, 2, 2, 2, 2, 2, 2, 2, 2, 2, 2, 2, 2, 2, 2, 2, 2, 2, 2, 2, 2, 2, 2, 2, 2, 2, 2], "b_eggs_laid": [0, 1, 1, 1, 1, 2, 2, 2, 2, 3, 3, 3, 3, 4, 4, 4, 4, 5, 5, 5, 5, 8, 8, 8, 8, 8, 8, 8, 8, 9, 9, 9, 9, 9, 9, 9, 9, 9, 9, 9, 9, 9, 9, 9, 9, 9, 9, 9, 9, 9, 9, 9, 9, 9, 9, 9, 9, 9, 9, 9, 9, 9, 9, 9, 9, 9, 9, 9, 9, 9, 9, 9, 9, 9, 9, 9, 9, 9, 9, 9], "a_turds_left": [5, 5, 5, 5, 5, 5, 5, 5, 5, 5, 5, 5, 5, 5, 5, 5, 5, 5, 5, 5, 5, 5, 5, 5, 4, 4, 4, 4, 4, 4, 4, 4, 4, 4, 4, 4, 4, 4, 4, 4, 3, 3, 3, 3, 2, 2, 2, 2, 1, 1, 1, 1, 1, 1, 1, 1, 1, 1, 1, 1, 1, 1, 1, 1, 1, 1, 1, 1, 1, 1, 1, 1, 1, 1, 1, 1, 1, 1, 1, 1], "b_turds_left": [5, 5, 5, 5, 5, 5, 5, 5, 5, 5, 5, 5, 5, 5, 5, 5, 5, 5, 5, 5, 5, 5, 5, 5, 5, 5, 5, 5, 5, 5, 5, 5, 5, 4, 4, 4, 4, 4, 4, 4, 4, 4, 4, 4, 4, 4, 4, 4, 4, 4, 4, 4, 4, 4, 4, 4, 4, 4, 4, 4, 4, 4, 4, 4, 4, 4, 4, 4, 4, 4, 4, 4, 4, 4, 4, 4, 4, 4, 4, 4], "a_time_left": [359.91746220900677, 359.91746220900677, 359.9035035840352, 359.9035035840352, 359.8739613760263, 359.8739613760263, 359.8534106260049, 359.8534106260049, 359.82425816799514, 359.82425816799514, 359.8014964599861, 359.8014964599861, 359.7814563769498, 359.7814563769498, 359.7683081269497, 359.7683081269497, 359.74779466795735, 359.74779466795735, 359.7348145429278, 359.7348145429278, 359.70891475089593, 359.70891475089593, 359.66376037593, 359.66376037593, 359.6636250009178, 359.6636250009178, 359.64404400088824, 359.64404400088824, 359.6284181678784, 359.6284181678784, 359.6263656678493, 359.6263656678493, 359.6178778768517, 359.6178778768517, 359.60877379286103, 359.60877379286103, 359.5844005428953, 359.5844005428953, 359.545612209884, 359.545612209884, 359.5454966678517, 359.5454966678517, 359.5199270428275, 359.5199270428275, 359.5198182518361, 359.5198182518361, 359.5056843768689, 359.5056843768689, 359.50558245991124, 359.50558245991124, 359.494824042893, 359.494824042893, 359.49214229290374, 359.49214229290374, 359.4814135018969, 359.4814135018969, 359.47885883488925, 359.47885883488925, 359.46801837690873, 359.46801837690873, 359.4654206268606, 359.4654206268606, 359.45453808584716, 359.45453808584716, 359.4519206278492, 359.4519206278492, 359.4410733358818, 359.4410733358818, 359.43846462789224, 359.43846462789224, 359.4274871699163, 359.4274871699163, 359.424880419916, 359.424880419916, 359.4137540028896, 359.4137540028896, 359.4121214199113, 359.4121214199113, 359.41019525390584, 359.41019525390584], "b_time_left": [360, 359.9205962920096, 359.9205962920096, 359.9026992919971, 359.9026992919971, 359.81927287601866, 359.81927287601866, 359.7929615850444, 359.7929615850444, 359.7262029190315, 359.7262029190315, 359.7036089610192, 359.7036089610192, 359.6722912520054, 359.6722912520054, 359.6473044179729, 359.6473044179729, 359.59789958398324, 359.59789958398324, 359.5795167920296, 359.5795167920296, 359.5669191670604, 359.5669191670604, 359.51810200006, 359.51810200006, 359.5117748330813, 359.5117748330813, 359.5007944161189, 359.5007944161189, 359.4896370411734, 359.4896370411734, 359.4874898751732, 359.4874898751732, 359.4726440832019, 359.4726440832019, 359.4569181242259, 359.4569181242259, 359.4507644572295, 359.4507644572295, 359.4336979571963, 359.4336979571963, 359.42751958215376, 359.42751958215376, 359.41057262418326, 359.41057262418326, 359.40134116617264, 359.40134116617264, 359.3984372491832, 359.3984372491832, 359.3910073321895, 359.3910073321895, 359.3883348322124, 359.3883348322124, 359.3807757492177, 359.3807757492177, 359.37808337423485, 359.37808337423485, 359.37044399924343, 359.37044399924343, 359.367717207293, 359.367717207293, 359.3602238323074, 359.3602238323074, 359.35745733231306, 359.35745733231306, 359.35011808230774, 359.35011808230774, 359.3474168322864, 359.3474168322864, 359.34006708231755, 359.34006708231755, 359.3373565823422, 359.3373565823422, 359.32998891634634, 359.32998891634634, 359.32723870832706, 359.32723870832706, 359.3244462913135, 359.3244462913135, 359.32397575036157], "a_moves_left": [39, 39, 38, 38, 37, 37, 36, 36, 35, 35, 34, 34, 33, 33, 32, 32, 31, 31, 30, 30, 29, 29, 28, 28, 27, 27, 26, 26, 25, 25, 24, 24, 23, 23, 22, 22, 21, 21, 20, 20, 19, 19, 18, 18, 17, 17, 16, 16, 15, 15, 14, 14, 13, 13, 12, 12, 11, 11, 10, 10, 9, 9, 8, 8, 7, 7, 6, 6, 5, 5, 4, 4, 3, 3, 2, 2, 1, 1, 0, 0], "b_moves_left": [40, 39, 39, 38, 38, 37, 37, 36, 36, 35, 35, 34, 34, 33, 33, 32, 32, 31, 31, 30, 30, 29, 29, 28, 28, 27, 27, 26, 26, 25, 25, 24, 24, 23, 23, 22, 22, 21, 21, 20, 20, 19, 19, 18, 18, 17, 17, 16, 16, 15, 15, 14, 14, 13, 13, 12, 12, 11, 11, 10, 10, 9, 9, 8, 8, 7, 7, 6, 6, 5, 5, 4, 4, 3, 3, 2, 2, 1, 1, 0], "trapdoor_triggered": [0, 0, 0, 0, 0, 0, 0, 0, 0, 0, 0, 0, 0, 0, 0, 0, 0, 0, 0, 0, 0, 0, 0, 0, 0, 0, 0, 0, 0, 0, 0, 0, 0, 0, 0, 0, 0, 0, 0, 0, 0, 0, 0, 0, 0, 0, 0, 0, 0, 0, 0, 0, 0, 0, 0, 0, 0, 0, 0, 0, 0, 0, 0, 0, 0, 0, 0, 0, 0, 0, 0, 0, 0, 0, 0, 0, 0, 0, 0, 0], "left_behind": ["egg", "egg", "plain", "plain", "plain", "egg", "plain", "plain", "plain", "egg", "plain", "plain", "plain", "egg", "plain", "plain", "plain", "egg", "plain", "plain", "plain", "egg", "plain", "plain", "turd", "plain", "plain", "plain", "egg", "egg", "plain", "plain", "plain", "turd", "plain", "plain", "plain", "plain", "plain", "plain", "turd", "plain", "plain", "plain", "turd", "plain", "plain", "plain", "turd", "plain", "plain", "plain", "plain", "plain", "plain", "plain", "plain", "plain", "plain", "plain", "plain", "plain", "plain", "plain", "plain", "plain", "plain", "plain", "plain", "plain", "plain", "plain", "plain", "plain", "plain", "plain", "plain", "plain", "plain", "plain"], "errlog_a": "", "errlog_b": "", "start_time": 360, "start_moves": 40, "turn_count": 80, "result": 1, "reason": "EGGS_LAID", "trapdoors": [[3, 3], [2, 3]], "spawn_a": [7, 3], "spawn_b": [0, 3]}