{"pos": [[0, 3], [6, 4], [1, 3], [7, 4], [1, 2], [7, 5], [2, 2], [7, 4], [2, 1], [7, 3], [3, 1], [7, 4], [3, 0], [6, 4], [4, 0], [6, 5], [5, 0], [7, 5], [6, 0], [7, 4], [7, 0], [7, 5], [7, 1], [6, 5], [7, 0], [7, 5], [7, 1], [7, 4], [6, 1], [7, 3], [6, 0], [7, 4], [5, 0], [6, 4], [5, 1], [6, 5], [0, 4], [7, 5], [0, 3], [6, 5], [0, 2], [6, 4], [0, 1], [6, 5], [0, 0], [6, 6], [1, 0], [6, 5], [2, 0], [6, 4], [3, 0], [5, 4], [2, 0], [6, 4], [3, 0], [6, 3], [2, 0], [7, 3], [3, 0], [7, 2], [2, 0], [7, 3], [3, 0], [7, 4], [2, 0], [7, 5], [3, 0], [6, 5], [2, 0], [6, 6], [3, 0], [6, 5], [2, 0], [7, 5], [3, 0], [7, 6], [2, 0], [7, 7], [1, 0], [6, 7]], "a_eggs_laid": [1, 1, 1, 1, 2, 2, 2, 2, 3, 3, 3, 3, 4, 4, 4, 4, 5, 5, 5, 5, 6, 6, 6, 6, 7, 7, 7, 7, 7, 7, 7, 7, 7, 7, 7, 7, 8, 8, 8, 8, 8, 8, 9, 9, 9, 9, 12, 12, 12, 12, 13, 13, 13, 13, 13, 13, 13, 13, 13, 13, 13, 13, 13, 13, 13, 13, 13, 13, 13, 13, 13, 13, 13, 13, 13, 13, 13, 13, 13, 13], "b_eggs_laid": [0, 0, 0, 0, 0, 0, 0, 0, 0, 0, 0, 0, 0, 0, 0, 0, 0, 1, 1, 1, 1, 1, 1, 1, 1, 1, 1, 1, 1, 1, 1, 1, 1, 1, 1, 1, 1, 5, 5, 5, 5, 5, 5, 5, 5, 5, 5, 5, 5, 5, 5, 5, 5, 5, 5, 5, 5, 6, 6, 6, 6, 6, 6, 6, 6, 6, 6, 6, 6, 6, 6, 6, 6, 6, 6, 6, 6, 6, 6, 6], "a_turds_left": [5, 5, 5, 5, 5, 5, 5, 5, 5, 5, 5, 5, 5, 5, 5, 5, 5, 5, 5, 5, 5, 5, 5, 5, 5, 5, 5, 5, 5, 5, 5, 5, 5, 5, 5, 5, 5, 5, 5, 5, 5, 5, 5, 5, 5, 5, 5, 5, 5, 5, 5, 5, 5, 5, 5, 5, 5, 5, 5, 5, 5, 5, 5, 5, 5, 5, 5, 5, 5, 5, 5, 5, 5, 5, 5, 5, 5, 5, 5, 5], "b_turds_left": [5, 5, 5, 4, 4, 3, 3, 3, 3, 3, 3, 2, 2, 2, 2, 2, 2, 2, 2, 2, 2, 2, 2, 1, 1, 1, 1, 1, 1, 1, 1, 1, 1, 1, 1, 1, 1, 1, 1, 1, 1, 1, 1, 1, 1, 1, 1, 1, 1, 1, 1, 1, 1, 0, 0, 0, 0, 0, 0, 0, 0, 0, 0, 0, 0, 0, 0, 0, 0, 0, 0, 0, 0, 0, 0, 0, 0, 0, 0, 0], "a_time_left": [359.88529358402593, 359.88529358402593, 359.81609241699334, 359.81609241699334, 359.6586945829913, 359.6586945829913, 359.58744724997086, 359.58744724997086, 359.4651721249684, 359.4651721249684, 359.3839822499431, 359.3839822499431, 359.2980934579391, 359.2980934579391, 359.2396827079356, 359.2396827079356, 359.1722167909611, 359.1722167909611, 359.1289425409632, 359.1289425409632, 359.0665507490048, 359.0665507490048, 359.0380307069863, 359.0380307069863, 359.02068266499555, 359.02068266499555, 358.99877653998556, 358.99877653998556, 358.9836745399516, 358.9836745399516, 358.9541888309177, 358.9541888309177, 358.9320546229137, 358.9320546229137, 358.8933928729384, 358.8933928729384, 358.85111908090767, 358.85111908090767, 358.82418499788037, 358.82418499788037, 358.7710776638705, 358.7710776638705, 358.6784447468817, 358.6784447468817, 358.6413998308708, 358.6413998308708, 358.59823991387384, 358.59823991387384, 358.5619951218832, 358.5619951218832, 358.51977224688744, 358.51977224688744, 358.47854820487555, 358.47854820487555, 358.4603782048798, 358.4603782048798, 358.4259242468979, 358.4259242468979, 358.41089941293467, 358.41089941293467, 358.35885187092936, 358.35885187092936, 358.3393640789436, 358.3393640789436, 358.3023196629365, 358.3023196629365, 358.28357791289454, 358.28357791289454, 358.2462459959206, 358.2462459959206, 358.2268341209274, 358.2268341209274, 358.1974047459662, 358.1974047459662, 358.18218257895205, 358.18218257895205, 358.1538684129482, 358.1538684129482, 358.1522398709203, 358.1522398709203], "b_time_left": [360, 358.4575144580449, 358.4575144580449, 356.95136550004827, 356.95136550004827, 355.44556237506913, 355.44556237506913, 353.9398237920832, 353.9398237920832, 352.4340708751115, 352.4340708751115, 350.92834866710473, 350.92834866710473, 349.42273479211144, 349.42273479211144, 347.9170097501483, 347.9170097501483, 346.41153991618194, 346.41153991618194, 344.90589645819273, 344.90589645819273, 343.4002380002057, 343.4002380002057, 341.89481479121605, 341.89481479121605, 340.38913579122163, 340.38913579122163, 338.8834679162246, 338.8834679162246, 337.3777247502003, 337.3777247502003, 335.8720186671708, 335.8720186671708, 334.36626491713105, 334.36626491713105, 332.8605813331087, 332.8605813331087, 331.35496766713914, 331.35496766713914, 329.84935145813506, 329.84935145813506, 328.3437692911248, 328.3437692911248, 326.83807066612644, 326.83807066612644, 325.33235783310374, 325.33235783310374, 323.8265931661008, 323.8265931661008, 322.3208564581, 322.3208564581, 320.81527254206594, 320.81527254206594, 319.30961804208346, 319.30961804208346, 317.8041171260993, 317.8041171260993, 316.2983936670935, 316.2983936670935, 314.7928833340993, 314.7928833340993, 313.28737083409214, 313.28737083409214, 311.78190587606514, 311.78190587606514, 310.27629158401396, 310.27629158401396, 308.7704724590294, 308.7704724590294, 307.26474383403547, 307.26474383403547, 305.7590811260161, 305.7590811260161, 304.2532814180013, 304.2532814180013, 302.74759846000234, 302.74759846000234, 301.2420100020245, 301.2420100020245, 299.7365195850143], "a_moves_left": [39, 39, 38, 38, 37, 37, 36, 36, 35, 35, 34, 34, 33, 33, 32, 32, 31, 31, 30, 30, 29, 29, 28, 28, 27, 27, 26, 26, 25, 25, 24, 24, 23, 23, 22, 22, 21, 21, 20, 20, 19, 19, 18, 18, 17, 17, 16, 16, 15, 15, 14, 14, 13, 13, 12, 12, 11, 11, 10, 10, 9, 9, 8, 8, 7, 7, 6, 6, 5, 5, 4, 4, 3, 3, 2, 2, 1, 1, 0, 0], "b_moves_left": [40, 39, 39, 38, 38, 37, 37, 36, 36, 35, 35, 34, 34, 33, 33, 32, 32, 31, 31, 30, 30, 29, 29, 28, 28, 27, 27, 26, 26, 25, 25, 24, 24, 23, 23, 22, 22, 21, 21, 20, 20, 19, 19, 18, 18, 17, 17, 16, 16, 15, 15, 14, 14, 13, 13, 12, 12, 11, 11, 10, 10, 9, 9, 8, 8, 7, 7, 6, 6, 5, 5, 4, 4, 3, 3, 2, 2, 1, 1, 0], "trapdoor_triggered": [0, 0, 0, 0, 0, 0, 0, 0, 0, 0, 0, 0, 0, 0, 0, 0, 0, 0, 0, 0, 0, 0, 0, 0, 0, 0, 0, 0, 0, 0, 0, 0, 0, 0, 0, 0, 1, 0, 0, 0, 0, 0, 0, 0, 0, 0, 0, 0, 0, 0, 0, 0, 0, 0, 0, 0, 0, 0, 0, 0, 0, 0, 0, 0, 0, 0, 0, 0, 0, 0, 0, 0, 0, 0, 0, 0, 0, 0, 0, 0], "left_behind": ["egg", "plain", "plain", "turd", "egg", "turd", "plain", "plain", "egg", "plain", "plain", "turd", "egg", "plain", "plain", "plain", "egg", "egg", "plain", "plain", "egg", "plain", "plain", "turd", "egg", "plain", "plain", "plain", "plain", "plain", "plain", "plain", "plain", "plain", "plain", "plain", "egg", "plain", "plain", "plain", "plain", "plain", "egg", "plain", "plain", "plain", "egg", "plain", "plain", "plain", "egg", "plain", "plain", "turd", "plain", "plain", "plain", "egg", "plain", "plain", "plain", "plain", "plain", "plain", "plain", "plain", "plain", "plain", "plain", "plain", "plain", "plain", "plain", "plain", "plain", "plain", "plain", "plain", "plain", "plain"], "errlog_a": "", "errlog_b": "", "start_time": 360, "start_moves": 40, "turn_count": 80, "result": 0, "reason": "EGGS_LAID", "trapdoors": [[3, 5], [5, 2]], "spawn_a": [0, 4], "spawn_b": [7, 4]}