{"pos": [[0, 3], [6, 4], [0, 4], [6, 3], [1, 4], [7, 3], [2, 4], [7, 4], [2, 3], [6, 4], [2, 2], [6, 3], [2, 1], [7, 3], [2, 0], [6, 3], [3, 0], [6, 2], [4, 0], [6, 3], [5, 0], [7, 4], [6, 0], [7, 5], [7, 0], [6, 5], [7, 1], [7, 5], [7, 0], [7, 4], [7, 1], [7, 3], [7, 0], [7, 4], [7, 1], [7, 3], [7, 0], [7, 4], [7, 1], [6, 4], [7, 0], [5, 4], [7, 1], [7, 4], [7, 0], [7, 5], [7, 1], [7, 6], [7, 0], [7, 5], [7, 1], [7, 4], [7, 0], [7, 3], [7, 1], [7, 2], [7, 0], [7, 3], [7, 1], [7, 2], [7, 0], [7, 3], [7, 1], [7, 4], [7, 0], [7, 5], [7, 1], [7, 4], [7, 0], [7, 3], [7, 1], [7, 2], [7, 0], [7, 3], [7, 1], [7, 4], [7, 0], [6, 4], [7, 1], [5, 4]], "a_eggs_laid": [1, 1, 1, 1, 1, 1, 1, 1, 2, 2, 2, 2, 3, 3, 3, 3, 4, 4, 4, 4, 5, 5, 9, 9, 10, 10, 10, 10, 11, 11, 11, 11, 11, 11, 11, 11, 11, 11, 11, 11, 11, 11, 11, 11, 15, 15, 15, 15, 15, 15, 15, 15, 15, 15, 15, 15, 15, 15, 15, 15, 15, 15, 15, 15, 15, 15, 15, 15, 15, 15, 15, 15, 15, 15, 15, 15, 15, 15, 15, 15], "b_eggs_laid": [0, 0, 0, 0, 0, 1, 1, 1, 1, 1, 1, 1, 1, 1, 1, 1, 1, 1, 1, 1, 1, 1, 1, 1, 1, 1, 1, 1, 1, 1, 1, 1, 1, 1, 1, 1, 1, 1, 1, 1, 1, 1, 1, 1, 1, 1, 1, 1, 1, 1, 1, 1, 1, 1, 1, 1, 1, 1, 1, 1, 1, 2, 2, 2, 2, 2, 2, 2, 2, 2, 2, 2, 2, 2, 2, 2, 2, 2, 2, 2], "a_turds_left": [5, 5, 5, 5, 5, 5, 5, 5, 5, 5, 5, 5, 5, 5, 5, 5, 5, 5, 5, 5, 5, 5, 5, 5, 5, 5, 5, 5, 5, 5, 5, 5, 5, 5, 5, 5, 5, 5, 5, 5, 5, 5, 5, 5, 5, 5, 5, 5, 5, 5, 5, 5, 5, 5, 5, 5, 5, 5, 5, 5, 5, 5, 5, 5, 5, 5, 5, 5, 5, 5, 5, 5, 5, 5, 5, 5, 5, 5, 5, 5], "b_turds_left": [5, 4, 4, 3, 3, 3, 3, 3, 3, 3, 3, 3, 3, 3, 3, 2, 2, 2, 2, 2, 2, 2, 2, 2, 2, 2, 2, 1, 1, 1, 1, 1, 1, 1, 1, 1, 1, 1, 1, 1, 1, 1, 1, 0, 0, 0, 0, 0, 0, 0, 0, 0, 0, 0, 0, 0, 0, 0, 0, 0, 0, 0, 0, 0, 0, 0, 0, 0, 0, 0, 0, 0, 0, 0, 0, 0, 0, 0, 0, 0], "a_time_left": [359.9997741249972, 359.9997741249972, 359.99959720799234, 359.99959720799234, 359.99930479197064, 359.99930479197064, 359.99876837496413, 359.99876837496413, 359.9982872919645, 359.9982872919645, 359.997825541941, 359.997825541941, 359.99753504194086, 359.99753504194086, 359.99728683393914, 359.99728683393914, 359.9964903758955, 359.9964903758955, 359.9961204169085, 359.9961204169085, 359.99559950095136, 359.99559950095136, 359.9952938759816, 359.9952938759816, 359.9947591259843, 359.9947591259843, 359.99431795900455, 359.99431795900455, 359.99403187498683, 359.99403187498683, 359.9937872919836, 359.9937872919836, 359.99350395798683, 359.99350395798683, 359.9932044579764, 359.9932044579764, 359.99290283297887, 359.99290283297887, 359.99259229097515, 359.99259229097515, 359.99204987392295, 359.99204987392295, 359.9917182489298, 359.9917182489298, 359.9914677069173, 359.9914677069173, 359.9910699148895, 359.9910699148895, 359.99085091490997, 359.99085091490997, 359.990518997889, 359.990518997889, 359.99022116488777, 359.99022116488777, 359.9899600818753, 359.9899600818753, 359.989567748853, 359.989567748853, 359.9893486238434, 359.9893486238434, 359.9891081658425, 359.9891081658425, 359.988897832809, 359.988897832809, 359.9886232918361, 359.9886232918361, 359.98822508379817, 359.98822508379817, 359.9879944587592, 359.9879944587592, 359.98777833377244, 359.98777833377244, 359.9873167917831, 359.9873167917831, 359.98687220778083, 359.98687220778083, 359.9866089987918, 359.9866089987918, 359.98614178976277, 359.98614178976277], "b_time_left": [360, 358.4590692500351, 358.4590692500351, 356.9531825000304, 356.9531825000304, 355.44725370802917, 355.44725370802917, 353.941678125062, 353.941678125062, 352.43609695805935, 352.43609695805935, 350.9357760830899, 350.9357760830899, 349.42957441706676, 349.42957441706676, 347.9217700010631, 347.9217700010631, 346.4211365840747, 346.4211365840747, 344.9152764180908, 344.9152764180908, 343.4094222931308, 343.4094222931308, 341.90387025114615, 341.90387025114615, 340.3981832091813, 340.3981832091813, 338.8924827921437, 338.8924827921437, 337.3867993761669, 337.3867993761669, 335.881074918143, 335.881074918143, 334.3756071271491, 334.3756071271491, 332.8698894181289, 332.8698894181289, 331.3642146681668, 331.3642146681668, 329.8585035431897, 329.8585035431897, 328.3522784602246, 328.3522784602246, 326.84639541927027, 326.84639541927027, 325.340796044271, 325.340796044271, 323.835290294257, 323.835290294257, 322.32992591924267, 322.32992591924267, 320.82421087723924, 320.82421087723924, 319.3195282522356, 319.3195282522356, 317.81402350222925, 317.81402350222925, 316.30836671119323, 316.30836671119323, 314.8027529611718, 314.8027529611718, 313.29721346113365, 313.29721346113365, 311.7915842111688, 311.7915842111688, 310.28605121118017, 310.28605121118017, 308.7803880861611, 308.7803880861611, 307.2747327531688, 307.2747327531688, 305.7691053371527, 305.7691053371527, 304.2633610871271, 304.2633610871271, 302.7580927121453, 302.7580927121453, 301.2525085871457, 301.2525085871457, 299.7454475451377], "a_moves_left": [39, 39, 38, 38, 37, 37, 36, 36, 35, 35, 34, 34, 33, 33, 32, 32, 31, 31, 30, 30, 29, 29, 28, 28, 27, 27, 26, 26, 25, 25, 24, 24, 23, 23, 22, 22, 21, 21, 20, 20, 19, 19, 18, 18, 17, 17, 16, 16, 15, 15, 14, 14, 13, 13, 12, 12, 11, 11, 10, 10, 9, 9, 8, 8, 7, 7, 6, 6, 5, 5, 4, 4, 3, 3, 2, 2, 1, 1, 0, 0], "b_moves_left": [40, 39, 39, 38, 38, 37, 37, 36, 36, 35, 35, 34, 34, 33, 33, 32, 32, 31, 31, 30, 30, 29, 29, 28, 28, 27, 27, 26, 26, 25, 25, 24, 24, 23, 23, 22, 22, 21, 21, 20, 20, 19, 19, 18, 18, 17, 17, 16, 16, 15, 15, 14, 14, 13, 13, 12, 12, 11, 11, 10, 10, 9, 9, 8, 8, 7, 7, 6, 6, 5, 5, 4, 4, 3, 3, 2, 2, 1, 1, 0], "trapdoor_triggered": [0, 0, 0, 0, 0, 0, 0, 0, 0, 0, 0, 0, 0, 0, 0, 0, 0, 0, 0, 0, 0, 1, 0, 0, 0, 0, 0, 0, 0, 0, 0, 0, 0, 0, 0, 0, 0, 0, 0, 0, 0, 0, 0, 1, 0, 0, 0, 0, 0, 0, 0, 0, 0, 0, 0, 0, 0, 0, 0, 0, 0, 0, 0, 0, 0, 0, 0, 0, 0, 0, 0, 0, 0, 0, 0, 0, 0, 0, 0, 0], "left_behind": ["egg", "turd", "plain", "turd", "plain", "egg", "plain", "plain", "egg", "plain", "plain", "plain", "egg", "plain", "plain", "turd", "egg", "plain", "plain", "plain", "egg", "plain", "plain", "plain", "egg", "plain", "plain", "turd", "egg", "plain", "plain", "plain", "plain", "plain", "plain", "plain", "plain", "plain", "plain", "plain", "plain", "plain", "plain", "turd", "plain", "plain", "plain", "plain", "plain", "plain", "plain", "plain", "plain", "plain", "plain", "plain", "plain", "plain", "plain", "plain", "plain", "egg", "plain", "plain", "plain", "plain", "plain", "plain", "plain", "plain", "plain", "plain", "plain", "plain", "plain", "plain", "plain", "plain", "plain", "plain"], "errlog_a": "", "errlog_b": "", "start_time": 360, "start_moves": 40, "turn_count": 80, "result": 0, "reason": "EGGS_LAID", "trapdoors": [[5, 3], [4, 3]], "spawn_a": [0, 4], "spawn_b": [7, 4]}