{"pos": [[6, 1], [1, 1], [6, 2], [1, 2], [6, 3], [0, 2], [6, 4], [0, 3], [6, 5], [1, 3], [6, 6], [1, 4], [5, 6], [0, 4], [4, 6], [0, 5], [3, 6], [1, 5], [4, 6], [1, 6], [4, 7], [0, 6], [5, 7], [0, 7], [6, 7], [1, 7], [7, 7], [2, 7], [7, 6], [2, 6], [7, 5], [3, 6], [7, 4], [2, 6], [7, 3], [2, 5], [7, 2], [1, 5], [6, 2], [1, 6], [5, 2], [1, 7], [5, 1], [2, 7], [5, 2], [3, 7], [5, 3], [4, 7], [5, 4], [3, 7], [5, 5], [3, 6], [4, 5], [2, 6], [5, 5], [2, 5], [5, 4], [2, 4], [5, 3], [2, 3], [6, 3], [2, 2], [6, 4], [2, 1], [6, 5], [3, 1], [6, 6], [3, 0], [5, 6], [4, 0], [5, 7], [4, 1], [6, 7], [4, 2], [7, 7], [4, 1], [7, 6], [4, 2], [7, 5], [3, 2]], "a_eggs_laid": [1, 1, 1, 1, 2, 2, 2, 2, 3, 3, 3, 3, 4, 4, 4, 4, 5, 5, 5, 5, 5, 5, 5, 5, 6, 6, 6, 6, 9, 9, 9, 9, 10, 10, 10, 10, 11, 11, 11, 11, 11, 11, 11, 11, 12, 12, 12, 12, 13, 13, 13, 13, 14, 14, 14, 14, 14, 14, 14, 14, 14, 14, 14, 14, 14, 14, 14, 14, 14, 14, 14, 14, 14, 14, 14, 14, 14, 14, 14, 14], "b_eggs_laid": [0, 1, 1, 1, 1, 2, 2, 2, 2, 3, 3, 3, 3, 4, 4, 4, 4, 5, 5, 5, 5, 6, 6, 6, 6, 9, 9, 9, 9, 10, 10, 10, 10, 11, 11, 11, 11, 12, 12, 12, 12, 12, 12, 12, 12, 12, 12, 12, 12, 13, 13, 13, 13, 13, 13, 13, 13, 13, 13, 13, 13, 14, 14, 14, 14, 15, 15, 15, 15, 16, 16, 16, 16, 17, 17, 17, 17, 17, 17, 17], "a_turds_left": [5, 5, 5, 5, 5, 5, 5, 5, 5, 5, 5, 5, 5, 5, 5, 5, 5, 5, 5, 5, 5, 5, 5, 5, 5, 5, 5, 5, 5, 5, 5, 5, 5, 5, 5, 5, 5, 5, 5, 5, 5, 5, 5, 5, 5, 5, 5, 5, 5, 5, 5, 5, 5, 5, 5, 5, 5, 5, 5, 5, 5, 5, 5, 5, 5, 5, 5, 5, 5, 5, 5, 5, 5, 5, 5, 5, 5, 5, 5, 5], "b_turds_left": [5, 5, 5, 5, 5, 5, 5, 5, 5, 5, 5, 5, 5, 5, 5, 5, 5, 5, 5, 5, 5, 5, 5, 5, 5, 5, 5, 5, 5, 5, 5, 5, 5, 5, 5, 5, 5, 5, 5, 5, 5, 5, 5, 5, 5, 5, 5, 5, 5, 5, 5, 5, 5, 5, 5, 5, 5, 5, 5, 5, 5, 5, 5, 5, 5, 5, 5, 5, 5, 5, 5, 5, 5, 5, 5, 5, 5, 5, 5, 5], "a_time_left": [359.99963591701817, 359.99963591701817, 359.999330584018, 359.999330584018, 359.99898483400466, 359.99898483400466, 359.99864720902406, 359.99864720902406, 359.99830429197755, 359.99830429197755, 359.9980066669523, 359.9980066669523, 359.99763512494974, 359.99763512494974, 359.9973397089634, 359.9973397089634, 359.9969802509877, 359.9969802509877, 359.99684250098653, 359.99684250098653, 359.99674245901406, 359.99674245901406, 359.9966395840165, 359.9966395840165, 359.99653375102207, 359.99653375102207, 359.99643675104016, 359.99643675104016, 359.9963484600303, 359.9963484600303, 359.99626079405425, 359.99626079405425, 359.9961543350364, 359.9961543350364, 359.99606187606696, 359.99606187606696, 359.99596000107704, 359.99596000107704, 359.9958668340696, 359.9958668340696, 359.99577195901657, 359.99577195901657, 359.99567658401793, 359.99567658401793, 359.99557195900707, 359.99557195900707, 359.99548729200615, 359.99548729200615, 359.99538525001844, 359.99538525001844, 359.9952989590238, 359.9952989590238, 359.9952010840061, 359.9952010840061, 359.9951203750097, 359.9951203750097, 359.9950456250226, 359.9950456250226, 359.9949628339964, 359.9949628339964, 359.9948895419948, 359.9948895419948, 359.9948032920365, 359.9948032920365, 359.99472862505354, 359.99472862505354, 359.9946421670611, 359.9946421670611, 359.99456787505187, 359.99456787505187, 359.9944842090481, 359.9944842090481, 359.994423959055, 359.994423959055, 359.9943541250541, 359.9943541250541, 359.99429675005376, 359.99429675005376, 359.99422462505754, 359.99422462505754], "b_time_left": [360, 359.9965927499579, 359.9965927499579, 359.9948833749513, 359.9948833749513, 359.99180441594217, 359.99180441594217, 359.9910259999451, 359.9910259999451, 359.9886284159729, 359.9886284159729, 359.9872986249393, 359.9872986249393, 359.9841631668969, 359.9841631668969, 359.98389729188057, 359.98389729188057, 359.98374804190826, 359.98374804190826, 359.9836184589076, 359.9836184589076, 359.98348783387337, 359.98348783387337, 359.9833764178911, 359.9833764178911, 359.98327100189636, 359.98327100189636, 359.98317041789414, 359.98317041789414, 359.9830551678897, 359.9830551678897, 359.9829337509, 359.9829337509, 359.98283091792837, 359.98283091792837, 359.9827270429232, 359.9827270429232, 359.9826133339084, 359.9826133339084, 359.982515208947, 359.982515208947, 359.9824295419385, 359.9824295419385, 359.9823403758928, 359.9823403758928, 359.9822585429065, 359.9822585429065, 359.9821681678877, 359.9821681678877, 359.9820964598912, 359.9820964598912, 359.98201058484847, 359.98201058484847, 359.9819245848921, 359.9819245848921, 359.9818323769141, 359.9818323769141, 359.98174762690905, 359.98174762690905, 359.9816480848822, 359.9816480848822, 359.98154308489757, 359.98154308489757, 359.9814526269329, 359.9814526269329, 359.9813350439654, 359.9813350439654, 359.9812388769351, 359.9812388769351, 359.9811400019098, 359.9811400019098, 359.98105137690436, 359.98105137690436, 359.98095366888447, 359.98095366888447, 359.98086995992344, 359.98086995992344, 359.98079695989145, 359.98079695989145, 359.98071450187126], "a_moves_left": [39, 39, 38, 38, 37, 37, 36, 36, 35, 35, 34, 34, 33, 33, 32, 32, 31, 31, 30, 30, 29, 29, 28, 28, 27, 27, 26, 26, 25, 25, 24, 24, 23, 23, 22, 22, 21, 21, 20, 20, 19, 19, 18, 18, 17, 17, 16, 16, 15, 15, 14, 14, 13, 13, 12, 12, 11, 11, 10, 10, 9, 9, 8, 8, 7, 7, 6, 6, 5, 5, 4, 4, 3, 3, 2, 2, 1, 1, 0, 0], "b_moves_left": [40, 39, 39, 38, 38, 37, 37, 36, 36, 35, 35, 34, 34, 33, 33, 32, 32, 31, 31, 30, 30, 29, 29, 28, 28, 27, 27, 26, 26, 25, 25, 24, 24, 23, 23, 22, 22, 21, 21, 20, 20, 19, 19, 18, 18, 17, 17, 16, 16, 15, 15, 14, 14, 13, 13, 12, 12, 11, 11, 10, 10, 9, 9, 8, 8, 7, 7, 6, 6, 5, 5, 4, 4, 3, 3, 2, 2, 1, 1, 0], "trapdoor_triggered": [0, 0, 0, 0, 0, 0, 0, 0, 0, 0, 0, 0, 0, 0, 0, 0, 0, 0, 0, 0, 0, 0, 0, 0, 0, 0, 0, 0, 0, 0, 0, 0, 0, 0, 0, 0, 0, 0, 0, 0, 0, 0, 0, 0, 0, 0, 0, 0, 0, 0, 0, 0, 0, 0, 0, 0, 0, 0, 0, 0, 0, 0, 0, 0, 0, 0, 0, 0, 0, 0, 0, 0, 0, 0, 0, 0, 0, 0, 0, 0], "left_behind": ["egg", "egg", "plain", "plain", "egg", "egg", "plain", "plain", "egg", "egg", "plain", "plain", "egg", "egg", "plain", "plain", "egg", "egg", "plain", "plain", "plain", "egg", "plain", "plain", "egg", "egg", "plain", "plain", "egg", "egg", "plain", "plain", "egg", "egg", "plain", "plain", "egg", "egg", "plain", "plain", "plain", "plain", "plain", "plain", "egg", "plain", "plain", "plain", "egg", "egg", "plain", "plain", "egg", "plain", "plain", "plain", "plain", "plain", "plain", "plain", "plain", "egg", "plain", "plain", "plain", "egg", "plain", "plain", "plain", "egg", "plain", "plain", "plain", "egg", "plain", "plain", "plain", "plain", "plain", "plain"], "errlog_a": "", "errlog_b": "", "start_time": 360, "start_moves": 40, "turn_count": 80, "result": 1, "reason": "EGGS_LAID", "trapdoors": [[3, 5], [4, 3]], "spawn_a": [7, 1], "spawn_b": [0, 1]}