{"pos": [[0, 3], [7, 3], [1, 3], [6, 3], [1, 2], [6, 2], [2, 2], [5, 2], [2, 1], [5, 1], [3, 1], [5, 0], [0, 4], [6, 0], [0, 5], [7, 0], [0, 4], [7, 1], [0, 3], [7, 0], [0, 2], [7, 1], [0, 1], [7, 0], [0, 2], [7, 1], [0, 1], [7, 0], [0, 2], [7, 1], [0, 1], [7, 0], [0, 2], [7, 1], [0, 1], [7, 0], [0, 2], [7, 1], [0, 1], [7, 0], [0, 2], [7, 1], [0, 1], [7, 0], [0, 2], [7, 1], [0, 1], [7, 0], [0, 2], [7, 1], [0, 1], [7, 0], [0, 2], [7, 1], [0, 1], [7, 0], [0, 2], [7, 1], [0, 1], [7, 0], [0, 2], [7, 1], [0, 1], [7, 0], [0, 2], [7, 1], [0, 1], [7, 0], [0, 2], [7, 1], [0, 1], [7, 0], [0, 2], [7, 1], [0, 1], [7, 0], [0, 0], [7, 1], [1, 0], [7, 2]], "a_eggs_laid": [1, 1, 1, 1, 2, 2, 2, 2, 3, 3, 3, 3, 4, 4, 4, 4, 4, 4, 4, 4, 4, 4, 5, 5, 5, 5, 5, 5, 5, 5, 5, 5, 5, 5, 5, 5, 5, 5, 5, 5, 5, 5, 5, 5, 5, 5, 5, 5, 5, 5, 5, 5, 5, 5, 5, 5, 5, 5, 5, 5, 5, 5, 5, 5, 5, 5, 5, 5, 5, 5, 5, 5, 5, 5, 5, 5, 5, 5, 8, 8], "b_eggs_laid": [0, 1, 1, 1, 1, 2, 2, 2, 2, 3, 3, 3, 3, 8, 8, 8, 8, 11, 11, 11, 11, 11, 11, 11, 11, 11, 11, 11, 11, 11, 11, 11, 11, 11, 11, 11, 11, 11, 11, 11, 11, 11, 11, 11, 11, 11, 11, 11, 11, 11, 11, 11, 11, 11, 11, 11, 11, 11, 11, 11, 11, 11, 11, 11, 11, 11, 11, 11, 11, 11, 11, 11, 11, 11, 11, 11, 11, 11, 11, 11], "a_turds_left": [5, 5, 5, 5, 5, 5, 5, 5, 5, 5, 5, 5, 5, 5, 5, 5, 5, 5, 5, 5, 5, 5, 5, 5, 5, 5, 5, 5, 5, 5, 5, 5, 5, 5, 5, 5, 5, 5, 5, 5, 5, 5, 5, 5, 5, 5, 5, 5, 5, 5, 5, 5, 5, 5, 5, 5, 5, 5, 5, 5, 5, 5, 5, 5, 5, 5, 5, 5, 5, 5, 5, 5, 5, 5, 5, 5, 5, 5, 5, 5], "b_turds_left": [5, 5, 5, 5, 5, 5, 5, 5, 5, 5, 5, 4, 4, 4, 4, 4, 4, 4, 4, 4, 4, 4, 4, 4, 4, 4, 4, 4, 4, 4, 4, 4, 4, 4, 4, 4, 4, 4, 4, 4, 4, 4, 4, 4, 4, 4, 4, 4, 4, 4, 4, 4, 4, 4, 4, 4, 4, 4, 4, 4, 4, 4, 4, 4, 4, 4, 4, 4, 4, 4, 4, 4, 4, 4, 4, 4, 4, 4, 4, 4], "a_time_left": [359.89857241598656, 359.89857241598656, 359.87465049896855, 359.87465049896855, 359.73703112395015, 359.73703112395015, 359.6915672488976, 359.6915672488976, 359.5094575819094, 359.5094575819094, 359.40186554088723, 359.40186554088723, 359.3461527489126, 359.3461527489126, 359.3005199149484, 359.3005199149484, 359.2625113729737, 359.2625113729737, 359.24862820701674, 359.24862820701674, 359.22738079103874, 359.22738079103874, 359.1659157500253, 359.1659157500253, 359.14701120799873, 359.14701120799873, 359.1249267079984, 359.1249267079984, 359.1072168740211, 359.1072168740211, 358.9049715830479, 358.9049715830479, 358.88288225006545, 358.88288225006545, 358.86028466705466, 358.86028466705466, 358.841280001041, 358.841280001041, 358.81849900103407, 358.81849900103407, 358.79964191804174, 358.79964191804174, 358.77873021003325, 358.77873021003325, 358.76146458502626, 358.76146458502626, 358.7404905850417, 358.7404905850417, 358.7223433770705, 358.7223433770705, 358.70165062707383, 358.70165062707383, 358.6844832940842, 358.6844832940842, 358.6638857520884, 358.6638857520884, 358.64666616910836, 358.64666616910836, 358.6261935441289, 358.6261935441289, 358.60923637717497, 358.60923637717497, 358.5883728361805, 358.5883728361805, 358.571159211162, 358.571159211162, 358.5504789612023, 358.5504789612023, 358.5333324612002, 358.5333324612002, 358.512592253217, 358.512592253217, 358.49511042021913, 358.49511042021913, 358.47362687822897, 358.47362687822897, 358.4642434612615, 358.4642434612615, 358.46200721128844, 358.46200721128844], "b_time_left": [360, 359.94543233304285, 359.94543233304285, 359.7867777910433, 359.7867777910433, 359.6901699580485, 359.6901699580485, 359.4925963750575, 359.4925963750575, 359.36050987505587, 359.36050987505587, 359.2153622910846, 359.2153622910846, 359.1813213740825, 359.1813213740825, 359.16853720811196, 359.16853720811196, 359.15892474912107, 359.15892474912107, 359.1467392491177, 359.1467392491177, 359.1417377081234, 359.1417377081234, 359.1297008750844, 359.1297008750844, 359.1268195420853, 359.1268195420853, 359.11528833408374, 359.11528833408374, 359.1126528340974, 359.1126528340974, 359.0974612511345, 359.0974612511345, 359.0944566670805, 359.0944566670805, 359.0823966250755, 359.0823966250755, 359.0795388330589, 359.0795388330589, 359.0674404990277, 359.0674404990277, 359.0645523320418, 359.0645523320418, 359.0531272900407, 359.0531272900407, 359.05057799903443, 359.05057799903443, 359.0391911660554, 359.0391911660554, 359.03661304101115, 359.03661304101115, 359.02545854100026, 359.02545854100026, 359.0229074580129, 359.0229074580129, 359.0118580409908, 359.0118580409908, 359.00921366596594, 359.00921366596594, 358.99819162499625, 358.99819162499625, 358.9955856250017, 358.9955856250017, 358.98456929199165, 358.98456929199165, 358.9820126249688, 358.9820126249688, 358.9709055829444, 358.9709055829444, 358.96829816594254, 358.96829816594254, 358.95731849991716, 358.95731849991716, 358.95447437488474, 358.95447437488474, 358.9429950839258, 358.9429950839258, 358.940910458914, 358.940910458914, 358.9400572919403], "a_moves_left": [39, 39, 38, 38, 37, 37, 36, 36, 35, 35, 34, 34, 33, 33, 32, 32, 31, 31, 30, 30, 29, 29, 28, 28, 27, 27, 26, 26, 25, 25, 24, 24, 23, 23, 22, 22, 21, 21, 20, 20, 19, 19, 18, 18, 17, 17, 16, 16, 15, 15, 14, 14, 13, 13, 12, 12, 11, 11, 10, 10, 9, 9, 8, 8, 7, 7, 6, 6, 5, 5, 4, 4, 3, 3, 2, 2, 1, 1, 0, 0], "b_moves_left": [40, 39, 39, 38, 38, 37, 37, 36, 36, 35, 35, 34, 34, 33, 33, 32, 32, 31, 31, 30, 30, 29, 29, 28, 28, 27, 27, 26, 26, 25, 25, 24, 24, 23, 23, 22, 22, 21, 21, 20, 20, 19, 19, 18, 18, 17, 17, 16, 16, 15, 15, 14, 14, 13, 13, 12, 12, 11, 11, 10, 10, 9, 9, 8, 8, 7, 7, 6, 6, 5, 5, 4, 4, 3, 3, 2, 2, 1, 1, 0], "trapdoor_triggered": [0, 0, 0, 0, 0, 0, 0, 0, 0, 0, 0, 0, 1, 0, 0, 0, 0, 0, 0, 0, 0, 0, 0, 0, 0, 0, 0, 0, 0, 0, 0, 0, 0, 0, 0, 0, 0, 0, 0, 0, 0, 0, 0, 0, 0, 0, 0, 0, 0, 0, 0, 0, 0, 0, 0, 0, 0, 0, 0, 0, 0, 0, 0, 0, 0, 0, 0, 0, 0, 0, 0, 0, 0, 0, 0, 0, 0, 0, 0, 0], "left_behind": ["egg", "egg", "plain", "plain", "egg", "egg", "plain", "plain", "egg", "egg", "plain", "turd", "egg", "egg", "plain", "plain", "plain", "egg", "plain", "plain", "plain", "plain", "egg", "plain", "plain", "plain", "plain", "plain", "plain", "plain", "plain", "plain", "plain", "plain", "plain", "plain", "plain", "plain", "plain", "plain", "plain", "plain", "plain", "plain", "plain", "plain", "plain", "plain", "plain", "plain", "plain", "plain", "plain", "plain", "plain", "plain", "plain", "plain", "plain", "plain", "plain", "plain", "plain", "plain", "plain", "plain", "plain", "plain", "plain", "plain", "plain", "plain", "plain", "plain", "plain", "plain", "plain", "plain", "egg", "plain"], "errlog_a": "", "errlog_b": "", "start_time": 360, "start_moves": 40, "turn_count": 80, "result": 1, "reason": "EGGS_LAID", "trapdoors": [[5, 5], [3, 2]], "spawn_a": [0, 4], "spawn_b": [7, 4]}