{"pos": [[1, 2], [6, 2], [1, 1], [5, 2], [0, 1], [6, 2], [0, 0], [5, 2], [1, 0], [5, 3], [2, 0], [5, 4], [2, 1], [5, 3], [3, 1], [7, 2], [4, 1], [7, 3], [4, 0], [6, 3], [3, 0], [5, 3], [3, 1], [7, 2], [2, 1], [7, 1], [2, 2], [7, 2], [3, 2], [7, 3], [2, 2], [7, 4], [1, 2], [6, 4], [1, 3], [6, 3], [1, 4], [5, 3], [0, 4], [6, 3], [0, 3], [5, 3], [1, 3], [6, 3], [2, 3], [5, 3], [3, 3], [5, 2], [2, 3], [5, 3], [1, 3], [5, 2], [1, 4], [5, 1], [1, 5], [5, 2], [2, 5], [6, 2], [2, 6], [6, 1], [3, 6], [6, 0], [4, 6], [6, 1], [4, 5], [7, 1], [5, 5], [6, 1], [5, 6], [6, 2], [6, 6], [6, 1], [7, 6], [6, 0], [7, 5], [6, 1], [7, 6], [5, 1], [7, 7], [6, 1]], "a_eggs_laid": [1, 1, 1, 1, 2, 2, 2, 2, 2, 2, 2, 2, 2, 2, 2, 2, 6, 6, 6, 6, 6, 6, 6, 6, 10, 10, 10, 10, 10, 10, 10, 10, 10, 10, 10, 10, 11, 11, 11, 11, 12, 12, 12, 12, 12, 12, 12, 12, 13, 13, 13, 13, 13, 13, 13, 13, 14, 14, 14, 14, 15, 15, 15, 15, 16, 16, 16, 16, 17, 17, 17, 17, 18, 18, 18, 18, 19, 19, 19, 19], "b_eggs_laid": [0, 1, 1, 1, 1, 1, 1, 1, 1, 1, 1, 1, 1, 1, 1, 1, 1, 1, 1, 1, 1, 1, 1, 1, 1, 1, 1, 1, 1, 1, 1, 1, 1, 2, 2, 2, 2, 2, 2, 2, 2, 2, 2, 2, 2, 2, 2, 2, 2, 2, 2, 2, 2, 2, 2, 2, 2, 2, 2, 2, 2, 3, 3, 3, 3, 3, 3, 3, 3, 3, 3, 3, 3, 3, 3, 3, 3, 3, 3, 3], "a_turds_left": [5, 5, 5, 5, 5, 5, 5, 5, 4, 4, 4, 4, 3, 3, 3, 3, 2, 2, 2, 2, 1, 1, 1, 1, 1, 1, 1, 1, 0, 0, 0, 0, 0, 0, 0, 0, 0, 0, 0, 0, 0, 0, 0, 0, 0, 0, 0, 0, 0, 0, 0, 0, 0, 0, 0, 0, 0, 0, 0, 0, 0, 0, 0, 0, 0, 0, 0, 0, 0, 0, 0, 0, 0, 0, 0, 0, 0, 0, 0, 0], "b_turds_left": [5, 5, 5, 5, 5, 4, 4, 3, 3, 3, 3, 3, 3, 3, 3, 2, 2, 2, 2, 2, 2, 1, 1, 1, 1, 1, 1, 1, 1, 1, 1, 1, 1, 1, 1, 0, 0, 0, 0, 0, 0, 0, 0, 0, 0, 0, 0, 0, 0, 0, 0, 0, 0, 0, 0, 0, 0, 0, 0, 0, 0, 0, 0, 0, 0, 0, 0, 0, 0, 0, 0, 0, 0, 0, 0, 0, 0, 0, 0, 0], "a_time_left": [359.9996582499589, 359.9996582499589, 359.9993665839429, 359.9993665839429, 359.9989476259798, 359.9989476259798, 359.99845100101084, 359.99845100101084, 359.99785275099566, 359.99785275099566, 359.9972501680022, 359.9972501680022, 359.9965072099585, 359.9965072099585, 359.99614575196756, 359.99614575196756, 359.99570954294177, 359.99570954294177, 359.9951190429274, 359.9951190429274, 359.9945647099521, 359.9945647099521, 359.9942241269746, 359.9942241269746, 359.9937335429713, 359.9937335429713, 359.99309954297496, 359.99309954297496, 359.99242304294603, 359.99242304294603, 359.9919378339546, 359.9919378339546, 359.99141474993667, 359.99141474993667, 359.99085820792243, 359.99085820792243, 359.9902646659175, 359.9902646659175, 359.9898235409055, 359.9898235409055, 359.9850449159276, 359.9850449159276, 359.98458295693854, 359.98458295693854, 359.98389783193124, 359.98389783193124, 359.98289078992093, 359.98289078992093, 359.9825919569121, 359.9825919569121, 359.98204733186867, 359.98204733186867, 359.98151012387825, 359.98151012387825, 359.98124341492075, 359.98124341492075, 359.9807439149008, 359.9807439149008, 359.9803104568855, 359.9803104568855, 359.9798875398701, 359.9798875398701, 359.9794314148603, 359.9794314148603, 359.9789133728482, 359.9789133728482, 359.97809099784354, 359.97809099784354, 359.97524012287613, 359.97524012287613, 359.97164949786384, 359.97164949786384, 359.97111162287183, 359.97111162287183, 359.97070366487605, 359.97070366487605, 359.97034574783174, 359.97034574783174, 359.9700552067952, 359.9700552067952], "b_time_left": [360, 358.4529613330378, 358.4529613330378, 356.94738087506266, 356.94738087506266, 355.44144025008427, 355.44144025008427, 353.93547350005247, 353.93547350005247, 352.42964625003515, 352.42964625003515, 350.9239089170587, 350.9239089170587, 349.41803558304673, 349.41803558304673, 347.912238000019, 347.912238000019, 346.40643687499687, 346.40643687499687, 344.90094337501796, 344.90094337501796, 343.39509695902234, 343.39509695902234, 341.88957662601024, 341.88957662601024, 340.3841558760032, 340.3841558760032, 338.8781768339686, 338.8781768339686, 337.3724407929694, 337.3724407929694, 335.86698095995234, 335.86698095995234, 334.3608946679742, 334.3608946679742, 332.8550992090022, 332.8550992090022, 331.3493624590337, 331.3493624590337, 329.8454116680077, 329.8454116680077, 328.34079775196733, 328.34079775196733, 326.8345280859503, 326.8345280859503, 325.3247138769366, 325.3247138769366, 323.8194772519637, 323.8194772519637, 322.3137670849683, 322.3137670849683, 320.81044308497803, 320.81044308497803, 319.30499250098364, 319.30499250098364, 317.7997110430151, 317.7997110430151, 316.2943309179973, 316.2943309179973, 314.7917856259737, 314.7917856259737, 313.28601920895744, 313.28601920895744, 311.7845329589909, 311.7845329589909, 310.2811455420451, 310.2811455420451, 308.7747993330122, 308.7747993330122, 307.26312879199395, 307.26312879199395, 305.7574646669673, 305.7574646669673, 304.2522672499763, 304.2522672499763, 302.7466002499568, 302.7466002499568, 301.2428663749597, 301.2428663749597, 299.7387751250062], "a_moves_left": [39, 39, 38, 38, 37, 37, 36, 36, 35, 35, 34, 34, 33, 33, 32, 32, 31, 31, 30, 30, 29, 29, 28, 28, 27, 27, 26, 26, 25, 25, 24, 24, 23, 23, 22, 22, 21, 21, 20, 20, 19, 19, 18, 18, 17, 17, 16, 16, 15, 15, 14, 14, 13, 13, 12, 12, 11, 11, 10, 10, 9, 9, 8, 8, 7, 7, 6, 6, 5, 5, 4, 4, 3, 3, 2, 2, 1, 1, 0, 0], "b_moves_left": [40, 39, 39, 38, 38, 37, 37, 36, 36, 35, 35, 34, 34, 33, 33, 32, 32, 31, 31, 30, 30, 29, 29, 28, 28, 27, 27, 26, 26, 25, 25, 24, 24, 23, 23, 22, 22, 21, 21, 20, 20, 19, 19, 18, 18, 17, 17, 16, 16, 15, 15, 14, 14, 13, 13, 12, 12, 11, 11, 10, 10, 9, 9, 8, 8, 7, 7, 6, 6, 5, 5, 4, 4, 3, 3, 2, 2, 1, 1, 0], "trapdoor_triggered": [0, 0, 0, 0, 0, 0, 0, 0, 0, 0, 0, 0, 0, 0, 0, 1, 0, 0, 0, 0, 0, 0, 0, 1, 0, 0, 0, 0, 0, 0, 0, 0, 0, 0, 0, 0, 0, 0, 0, 0, 0, 0, 0, 0, 0, 0, 0, 0, 0, 0, 0, 0, 0, 0, 0, 0, 0, 0, 0, 0, 0, 0, 0, 0, 0, 0, 0, 0, 0, 0, 0, 0, 0, 0, 0, 0, 0, 0, 0, 0], "left_behind": ["egg", "egg", "plain", "plain", "egg", "turd", "plain", "turd", "turd", "plain", "plain", "plain", "turd", "plain", "plain", "turd", "turd", "plain", "plain", "plain", "turd", "turd", "plain", "plain", "plain", "plain", "plain", "plain", "turd", "plain", "plain", "plain", "plain", "egg", "plain", "turd", "egg", "plain", "plain", "plain", "egg", "plain", "plain", "plain", "plain", "plain", "plain", "plain", "egg", "plain", "plain", "plain", "plain", "plain", "plain", "plain", "egg", "plain", "plain", "plain", "egg", "egg", "plain", "plain", "egg", "plain", "plain", "plain", "egg", "plain", "plain", "plain", "egg", "plain", "plain", "plain", "egg", "plain", "plain", "plain"], "errlog_a": "", "errlog_b": "", "start_time": 360, "start_moves": 40, "turn_count": 80, "result": 0, "reason": "EGGS_LAID", "trapdoors": [[4, 4], [4, 3]], "spawn_a": [0, 2], "spawn_b": [7, 2]}