{"pos": [[7, 0], [0, 0], [7, 1], [0, 1], [7, 0], [0, 0], [7, 1], [1, 0], [7, 2], [0, 0], [7, 1], [1, 0], [7, 2], [2, 0], [7, 3], [2, 1], [7, 4]], "a_eggs_laid": [1, 1, 1, 1, 1, 1, 1, 1, 1, 1, 1, 1, 1, 1, 1, 1, 2], "b_eggs_laid": [0, 0, 0, 0, 0, 0, 0, 0, 0, 0, 0, 0, 0, 0, 0, 0, 0], "a_turds_left": [5, 5, 5, 5, 5, 5, 5, 5, 5, 5, 5, 5, 5, 5, 5, 5, 5], "b_turds_left": [5, 4, 4, 4, 4, 4, 4, 3, 3, 2, 2, 2, 2, 2, 2, 2, 2], "a_time_left": [359.7798724579625, 359.7798724579625, 359.7478226249805, 359.7478226249805, 359.7043534159893, 359.7043534159893, 359.65811195701826, 359.65811195701826, 359.52119699900504, 359.52119699900504, 359.47044354100944, 359.47044354100944, 359.39543574897107, 359.39543574897107, 359.27510833198903, 359.27510833198903, 358.8974992899457], "b_time_left": [360, 358.4571405830211, 358.4571405830211, 356.95161854097387, 356.95161854097387, 355.44597216596594, 355.44597216596594, 353.9402867910103, 353.9402867910103, 352.434542624047, 352.434542624047, 350.9289329580497, 350.9289329580497, 349.4232197080855, 349.4232197080855, 347.9176477910951, 347.9176477910951], "a_moves_left": [39, 39, 38, 38, 37, 37, 36, 36, 35, 35, 34, 34, 33, 33, 32, 32, 31], "b_moves_left": [40, 39, 39, 38, 38, 37, 37, 36, 36, 35, 35, 34, 34, 33, 33, 32, 32], "trapdoor_triggered": [0, 0, 0, 0, 0, 0, 0, 0, 0, 0, 0, 0, 0, 0, 0, 0, 0], "left_behind": ["egg", "turd", "plain", "plain", "plain", "plain", "plain", "turd", "plain", "turd", "plain", "plain", "plain", "plain", "plain", "plain", "egg"], "errlog_a": "", "errlog_b": "Timeout", "start_time": 360, "start_moves": 40, "turn_count": 17, "result": 0, "reason": "CODE_CRASH", "trapdoors": [[4, 4], [3, 2]], "spawn_a": [7, 1], "spawn_b": [0, 1]}