{"pos": [[7, 0], [0, 0], [7, 1], [0, 1], [7, 0], [0, 2], [7, 1], [0, 3], [7, 0], [0, 2], [7, 1], [0, 3], [7, 0], [1, 3], [7, 1], [0, 3], [7, 0], [1, 3], [7, 1]], "a_eggs_laid": [1, 1, 1, 1, 1, 1, 1, 1, 1, 1, 1, 1, 1, 1, 1, 1, 1, 1, 1], "b_eggs_laid": [0, 0, 0, 0, 0, 0, 0, 0, 0, 0, 0, 0, 0, 0, 0, 0, 0, 0, 0], "a_turds_left": [5, 5, 5, 5, 5, 5, 5, 5, 5, 5, 5, 5, 5, 5, 5, 5, 5, 5, 5], "b_turds_left": [5, 4, 4, 3, 3, 3, 3, 3, 3, 2, 2, 2, 2, 2, 2, 1, 1, 1, 1], "a_time_left": [359.92536062496947, 359.92536062496947, 359.91662079194793, 359.91662079194793, 359.89474374993006, 359.89474374993006, 359.883701499959, 359.883701499959, 359.8608414159389, 359.8608414159389, 359.84873699990567, 359.84873699990567, 359.8273990828893, 359.8273990828893, 359.8116156659089, 359.8116156659089, 359.7929170409334, 359.7929170409334, 359.78140012494987], "b_time_left": [360, 358.4691393749672, 358.4691393749672, 356.963665499934, 356.963665499934, 355.45792408293346, 355.45792408293346, 353.952250540955, 353.952250540955, 352.4466441249242, 352.4466441249242, 350.94115324987797, 350.94115324987797, 349.43556779186474, 349.43556779186474, 347.92997712490615, 347.92997712490615, 346.4242310829577, 346.4242310829577], "a_moves_left": [39, 39, 38, 38, 37, 37, 36, 36, 35, 35, 34, 34, 33, 33, 32, 32, 31, 31, 30], "b_moves_left": [40, 39, 39, 38, 38, 37, 37, 36, 36, 35, 35, 34, 34, 33, 33, 32, 32, 31, 31], "trapdoor_triggered": [0, 0, 0, 0, 0, 0, 0, 0, 0, 0, 0, 0, 0, 0, 0, 0, 0, 0, 0], "left_behind": ["egg", "turd", "plain", "turd", "plain", "plain", "plain", "plain", "plain", "turd", "plain", "plain", "plain", "plain", "plain", "turd", "plain", "plain", "plain"], "errlog_a": "", "errlog_b": "Timeout", "start_time": 360, "start_moves": 40, "turn_count": 19, "result": 0, "reason": "CODE_CRASH", "trapdoors": [[4, 2], [3, 4]], "spawn_a": [7, 1], "spawn_b": [0, 1]}