{"pos": [[0, 1], [7, 1], [0, 0], [7, 0], [0, 1], [7, 1], [0, 0], [7, 0], [0, 1], [7, 1], [0, 0], [7, 0], [0, 1], [7, 1], [0, 0], [7, 0], [0, 1], [7, 1], [0, 0], [7, 0], [0, 1], [7, 1], [0, 0], [7, 0], [0, 1], [7, 1], [0, 0], [7, 0], [0, 1], [7, 1], [0, 0], [7, 0], [0, 1], [7, 1], [0, 0], [7, 0], [0, 1], [7, 1], [0, 0], [7, 0], [0, 1], [7, 1], [0, 0], [7, 0], [0, 1], [7, 1], [0, 0], [7, 0], [0, 1], [7, 1], [0, 0], [7, 0], [0, 1], [7, 1], [0, 0], [7, 0], [0, 1], [7, 1], [0, 0], [7, 0], [0, 1], [7, 1], [0, 0], [7, 0], [0, 1], [7, 1], [0, 0], [7, 0], [0, 1], [7, 1], [0, 0], [7, 0], [0, 1], [7, 1], [0, 0], [7, 0], [0, 1], [7, 1], [0, 0], [6, 1]], "a_eggs_laid": [1, 1, 1, 1, 4, 4, 4, 4, 4, 4, 4, 4, 4, 4, 4, 4, 4, 4, 4, 4, 4, 4, 4, 4, 4, 4, 4, 4, 4, 4, 4, 4, 4, 4, 4, 4, 4, 4, 4, 4, 4, 4, 4, 4, 4, 4, 4, 4, 4, 4, 4, 4, 4, 4, 4, 4, 4, 4, 4, 4, 4, 4, 4, 4, 4, 4, 4, 4, 4, 4, 4, 4, 4, 4, 4, 4, 4, 4, 4, 4], "b_eggs_laid": [0, 1, 1, 1, 1, 4, 4, 4, 4, 4, 4, 4, 4, 4, 4, 4, 4, 4, 4, 4, 4, 4, 4, 4, 4, 4, 4, 4, 4, 4, 4, 4, 4, 4, 4, 4, 4, 4, 4, 4, 4, 4, 4, 4, 4, 4, 4, 4, 4, 4, 4, 4, 4, 4, 4, 4, 4, 4, 4, 4, 4, 4, 4, 4, 4, 4, 4, 4, 4, 4, 4, 4, 4, 4, 4, 4, 4, 4, 4, 4], "a_turds_left": [5, 5, 5, 5, 5, 5, 5, 5, 5, 5, 5, 5, 5, 5, 5, 5, 5, 5, 5, 5, 5, 5, 5, 5, 5, 5, 5, 5, 5, 5, 5, 5, 5, 5, 5, 5, 5, 5, 5, 5, 5, 5, 5, 5, 5, 5, 5, 5, 5, 5, 5, 5, 5, 5, 5, 5, 5, 5, 5, 5, 5, 5, 5, 5, 5, 5, 5, 5, 5, 5, 5, 5, 5, 5, 5, 5, 5, 5, 5, 5], "b_turds_left": [5, 5, 5, 5, 5, 5, 5, 5, 5, 5, 5, 5, 5, 5, 5, 5, 5, 5, 5, 5, 5, 5, 5, 5, 5, 5, 5, 5, 5, 5, 5, 5, 5, 5, 5, 5, 5, 5, 5, 5, 5, 5, 5, 5, 5, 5, 5, 5, 5, 5, 5, 5, 5, 5, 5, 5, 5, 5, 5, 5, 5, 5, 5, 5, 5, 5, 5, 5, 5, 5, 5, 5, 5, 5, 5, 5, 5, 5, 5, 5], "a_time_left": [359.8825217920239, 359.8825217920239, 359.86427966697374, 359.86427966697374, 359.83732045895886, 359.83732045895886, 359.8199459169409, 359.8199459169409, 359.81170829193434, 359.81170829193434, 359.79431812488474, 359.79431812488474, 359.7862197078648, 359.7862197078648, 359.768868957879, 359.768868957879, 359.76082941587083, 359.76082941587083, 359.74330020783236, 359.74330020783236, 359.7351867078105, 359.7351867078105, 359.7175500827725, 359.7175500827725, 359.7095291657606, 359.7095291657606, 359.69187295774464, 359.69187295774464, 359.68384545773733, 359.68384545773733, 359.6659929577727, 359.6659929577727, 359.65793758275686, 359.65793758275686, 359.6400330827455, 359.6400330827455, 359.6319637497072, 359.6319637497072, 359.6142717907205, 359.6142717907205, 359.6062605827465, 359.6062605827465, 359.58881733269664, 359.58881733269664, 359.5808240826591, 359.5808240826591, 359.5631546236691, 359.5631546236691, 359.55496983166086, 359.55496983166086, 359.53706470667385, 359.53706470667385, 359.52903383166995, 359.52903383166995, 359.51096495671663, 359.51096495671663, 359.5026947897277, 359.5026947897277, 359.48467008175794, 359.48467008175794, 359.4766547487234, 359.4766547487234, 359.45870512374677, 359.45870512374677, 359.4506606647046, 359.4506606647046, 359.43280374869937, 359.43280374869937, 359.4247452907148, 359.4247452907148, 359.4071502077277, 359.4071502077277, 359.39913399971556, 359.39913399971556, 359.381431124697, 359.381431124697, 359.37757608271204, 359.37757608271204, 359.3749476246885, 359.3749476246885], "b_time_left": [360, 359.93328116700286, 359.93328116700286, 359.90402104199165, 359.90402104199165, 359.8947845840012, 359.8947845840012, 359.8837844170048, 359.8837844170048, 359.8801461249823, 359.8801461249823, 359.869019249978, 359.869019249978, 359.86541658395436, 359.86541658395436, 359.8542880429304, 359.8542880429304, 359.8506978339283, 359.8506978339283, 359.839603374945, 359.839603374945, 359.8360064169392, 359.8360064169392, 359.82489512494067, 359.82489512494067, 359.8213062919094, 359.8213062919094, 359.8102349578985, 359.8102349578985, 359.8066516239196, 359.8066516239196, 359.7953602899215, 359.7953602899215, 359.79177116492065, 359.79177116492065, 359.7806117059081, 359.7806117059081, 359.7769974559196, 359.7769974559196, 359.76595653995173, 359.76595653995173, 359.762328872981, 359.762328872981, 359.75133674795507, 359.75133674795507, 359.7477509569726, 359.7477509569726, 359.7365483319736, 359.7365483319736, 359.7328532069223, 359.7328532069223, 359.72183237288846, 359.72183237288846, 359.71818653988885, 359.71818653988885, 359.70687116490444, 359.70687116490444, 359.70317633188097, 359.70317633188097, 359.69190545688616, 359.69190545688616, 359.68831116583897, 359.68831116583897, 359.6773212488042, 359.6773212488042, 359.67373845679685, 359.67373845679685, 359.6627161237993, 359.6627161237993, 359.65913274878403, 359.65913274878403, 359.64811295678373, 359.64811295678373, 359.6445167068159, 359.6445167068159, 359.6334656648105, 359.6334656648105, 359.63165003980976, 359.63165003980976, 359.630842081795], "a_moves_left": [39, 39, 38, 38, 37, 37, 36, 36, 35, 35, 34, 34, 33, 33, 32, 32, 31, 31, 30, 30, 29, 29, 28, 28, 27, 27, 26, 26, 25, 25, 24, 24, 23, 23, 22, 22, 21, 21, 20, 20, 19, 19, 18, 18, 17, 17, 16, 16, 15, 15, 14, 14, 13, 13, 12, 12, 11, 11, 10, 10, 9, 9, 8, 8, 7, 7, 6, 6, 5, 5, 4, 4, 3, 3, 2, 2, 1, 1, 0, 0], "b_moves_left": [40, 39, 39, 38, 38, 37, 37, 36, 36, 35, 35, 34, 34, 33, 33, 32, 32, 31, 31, 30, 30, 29, 29, 28, 28, 27, 27, 26, 26, 25, 25, 24, 24, 23, 23, 22, 22, 21, 21, 20, 20, 19, 19, 18, 18, 17, 17, 16, 16, 15, 15, 14, 14, 13, 13, 12, 12, 11, 11, 10, 10, 9, 9, 8, 8, 7, 7, 6, 6, 5, 5, 4, 4, 3, 3, 2, 2, 1, 1, 0], "trapdoor_triggered": [0, 0, 0, 0, 0, 0, 0, 0, 0, 0, 0, 0, 0, 0, 0, 0, 0, 0, 0, 0, 0, 0, 0, 0, 0, 0, 0, 0, 0, 0, 0, 0, 0, 0, 0, 0, 0, 0, 0, 0, 0, 0, 0, 0, 0, 0, 0, 0, 0, 0, 0, 0, 0, 0, 0, 0, 0, 0, 0, 0, 0, 0, 0, 0, 0, 0, 0, 0, 0, 0, 0, 0, 0, 0, 0, 0, 0, 0, 0, 0], "left_behind": ["egg", "egg", "plain", "plain", "egg", "egg", "plain", "plain", "plain", "plain", "plain", "plain", "plain", "plain", "plain", "plain", "plain", "plain", "plain", "plain", "plain", "plain", "plain", "plain", "plain", "plain", "plain", "plain", "plain", "plain", "plain", "plain", "plain", "plain", "plain", "plain", "plain", "plain", "plain", "plain", "plain", "plain", "plain", "plain", "plain", "plain", "plain", "plain", "plain", "plain", "plain", "plain", "plain", "plain", "plain", "plain", "plain", "plain", "plain", "plain", "plain", "plain", "plain", "plain", "plain", "plain", "plain", "plain", "plain", "plain", "plain", "plain", "plain", "plain", "plain", "plain", "plain", "plain", "plain", "plain"], "errlog_a": "", "errlog_b": "", "start_time": 360, "start_moves": 40, "turn_count": 80, "result": 2, "reason": "EGGS_LAID", "trapdoors": [[4, 2], [4, 5]], "spawn_a": [0, 2], "spawn_b": [7, 2]}