{"pos": [[6, 3], [0, 2], [6, 2], [0, 3], [6, 1], [0, 4], [5, 1], [0, 3], [5, 2], [0, 4], [5, 3], [0, 3], [5, 4], [1, 3], [6, 4], [1, 2], [6, 5], [0, 2], [6, 6], [0, 1], [5, 6], [0, 2], [5, 5], [0, 3], [4, 5], [0, 4], [4, 4], [0, 3], [4, 3], [0, 4], [4, 2], [0, 3], [4, 1], [0, 4], [3, 1], [1, 4], [3, 2], [1, 5], [3, 3], [1, 4], [7, 3], [0, 3], [7, 2], [0, 2], [7, 1], [0, 1], [7, 0], [0, 2], [6, 0], [1, 2], [5, 0], [1, 3], [4, 0], [2, 3], [3, 0], [2, 2], [2, 0], [1, 2], [2, 1], [1, 1], [2, 2], [0, 1], [2, 1], [1, 1], [3, 1], [1, 0], [4, 1], [1, 1], [5, 1], [1, 0], [6, 1], [1, 1], [6, 2], [1, 0], [6, 3], [1, 1], [6, 4], [2, 1], [7, 4], [1, 1]], "a_eggs_laid": [1, 1, 1, 1, 2, 2, 2, 2, 3, 3, 3, 3, 4, 4, 4, 4, 5, 5, 5, 5, 6, 6, 6, 6, 7, 7, 7, 7, 8, 8, 8, 8, 9, 9, 9, 9, 10, 10, 10, 10, 11, 11, 15, 15, 15, 15, 16, 16, 16, 16, 17, 17, 17, 17, 18, 18, 18, 18, 19, 19, 19, 19, 20, 20, 20, 20, 20, 20, 20, 20, 20, 20, 20, 20, 20, 20, 20, 20, 20, 20], "b_eggs_laid": [0, 0, 0, 0, 0, 1, 1, 1, 1, 1, 1, 1, 1, 1, 1, 1, 1, 1, 1, 1, 1, 1, 1, 1, 1, 1, 1, 1, 1, 1, 1, 1, 1, 1, 1, 1, 1, 2, 2, 2, 2, 6, 6, 6, 6, 6, 6, 6, 6, 6, 6, 7, 7, 7, 7, 8, 8, 8, 8, 8, 8, 8, 8, 9, 9, 9, 9, 10, 10, 10, 10, 10, 10, 10, 10, 10, 10, 10, 10, 10], "a_turds_left": [5, 5, 5, 5, 5, 5, 5, 5, 5, 5, 5, 5, 5, 5, 5, 5, 5, 5, 5, 5, 5, 5, 5, 5, 5, 5, 5, 5, 5, 5, 5, 5, 5, 5, 5, 5, 5, 5, 5, 5, 5, 5, 5, 5, 5, 5, 5, 5, 5, 5, 5, 5, 5, 5, 5, 5, 5, 5, 5, 5, 5, 5, 5, 5, 5, 5, 5, 5, 5, 5, 5, 5, 5, 5, 5, 5, 5, 5, 5, 5], "b_turds_left": [5, 5, 5, 4, 4, 4, 4, 4, 4, 4, 4, 4, 4, 4, 4, 4, 4, 4, 4, 4, 4, 4, 4, 4, 4, 4, 4, 4, 4, 4, 4, 4, 4, 4, 4, 3, 3, 3, 3, 2, 2, 2, 2, 2, 2, 2, 2, 2, 2, 2, 2, 2, 2, 1, 1, 1, 1, 1, 1, 1, 1, 1, 1, 1, 1, 1, 1, 1, 1, 0, 0, 0, 0, 0, 0, 0, 0, 0, 0, 0], "a_time_left": [359.9998234580271, 359.9998234580271, 359.99972708302084, 359.99972708302084, 359.99952945805853, 359.99952945805853, 359.99938000005204, 359.99938000005204, 359.9992227910552, 359.9992227910552, 359.99905458302237, 359.99905458302237, 359.99887800001306, 359.99887800001306, 359.99874683399685, 359.99874683399685, 359.99858550098725, 359.99858550098725, 359.9984390839818, 359.9984390839818, 359.9982412919635, 359.9982412919635, 359.9979886249639, 359.9979886249639, 359.9977915000054, 359.9977915000054, 359.99768916598987, 359.99768916598987, 359.9974604159943, 359.9974604159943, 359.9972865830059, 359.9972865830059, 359.99712066701613, 359.99712066701613, 359.9970120010548, 359.9970120010548, 359.99681079306174, 359.99681079306174, 359.9965751270647, 359.9965751270647, 359.9962722520577, 359.9962722520577, 359.99616650206735, 359.99616650206735, 359.99597466905834, 359.99597466905834, 359.9957501280587, 359.9957501280587, 359.9955793780391, 359.9955793780391, 359.99543704499956, 359.99543704499956, 359.9952120449743, 359.9952120449743, 359.99508150399197, 359.99508150399197, 359.9949518379872, 359.9949518379872, 359.9947388789733, 359.9947388789733, 359.99463237897726, 359.99463237897726, 359.9945096289739, 359.9945096289739, 359.9944136699778, 359.9944136699778, 359.99421337893, 359.99421337893, 359.99397466989467, 359.99397466989467, 359.9938040449051, 359.9938040449051, 359.9936579199275, 359.9936579199275, 359.99341325392015, 359.99341325392015, 359.9932184618665, 359.9932184618665, 359.99312312790425, 359.99312312790425], "b_time_left": [360, 358.46644629200455, 358.46644629200455, 356.9607627920341, 356.9607627920341, 355.4551465420518, 355.4551465420518, 353.9496416260954, 353.9496416260954, 352.4442369590979, 352.4442369590979, 350.9422272091033, 350.9422272091033, 349.43651408411097, 349.43651408411097, 347.93090837611817, 347.93090837611817, 346.42515729216393, 346.42515729216393, 344.91949850018136, 344.91949850018136, 343.4137499581557, 343.4137499581557, 341.90816716715926, 341.90816716715926, 340.4024910831358, 340.4024910831358, 338.896931250114, 338.896931250114, 337.39133633312304, 337.39133633312304, 335.8856166661135, 335.8856166661135, 334.3799588321126, 334.3799588321126, 332.8743206661311, 332.8743206661311, 331.3686385001056, 331.3686385001056, 329.8629922501277, 329.8629922501277, 328.35926362511236, 328.35926362511236, 326.8535955421394, 326.8535955421394, 325.3479412511224, 325.3479412511224, 323.84227070916677, 323.84227070916677, 322.33669866714627, 322.33669866714627, 320.8309181671357, 320.8309181671357, 319.32551700010663, 319.32551700010663, 317.81986950011924, 317.81986950011924, 316.314226958144, 316.314226958144, 314.8085197911132, 314.8085197911132, 313.3029045831645, 313.3029045831645, 311.7972940831678, 311.7972940831678, 310.2909887081478, 310.2909887081478, 308.7853156661731, 308.7853156661731, 307.279577583191, 307.279577583191, 305.77402087522205, 305.77402087522205, 304.2684054172132, 304.2684054172132, 302.76273987523746, 302.76273987523746, 301.2572385002277, 301.2572385002277, 299.75169320817804], "a_moves_left": [39, 39, 38, 38, 37, 37, 36, 36, 35, 35, 34, 34, 33, 33, 32, 32, 31, 31, 30, 30, 29, 29, 28, 28, 27, 27, 26, 26, 25, 25, 24, 24, 23, 23, 22, 22, 21, 21, 20, 20, 19, 19, 18, 18, 17, 17, 16, 16, 15, 15, 14, 14, 13, 13, 12, 12, 11, 11, 10, 10, 9, 9, 8, 8, 7, 7, 6, 6, 5, 5, 4, 4, 3, 3, 2, 2, 1, 1, 0, 0], "b_moves_left": [40, 39, 39, 38, 38, 37, 37, 36, 36, 35, 35, 34, 34, 33, 33, 32, 32, 31, 31, 30, 30, 29, 29, 28, 28, 27, 27, 26, 26, 25, 25, 24, 24, 23, 23, 22, 22, 21, 21, 20, 20, 19, 19, 18, 18, 17, 17, 16, 16, 15, 15, 14, 14, 13, 13, 12, 12, 11, 11, 10, 10, 9, 9, 8, 8, 7, 7, 6, 6, 5, 5, 4, 4, 3, 3, 2, 2, 1, 1, 0], "trapdoor_triggered": [0, 0, 0, 0, 0, 0, 0, 0, 0, 0, 0, 0, 0, 0, 0, 0, 0, 0, 0, 0, 0, 0, 0, 0, 0, 0, 0, 0, 0, 0, 0, 0, 0, 0, 0, 0, 0, 0, 0, 0, 1, 1, 0, 0, 0, 0, 0, 0, 0, 0, 0, 0, 0, 0, 0, 0, 0, 0, 0, 0, 0, 0, 0, 0, 0, 0, 0, 0, 0, 0, 0, 0, 0, 0, 0, 0, 0, 0, 0, 0], "left_behind": ["egg", "plain", "plain", "turd", "egg", "egg", "plain", "plain", "egg", "plain", "plain", "plain", "egg", "plain", "plain", "plain", "egg", "plain", "plain", "plain", "egg", "plain", "plain", "plain", "egg", "plain", "plain", "plain", "egg", "plain", "plain", "plain", "egg", "plain", "plain", "turd", "egg", "egg", "plain", "turd", "egg", "plain", "plain", "plain", "plain", "plain", "egg", "plain", "plain", "plain", "egg", "egg", "plain", "turd", "egg", "egg", "plain", "plain", "egg", "plain", "plain", "plain", "egg", "egg", "plain", "plain", "plain", "egg", "plain", "turd", "plain", "plain", "plain", "plain", "plain", "plain", "plain", "plain", "plain", "plain"], "errlog_a": "", "errlog_b": "", "start_time": 360, "start_moves": 40, "turn_count": 80, "result": 0, "reason": "EGGS_LAID", "trapdoors": [[2, 4], [3, 4]], "spawn_a": [7, 3], "spawn_b": [0, 3]}