{"pos": [[7, 0], [0, 0], [7, 1], [1, 0], [7, 0], [0, 0], [7, 1], [1, 0], [7, 0]], "a_eggs_laid": [1, 1, 1, 1, 1, 1, 1, 1, 1], "b_eggs_laid": [0, 0, 0, 0, 0, 0, 0, 0, 0], "a_turds_left": [5, 5, 5, 5, 5, 5, 5, 5, 5], "b_turds_left": [5, 5, 5, 5, 5, 5, 5, 5, 5], "a_time_left": [359.99978241598, 359.99978241598, 359.9996279159677, 359.9996279159677, 359.9993647490046, 359.9993647490046, 359.99919708201196, 359.99919708201196, 359.99901804100955], "b_time_left": [360, 358.4656002080301, 358.4656002080301, 356.9600593330688, 356.9600593330688, 355.45442887512036, 355.45442887512036, 353.94895279215416, 353.94895279215416], "a_moves_left": [39, 39, 38, 38, 37, 37, 36, 36, 35], "b_moves_left": [40, 39, 39, 38, 38, 37, 37, 36, 36], "trapdoor_triggered": [0, 0, 0, 0, 0, 0, 0, 0, 0], "left_behind": ["egg", "plain", "plain", "plain", "plain", "plain", "plain", "plain", "plain"], "errlog_a": "", "errlog_b": "Timeout", "start_time": 360, "start_moves": 40, "turn_count": 9, "result": 0, "reason": "CODE_CRASH", "trapdoors": [[2, 2], [5, 4]], "spawn_a": [7, 1], "spawn_b": [0, 1]}