{"pos": [[7, 2], [0, 2], [7, 3], [1, 2], [7, 2], [1, 1], [7, 3], [1, 0], [7, 4], [1, 1], [6, 4], [0, 1], [6, 5], [0, 0], [7, 5], [0, 1], [7, 6], [0, 2], [7, 7], [0, 3], [6, 7], [1, 3], [5, 7], [1, 4], [5, 6], [0, 4], [5, 5], [0, 3], [4, 5], [1, 3], [4, 6], [0, 3], [3, 6], [0, 4], [3, 5], [0, 3], [3, 4], [1, 3], [3, 3], [2, 3], [3, 2], [0, 3], [4, 2], [0, 4], [4, 1], [0, 5], [4, 2], [0, 6], [4, 1], [0, 5], [4, 2], [1, 5], [4, 1], [0, 5], [4, 2], [0, 4], [4, 1], [0, 3], [4, 2], [0, 2], [4, 1], [0, 1], [4, 2], [0, 2], [4, 1], [0, 3], [4, 2], [0, 4], [4, 1], [0, 3], [4, 2], [0, 4], [4, 1], [0, 3], [4, 2], [1, 3], [4, 1], [1, 4], [4, 0], [1, 5]], "a_eggs_laid": [1, 1, 1, 1, 1, 1, 1, 1, 1, 1, 1, 1, 2, 2, 2, 2, 3, 3, 3, 3, 6, 6, 6, 6, 7, 7, 7, 7, 8, 8, 8, 8, 9, 9, 9, 9, 10, 10, 10, 10, 11, 11, 15, 15, 16, 16, 16, 16, 16, 16, 16, 16, 16, 16, 16, 16, 16, 16, 16, 16, 16, 16, 16, 16, 16, 16, 16, 16, 16, 16, 16, 16, 16, 16, 16, 16, 16, 16, 16, 16], "b_eggs_laid": [0, 0, 0, 0, 0, 1, 1, 1, 1, 1, 1, 1, 1, 1, 1, 1, 1, 1, 1, 1, 1, 1, 1, 1, 1, 2, 2, 2, 2, 2, 2, 2, 2, 2, 2, 2, 2, 2, 2, 2, 2, 2, 2, 2, 2, 2, 2, 2, 2, 2, 2, 2, 2, 2, 2, 3, 3, 3, 3, 3, 3, 3, 3, 3, 3, 3, 3, 3, 3, 3, 3, 3, 3, 3, 3, 3, 3, 3, 3, 3], "a_turds_left": [5, 5, 5, 5, 5, 5, 5, 5, 5, 5, 5, 5, 5, 5, 5, 5, 5, 5, 5, 5, 5, 5, 5, 5, 5, 5, 5, 5, 5, 5, 5, 5, 5, 5, 5, 5, 5, 5, 5, 5, 5, 5, 5, 5, 5, 5, 5, 5, 5, 5, 5, 5, 5, 5, 5, 5, 5, 5, 5, 5, 5, 5, 5, 5, 5, 5, 5, 5, 5, 5, 5, 5, 5, 5, 5, 5, 5, 5, 5, 5], "b_turds_left": [5, 4, 4, 3, 3, 3, 3, 3, 3, 3, 3, 2, 2, 1, 1, 0, 0, 0, 0, 0, 0, 0, 0, 0, 0, 0, 0, 0, 0, 0, 0, 0, 0, 0, 0, 0, 0, 0, 0, 0, 0, 0, 0, 0, 0, 0, 0, 0, 0, 0, 0, 0, 0, 0, 0, 0, 0, 0, 0, 0, 0, 0, 0, 0, 0, 0, 0, 0, 0, 0, 0, 0, 0, 0, 0, 0, 0, 0, 0, 0], "a_time_left": [359.92884962499375, 359.92884962499375, 359.89935491699725, 359.89935491699725, 359.84208958398085, 359.84208958398085, 359.78429900098126, 359.78429900098126, 359.74284079298377, 359.74284079298377, 359.65897171001416, 359.65897171001416, 359.54387491801754, 359.54387491801754, 359.51703879301203, 359.51703879301203, 359.4865182930371, 359.4865182930371, 359.45723196002655, 359.45723196002655, 359.42048654303653, 359.42048654303653, 359.37727412604727, 359.37727412604727, 359.27759220905136, 359.27759220905136, 359.2288231680286, 359.2288231680286, 359.1483592520235, 359.1483592520235, 359.0693832520046, 359.0693832520046, 358.9874068350182, 358.9874068350182, 358.94148850103375, 358.94148850103375, 358.8332432510215, 358.8332432510215, 358.78299083403545, 358.78299083403545, 358.7238871669979, 358.7238871669979, 358.6588062500232, 358.6588062500232, 358.5914390000398, 358.5914390000398, 358.48434462503064, 358.48434462503064, 358.44841233303305, 358.44841233303305, 358.34161345806206, 358.34161345806206, 358.3013341660844, 358.3013341660844, 358.190591499093, 358.190591499093, 358.15993824909674, 358.15993824909674, 358.11361662409035, 358.11361662409035, 358.08338108309545, 358.08338108309545, 358.0314357490861, 358.0314357490861, 357.99888308311347, 357.99888308311347, 357.9532952501322, 357.9532952501322, 357.9246864161105, 357.9246864161105, 357.87765995715745, 357.87765995715745, 357.8458357071504, 357.8458357071504, 357.7951248731697, 357.7951248731697, 357.7733769561746, 357.7733769561746, 357.76092720619636, 357.76092720619636], "b_time_left": [360, 358.46347191603854, 358.46347191603854, 356.9577839580015, 356.9577839580015, 355.45195625000633, 355.45195625000633, 353.9462578750099, 353.9462578750099, 352.44063745898893, 352.44063745898893, 350.93503225094173, 350.93503225094173, 349.4294667089125, 349.4294667089125, 347.92375445895595, 347.92375445895595, 346.4180518339854, 346.4180518339854, 344.91251262498554, 344.91251262498554, 343.4068536249688, 343.4068536249688, 341.9013462079456, 341.9013462079456, 340.39563058293425, 340.39563058293425, 338.88985949993366, 338.88985949993366, 337.3841320829233, 337.3841320829233, 335.87847899994813, 335.87847899994813, 334.37271420896286, 334.37271420896286, 332.86714595893864, 332.86714595893864, 331.3614686259534, 331.3614686259534, 329.8555259589921, 329.8555259589921, 328.3499486260116, 328.3499486260116, 326.84429291798733, 326.84429291798733, 325.3388066680054, 325.3388066680054, 323.833285458968, 323.833285458968, 322.3276584179839, 322.3276584179839, 320.8220780849806, 320.8220780849806, 319.316549251962, 319.316549251962, 317.8110062099877, 317.8110062099877, 316.30554246000247, 316.30554246000247, 314.80000825203024, 314.80000825203024, 313.29454575205455, 313.29454575205455, 311.7891820440418, 311.7891820440418, 310.2836900020484, 310.2836900020484, 308.7781723770895, 308.7781723770895, 307.27248746110126, 307.27248746110126, 305.7667892531026, 305.7667892531026, 304.2612572530634, 304.2612572530634, 302.7556122110691, 302.7556122110691, 301.2500457940623, 301.2500457940623, 299.74443508603144], "a_moves_left": [39, 39, 38, 38, 37, 37, 36, 36, 35, 35, 34, 34, 33, 33, 32, 32, 31, 31, 30, 30, 29, 29, 28, 28, 27, 27, 26, 26, 25, 25, 24, 24, 23, 23, 22, 22, 21, 21, 20, 20, 19, 19, 18, 18, 17, 17, 16, 16, 15, 15, 14, 14, 13, 13, 12, 12, 11, 11, 10, 10, 9, 9, 8, 8, 7, 7, 6, 6, 5, 5, 4, 4, 3, 3, 2, 2, 1, 1, 0, 0], "b_moves_left": [40, 39, 39, 38, 38, 37, 37, 36, 36, 35, 35, 34, 34, 33, 33, 32, 32, 31, 31, 30, 30, 29, 29, 28, 28, 27, 27, 26, 26, 25, 25, 24, 24, 23, 23, 22, 22, 21, 21, 20, 20, 19, 19, 18, 18, 17, 17, 16, 16, 15, 15, 14, 14, 13, 13, 12, 12, 11, 11, 10, 10, 9, 9, 8, 8, 7, 7, 6, 6, 5, 5, 4, 4, 3, 3, 2, 2, 1, 1, 0], "trapdoor_triggered": [0, 0, 0, 0, 0, 0, 0, 0, 0, 0, 0, 0, 0, 0, 0, 0, 0, 0, 0, 0, 0, 0, 0, 0, 0, 0, 0, 0, 0, 0, 0, 0, 0, 0, 0, 0, 0, 0, 0, 0, 0, 1, 0, 0, 0, 0, 0, 0, 0, 0, 0, 0, 0, 0, 0, 0, 0, 0, 0, 0, 0, 0, 0, 0, 0, 0, 0, 0, 0, 0, 0, 0, 0, 0, 0, 0, 0, 0, 0, 0], "left_behind": ["egg", "turd", "plain", "turd", "plain", "egg", "plain", "plain", "plain", "plain", "plain", "turd", "egg", "turd", "plain", "turd", "egg", "plain", "plain", "plain", "egg", "plain", "plain", "plain", "egg", "egg", "plain", "plain", "egg", "plain", "plain", "plain", "egg", "plain", "plain", "plain", "egg", "plain", "plain", "plain", "egg", "plain", "plain", "plain", "egg", "plain", "plain", "plain", "plain", "plain", "plain", "plain", "plain", "plain", "plain", "egg", "plain", "plain", "plain", "plain", "plain", "plain", "plain", "plain", "plain", "plain", "plain", "plain", "plain", "plain", "plain", "plain", "plain", "plain", "plain", "plain", "plain", "plain", "plain", "plain"], "errlog_a": "", "errlog_b": "", "start_time": 360, "start_moves": 40, "turn_count": 80, "result": 0, "reason": "EGGS_LAID", "trapdoors": [[2, 4], [2, 5]], "spawn_a": [7, 3], "spawn_b": [0, 3]}