{"pos": [[6, 3], [0, 2], [6, 2], [1, 2], [6, 3], [1, 3], [6, 4], [1, 4], [6, 5], [0, 4], [6, 4], [0, 5], [5, 4], [1, 5], [5, 3], [1, 6], [4, 3], [0, 6], [4, 2], [0, 7], [4, 1], [1, 7], [5, 1], [2, 7], [6, 1], [2, 6], [6, 0], [3, 6], [7, 0], [3, 7], [7, 1], [4, 7], [7, 2], [4, 6], [6, 2], [5, 6], [6, 1], [6, 6], [5, 1], [6, 7], [5, 0], [7, 7], [4, 0], [7, 6], [3, 0], [7, 5], [3, 1], [6, 5], [3, 2], [7, 5], [3, 3], [7, 4], [3, 4], [7, 5], [4, 4], [7, 6], [4, 5], [7, 7], [4, 6], [6, 7], [4, 5], [6, 6], [3, 5], [6, 5], [2, 5], [6, 6], [2, 4], [5, 6], [2, 3], [5, 7], [2, 2], [4, 7], [2, 1], [5, 7], [1, 1], [6, 7], [1, 0], [7, 7], [2, 0], [7, 6]], "a_eggs_laid": [1, 1, 1, 1, 2, 2, 2, 2, 3, 3, 3, 3, 3, 3, 3, 3, 4, 4, 4, 4, 5, 5, 5, 5, 6, 6, 6, 6, 7, 7, 7, 7, 8, 8, 8, 8, 8, 8, 8, 8, 8, 8, 8, 8, 9, 9, 9, 9, 10, 10, 10, 10, 11, 11, 11, 11, 12, 12, 12, 12, 13, 13, 13, 13, 14, 14, 14, 14, 15, 15, 15, 15, 16, 16, 16, 16, 17, 17, 17, 17], "b_eggs_laid": [0, 1, 1, 1, 1, 2, 2, 2, 2, 3, 3, 3, 3, 4, 4, 4, 4, 5, 5, 5, 5, 8, 8, 8, 8, 9, 9, 9, 9, 10, 10, 10, 10, 11, 11, 11, 11, 12, 12, 12, 12, 13, 13, 13, 13, 14, 14, 14, 14, 15, 15, 15, 15, 16, 16, 16, 16, 16, 16, 16, 16, 16, 16, 16, 16, 16, 16, 16, 16, 16, 16, 16, 16, 16, 16, 16, 16, 16, 16, 16], "a_turds_left": [5, 5, 5, 5, 5, 5, 5, 5, 5, 5, 5, 5, 5, 5, 5, 5, 5, 5, 5, 5, 5, 5, 5, 5, 5, 5, 5, 5, 5, 5, 5, 5, 5, 5, 5, 5, 5, 5, 5, 5, 5, 5, 5, 5, 5, 5, 5, 5, 5, 5, 5, 5, 5, 5, 5, 5, 5, 5, 5, 5, 5, 5, 5, 5, 5, 5, 5, 5, 5, 5, 5, 5, 5, 5, 5, 5, 5, 5, 5, 5], "b_turds_left": [5, 5, 5, 5, 5, 5, 5, 5, 5, 5, 5, 5, 5, 5, 5, 5, 5, 5, 5, 5, 5, 5, 5, 5, 5, 5, 5, 5, 5, 5, 5, 5, 5, 5, 5, 5, 5, 5, 5, 5, 5, 5, 5, 5, 5, 5, 5, 5, 5, 5, 5, 5, 5, 5, 5, 5, 5, 5, 5, 5, 5, 5, 5, 5, 5, 5, 5, 5, 5, 5, 5, 5, 5, 5, 5, 5, 5, 5, 5, 5], "a_time_left": [359.999655416992, 359.999655416992, 359.9993436259683, 359.9993436259683, 359.99897941795643, 359.99897941795643, 359.99871316796634, 359.99871316796634, 359.99840820999816, 359.99840820999816, 359.9981279600179, 359.9981279600179, 359.99792237603106, 359.99792237603106, 359.9976816260023, 359.9976816260023, 359.99737987597473, 359.99737987597473, 359.997274792986, 359.997274792986, 359.9969992929837, 359.9969992929837, 359.996785292984, 359.996785292984, 359.9966672100127, 359.9966672100127, 359.9965792520088, 359.9965792520088, 359.9964872520068, 359.9964872520068, 359.9962959610275, 359.9962959610275, 359.9962045860011, 359.9962045860011, 359.9961279609706, 359.9961279609706, 359.99605591996806, 359.99605591996806, 359.99596571095753, 359.99596571095753, 359.99589346093126, 359.99589346093126, 359.9958217109088, 359.9958217109088, 359.9957380858832, 359.9957380858832, 359.99567187787034, 359.99567187787034, 359.99557279387955, 359.99557279387955, 359.9954904608894, 359.9954904608894, 359.99538587685674, 359.99538587685674, 359.9952988768928, 359.9952988768928, 359.9952003349317, 359.9952003349317, 359.99512454291107, 359.99512454291107, 359.9950648348895, 359.9950648348895, 359.99499091890175, 359.99499091890175, 359.9949112109025, 359.9949112109025, 359.99483516887994, 359.99483516887994, 359.99475366884144, 359.99475366884144, 359.99467341887066, 359.99467341887066, 359.99459183588624, 359.99459183588624, 359.9945140448981, 359.9945140448981, 359.99443112890003, 359.99443112890003, 359.99434921186185, 359.99434921186185], "b_time_left": [360, 359.9996752080042, 359.9996752080042, 359.99939816602273, 359.99939816602273, 359.99904799903743, 359.99904799903743, 359.99875341606094, 359.99875341606094, 359.99841483309865, 359.99841483309865, 359.9981086670887, 359.9981086670887, 359.9977897090721, 359.9977897090721, 359.9974927510484, 359.9974927510484, 359.9973308350309, 359.9973308350309, 359.9970493350411, 359.9970493350411, 359.99678154301364, 359.99678154301364, 359.9965215010452, 359.9965215010452, 359.9963860420394, 359.9963860420394, 359.99626150005497, 359.99626150005497, 359.99612454202725, 359.99612454202725, 359.99602270906325, 359.99602270906325, 359.9959110011114, 359.9959110011114, 359.99579658411676, 359.99579658411676, 359.9956833340693, 359.9956833340693, 359.99558833410265, 359.99558833410265, 359.9954939591116, 359.9954939591116, 359.9954147931421, 359.9954147931421, 359.9953093351214, 359.9953093351214, 359.995226126106, 359.995226126106, 359.9951308341115, 359.9951308341115, 359.99503791710595, 359.99503791710595, 359.9949674591189, 359.9949674591189, 359.99487683409825, 359.99487683409825, 359.994799293112, 359.994799293112, 359.99471666815225, 359.99471666815225, 359.99463996017585, 359.99463996017585, 359.9945506681688, 359.9945506681688, 359.9944701261702, 359.9944701261702, 359.9943798761815, 359.9943798761815, 359.994298876205, 359.994298876205, 359.994215710205, 359.994215710205, 359.9941460432019, 359.9941460432019, 359.9940679182182, 359.9940679182182, 359.9939940852346, 359.9939940852346, 359.9939185852418], "a_moves_left": [39, 39, 38, 38, 37, 37, 36, 36, 35, 35, 34, 34, 33, 33, 32, 32, 31, 31, 30, 30, 29, 29, 28, 28, 27, 27, 26, 26, 25, 25, 24, 24, 23, 23, 22, 22, 21, 21, 20, 20, 19, 19, 18, 18, 17, 17, 16, 16, 15, 15, 14, 14, 13, 13, 12, 12, 11, 11, 10, 10, 9, 9, 8, 8, 7, 7, 6, 6, 5, 5, 4, 4, 3, 3, 2, 2, 1, 1, 0, 0], "b_moves_left": [40, 39, 39, 38, 38, 37, 37, 36, 36, 35, 35, 34, 34, 33, 33, 32, 32, 31, 31, 30, 30, 29, 29, 28, 28, 27, 27, 26, 26, 25, 25, 24, 24, 23, 23, 22, 22, 21, 21, 20, 20, 19, 19, 18, 18, 17, 17, 16, 16, 15, 15, 14, 14, 13, 13, 12, 12, 11, 11, 10, 10, 9, 9, 8, 8, 7, 7, 6, 6, 5, 5, 4, 4, 3, 3, 2, 2, 1, 1, 0], "trapdoor_triggered": [0, 0, 0, 0, 0, 0, 0, 0, 0, 0, 0, 0, 0, 0, 0, 0, 0, 0, 0, 0, 0, 0, 0, 0, 0, 0, 0, 0, 0, 0, 0, 0, 0, 0, 0, 0, 0, 0, 0, 0, 0, 0, 0, 0, 0, 0, 0, 0, 0, 0, 0, 0, 0, 0, 0, 0, 0, 0, 0, 0, 0, 0, 0, 0, 0, 0, 0, 0, 0, 0, 0, 0, 0, 0, 0, 0, 0, 0, 0, 0], "left_behind": ["egg", "egg", "plain", "plain", "egg", "egg", "plain", "plain", "egg", "egg", "plain", "plain", "plain", "egg", "plain", "plain", "egg", "egg", "plain", "plain", "egg", "egg", "plain", "plain", "egg", "egg", "plain", "plain", "egg", "egg", "plain", "plain", "egg", "egg", "plain", "plain", "plain", "egg", "plain", "plain", "plain", "egg", "plain", "plain", "egg", "egg", "plain", "plain", "egg", "egg", "plain", "plain", "egg", "egg", "plain", "plain", "egg", "plain", "plain", "plain", "egg", "plain", "plain", "plain", "egg", "plain", "plain", "plain", "egg", "plain", "plain", "plain", "egg", "plain", "plain", "plain", "egg", "plain", "plain", "plain"], "errlog_a": "", "errlog_b": "", "start_time": 360, "start_moves": 40, "turn_count": 80, "result": 0, "reason": "EGGS_LAID", "trapdoors": [[5, 5], [5, 2]], "spawn_a": [7, 3], "spawn_b": [0, 3]}