{"pos": [[7, 0], [0, 0], [7, 1], [0, 1], [7, 0], [0, 2], [7, 1], [0, 3], [7, 0], [0, 4], [7, 1], [0, 5], [7, 0], [0, 4], [7, 1]], "a_eggs_laid": [1, 1, 1, 1, 1, 1, 1, 1, 1, 1, 1, 1, 1, 1, 1], "b_eggs_laid": [0, 0, 0, 0, 0, 0, 0, 0, 0, 0, 0, 0, 0, 1, 1], "a_turds_left": [5, 5, 5, 5, 5, 5, 5, 5, 5, 5, 5, 5, 5, 5, 5], "b_turds_left": [5, 4, 4, 4, 4, 4, 4, 4, 4, 4, 4, 3, 3, 3, 3], "a_time_left": [359.95531450002454, 359.95531450002454, 359.9470487080398, 359.9470487080398, 359.93004212505184, 359.93004212505184, 359.9158966250252, 359.9158966250252, 359.89684320800006, 359.89684320800006, 359.88050637498964, 359.88050637498964, 359.8586506249849, 359.8586506249849, 359.84406449995004], "b_time_left": [360, 358.4642689160537, 358.4642689160537, 356.9585945410072, 356.9585945410072, 355.4529119580402, 355.4529119580402, 353.947355833021, 353.947355833021, 352.4417794990004, 352.4417794990004, 350.9362398739904, 350.9362398739904, 349.43055591598386, 349.43055591598386], "a_moves_left": [39, 39, 38, 38, 37, 37, 36, 36, 35, 35, 34, 34, 33, 33, 32], "b_moves_left": [40, 39, 39, 38, 38, 37, 37, 36, 36, 35, 35, 34, 34, 33, 33], "trapdoor_triggered": [0, 0, 0, 0, 0, 0, 0, 0, 0, 0, 0, 0, 0, 0, 0], "left_behind": ["egg", "turd", "plain", "plain", "plain", "plain", "plain", "plain", "plain", "plain", "plain", "turd", "plain", "egg", "plain"], "errlog_a": "", "errlog_b": "Timeout", "start_time": 360, "start_moves": 40, "turn_count": 15, "result": 0, "reason": "CODE_CRASH", "trapdoors": [[4, 2], [3, 4]], "spawn_a": [7, 1], "spawn_b": [0, 1]}