{"pos": [[1, 2], [6, 2], [1, 1], [6, 1], [2, 1], [7, 1], [1, 1], [7, 0], [0, 1], [6, 0], [1, 1], [5, 0], [1, 0], [5, 1], [0, 0], [4, 1], [0, 1], [4, 0], [0, 0], [3, 0], [1, 0], [3, 1], [2, 0], [2, 1], [1, 0], [3, 1], [2, 0], [3, 2], [1, 0], [4, 2], [0, 0], [5, 2], [0, 1], [5, 3], [0, 2], [6, 3], [0, 3], [6, 4], [0, 4], [7, 4], [1, 4], [7, 3], [2, 4], [6, 3], [2, 3], [5, 3], [3, 3], [4, 3], [2, 3], [4, 4], [1, 3], [5, 4], [1, 2], [5, 5], [1, 3], [6, 5], [1, 4], [6, 6], [1, 5], [7, 6], [2, 5], [7, 5], [3, 5], [6, 5], [4, 5], [5, 5], [4, 4], [5, 4], [4, 5], [6, 4], [5, 5], [7, 4], [5, 6], [7, 5], [6, 6], [7, 6], [6, 7], [7, 7], [5, 7], [6, 7]], "a_eggs_laid": [1, 1, 1, 1, 2, 2, 2, 2, 2, 2, 2, 2, 2, 2, 2, 2, 5, 5, 5, 5, 5, 5, 5, 5, 6, 6, 6, 6, 6, 6, 6, 6, 6, 6, 6, 6, 6, 6, 6, 6, 7, 7, 7, 7, 8, 8, 8, 8, 9, 9, 9, 9, 10, 10, 10, 10, 10, 10, 10, 10, 11, 11, 11, 11, 12, 12, 12, 12, 13, 13, 13, 13, 14, 14, 14, 14, 15, 15, 15, 15], "b_eggs_laid": [0, 1, 1, 1, 1, 2, 2, 2, 2, 5, 5, 5, 5, 6, 6, 6, 6, 7, 7, 7, 7, 8, 8, 8, 8, 9, 9, 9, 9, 10, 10, 10, 10, 11, 11, 11, 11, 12, 12, 12, 12, 13, 13, 13, 13, 13, 13, 13, 13, 14, 14, 14, 14, 15, 15, 15, 15, 16, 16, 16, 16, 17, 17, 17, 17, 17, 17, 17, 17, 17, 17, 17, 17, 17, 17, 17, 17, 17, 17, 17], "a_turds_left": [5, 5, 5, 5, 5, 5, 5, 5, 5, 5, 5, 5, 5, 5, 5, 5, 5, 5, 5, 5, 5, 5, 5, 5, 5, 5, 5, 5, 5, 5, 5, 5, 5, 5, 5, 5, 5, 5, 5, 5, 5, 5, 5, 5, 5, 5, 5, 5, 5, 5, 5, 5, 5, 5, 5, 5, 5, 5, 5, 5, 5, 5, 5, 5, 5, 5, 5, 5, 5, 5, 5, 5, 5, 5, 5, 5, 5, 5, 5, 5], "b_turds_left": [5, 5, 5, 5, 5, 5, 5, 5, 5, 5, 5, 5, 5, 5, 5, 5, 5, 5, 5, 5, 5, 5, 5, 5, 5, 5, 5, 5, 5, 5, 5, 5, 5, 5, 5, 5, 5, 5, 5, 5, 5, 5, 5, 5, 5, 5, 5, 5, 5, 5, 5, 5, 5, 5, 5, 5, 5, 5, 5, 5, 5, 5, 5, 5, 5, 5, 5, 5, 5, 5, 5, 5, 5, 5, 5, 5, 5, 5, 5, 5], "a_time_left": [359.99966016697, 359.99966016697, 359.9993216670118, 359.9993216670118, 359.998978625983, 359.998978625983, 359.9986683760071, 359.9986683760071, 359.9984155850252, 359.9984155850252, 359.9981688760454, 359.9981688760454, 359.99788679304766, 359.99788679304766, 359.9975990850362, 359.9975990850362, 359.9973432100378, 359.9973432100378, 359.99707975203637, 359.99707975203637, 359.9968483770499, 359.9968483770499, 359.99660525203217, 359.99660525203217, 359.99634912703186, 359.99634912703186, 359.9961035020533, 359.9961035020533, 359.99589416902745, 359.99589416902745, 359.9956427530269, 359.9956427530269, 359.99544042005436, 359.99544042005436, 359.99519729509484, 359.99519729509484, 359.9949604200665, 359.9949604200665, 359.994833753095, 359.994833753095, 359.9946762950858, 359.9946762950858, 359.994568920054, 359.994568920054, 359.99444642005255, 359.99444642005255, 359.994348295033, 359.994348295033, 359.9942612120649, 359.9942612120649, 359.9941761290538, 359.9941761290538, 359.9940693790559, 359.9940693790559, 359.99398787901737, 359.99398787901737, 359.9939134619781, 359.9939134619781, 359.9938315869658, 359.9938315869658, 359.9937355449656, 359.9937355449656, 359.99365383700933, 359.99365383700933, 359.99354625400156, 359.99354625400156, 359.9934852949809, 359.9934852949809, 359.9934206699836, 359.9934206699836, 359.99334446096327, 359.99334446096327, 359.99327716894913, 359.99327716894913, 359.99319808592554, 359.99319808592554, 359.99313600192545, 359.99313600192545, 359.99308516894234, 359.99308516894234], "b_time_left": [360, 359.99967041698983, 359.99967041698983, 359.9993583339965, 359.9993583339965, 359.99894179200055, 359.99894179200055, 359.9986480009975, 359.9986480009975, 359.9983406260144, 359.9983406260144, 359.9980700010201, 359.9980700010201, 359.9977116260561, 359.9977116260561, 359.9973925850354, 359.9973925850354, 359.9970385020133, 359.9970385020133, 359.99675371003104, 359.99675371003104, 359.9964488350088, 359.9964488350088, 359.99615241901483, 359.99615241901483, 359.9958365440252, 359.9958365440252, 359.995561502059, 359.995561502059, 359.99524604406906, 359.99524604406906, 359.994950627035, 359.994950627035, 359.9946388770477, 359.9946388770477, 359.9943755020504, 359.9943755020504, 359.9940620440757, 359.9940620440757, 359.9939319610712, 359.9939319610712, 359.9938178770826, 359.9938178770826, 359.9937326690415, 359.9937326690415, 359.9936390860239, 359.9936390860239, 359.99354296101956, 359.99354296101956, 359.9934308360098, 359.9934308360098, 359.9933372940286, 359.9933372940286, 359.9932214610744, 359.9932214610744, 359.993122878077, 359.993122878077, 359.99301975307753, 359.99301975307753, 359.9929300030344, 359.9929300030344, 359.99283916904824, 359.99283916904824, 359.9927626280696, 359.9927626280696, 359.9926750030718, 359.9926750030718, 359.99258521205047, 359.99258521205047, 359.99251021206146, 359.99251021206146, 359.99241637904197, 359.99241637904197, 359.99234767101007, 359.99234767101007, 359.9922702550539, 359.9922702550539, 359.99220921401866, 359.99220921401866, 359.9921418390004], "a_moves_left": [39, 39, 38, 38, 37, 37, 36, 36, 35, 35, 34, 34, 33, 33, 32, 32, 31, 31, 30, 30, 29, 29, 28, 28, 27, 27, 26, 26, 25, 25, 24, 24, 23, 23, 22, 22, 21, 21, 20, 20, 19, 19, 18, 18, 17, 17, 16, 16, 15, 15, 14, 14, 13, 13, 12, 12, 11, 11, 10, 10, 9, 9, 8, 8, 7, 7, 6, 6, 5, 5, 4, 4, 3, 3, 2, 2, 1, 1, 0, 0], "b_moves_left": [40, 39, 39, 38, 38, 37, 37, 36, 36, 35, 35, 34, 34, 33, 33, 32, 32, 31, 31, 30, 30, 29, 29, 28, 28, 27, 27, 26, 26, 25, 25, 24, 24, 23, 23, 22, 22, 21, 21, 20, 20, 19, 19, 18, 18, 17, 17, 16, 16, 15, 15, 14, 14, 13, 13, 12, 12, 11, 11, 10, 10, 9, 9, 8, 8, 7, 7, 6, 6, 5, 5, 4, 4, 3, 3, 2, 2, 1, 1, 0], "trapdoor_triggered": [0, 0, 0, 0, 0, 0, 0, 0, 0, 0, 0, 0, 0, 0, 0, 0, 0, 0, 0, 0, 0, 0, 0, 0, 0, 0, 0, 0, 0, 0, 0, 0, 0, 0, 0, 0, 0, 0, 0, 0, 0, 0, 0, 0, 0, 0, 0, 0, 0, 0, 0, 0, 0, 0, 0, 0, 0, 0, 0, 0, 0, 0, 0, 0, 0, 0, 0, 0, 0, 0, 0, 0, 0, 0, 0, 0, 0, 0, 0, 0], "left_behind": ["egg", "egg", "plain", "plain", "egg", "egg", "plain", "plain", "plain", "egg", "plain", "plain", "plain", "egg", "plain", "plain", "egg", "egg", "plain", "plain", "plain", "egg", "plain", "plain", "egg", "egg", "plain", "plain", "plain", "egg", "plain", "plain", "plain", "egg", "plain", "plain", "plain", "egg", "plain", "plain", "egg", "egg", "plain", "plain", "egg", "plain", "plain", "plain", "egg", "egg", "plain", "plain", "egg", "egg", "plain", "plain", "plain", "egg", "plain", "plain", "egg", "egg", "plain", "plain", "egg", "plain", "plain", "plain", "egg", "plain", "plain", "plain", "egg", "plain", "plain", "plain", "egg", "plain", "plain", "plain"], "errlog_a": "", "errlog_b": "", "start_time": 360, "start_moves": 40, "turn_count": 80, "result": 1, "reason": "EGGS_LAID", "trapdoors": [[2, 2], [3, 4]], "spawn_a": [0, 2], "spawn_b": [7, 2]}