{"pos": [[7, 2], [1, 3], [7, 3], [0, 3], [7, 2], [1, 3], [7, 3], [2, 3], [7, 2], [2, 2], [7, 3], [1, 2], [7, 2], [1, 1], [7, 3], [1, 0], [7, 4], [0, 0], [7, 5], [0, 1], [7, 4], [0, 2], [6, 4], [0, 1], [5, 4], [0, 0], [5, 3], [1, 0], [5, 2], [1, 1], [4, 2], [1, 2], [4, 1], [2, 2], [3, 1], [2, 1], [3, 0], [1, 1], [4, 0], [1, 2], [5, 0], [2, 2], [5, 1], [2, 3], [6, 1], [1, 3], [6, 2], [0, 3], [6, 1], [1, 3], [6, 0], [2, 3], [7, 0], [1, 3], [7, 1], [1, 4], [7, 0], [0, 4], [7, 1], [0, 3], [7, 0], [1, 3], [7, 1], [2, 3], [7, 0], [1, 3], [7, 1], [1, 2], [7, 0], [1, 1], [7, 1], [0, 1], [7, 0], [0, 2], [7, 1], [0, 1], [7, 0], [0, 2], [7, 1], [0, 1]], "a_eggs_laid": [1, 1, 1, 1, 1, 1, 1, 1, 1, 1, 1, 1, 1, 1, 1, 1, 1, 1, 1, 1, 2, 2, 2, 2, 3, 3, 3, 3, 4, 4, 4, 4, 5, 5, 5, 5, 6, 6, 6, 6, 7, 7, 7, 7, 8, 8, 8, 8, 9, 9, 9, 9, 10, 10, 10, 10, 11, 11, 11, 11, 11, 11, 11, 11, 11, 11, 11, 11, 11, 11, 11, 11, 11, 11, 11, 11, 11, 11, 11, 11], "b_eggs_laid": [0, 1, 1, 1, 1, 1, 1, 1, 1, 1, 1, 1, 1, 1, 1, 1, 1, 1, 1, 1, 1, 1, 1, 1, 1, 1, 1, 1, 1, 1, 1, 1, 1, 2, 2, 2, 2, 3, 3, 3, 3, 3, 3, 3, 3, 3, 3, 3, 3, 3, 3, 3, 3, 3, 3, 3, 3, 3, 3, 3, 3, 3, 3, 3, 3, 3, 3, 3, 3, 3, 3, 3, 3, 3, 3, 3, 3, 3, 3, 3], "a_turds_left": [5, 5, 5, 5, 5, 5, 5, 5, 5, 5, 5, 5, 5, 5, 5, 5, 5, 5, 5, 5, 5, 5, 5, 5, 5, 5, 5, 5, 5, 5, 5, 5, 5, 5, 5, 5, 5, 5, 5, 5, 5, 5, 5, 5, 5, 5, 5, 5, 5, 5, 5, 5, 5, 5, 5, 5, 5, 5, 5, 5, 5, 5, 5, 5, 5, 5, 5, 5, 5, 5, 5, 5, 5, 5, 5, 5, 5, 5, 5, 5], "b_turds_left": [5, 5, 5, 5, 5, 5, 5, 4, 4, 3, 3, 2, 2, 2, 2, 2, 2, 1, 1, 0, 0, 0, 0, 0, 0, 0, 0, 0, 0, 0, 0, 0, 0, 0, 0, 0, 0, 0, 0, 0, 0, 0, 0, 0, 0, 0, 0, 0, 0, 0, 0, 0, 0, 0, 0, 0, 0, 0, 0, 0, 0, 0, 0, 0, 0, 0, 0, 0, 0, 0, 0, 0, 0, 0, 0, 0, 0, 0, 0, 0], "a_time_left": [359.86224024998955, 359.86224024998955, 359.8295777909807, 359.8295777909807, 359.7963427909999, 359.7963427909999, 359.75464066595305, 359.75464066595305, 359.71146491594845, 359.71146491594845, 359.6717456659535, 359.6717456659535, 359.6150049159769, 359.6150049159769, 359.5748432499822, 359.5748432499822, 359.53333074995317, 359.53333074995317, 359.5143546659383, 359.5143546659383, 359.46451791591244, 359.46451791591244, 359.4331147909397, 359.4331147909397, 359.34913116594544, 359.34913116594544, 359.3104526249808, 359.3104526249808, 359.25309616699815, 359.25309616699815, 359.19290095899487, 359.19290095899487, 359.1191090430366, 359.1191090430366, 359.07927758502774, 359.07927758502774, 359.0533505430212, 359.0533505430212, 359.0367439179681, 359.0367439179681, 358.99207550194114, 358.99207550194114, 358.9609267519554, 358.9609267519554, 358.88131183595397, 358.88131183595397, 358.8558457939653, 358.8558457939653, 358.7836085019517, 358.7836085019517, 358.7591221689363, 358.7591221689363, 358.7065160019556, 358.7065160019556, 358.69424875197, 358.69424875197, 358.6618066679803, 358.6618066679803, 358.65141554299043, 358.65141554299043, 358.6368705429486, 358.6368705429486, 358.62666662596166, 358.62666662596166, 358.6134236259386, 358.6134236259386, 358.60343950090464, 358.60343950090464, 358.59087600087514, 358.59087600087514, 358.57938145985827, 358.57938145985827, 358.56753062584903, 358.56753062584903, 358.5603937508422, 358.5603937508422, 358.55218858481385, 358.55218858481385, 358.5497972938465, 358.5497972938465], "b_time_left": [360, 358.45643258298514, 358.45643258298514, 356.9508444579551, 356.9508444579551, 355.44520137499785, 355.44520137499785, 353.9394384580082, 353.9394384580082, 352.4337330409908, 352.4337330409908, 350.92811620695284, 350.92811620695284, 349.42224795697257, 349.42224795697257, 347.91660712397425, 347.91660712397425, 346.41624654096086, 346.41624654096086, 344.9104803329683, 344.9104803329683, 343.4049274160061, 343.4049274160061, 341.8993178739911, 341.8993178739911, 340.3938109159935, 340.3938109159935, 338.88819870800944, 338.88819870800944, 337.38687041704543, 337.38687041704543, 335.88110000104643, 335.88110000104643, 334.3754552100436, 334.3754552100436, 332.86980837606825, 332.86980837606825, 331.36415696010226, 331.36415696010226, 329.8586833351292, 329.8586833351292, 328.35330954310484, 328.35330954310484, 326.84797666809754, 326.84797666809754, 325.34243200113997, 325.34243200113997, 323.8369591671508, 323.8369591671508, 322.33125595917227, 322.33125595917227, 320.8257369591738, 320.8257369591738, 319.3201733341557, 319.3201733341557, 317.81457887619035, 317.81457887619035, 316.3095817932044, 316.3095817932044, 314.8038457102375, 314.8038457102375, 313.2981262522517, 313.2981262522517, 311.79257075226633, 311.79257075226633, 310.2869649602799, 310.2869649602799, 308.7813322102884, 308.7813322102884, 307.2757321273093, 307.2757321273093, 305.77009000233375, 305.77009000233375, 304.26441587728914, 304.26441587728914, 302.75877929426497, 302.75877929426497, 301.253048169252, 301.253048169252, 299.74761766928714], "a_moves_left": [39, 39, 38, 38, 37, 37, 36, 36, 35, 35, 34, 34, 33, 33, 32, 32, 31, 31, 30, 30, 29, 29, 28, 28, 27, 27, 26, 26, 25, 25, 24, 24, 23, 23, 22, 22, 21, 21, 20, 20, 19, 19, 18, 18, 17, 17, 16, 16, 15, 15, 14, 14, 13, 13, 12, 12, 11, 11, 10, 10, 9, 9, 8, 8, 7, 7, 6, 6, 5, 5, 4, 4, 3, 3, 2, 2, 1, 1, 0, 0], "b_moves_left": [40, 39, 39, 38, 38, 37, 37, 36, 36, 35, 35, 34, 34, 33, 33, 32, 32, 31, 31, 30, 30, 29, 29, 28, 28, 27, 27, 26, 26, 25, 25, 24, 24, 23, 23, 22, 22, 21, 21, 20, 20, 19, 19, 18, 18, 17, 17, 16, 16, 15, 15, 14, 14, 13, 13, 12, 12, 11, 11, 10, 10, 9, 9, 8, 8, 7, 7, 6, 6, 5, 5, 4, 4, 3, 3, 2, 2, 1, 1, 0], "trapdoor_triggered": [0, 0, 0, 0, 0, 0, 0, 0, 0, 0, 0, 0, 0, 0, 0, 0, 0, 0, 0, 0, 0, 0, 0, 0, 0, 0, 0, 0, 0, 0, 0, 0, 0, 0, 0, 0, 0, 0, 0, 0, 0, 0, 0, 0, 0, 0, 0, 0, 0, 0, 0, 0, 0, 0, 0, 0, 0, 0, 0, 0, 0, 0, 0, 0, 0, 0, 0, 0, 0, 0, 0, 0, 0, 0, 0, 0, 0, 0, 0, 0], "left_behind": ["egg", "egg", "plain", "plain", "plain", "plain", "plain", "turd", "plain", "turd", "plain", "turd", "plain", "plain", "plain", "plain", "plain", "turd", "plain", "turd", "egg", "plain", "plain", "plain", "egg", "plain", "plain", "plain", "egg", "plain", "plain", "plain", "egg", "egg", "plain", "plain", "egg", "egg", "plain", "plain", "egg", "plain", "plain", "plain", "egg", "plain", "plain", "plain", "egg", "plain", "plain", "plain", "egg", "plain", "plain", "plain", "egg", "plain", "plain", "plain", "plain", "plain", "plain", "plain", "plain", "plain", "plain", "plain", "plain", "plain", "plain", "plain", "plain", "plain", "plain", "plain", "plain", "plain", "plain", "plain"], "errlog_a": "", "errlog_b": "", "start_time": 360, "start_moves": 40, "turn_count": 80, "result": 0, "reason": "EGGS_LAID", "trapdoors": [[4, 4], [3, 4]], "spawn_a": [7, 3], "spawn_b": [0, 3]}