{"pos": [[1, 2], [7, 1], [1, 1], [7, 2], [1, 2], [7, 1], [1, 3], [7, 0], [0, 3], [6, 0], [0, 4], [6, 1], [0, 5], [6, 2], [1, 5], [6, 1], [2, 5], [7, 1], [3, 5], [7, 0], [3, 4], [7, 1], [4, 4], [7, 2], [4, 3], [6, 2], [4, 2], [7, 2], [4, 1], [7, 3], [5, 1], [7, 2], [4, 1], [6, 2], [3, 1], [6, 1], [3, 0], [6, 0], [4, 0], [7, 0], [3, 0], [6, 0], [2, 0], [6, 1], [1, 0], [6, 2], [0, 0], [7, 2], [0, 1], [7, 1], [1, 1], [7, 2], [2, 1], [7, 3], [2, 2], [7, 2], [2, 3], [6, 2], [2, 4], [5, 2], [1, 4], [6, 2], [1, 3], [6, 1], [2, 3], [6, 0], [2, 2], [6, 1], [2, 1], [6, 2], [3, 1], [6, 1], [4, 1], [6, 2], [5, 1], [5, 2], [5, 0], [5, 3], [4, 0], [5, 2]], "a_eggs_laid": [0, 0, 0, 0, 0, 0, 0, 0, 0, 0, 0, 0, 0, 0, 0, 0, 0, 0, 0, 0, 1, 1, 1, 1, 2, 2, 2, 2, 3, 3, 3, 3, 4, 4, 4, 4, 5, 5, 5, 5, 6, 6, 6, 6, 7, 7, 7, 7, 10, 10, 10, 10, 10, 10, 10, 10, 11, 11, 11, 11, 12, 12, 12, 12, 12, 12, 12, 12, 12, 12, 12, 12, 12, 12, 12, 12, 12, 12, 12, 12], "b_eggs_laid": [0, 0, 0, 0, 0, 0, 0, 0, 0, 0, 0, 0, 0, 1, 1, 1, 1, 1, 1, 1, 1, 1, 1, 1, 1, 2, 2, 2, 2, 2, 2, 2, 2, 2, 2, 2, 2, 2, 2, 2, 2, 2, 2, 2, 2, 2, 2, 2, 2, 2, 2, 2, 2, 2, 2, 2, 2, 2, 2, 2, 2, 3, 3, 3, 3, 3, 3, 3, 3, 3, 3, 3, 3, 3, 3, 3, 3, 3, 3, 3], "a_turds_left": [4, 4, 4, 4, 3, 3, 3, 3, 2, 2, 2, 2, 1, 1, 1, 1, 0, 0, 0, 0, 0, 0, 0, 0, 0, 0, 0, 0, 0, 0, 0, 0, 0, 0, 0, 0, 0, 0, 0, 0, 0, 0, 0, 0, 0, 0, 0, 0, 0, 0, 0, 0, 0, 0, 0, 0, 0, 0, 0, 0, 0, 0, 0, 0, 0, 0, 0, 0, 0, 0, 0, 0, 0, 0, 0, 0, 0, 0, 0, 0], "b_turds_left": [5, 5, 5, 4, 4, 4, 4, 4, 4, 3, 3, 3, 3, 3, 3, 2, 2, 2, 2, 2, 2, 2, 2, 2, 2, 2, 2, 2, 2, 2, 2, 1, 1, 1, 1, 1, 1, 1, 1, 1, 1, 1, 1, 1, 1, 1, 1, 1, 1, 1, 1, 1, 1, 1, 1, 1, 1, 1, 1, 1, 1, 1, 1, 1, 1, 1, 1, 1, 1, 1, 1, 1, 1, 1, 1, 1, 1, 1, 1, 1], "a_time_left": [359.99964895797893, 359.99964895797893, 359.9993929169723, 359.9993929169723, 359.9989586669835, 359.9989586669835, 359.99865233298624, 359.99865233298624, 359.99828566698125, 359.99828566698125, 359.99799887492554, 359.99799887492554, 359.9977027499117, 359.9977027499117, 359.9974082909175, 359.9974082909175, 359.9970862909104, 359.9970862909104, 359.996830540942, 359.996830540942, 359.9963235829491, 359.9963235829491, 359.9960437079426, 359.9960437079426, 359.9957342079142, 359.9957342079142, 359.99551324994536, 359.99551324994536, 359.99496399995405, 359.99496399995405, 359.9945059589809, 359.9945059589809, 359.99421883403556, 359.99421883403556, 359.993854209024, 359.993854209024, 359.9935350010055, 359.9935350010055, 359.99309979198733, 359.99309979198733, 359.99259074998554, 359.99259074998554, 359.9923310839804, 359.9923310839804, 359.9921400420135, 359.9921400420135, 359.9917256250628, 359.9917256250628, 359.9914772080374, 359.9914772080374, 359.9910152910161, 359.9910152910161, 359.99051783198956, 359.99051783198956, 359.9900986229768, 359.9900986229768, 359.9895634140121, 359.9895634140121, 359.98915224696975, 359.98915224696975, 359.98862020496745, 359.98862020496745, 359.98817724600667, 359.98817724600667, 359.98794912098674, 359.98794912098674, 359.98772716295207, 359.98772716295207, 359.9874647879624, 359.9874647879624, 359.98700016294606, 359.98700016294606, 359.9866421209299, 359.9866421209299, 359.98597266193246, 359.98597266193246, 359.9856914949487, 359.9856914949487, 359.98526428692276, 359.98526428692276], "b_time_left": [360, 358.4649457909982, 358.4649457909982, 356.95919999998296, 356.95919999998296, 355.45346158300526, 355.45346158300526, 353.94776474899845, 353.94776474899845, 352.4419994149939, 352.4419994149939, 350.93625399895245, 350.93625399895245, 349.43052691593766, 349.43052691593766, 347.924979082949, 347.924979082949, 346.41922120796517, 346.41922120796517, 344.9136717499932, 344.9136717499932, 343.41172299999744, 343.41172299999744, 341.9059990000096, 341.9059990000096, 340.40021033398807, 340.40021033398807, 338.8946092510014, 338.8946092510014, 337.38889958395157, 337.38889958395157, 335.883211083943, 335.883211083943, 334.37758537597256, 334.37758537597256, 332.8719491260126, 332.8719491260126, 331.3661617100588, 331.3661617100588, 329.8604323770851, 329.8604323770851, 328.3546774190618, 328.3546774190618, 326.84911129408283, 326.84911129408283, 325.3433107940946, 325.3433107940946, 323.8373684611288, 323.8373684611288, 322.33124092017533, 322.33124092017533, 320.8256032121717, 320.8256032121717, 319.3203503371915, 319.3203503371915, 317.81497504521394, 317.81497504521394, 316.3091760862153, 316.3091760862153, 314.8035049192258, 314.8035049192258, 313.2979330442613, 313.2979330442613, 311.7922864612192, 311.7922864612192, 310.2865453361883, 310.2865453361883, 308.78095291921636, 308.78095291921636, 307.2752175022033, 307.2752175022033, 305.76945833617356, 305.76945833617356, 304.26331183617003, 304.26331183617003, 302.7577772521763, 302.7577772521763, 301.2520825021784, 301.2520825021784, 299.7463490861701], "a_moves_left": [39, 39, 38, 38, 37, 37, 36, 36, 35, 35, 34, 34, 33, 33, 32, 32, 31, 31, 30, 30, 29, 29, 28, 28, 27, 27, 26, 26, 25, 25, 24, 24, 23, 23, 22, 22, 21, 21, 20, 20, 19, 19, 18, 18, 17, 17, 16, 16, 15, 15, 14, 14, 13, 13, 12, 12, 11, 11, 10, 10, 9, 9, 8, 8, 7, 7, 6, 6, 5, 5, 4, 4, 3, 3, 2, 2, 1, 1, 0, 0], "b_moves_left": [40, 39, 39, 38, 38, 37, 37, 36, 36, 35, 35, 34, 34, 33, 33, 32, 32, 31, 31, 30, 30, 29, 29, 28, 28, 27, 27, 26, 26, 25, 25, 24, 24, 23, 23, 22, 22, 21, 21, 20, 20, 19, 19, 18, 18, 17, 17, 16, 16, 15, 15, 14, 14, 13, 13, 12, 12, 11, 11, 10, 10, 9, 9, 8, 8, 7, 7, 6, 6, 5, 5, 4, 4, 3, 3, 2, 2, 1, 1, 0], "trapdoor_triggered": [0, 0, 0, 0, 0, 0, 0, 0, 0, 0, 0, 0, 0, 0, 0, 0, 0, 0, 0, 0, 0, 0, 0, 0, 0, 0, 0, 0, 0, 0, 0, 0, 0, 0, 0, 0, 0, 0, 0, 0, 0, 0, 0, 0, 0, 0, 0, 0, 0, 0, 0, 0, 0, 0, 0, 0, 0, 0, 0, 0, 0, 0, 0, 0, 0, 0, 0, 0, 0, 0, 0, 0, 0, 0, 0, 0, 0, 0, 0, 0], "left_behind": ["turd", "plain", "plain", "turd", "turd", "plain", "plain", "plain", "turd", "turd", "plain", "plain", "turd", "egg", "plain", "turd", "turd", "plain", "plain", "plain", "egg", "plain", "plain", "plain", "egg", "egg", "plain", "plain", "egg", "plain", "plain", "turd", "egg", "plain", "plain", "plain", "egg", "plain", "plain", "plain", "egg", "plain", "plain", "plain", "egg", "plain", "plain", "plain", "egg", "plain", "plain", "plain", "plain", "plain", "plain", "plain", "egg", "plain", "plain", "plain", "egg", "egg", "plain", "plain", "plain", "plain", "plain", "plain", "plain", "plain", "plain", "plain", "plain", "plain", "plain", "plain", "plain", "plain", "plain", "plain"], "errlog_a": "", "errlog_b": "", "start_time": 360, "start_moves": 40, "turn_count": 80, "result": 0, "reason": "EGGS_LAID", "trapdoors": [[3, 3], [3, 2]], "spawn_a": [0, 2], "spawn_b": [7, 2]}