{"pos": [[7, 4], [0, 6], [7, 3], [0, 5], [7, 2], [0, 6], [7, 1], [1, 6], [7, 0], [2, 6], [7, 1], [3, 6], [7, 0], [3, 7], [7, 1], [2, 7], [7, 0], [3, 7], [7, 1], [2, 7], [7, 0], [1, 7], [7, 1], [2, 7], [7, 0], [2, 6], [7, 1], [2, 7], [7, 0], [3, 7], [7, 1], [4, 7], [7, 0], [3, 7], [7, 1], [2, 7], [7, 0], [1, 7], [7, 1], [1, 6], [7, 0], [2, 6], [7, 1], [2, 5], [7, 0], [1, 5], [7, 1], [1, 4], [7, 0], [1, 3], [7, 1], [0, 3], [7, 0], [1, 3], [7, 1], [1, 2], [7, 0], [1, 1], [7, 1], [1, 0], [7, 0], [1, 1], [7, 1], [1, 2], [7, 0], [1, 1], [7, 1], [2, 1], [7, 0], [2, 0], [7, 1], [3, 0], [7, 0], [3, 1], [7, 1], [3, 0], [7, 0], [3, 1], [7, 1], [3, 0]], "a_eggs_laid": [1, 1, 1, 1, 2, 2, 2, 2, 3, 3, 3, 3, 3, 3, 3, 3, 3, 3, 3, 3, 3, 3, 3, 3, 3, 3, 3, 3, 3, 3, 3, 3, 3, 3, 3, 3, 3, 3, 3, 3, 3, 3, 3, 3, 3, 3, 3, 3, 3, 3, 3, 3, 3, 3, 3, 3, 3, 3, 3, 3, 3, 3, 3, 3, 3, 3, 3, 3, 3, 3, 3, 3, 3, 3, 3, 3, 3, 3, 3, 3], "b_eggs_laid": [0, 0, 0, 0, 0, 0, 0, 0, 0, 1, 1, 1, 1, 1, 1, 1, 1, 1, 1, 1, 1, 1, 1, 1, 1, 1, 1, 1, 1, 1, 1, 1, 1, 2, 2, 2, 2, 2, 2, 2, 2, 2, 2, 2, 2, 2, 2, 2, 2, 3, 3, 3, 3, 3, 3, 3, 3, 3, 3, 3, 3, 4, 4, 4, 4, 5, 5, 5, 5, 6, 6, 6, 6, 6, 6, 6, 6, 6, 6, 6], "a_turds_left": [5, 5, 5, 5, 5, 5, 5, 5, 5, 5, 5, 5, 5, 5, 5, 5, 5, 5, 5, 5, 5, 5, 5, 5, 5, 5, 5, 5, 5, 5, 5, 5, 5, 5, 5, 5, 5, 5, 5, 5, 5, 5, 5, 5, 5, 5, 5, 5, 5, 5, 5, 5, 5, 5, 5, 5, 5, 5, 5, 5, 5, 5, 5, 5, 5, 5, 5, 5, 5, 5, 5, 5, 5, 5, 5, 5, 5, 5, 5, 5], "b_turds_left": [5, 5, 5, 5, 5, 4, 4, 4, 4, 4, 4, 3, 3, 2, 2, 1, 1, 0, 0, 0, 0, 0, 0, 0, 0, 0, 0, 0, 0, 0, 0, 0, 0, 0, 0, 0, 0, 0, 0, 0, 0, 0, 0, 0, 0, 0, 0, 0, 0, 0, 0, 0, 0, 0, 0, 0, 0, 0, 0, 0, 0, 0, 0, 0, 0, 0, 0, 0, 0, 0, 0, 0, 0, 0, 0, 0, 0, 0, 0, 0], "a_time_left": [359.9272963750409, 359.9272963750409, 359.90133175003575, 359.90133175003575, 359.8220015830011, 359.8220015830011, 359.7889121660264, 359.7889121660264, 359.7212663330138, 359.7212663330138, 359.7074204580276, 359.7074204580276, 359.67834829102503, 359.67834829102503, 359.66391129104886, 359.66391129104886, 359.63777308305725, 359.63777308305725, 359.6283507080516, 359.6283507080516, 359.6112412910443, 359.6112412910443, 359.59945716604125, 359.59945716604125, 359.5787322910037, 359.5787322910037, 359.56404316599946, 359.56404316599946, 359.5424062490347, 359.5424062490347, 359.52913720801007, 359.52913720801007, 359.5047994580236, 359.5047994580236, 359.49432383303065, 359.49432383303065, 359.47596887504915, 359.47596887504915, 359.4627897910541, 359.4627897910541, 359.4322827490396, 359.4322827490396, 359.4148548320518, 359.4148548320518, 359.38747329002945, 359.38747329002945, 359.37064608203946, 359.37064608203946, 359.3446651660488, 359.3446651660488, 359.3345459990669, 359.3345459990669, 359.3105754160788, 359.3105754160788, 359.29780970705906, 359.29780970705906, 359.2785352910869, 359.2785352910869, 359.26362749910913, 359.26362749910913, 359.2489574571373, 359.2489574571373, 359.2336292071268, 359.2336292071268, 359.2157080411562, 359.2157080411562, 359.1981374161551, 359.1981374161551, 359.1803185821627, 359.1803185821627, 359.1674971651519, 359.1674971651519, 359.15150087315124, 359.15150087315124, 359.13706699811155, 359.13706699811155, 359.1240387901198, 359.1240387901198, 359.1190422901418, 359.1190422901418], "b_time_left": [360, 358.4619316669996, 358.4619316669996, 356.9560807919479, 356.9560807919479, 355.45058074995177, 355.45058074995177, 353.945004707959, 353.945004707959, 352.43918604095234, 352.43918604095234, 350.93343883298803, 350.93343883298803, 349.427640540991, 349.427640540991, 347.9220542500261, 347.9220542500261, 346.4162736670114, 346.4162736670114, 344.9106621670071, 344.9106621670071, 343.405115917034, 343.405115917034, 341.89960929198423, 341.89960929198423, 340.3936344589456, 340.3936344589456, 338.88693162589334, 338.88693162589334, 337.37916504289024, 337.37916504289024, 335.87850637588417, 335.87850637588417, 334.3711962928646, 334.3711962928646, 332.86594500089996, 332.86594500089996, 331.3605189588852, 331.3605189588852, 329.8551175838802, 329.8551175838802, 328.34654408390634, 328.34654408390634, 326.8411654588999, 326.8411654588999, 325.33574266690994, 325.33574266690994, 323.83507299993653, 323.83507299993653, 322.3297139159404, 322.3297139159404, 320.82361074892106, 320.82361074892106, 319.31819491594797, 319.31819491594797, 317.81228520796867, 317.81228520796867, 316.3064262919361, 316.3064262919361, 314.8050292499247, 314.8050292499247, 313.3021511659608, 313.3021511659608, 311.7976820819895, 311.7976820819895, 310.2922429149621, 310.2922429149621, 308.7868927489617, 308.7868927489617, 307.28148095699726, 307.28148095699726, 305.7755852069822, 305.7755852069822, 304.270177790022, 304.270177790022, 302.76492391503416, 302.76492391503416, 301.259525540052, 301.259525540052, 299.7534178730566], "a_moves_left": [39, 39, 38, 38, 37, 37, 36, 36, 35, 35, 34, 34, 33, 33, 32, 32, 31, 31, 30, 30, 29, 29, 28, 28, 27, 27, 26, 26, 25, 25, 24, 24, 23, 23, 22, 22, 21, 21, 20, 20, 19, 19, 18, 18, 17, 17, 16, 16, 15, 15, 14, 14, 13, 13, 12, 12, 11, 11, 10, 10, 9, 9, 8, 8, 7, 7, 6, 6, 5, 5, 4, 4, 3, 3, 2, 2, 1, 1, 0, 0], "b_moves_left": [40, 39, 39, 38, 38, 37, 37, 36, 36, 35, 35, 34, 34, 33, 33, 32, 32, 31, 31, 30, 30, 29, 29, 28, 28, 27, 27, 26, 26, 25, 25, 24, 24, 23, 23, 22, 22, 21, 21, 20, 20, 19, 19, 18, 18, 17, 17, 16, 16, 15, 15, 14, 14, 13, 13, 12, 12, 11, 11, 10, 10, 9, 9, 8, 8, 7, 7, 6, 6, 5, 5, 4, 4, 3, 3, 2, 2, 1, 1, 0], "trapdoor_triggered": [0, 0, 0, 0, 0, 0, 0, 0, 0, 0, 0, 0, 0, 0, 0, 0, 0, 0, 0, 0, 0, 0, 0, 0, 0, 0, 0, 0, 0, 0, 0, 0, 0, 0, 0, 0, 0, 0, 0, 0, 0, 0, 0, 0, 0, 0, 0, 0, 0, 0, 0, 0, 0, 0, 0, 0, 0, 0, 0, 0, 0, 0, 0, 0, 0, 0, 0, 0, 0, 0, 0, 0, 0, 0, 0, 0, 0, 0, 0, 0], "left_behind": ["egg", "plain", "plain", "plain", "egg", "turd", "plain", "plain", "egg", "egg", "plain", "turd", "plain", "turd", "plain", "turd", "plain", "turd", "plain", "plain", "plain", "plain", "plain", "plain", "plain", "plain", "plain", "plain", "plain", "plain", "plain", "plain", "plain", "egg", "plain", "plain", "plain", "plain", "plain", "plain", "plain", "plain", "plain", "plain", "plain", "plain", "plain", "plain", "plain", "egg", "plain", "plain", "plain", "plain", "plain", "plain", "plain", "plain", "plain", "plain", "plain", "egg", "plain", "plain", "plain", "egg", "plain", "plain", "plain", "egg", "plain", "plain", "plain", "plain", "plain", "plain", "plain", "plain", "plain", "plain"], "errlog_a": "", "errlog_b": "", "start_time": 360, "start_moves": 40, "turn_count": 80, "result": 1, "reason": "EGGS_LAID", "trapdoors": [[3, 3], [4, 3]], "spawn_a": [7, 5], "spawn_b": [0, 5]}