{"pos": [[1, 4], [7, 3], [1, 3], [6, 3], [0, 3], [5, 3], [1, 3], [5, 4], [1, 2], [6, 4], [1, 1], [6, 5], [2, 1], [7, 5], [3, 1], [6, 5], [3, 0], [6, 6], [4, 0], [5, 6], [4, 1], [6, 6], [5, 1], [5, 6], [5, 0], [5, 5], [6, 0], [6, 5], [6, 1], [6, 4], [7, 1], [6, 3], [7, 0], [5, 3], [7, 1], [7, 4], [7, 2], [6, 4], [7, 1], [5, 4], [6, 1], [5, 3], [5, 1], [7, 4], [5, 0], [7, 5], [6, 0], [7, 6], [7, 0], [7, 7], [6, 0], [7, 6], [6, 1], [7, 5], [5, 1], [7, 6], [5, 0], [7, 7], [4, 0], [7, 6], [3, 0], [7, 7], [2, 0], [6, 7], [1, 0], [7, 7], [0, 0], [6, 7], [0, 1], [7, 7], [0, 0], [6, 7], [1, 0], [7, 7], [1, 1], [6, 7], [2, 1], [5, 7], [2, 2], [6, 7]], "a_eggs_laid": [1, 1, 1, 1, 2, 2, 2, 2, 2, 2, 2, 2, 3, 3, 3, 3, 4, 4, 4, 4, 5, 5, 5, 5, 6, 6, 6, 6, 7, 7, 7, 7, 8, 8, 8, 8, 12, 12, 12, 12, 12, 12, 12, 12, 16, 16, 16, 16, 16, 16, 16, 16, 16, 16, 16, 16, 16, 16, 16, 16, 16, 16, 16, 16, 17, 17, 17, 17, 20, 20, 20, 20, 20, 20, 20, 20, 20, 20, 20, 20], "b_eggs_laid": [0, 0, 0, 0, 0, 0, 0, 0, 0, 0, 0, 0, 0, 0, 0, 0, 0, 0, 0, 0, 0, 1, 1, 1, 1, 1, 1, 1, 1, 1, 1, 1, 1, 1, 1, 1, 1, 1, 1, 1, 1, 1, 1, 1, 1, 1, 1, 1, 1, 1, 1, 1, 1, 2, 2, 2, 2, 2, 2, 2, 2, 2, 2, 2, 2, 3, 3, 3, 3, 3, 3, 3, 3, 3, 3, 3, 3, 3, 3, 3], "a_turds_left": [5, 5, 5, 5, 5, 5, 5, 5, 5, 5, 5, 5, 5, 5, 5, 5, 5, 5, 5, 5, 5, 5, 5, 5, 5, 5, 5, 5, 5, 5, 5, 5, 5, 5, 5, 5, 5, 5, 5, 5, 5, 5, 4, 4, 4, 4, 4, 4, 4, 4, 4, 4, 4, 4, 4, 4, 4, 4, 4, 4, 4, 4, 4, 4, 4, 4, 4, 4, 4, 4, 4, 4, 4, 4, 4, 4, 4, 4, 4, 4], "b_turds_left": [5, 4, 4, 4, 4, 3, 3, 3, 3, 2, 2, 2, 2, 1, 1, 1, 1, 1, 1, 0, 0, 0, 0, 0, 0, 0, 0, 0, 0, 0, 0, 0, 0, 0, 0, 0, 0, 0, 0, 0, 0, 0, 0, 0, 0, 0, 0, 0, 0, 0, 0, 0, 0, 0, 0, 0, 0, 0, 0, 0, 0, 0, 0, 0, 0, 0, 0, 0, 0, 0, 0, 0, 0, 0, 0, 0, 0, 0, 0, 0], "a_time_left": [359.99969345796853, 359.99969345796853, 359.9994628329878, 359.9994628329878, 359.99911087501096, 359.99911087501096, 359.9988277090015, 359.9988277090015, 359.9981055420358, 359.9981055420358, 359.99770533299306, 359.99770533299306, 359.9972092080279, 359.9972092080279, 359.9969759990345, 359.9969759990345, 359.99663829104975, 359.99663829104975, 359.99621583300177, 359.99621583300177, 359.99564541701693, 359.99564541701693, 359.9951011670637, 359.9951011670637, 359.99449145811377, 359.99449145811377, 359.99419245810714, 359.99419245810714, 359.99389791709837, 359.99389791709837, 359.9936125840759, 359.9936125840759, 359.99298112507677, 359.99298112507677, 359.992666834034, 359.992666834034, 359.99232112499885, 359.99232112499885, 359.991822083015, 359.991822083015, 359.99154412496137, 359.99154412496137, 359.99134624999715, 359.99134624999715, 359.99106358300196, 359.99106358300196, 359.9908286249847, 359.9908286249847, 359.9904744999949, 359.9904744999949, 359.9902391670039, 359.9902391670039, 359.990023499995, 359.990023499995, 359.9898167500505, 359.9898167500505, 359.9895495000528, 359.9895495000528, 359.9891501250677, 359.9891501250677, 359.9887508751126, 359.9887508751126, 359.9882084170822, 359.9882084170822, 359.9879259170848, 359.9879259170848, 359.9875375421252, 359.9875375421252, 359.98720291710924, 359.98720291710924, 359.98675958410604, 359.98675958410604, 359.9863258760888, 359.9863258760888, 359.98593804310076, 359.98593804310076, 359.98539796005934, 359.98539796005934, 359.985002001049, 359.985002001049], "b_time_left": [360, 358.46535199997015, 358.46535199997015, 356.9551997919916, 356.9551997919916, 355.4493509999593, 355.4493509999593, 353.94323137495667, 353.94323137495667, 352.4373459999915, 352.4373459999915, 350.9314716660301, 350.9314716660301, 349.42575379105983, 349.42575379105983, 347.92005462408997, 347.92005462408997, 346.4143654581276, 346.4143654581276, 344.90889391716337, 344.90889391716337, 343.40328066714574, 343.40328066714574, 341.8977662920952, 341.8977662920952, 340.39206700009527, 340.39206700009527, 338.88610408309614, 338.88610408309614, 337.3804331670981, 337.3804331670981, 335.87493429210735, 335.87493429210735, 334.3692312500789, 334.3692312500789, 332.86359458306106, 332.86359458306106, 331.3620686250506, 331.3620686250506, 329.85646354209166, 329.85646354209166, 328.3507227511145, 328.3507227511145, 326.8450611681328, 326.8450611681328, 325.3394860011176, 325.3394860011176, 323.83396675111726, 323.83396675111726, 322.32827300112695, 322.32827300112695, 320.82269979210105, 320.82269979210105, 319.316993875138, 319.316993875138, 317.81141320813913, 317.81141320813913, 316.3055523331859, 316.3055523331859, 314.8000660422258, 314.8000660422258, 313.29434875026345, 313.29434875026345, 311.7888193752733, 311.7888193752733, 310.2832225842867, 310.2832225842867, 308.77768562629353, 308.77768562629353, 307.27223816828337, 307.27223816828337, 305.7665555012645, 305.7665555012645, 304.260408793285, 304.260408793285, 302.7564015012467, 302.7564015012467, 301.2509024182218, 301.2509024182218, 299.7458986272104], "a_moves_left": [39, 39, 38, 38, 37, 37, 36, 36, 35, 35, 34, 34, 33, 33, 32, 32, 31, 31, 30, 30, 29, 29, 28, 28, 27, 27, 26, 26, 25, 25, 24, 24, 23, 23, 22, 22, 21, 21, 20, 20, 19, 19, 18, 18, 17, 17, 16, 16, 15, 15, 14, 14, 13, 13, 12, 12, 11, 11, 10, 10, 9, 9, 8, 8, 7, 7, 6, 6, 5, 5, 4, 4, 3, 3, 2, 2, 1, 1, 0, 0], "b_moves_left": [40, 39, 39, 38, 38, 37, 37, 36, 36, 35, 35, 34, 34, 33, 33, 32, 32, 31, 31, 30, 30, 29, 29, 28, 28, 27, 27, 26, 26, 25, 25, 24, 24, 23, 23, 22, 22, 21, 21, 20, 20, 19, 19, 18, 18, 17, 17, 16, 16, 15, 15, 14, 14, 13, 13, 12, 12, 11, 11, 10, 10, 9, 9, 8, 8, 7, 7, 6, 6, 5, 5, 4, 4, 3, 3, 2, 2, 1, 1, 0], "trapdoor_triggered": [0, 0, 0, 0, 0, 0, 0, 0, 0, 0, 0, 0, 0, 0, 0, 0, 0, 0, 0, 0, 0, 0, 0, 0, 0, 0, 0, 0, 0, 0, 0, 0, 0, 0, 0, 1, 0, 0, 0, 0, 0, 0, 0, 1, 0, 0, 0, 0, 0, 0, 0, 0, 0, 0, 0, 0, 0, 0, 0, 0, 0, 0, 0, 0, 0, 0, 0, 0, 0, 0, 0, 0, 0, 0, 0, 0, 0, 0, 0, 0], "left_behind": ["egg", "turd", "plain", "plain", "egg", "turd", "plain", "plain", "plain", "turd", "plain", "plain", "egg", "turd", "plain", "plain", "egg", "plain", "plain", "turd", "egg", "egg", "plain", "plain", "egg", "plain", "plain", "plain", "egg", "plain", "plain", "plain", "egg", "plain", "plain", "plain", "plain", "plain", "plain", "plain", "plain", "plain", "turd", "plain", "plain", "plain", "plain", "plain", "plain", "plain", "plain", "plain", "plain", "egg", "plain", "plain", "plain", "plain", "plain", "plain", "plain", "plain", "plain", "plain", "egg", "egg", "plain", "plain", "egg", "plain", "plain", "plain", "plain", "plain", "plain", "plain", "plain", "plain", "plain", "plain"], "errlog_a": "", "errlog_b": "", "start_time": 360, "start_moves": 40, "turn_count": 80, "result": 0, "reason": "EGGS_LAID", "trapdoors": [[2, 4], [5, 2]], "spawn_a": [0, 4], "spawn_b": [7, 4]}