{"pos": [[1, 4], [6, 4], [1, 3], [6, 5], [0, 3], [7, 5], [0, 2], [6, 5], [1, 2], [6, 4], [1, 1], [7, 4], [0, 1], [6, 4], [0, 0], [6, 3], [1, 0], [6, 2], [2, 0], [6, 1], [2, 1], [5, 1], [3, 1], [5, 0], [3, 0], [6, 0], [3, 1], [5, 0], [4, 1], [5, 1], [3, 1], [4, 1], [3, 2], [4, 0], [2, 2], [3, 0], [2, 3], [4, 0], [1, 3], [4, 1], [1, 2], [4, 0], [1, 1], [3, 0], [2, 1], [4, 0], [2, 2], [3, 0], [3, 2], [4, 0], [4, 2], [5, 0], [3, 2], [4, 0], [3, 3], [4, 1], [2, 3], [4, 0], [2, 4], [5, 0], [1, 4], [4, 0], [2, 4], [5, 0], [3, 4], [4, 0], [3, 3], [3, 0], [4, 3], [4, 0], [5, 3], [5, 0], [4, 3], [6, 0], [4, 2], [6, 1], [4, 3], [5, 1], [5, 3], [5, 0]], "a_eggs_laid": [1, 1, 1, 1, 2, 2, 2, 2, 3, 3, 3, 3, 4, 4, 4, 4, 7, 7, 7, 7, 8, 8, 8, 8, 9, 9, 9, 9, 9, 9, 9, 9, 9, 9, 9, 9, 10, 10, 10, 10, 10, 10, 10, 10, 10, 10, 10, 10, 10, 10, 10, 10, 11, 11, 11, 11, 12, 12, 12, 12, 13, 13, 13, 13, 13, 13, 13, 13, 13, 13, 13, 13, 14, 14, 14, 14, 14, 14, 14, 14], "b_eggs_laid": [0, 0, 0, 0, 0, 0, 0, 0, 0, 1, 1, 1, 1, 1, 1, 1, 1, 2, 2, 2, 2, 3, 3, 3, 3, 3, 3, 3, 3, 3, 3, 3, 3, 3, 3, 3, 3, 4, 4, 4, 4, 4, 4, 4, 4, 4, 4, 4, 4, 4, 4, 4, 4, 4, 4, 4, 4, 4, 4, 4, 4, 4, 4, 4, 4, 4, 4, 4, 4, 4, 4, 4, 4, 4, 4, 4, 4, 4, 4, 4], "a_turds_left": [5, 5, 5, 5, 5, 5, 5, 5, 5, 5, 5, 5, 5, 5, 5, 5, 5, 5, 5, 5, 5, 5, 5, 5, 5, 5, 5, 5, 5, 5, 5, 5, 5, 5, 5, 5, 5, 5, 5, 5, 5, 5, 5, 5, 5, 5, 5, 5, 5, 5, 5, 5, 5, 5, 5, 5, 5, 5, 5, 5, 5, 5, 5, 5, 5, 5, 5, 5, 5, 5, 5, 5, 5, 5, 5, 5, 5, 5, 5, 5], "b_turds_left": [5, 5, 5, 4, 4, 4, 4, 3, 3, 3, 3, 3, 3, 3, 3, 3, 3, 3, 3, 3, 3, 3, 3, 3, 3, 2, 2, 2, 2, 2, 2, 1, 1, 1, 1, 1, 1, 1, 1, 0, 0, 0, 0, 0, 0, 0, 0, 0, 0, 0, 0, 0, 0, 0, 0, 0, 0, 0, 0, 0, 0, 0, 0, 0, 0, 0, 0, 0, 0, 0, 0, 0, 0, 0, 0, 0, 0, 0, 0, 0], "a_time_left": [359.9996701250202, 359.9996701250202, 359.9994778750115, 359.9994778750115, 359.998726833961, 359.998726833961, 359.99819066695636, 359.99819066695636, 359.99749916692963, 359.99749916692963, 359.99734320893185, 359.99734320893185, 359.99624933395535, 359.99624933395535, 359.9956056259689, 359.9956056259689, 359.9949795009452, 359.9949795009452, 359.9945120419725, 359.9945120419725, 359.99421158398036, 359.99421158398036, 359.99266975099454, 359.99266975099454, 359.9920321669779, 359.9920321669779, 359.99160970794037, 359.99160970794037, 359.9910946669406, 359.9910946669406, 359.9906684169546, 359.9906684169546, 359.9900297919521, 359.9900297919521, 359.98964825097937, 359.98964825097937, 359.9890492510167, 359.9890492510167, 359.9885748340166, 359.9885748340166, 359.9878541670041, 359.9878541670041, 359.9874289169675, 359.9874289169675, 359.98706174996914, 359.98706174996914, 359.98658262501704, 359.98658262501704, 359.98613691702485, 359.98613691702485, 359.9855423750123, 359.9855423750123, 359.984970333986, 359.984970333986, 359.9842792089912, 359.9842792089912, 359.98366012598854, 359.98366012598854, 359.9829569180147, 359.9829569180147, 359.9823773340322, 359.9823773340322, 359.9818427930004, 359.9818427930004, 359.98141870996915, 359.98141870996915, 359.98087045998545, 359.98087045998545, 359.9804260849487, 359.9804260849487, 359.97985783492913, 359.97985783492913, 359.9794154178817, 359.9794154178817, 359.9789503758657, 359.9789503758657, 359.978588708851, 359.978588708851, 359.9781729168026, 359.9781729168026], "b_time_left": [360, 358.43193766695913, 358.43193766695913, 356.92641908396035, 356.92641908396035, 355.4206289589638, 355.4206289589638, 353.9150513339555, 353.9150513339555, 352.4120265839738, 352.4120265839738, 350.90581400098745, 350.90581400098745, 349.40447445900645, 349.40447445900645, 347.89913654199336, 347.89913654199336, 346.3947029169649, 346.3947029169649, 344.89272850001, 344.89272850001, 343.3856841669767, 343.3856841669767, 341.880021875957, 341.880021875957, 340.3744909589295, 340.3744909589295, 338.8687431678991, 338.8687431678991, 337.3632772928686, 337.3632772928686, 335.85753725189716, 335.85753725189716, 334.35189116885886, 334.35189116885886, 332.8462577938917, 332.8462577938917, 331.34090279386146, 331.34090279386146, 329.83662412682315, 329.83662412682315, 328.33130791882286, 328.33130791882286, 326.82582991884556, 326.82582991884556, 325.3203404608066, 325.3203404608066, 323.8148705018102, 323.8148705018102, 322.30923921079375, 322.30923921079375, 320.8039199608029, 320.8039199608029, 319.2976889187703, 319.2976889187703, 317.79129058576655, 317.79129058576655, 316.28560433577513, 316.28560433577513, 314.780111543776, 314.780111543776, 313.2743672527722, 313.2743672527722, 311.7689490027842, 311.7689490027842, 310.2632775857928, 310.2632775857928, 308.7577817518031, 308.7577817518031, 307.254258210829, 307.254258210829, 305.7486428768025, 305.7486428768025, 304.24300083477283, 304.24300083477283, 302.73753645981196, 302.73753645981196, 301.23169495980255, 301.23169495980255, 299.7257709177793], "a_moves_left": [39, 39, 38, 38, 37, 37, 36, 36, 35, 35, 34, 34, 33, 33, 32, 32, 31, 31, 30, 30, 29, 29, 28, 28, 27, 27, 26, 26, 25, 25, 24, 24, 23, 23, 22, 22, 21, 21, 20, 20, 19, 19, 18, 18, 17, 17, 16, 16, 15, 15, 14, 14, 13, 13, 12, 12, 11, 11, 10, 10, 9, 9, 8, 8, 7, 7, 6, 6, 5, 5, 4, 4, 3, 3, 2, 2, 1, 1, 0, 0], "b_moves_left": [40, 39, 39, 38, 38, 37, 37, 36, 36, 35, 35, 34, 34, 33, 33, 32, 32, 31, 31, 30, 30, 29, 29, 28, 28, 27, 27, 26, 26, 25, 25, 24, 24, 23, 23, 22, 22, 21, 21, 20, 20, 19, 19, 18, 18, 17, 17, 16, 16, 15, 15, 14, 14, 13, 13, 12, 12, 11, 11, 10, 10, 9, 9, 8, 8, 7, 7, 6, 6, 5, 5, 4, 4, 3, 3, 2, 2, 1, 1, 0], "trapdoor_triggered": [0, 0, 0, 0, 0, 0, 0, 0, 0, 0, 0, 0, 0, 0, 0, 0, 0, 0, 0, 0, 0, 0, 0, 0, 0, 0, 0, 0, 0, 0, 0, 0, 0, 0, 0, 0, 0, 0, 0, 0, 0, 0, 0, 0, 0, 0, 0, 0, 0, 0, 0, 0, 0, 0, 0, 0, 0, 0, 0, 0, 0, 0, 0, 0, 0, 0, 0, 0, 0, 0, 0, 0, 0, 0, 0, 0, 0, 0, 0, 0], "left_behind": ["egg", "plain", "plain", "turd", "egg", "plain", "plain", "turd", "egg", "egg", "plain", "plain", "egg", "plain", "plain", "plain", "egg", "egg", "plain", "plain", "egg", "egg", "plain", "plain", "egg", "turd", "plain", "plain", "plain", "plain", "plain", "turd", "plain", "plain", "plain", "plain", "egg", "egg", "plain", "turd", "plain", "plain", "plain", "plain", "plain", "plain", "plain", "plain", "plain", "plain", "plain", "plain", "egg", "plain", "plain", "plain", "egg", "plain", "plain", "plain", "egg", "plain", "plain", "plain", "plain", "plain", "plain", "plain", "plain", "plain", "plain", "plain", "egg", "plain", "plain", "plain", "plain", "plain", "plain", "plain"], "errlog_a": "", "errlog_b": "", "start_time": 360, "start_moves": 40, "turn_count": 80, "result": 0, "reason": "EGGS_LAID", "trapdoors": [[3, 5], [5, 4]], "spawn_a": [0, 4], "spawn_b": [7, 4]}