{"pos": [[1, 4], [7, 3], [1, 3], [6, 3], [1, 2], [6, 4], [1, 1], [6, 5], [2, 1], [7, 5], [3, 1], [7, 6], [4, 1], [6, 6], [5, 1], [5, 6], [6, 1], [6, 6], [6, 2], [6, 7], [7, 2], [7, 7], [7, 1], [7, 6], [7, 0], [7, 5], [6, 0], [6, 5], [5, 0], [6, 4], [4, 0], [5, 4], [3, 0], [5, 3], [2, 0], [6, 3], [1, 0], [7, 3], [0, 0], [7, 2], [0, 1], [7, 3], [0, 2], [7, 4], [0, 3], [7, 5], [1, 3], [7, 4], [2, 3], [6, 4], [2, 2], [5, 4], [3, 2], [5, 3], [4, 2], [5, 2], [4, 1], [5, 3], [3, 1], [4, 3], [2, 1], [3, 3], [1, 1], [4, 3], [1, 2], [3, 3], [2, 2], [4, 3], [3, 2], [3, 3], [4, 2], [2, 3], [4, 1], [2, 4], [5, 1], [2, 5], [6, 1], [3, 5], [6, 2], [4, 5]], "a_eggs_laid": [1, 1, 1, 1, 2, 2, 2, 2, 3, 3, 3, 3, 4, 4, 4, 4, 5, 5, 5, 5, 6, 6, 6, 6, 7, 7, 7, 7, 8, 8, 8, 8, 9, 9, 9, 9, 10, 10, 10, 10, 13, 13, 13, 13, 14, 14, 14, 14, 14, 14, 14, 14, 15, 15, 15, 15, 16, 16, 16, 16, 16, 16, 16, 16, 16, 16, 16, 16, 16, 16, 16, 16, 16, 16, 16, 16, 16, 16, 16, 16], "b_eggs_laid": [0, 1, 1, 1, 1, 2, 2, 2, 2, 3, 3, 3, 3, 4, 4, 4, 4, 5, 5, 5, 5, 6, 6, 6, 6, 6, 6, 6, 6, 6, 6, 6, 6, 7, 7, 7, 7, 7, 7, 7, 7, 8, 8, 8, 8, 8, 8, 8, 8, 8, 8, 8, 8, 8, 8, 8, 8, 9, 9, 9, 9, 10, 10, 10, 10, 10, 10, 10, 10, 10, 10, 10, 10, 11, 11, 11, 11, 12, 12, 12], "a_turds_left": [5, 5, 5, 5, 5, 5, 5, 5, 5, 5, 5, 5, 5, 5, 5, 5, 5, 5, 5, 5, 5, 5, 5, 5, 5, 5, 5, 5, 5, 5, 5, 5, 5, 5, 5, 5, 5, 5, 5, 5, 5, 5, 5, 5, 5, 5, 5, 5, 5, 5, 5, 5, 5, 5, 5, 5, 5, 5, 5, 5, 5, 5, 5, 5, 5, 5, 5, 5, 5, 5, 5, 5, 5, 5, 5, 5, 5, 5, 5, 5], "b_turds_left": [5, 5, 5, 5, 5, 5, 5, 5, 5, 5, 5, 5, 5, 5, 5, 5, 5, 5, 5, 5, 5, 5, 5, 5, 5, 5, 5, 5, 5, 5, 5, 5, 5, 5, 5, 5, 5, 5, 5, 5, 5, 5, 5, 5, 5, 5, 5, 5, 5, 5, 5, 5, 5, 5, 5, 5, 5, 5, 5, 5, 5, 5, 5, 5, 5, 5, 5, 5, 5, 5, 5, 5, 5, 5, 5, 5, 5, 5, 5, 5], "a_time_left": [359.99965162499575, 359.99965162499575, 359.9993455000222, 359.9993455000222, 359.9989957080106, 359.9989957080106, 359.9986945829587, 359.9986945829587, 359.99833079095697, 359.99833079095697, 359.9979988319683, 359.9979988319683, 359.99762103997637, 359.99762103997637, 359.9972520400188, 359.9972520400188, 359.9967724989983, 359.9967724989983, 359.9964611239848, 359.9964611239848, 359.99613878998207, 359.99613878998207, 359.9958338729921, 359.9958338729921, 359.99549383099657, 359.99549383099657, 359.99539003998507, 359.99539003998507, 359.9952727900236, 359.9952727900236, 359.9951618320192, 359.9951618320192, 359.995041124057, 359.995041124057, 359.9949411650887, 359.9949411650887, 359.99482158210594, 359.99482158210594, 359.9947235821164, 359.9947235821164, 359.99462062411476, 359.99462062411476, 359.9945104571525, 359.9945104571525, 359.9943804151844, 359.9943804151844, 359.994266206224, 359.994266206224, 359.99416837317403, 359.99416837317403, 359.9940538321971, 359.9940538321971, 359.99393366620643, 359.99393366620643, 359.9938053332153, 359.9938053332153, 359.99370025022654, 359.99370025022654, 359.993585791206, 359.993585791206, 359.99349016620545, 359.99349016620545, 359.993370541255, 359.993370541255, 359.99327124923, 359.99327124923, 359.9931655822438, 359.9931655822438, 359.9930697482778, 359.9930697482778, 359.99298233224545, 359.99298233224545, 359.99289045721525, 359.99289045721525, 359.9927873322158, 359.9927873322158, 359.99269145721337, 359.99269145721337, 359.99258349917363, 359.99258349917363], "b_time_left": [360, 359.9996696249582, 359.9996696249582, 359.9993937499821, 359.9993937499821, 359.99902370898053, 359.99902370898053, 359.99869412597036, 359.99869412597036, 359.99835308501497, 359.99835308501497, 359.99805050104624, 359.99805050104624, 359.997699751053, 359.997699751053, 359.9973664600402, 359.9973664600402, 359.99700116802705, 359.99700116802705, 359.9968790850253, 359.9968790850253, 359.9965615020483, 359.9965615020483, 359.9962241690373, 359.9962241690373, 359.99611958500464, 359.99611958500464, 359.9960208350094, 359.9960208350094, 359.9959144600434, 359.9959144600434, 359.9958152930485, 359.9958152930485, 359.9957026260672, 359.9957026260672, 359.9956133350497, 359.9956133350497, 359.99553096003365, 359.99553096003365, 359.99543487705523, 359.99543487705523, 359.99535950209247, 359.99535950209247, 359.99526421009796, 359.99526421009796, 359.9951755021466, 359.9951755021466, 359.9950794191682, 359.9950794191682, 359.9949890851858, 359.9949890851858, 359.99489800218726, 359.99489800218726, 359.9948006272316, 359.9948006272316, 359.9947029602481, 359.9947029602481, 359.99463029322214, 359.99463029322214, 359.99452491820557, 359.99452491820557, 359.994417376176, 359.994417376176, 359.9943230431527, 359.9943230431527, 359.99425404315116, 359.99425404315116, 359.9941757511697, 359.9941757511697, 359.9941097102128, 359.9941097102128, 359.99403041921323, 359.99403041921323, 359.9939583351952, 359.9939583351952, 359.99388008518144, 359.99388008518144, 359.99378646019613, 359.99378646019613, 359.99371050216723], "a_moves_left": [39, 39, 38, 38, 37, 37, 36, 36, 35, 35, 34, 34, 33, 33, 32, 32, 31, 31, 30, 30, 29, 29, 28, 28, 27, 27, 26, 26, 25, 25, 24, 24, 23, 23, 22, 22, 21, 21, 20, 20, 19, 19, 18, 18, 17, 17, 16, 16, 15, 15, 14, 14, 13, 13, 12, 12, 11, 11, 10, 10, 9, 9, 8, 8, 7, 7, 6, 6, 5, 5, 4, 4, 3, 3, 2, 2, 1, 1, 0, 0], "b_moves_left": [40, 39, 39, 38, 38, 37, 37, 36, 36, 35, 35, 34, 34, 33, 33, 32, 32, 31, 31, 30, 30, 29, 29, 28, 28, 27, 27, 26, 26, 25, 25, 24, 24, 23, 23, 22, 22, 21, 21, 20, 20, 19, 19, 18, 18, 17, 17, 16, 16, 15, 15, 14, 14, 13, 13, 12, 12, 11, 11, 10, 10, 9, 9, 8, 8, 7, 7, 6, 6, 5, 5, 4, 4, 3, 3, 2, 2, 1, 1, 0], "trapdoor_triggered": [0, 0, 0, 0, 0, 0, 0, 0, 0, 0, 0, 0, 0, 0, 0, 0, 0, 0, 0, 0, 0, 0, 0, 0, 0, 0, 0, 0, 0, 0, 0, 0, 0, 0, 0, 0, 0, 0, 0, 0, 0, 0, 0, 0, 0, 0, 0, 0, 0, 0, 0, 0, 0, 0, 0, 0, 0, 0, 0, 0, 0, 0, 0, 0, 0, 0, 0, 0, 0, 0, 0, 0, 0, 0, 0, 0, 0, 0, 0, 0], "left_behind": ["egg", "egg", "plain", "plain", "egg", "egg", "plain", "plain", "egg", "egg", "plain", "plain", "egg", "egg", "plain", "plain", "egg", "egg", "plain", "plain", "egg", "egg", "plain", "plain", "egg", "plain", "plain", "plain", "egg", "plain", "plain", "plain", "egg", "egg", "plain", "plain", "egg", "plain", "plain", "plain", "egg", "egg", "plain", "plain", "egg", "plain", "plain", "plain", "plain", "plain", "plain", "plain", "egg", "plain", "plain", "plain", "egg", "egg", "plain", "plain", "plain", "egg", "plain", "plain", "plain", "plain", "plain", "plain", "plain", "plain", "plain", "plain", "plain", "egg", "plain", "plain", "plain", "egg", "plain", "plain"], "errlog_a": "", "errlog_b": "", "start_time": 360, "start_moves": 40, "turn_count": 80, "result": 0, "reason": "EGGS_LAID", "trapdoors": [[4, 4], [3, 4]], "spawn_a": [0, 4], "spawn_b": [7, 4]}