{"pos": [[1, 4], [6, 4], [1, 3], [6, 3], [1, 2], [7, 3], [1, 1], [7, 2], [2, 1], [6, 2], [3, 1], [6, 1], [4, 1], [7, 1], [5, 1], [7, 0], [5, 0], [6, 0], [4, 0], [5, 0], [3, 0], [6, 0], [2, 0], [5, 0], [1, 0], [6, 0], [0, 0], [6, 1], [0, 1], [6, 2], [0, 2], [5, 2], [0, 3], [5, 3], [1, 3], [6, 3], [2, 3], [5, 3], [2, 2], [5, 2], [3, 2], [4, 2], [3, 3], [4, 1], [2, 3], [4, 2], [2, 2], [4, 1], [1, 2], [4, 2], [1, 1], [3, 2], [2, 1], [4, 2], [3, 1], [3, 2], [3, 0], [4, 2], [4, 0], [4, 1], [3, 0], [4, 2], [2, 0], [3, 2], [1, 0], [4, 2], [0, 0], [4, 3], [0, 1], [4, 4], [0, 2], [5, 4], [0, 3], [6, 4], [0, 4], [6, 5], [0, 5], [7, 5], [1, 5], [7, 6]], "a_eggs_laid": [1, 1, 1, 1, 2, 2, 2, 2, 3, 3, 3, 3, 4, 4, 4, 4, 5, 5, 5, 5, 6, 6, 6, 6, 7, 7, 7, 7, 10, 10, 10, 10, 11, 11, 11, 11, 11, 11, 11, 11, 12, 12, 12, 12, 13, 13, 13, 13, 13, 13, 13, 13, 13, 13, 13, 13, 13, 13, 13, 13, 13, 13, 13, 13, 13, 13, 13, 13, 13, 13, 13, 13, 13, 13, 13, 13, 13, 13, 13, 13], "b_eggs_laid": [0, 1, 1, 1, 1, 2, 2, 2, 2, 3, 3, 3, 3, 4, 4, 4, 4, 7, 7, 7, 7, 8, 8, 8, 8, 8, 8, 8, 8, 8, 8, 8, 8, 9, 9, 9, 9, 9, 9, 9, 9, 9, 9, 9, 9, 10, 10, 10, 10, 10, 10, 10, 10, 11, 11, 11, 11, 11, 11, 11, 11, 11, 11, 11, 11, 11, 11, 11, 11, 12, 12, 12, 12, 13, 13, 13, 13, 14, 14, 14], "a_turds_left": [5, 5, 5, 5, 5, 5, 5, 5, 5, 5, 5, 5, 5, 5, 5, 5, 5, 5, 5, 5, 5, 5, 5, 5, 5, 5, 5, 5, 5, 5, 5, 5, 5, 5, 5, 5, 5, 5, 5, 5, 5, 5, 5, 5, 5, 5, 5, 5, 5, 5, 5, 5, 5, 5, 5, 5, 5, 5, 5, 5, 5, 5, 5, 5, 5, 5, 5, 5, 5, 5, 5, 5, 5, 5, 5, 5, 5, 5, 5, 5], "b_turds_left": [5, 5, 5, 5, 5, 5, 5, 5, 5, 5, 5, 5, 5, 5, 5, 5, 5, 5, 5, 5, 5, 5, 5, 5, 5, 5, 5, 5, 5, 5, 5, 5, 5, 5, 5, 5, 5, 5, 5, 5, 5, 5, 5, 5, 5, 5, 5, 5, 5, 5, 5, 5, 5, 5, 5, 5, 5, 5, 5, 5, 5, 5, 5, 5, 5, 5, 5, 5, 5, 5, 5, 5, 5, 5, 5, 5, 5, 5, 5, 5], "a_time_left": [359.9996640419704, 359.9996640419704, 359.99936108395923, 359.99936108395923, 359.99897725100163, 359.99897725100163, 359.99871537595754, 359.99871537595754, 359.99840704194503, 359.99840704194503, 359.99806558393175, 359.99806558393175, 359.9977140839328, 359.9977140839328, 359.9974432509043, 359.9974432509043, 359.9971759179025, 359.9971759179025, 359.99694220884703, 359.99694220884703, 359.9967277928372, 359.9967277928372, 359.99649266782217, 359.99649266782217, 359.99618641781854, 359.99618641781854, 359.99593158380594, 359.99593158380594, 359.995700958767, 359.995700958767, 359.99545016675256, 359.99545016675256, 359.9951861247537, 359.9951861247537, 359.99492054176517, 359.99492054176517, 359.9946483337553, 359.9946483337553, 359.9945304997382, 359.9945304997382, 359.99440470774425, 359.99440470774425, 359.9943239997374, 359.9943239997374, 359.9941941247089, 359.9941941247089, 359.99408929172205, 359.99408929172205, 359.9939999167109, 359.9939999167109, 359.993903457711, 359.993903457711, 359.99381529167295, 359.99381529167295, 359.9937189996708, 359.9937189996708, 359.9936461666948, 359.9936461666948, 359.99355654168176, 359.99355654168176, 359.99349108268507, 359.99349108268507, 359.9934058327344, 359.9934058327344, 359.9933232907206, 359.9933232907206, 359.9932350407471, 359.9932350407471, 359.9931564157596, 359.9931564157596, 359.9930651237373, 359.9930651237373, 359.99298903974704, 359.99298903974704, 359.9929006227758, 359.9929006227758, 359.99281595577486, 359.99281595577486, 359.9927333307569, 359.9927333307569], "b_time_left": [360, 359.99966841598507, 359.99966841598507, 359.9993552910164, 359.9993552910164, 359.998951916059, 359.998951916059, 359.9986607080791, 359.9986607080791, 359.99835149908904, 359.99835149908904, 359.9980166660971, 359.9980166660971, 359.9976444160566, 359.9976444160566, 359.9973622490652, 359.9973622490652, 359.997081957059, 359.997081957059, 359.9967836230644, 359.9967836230644, 359.9965362070361, 359.9965362070361, 359.9962708739913, 359.9962708739913, 359.99605012399843, 359.99605012399843, 359.9957714570337, 359.9957714570337, 359.9954765410512, 359.9954765410512, 359.9951679990627, 359.9951679990627, 359.99503120809095, 359.99503120809095, 359.99470595805906, 359.99470595805906, 359.99443720804993, 359.99443720804993, 359.994323208055, 359.994323208055, 359.99423212505644, 359.99423212505644, 359.99411733302986, 359.99411733302986, 359.99402633303544, 359.99402633303544, 359.99392166605685, 359.99392166605685, 359.99384275003104, 359.99384275003104, 359.9937391670537, 359.9937391670537, 359.99365870904876, 359.99365870904876, 359.99355087504955, 359.99355087504955, 359.9934825420496, 359.9934825420496, 359.9933831249946, 359.9933831249946, 359.9933152089943, 359.9933152089943, 359.9932184169884, 359.9932184169884, 359.9931473750039, 359.9931473750039, 359.99304324999684, 359.99304324999684, 359.9929393749917, 359.9929393749917, 359.99284354102565, 359.99284354102565, 359.9927332070074, 359.9927332070074, 359.99263637303375, 359.99263637303375, 359.9925233730464, 359.9925233730464, 359.99243754008785], "a_moves_left": [39, 39, 38, 38, 37, 37, 36, 36, 35, 35, 34, 34, 33, 33, 32, 32, 31, 31, 30, 30, 29, 29, 28, 28, 27, 27, 26, 26, 25, 25, 24, 24, 23, 23, 22, 22, 21, 21, 20, 20, 19, 19, 18, 18, 17, 17, 16, 16, 15, 15, 14, 14, 13, 13, 12, 12, 11, 11, 10, 10, 9, 9, 8, 8, 7, 7, 6, 6, 5, 5, 4, 4, 3, 3, 2, 2, 1, 1, 0, 0], "b_moves_left": [40, 39, 39, 38, 38, 37, 37, 36, 36, 35, 35, 34, 34, 33, 33, 32, 32, 31, 31, 30, 30, 29, 29, 28, 28, 27, 27, 26, 26, 25, 25, 24, 24, 23, 23, 22, 22, 21, 21, 20, 20, 19, 19, 18, 18, 17, 17, 16, 16, 15, 15, 14, 14, 13, 13, 12, 12, 11, 11, 10, 10, 9, 9, 8, 8, 7, 7, 6, 6, 5, 5, 4, 4, 3, 3, 2, 2, 1, 1, 0], "trapdoor_triggered": [0, 0, 0, 0, 0, 0, 0, 0, 0, 0, 0, 0, 0, 0, 0, 0, 0, 0, 0, 0, 0, 0, 0, 0, 0, 0, 0, 0, 0, 0, 0, 0, 0, 0, 0, 0, 0, 0, 0, 0, 0, 0, 0, 0, 0, 0, 0, 0, 0, 0, 0, 0, 0, 0, 0, 0, 0, 0, 0, 0, 0, 0, 0, 0, 0, 0, 0, 0, 0, 0, 0, 0, 0, 0, 0, 0, 0, 0, 0, 0], "left_behind": ["egg", "egg", "plain", "plain", "egg", "egg", "plain", "plain", "egg", "egg", "plain", "plain", "egg", "egg", "plain", "plain", "egg", "egg", "plain", "plain", "egg", "egg", "plain", "plain", "egg", "plain", "plain", "plain", "egg", "plain", "plain", "plain", "egg", "egg", "plain", "plain", "plain", "plain", "plain", "plain", "egg", "plain", "plain", "plain", "egg", "egg", "plain", "plain", "plain", "plain", "plain", "plain", "plain", "egg", "plain", "plain", "plain", "plain", "plain", "plain", "plain", "plain", "plain", "plain", "plain", "plain", "plain", "plain", "plain", "egg", "plain", "plain", "plain", "egg", "plain", "plain", "plain", "egg", "plain", "plain"], "errlog_a": "", "errlog_b": "", "start_time": 360, "start_moves": 40, "turn_count": 80, "result": 1, "reason": "EGGS_LAID", "trapdoors": [[2, 4], [3, 4]], "spawn_a": [0, 4], "spawn_b": [7, 4]}