{"pos": [[1, 2], [6, 2], [1, 1], [6, 1], [2, 1], [7, 1], [1, 1], [7, 0], [0, 1], [6, 0], [0, 0], [5, 0], [1, 0], [5, 1], [2, 0], [4, 1], [3, 0], [5, 1], [4, 0], [5, 2], [3, 0], [5, 3], [3, 1], [6, 3], [3, 2], [6, 4], [3, 1], [6, 5], [2, 1], [6, 6], [2, 0], [5, 6], [1, 0], [5, 5], [0, 0], [5, 4], [0, 1], [4, 4], [0, 2], [4, 5], [0, 3], [4, 6], [1, 3], [3, 6], [1, 4], [3, 5], [2, 4], [3, 4], [2, 3], [3, 3], [2, 2], [3, 2], [1, 2], [3, 3], [1, 3], [2, 3], [1, 4], [3, 3], [1, 5], [3, 4], [0, 5], [3, 5], [0, 4], [2, 5], [0, 3], [2, 6], [0, 4], [1, 6], [0, 5], [1, 7], [0, 6], [0, 7], [0, 5], [1, 7], [1, 5], [2, 7], [1, 4], [3, 7], [2, 4], [4, 7]], "a_eggs_laid": [1, 1, 1, 1, 2, 2, 2, 2, 2, 2, 2, 2, 5, 5, 5, 5, 6, 6, 6, 6, 7, 7, 7, 7, 8, 8, 8, 8, 8, 8, 8, 8, 8, 8, 8, 8, 8, 8, 8, 8, 8, 8, 8, 8, 9, 9, 9, 9, 10, 10, 10, 10, 11, 11, 11, 11, 11, 11, 11, 11, 12, 12, 12, 12, 13, 13, 13, 13, 13, 13, 13, 13, 14, 14, 14, 14, 14, 14, 14, 14], "b_eggs_laid": [0, 1, 1, 1, 1, 2, 2, 2, 2, 5, 5, 5, 5, 6, 6, 6, 6, 7, 7, 7, 7, 8, 8, 8, 8, 9, 9, 9, 9, 10, 10, 10, 10, 11, 11, 11, 11, 12, 12, 12, 12, 13, 13, 13, 13, 14, 14, 14, 14, 15, 15, 15, 15, 16, 16, 16, 16, 17, 17, 17, 17, 17, 17, 17, 17, 18, 18, 18, 18, 19, 19, 19, 19, 22, 22, 22, 22, 23, 23, 23], "a_turds_left": [5, 5, 5, 5, 5, 5, 5, 5, 5, 5, 5, 5, 5, 5, 5, 5, 5, 5, 5, 5, 5, 5, 5, 5, 5, 5, 5, 5, 5, 5, 5, 5, 5, 5, 5, 5, 5, 5, 5, 5, 5, 5, 5, 5, 5, 5, 5, 5, 5, 5, 5, 5, 5, 5, 5, 5, 5, 5, 5, 5, 5, 5, 5, 5, 5, 5, 5, 5, 5, 5, 5, 5, 5, 5, 5, 5, 5, 5, 5, 5], "b_turds_left": [5, 5, 5, 5, 5, 5, 5, 5, 5, 5, 5, 5, 5, 5, 5, 5, 5, 5, 5, 5, 5, 5, 5, 5, 5, 5, 5, 5, 5, 5, 5, 5, 5, 5, 5, 5, 5, 5, 5, 5, 5, 5, 5, 5, 5, 5, 5, 5, 5, 5, 5, 5, 5, 5, 5, 5, 5, 5, 5, 5, 5, 5, 5, 5, 5, 5, 5, 5, 5, 5, 5, 5, 5, 5, 5, 5, 5, 5, 5, 5], "a_time_left": [359.99961125000846, 359.99961125000846, 359.9992607909953, 359.9992607909953, 359.9989127489971, 359.9989127489971, 359.99856458202703, 359.99856458202703, 359.9982918740134, 359.9982918740134, 359.99803545698524, 359.99803545698524, 359.99776558199665, 359.99776558199665, 359.99748608196387, 359.99748608196387, 359.9972042069421, 359.9972042069421, 359.99693799891975, 359.99693799891975, 359.99666666489793, 359.99666666489793, 359.9965464149136, 359.9965464149136, 359.9962295818841, 359.9962295818841, 359.9961130398442, 359.9961130398442, 359.9960245398106, 359.9960245398106, 359.9959257898154, 359.9959257898154, 359.99583841481945, 359.99583841481945, 359.9957425808534, 359.9957425808534, 359.9956622888567, 359.9956622888567, 359.9955520798685, 359.9955520798685, 359.9954641208751, 359.9954641208751, 359.99537016189424, 359.99537016189424, 359.9952599958633, 359.9952599958633, 359.99516378785484, 359.99516378785484, 359.9950684958603, 359.9950684958603, 359.99499024584657, 359.99499024584657, 359.9948989128461, 359.9948989128461, 359.9948007458006, 359.9948007458006, 359.99472266284283, 359.99472266284283, 359.99462870380376, 359.99462870380376, 359.9945141627686, 359.9945141627686, 359.9944273297442, 359.9944273297442, 359.99432632979006, 359.99432632979006, 359.9942449127557, 359.9942449127557, 359.99416653777007, 359.99416653777007, 359.9940784967621, 359.9940784967621, 359.99400782975135, 359.99400782975135, 359.99392457975773, 359.99392457975773, 359.9938507467741, 359.9938507467741, 359.99376037175534, 359.99376037175534], "b_time_left": [360, 359.9962006660062, 359.9962006660062, 359.99442541599274, 359.99442541599274, 359.99121570796706, 359.99121570796706, 359.9904283749638, 359.9904283749638, 359.98879045795184, 359.98879045795184, 359.9879821659415, 359.9879821659415, 359.98562624899205, 359.98562624899205, 359.9854868329712, 359.9854868329712, 359.98512124997796, 359.98512124997796, 359.9848717909772, 359.9848717909772, 359.9845773749403, 359.9845773749403, 359.9843347919523, 359.9843347919523, 359.9842185419402, 359.9842185419402, 359.9841229999438, 359.9841229999438, 359.98401941597695, 359.98401941597695, 359.9839283740148, 359.9839283740148, 359.9838287080056, 359.9838287080056, 359.9837467910256, 359.9837467910256, 359.9836415410391, 359.9836415410391, 359.98355824901955, 359.98355824901955, 359.98345983203035, 359.98345983203035, 359.9833819150226, 359.9833819150226, 359.9832784989849, 359.9832784989849, 359.9832002070034, 359.9832002070034, 359.98310245695757, 359.98310245695757, 359.9830217069248, 359.9830217069248, 359.98294816492125, 359.98294816492125, 359.98286874894984, 359.98286874894984, 359.9828142489423, 359.9828142489423, 359.98273108294234, 359.98273108294234, 359.9826630829484, 359.9826630829484, 359.9825788329472, 359.9825788329472, 359.9825049159117, 359.9825049159117, 359.98242570791626, 359.98242570791626, 359.98234179092105, 359.98234179092105, 359.9822689159191, 359.9822689159191, 359.98221333289985, 359.98221333289985, 359.98214058286976, 359.98214058286976, 359.9820582498796, 359.9820582498796, 359.98198470892385], "a_moves_left": [39, 39, 38, 38, 37, 37, 36, 36, 35, 35, 34, 34, 33, 33, 32, 32, 31, 31, 30, 30, 29, 29, 28, 28, 27, 27, 26, 26, 25, 25, 24, 24, 23, 23, 22, 22, 21, 21, 20, 20, 19, 19, 18, 18, 17, 17, 16, 16, 15, 15, 14, 14, 13, 13, 12, 12, 11, 11, 10, 10, 9, 9, 8, 8, 7, 7, 6, 6, 5, 5, 4, 4, 3, 3, 2, 2, 1, 1, 0, 0], "b_moves_left": [40, 39, 39, 38, 38, 37, 37, 36, 36, 35, 35, 34, 34, 33, 33, 32, 32, 31, 31, 30, 30, 29, 29, 28, 28, 27, 27, 26, 26, 25, 25, 24, 24, 23, 23, 22, 22, 21, 21, 20, 20, 19, 19, 18, 18, 17, 17, 16, 16, 15, 15, 14, 14, 13, 13, 12, 12, 11, 11, 10, 10, 9, 9, 8, 8, 7, 7, 6, 6, 5, 5, 4, 4, 3, 3, 2, 2, 1, 1, 0], "trapdoor_triggered": [0, 0, 0, 0, 0, 0, 0, 0, 0, 0, 0, 0, 0, 0, 0, 0, 0, 0, 0, 0, 0, 0, 0, 0, 0, 0, 0, 0, 0, 0, 0, 0, 0, 0, 0, 0, 0, 0, 0, 0, 0, 0, 0, 0, 0, 0, 0, 0, 0, 0, 0, 0, 0, 0, 0, 0, 0, 0, 0, 0, 0, 0, 0, 0, 0, 0, 0, 0, 0, 0, 0, 0, 0, 0, 0, 0, 0, 0, 0, 0], "left_behind": ["egg", "egg", "plain", "plain", "egg", "egg", "plain", "plain", "plain", "egg", "plain", "plain", "egg", "egg", "plain", "plain", "egg", "egg", "plain", "plain", "egg", "egg", "plain", "plain", "egg", "egg", "plain", "plain", "plain", "egg", "plain", "plain", "plain", "egg", "plain", "plain", "plain", "egg", "plain", "plain", "plain", "egg", "plain", "plain", "egg", "egg", "plain", "plain", "egg", "egg", "plain", "plain", "egg", "egg", "plain", "plain", "plain", "egg", "plain", "plain", "egg", "plain", "plain", "plain", "egg", "egg", "plain", "plain", "plain", "egg", "plain", "plain", "egg", "egg", "plain", "plain", "plain", "egg", "plain", "plain"], "errlog_a": "", "errlog_b": "", "start_time": 360, "start_moves": 40, "turn_count": 80, "result": 1, "reason": "EGGS_LAID", "trapdoors": [[4, 2], [4, 3]], "spawn_a": [0, 2], "spawn_b": [7, 2]}