{"pos": [[6, 3], [1, 3], [6, 2], [1, 2], [6, 1], [0, 2], [5, 1], [0, 1], [4, 1], [1, 1], [3, 1], [2, 1], [3, 0], [2, 0], [4, 0], [3, 0], [5, 0], [2, 0], [6, 0], [1, 0], [7, 0], [0, 0], [7, 1], [1, 0], [7, 2], [1, 1], [6, 2], [2, 1], [5, 2], [2, 2], [4, 2], [3, 2], [4, 1], [2, 2], [5, 1], [2, 3], [6, 1], [3, 3], [6, 0], [2, 3], [5, 0], [2, 4], [4, 0], [2, 5], [4, 1], [1, 5], [3, 1], [1, 6], [4, 1], [2, 6], [4, 2], [3, 6], [5, 2], [3, 7], [5, 3], [4, 7], [6, 3], [4, 6], [5, 3], [4, 5], [5, 4], [3, 5], [5, 5], [4, 5], [6, 5], [3, 5], [6, 6], [3, 6], [5, 6], [2, 6], [4, 6], [2, 7], [5, 6], [1, 7], [5, 7], [0, 7], [6, 7], [0, 6], [7, 7], [0, 5]], "a_eggs_laid": [1, 1, 1, 1, 2, 2, 2, 2, 3, 3, 3, 3, 4, 4, 4, 4, 5, 5, 5, 5, 6, 6, 6, 6, 7, 7, 7, 7, 7, 7, 7, 7, 8, 8, 8, 8, 8, 8, 8, 8, 8, 8, 8, 8, 8, 8, 8, 8, 8, 8, 8, 8, 8, 8, 8, 8, 9, 9, 9, 9, 9, 9, 9, 9, 10, 10, 10, 10, 11, 11, 11, 11, 12, 12, 12, 12, 13, 13, 13, 13], "b_eggs_laid": [0, 1, 1, 1, 1, 2, 2, 2, 2, 3, 3, 3, 3, 4, 4, 4, 4, 5, 5, 5, 5, 6, 6, 6, 6, 6, 6, 6, 6, 6, 6, 6, 6, 7, 7, 7, 7, 8, 8, 8, 8, 8, 8, 8, 8, 9, 9, 9, 9, 10, 10, 10, 10, 11, 11, 11, 11, 12, 12, 12, 12, 13, 13, 13, 13, 13, 13, 13, 13, 13, 13, 13, 13, 14, 14, 14, 14, 17, 17, 17], "a_turds_left": [5, 5, 5, 5, 5, 5, 5, 5, 5, 5, 5, 5, 5, 5, 5, 5, 5, 5, 5, 5, 5, 5, 5, 5, 5, 5, 5, 5, 5, 5, 5, 5, 5, 5, 5, 5, 5, 5, 5, 5, 5, 5, 5, 5, 5, 5, 5, 5, 5, 5, 5, 5, 5, 5, 5, 5, 5, 5, 5, 5, 5, 5, 5, 5, 5, 5, 5, 5, 5, 5, 5, 5, 5, 5, 5, 5, 5, 5, 5, 5], "b_turds_left": [5, 5, 5, 5, 5, 5, 5, 5, 5, 5, 5, 5, 5, 5, 5, 5, 5, 5, 5, 5, 5, 5, 5, 5, 5, 5, 5, 5, 5, 5, 5, 5, 5, 5, 5, 5, 5, 5, 5, 5, 5, 5, 5, 5, 5, 5, 5, 5, 5, 5, 5, 5, 5, 5, 5, 5, 5, 5, 5, 5, 5, 5, 5, 5, 5, 5, 5, 5, 5, 5, 5, 5, 5, 5, 5, 5, 5, 5, 5, 5], "a_time_left": [359.99965958396206, 359.99965958396206, 359.99935533391545, 359.99935533391545, 359.99896941694897, 359.99896941694897, 359.9986683749594, 359.9986683749594, 359.99831641599303, 359.99831641599303, 359.99799983302364, 359.99799983302364, 359.99767508299556, 359.99767508299556, 359.99755708302837, 359.99755708302837, 359.9974413330201, 359.9974413330201, 359.9971556250239, 359.9971556250239, 359.99682108301204, 359.99682108301204, 359.9965486250003, 359.9965486250003, 359.99642154196044, 359.99642154196044, 359.99630325095495, 359.99630325095495, 359.9961955839535, 359.9961955839535, 359.99608704296406, 359.99608704296406, 359.99597716797143, 359.99597716797143, 359.9958640009281, 359.9958640009281, 359.9957656679326, 359.9957656679326, 359.99564425088465, 359.99564425088465, 359.9955534588662, 359.9955534588662, 359.99545720889, 359.99545720889, 359.99536612589145, 359.99536612589145, 359.995256458933, 359.995256458933, 359.9951747919549, 359.9951747919549, 359.99506891699275, 359.99506891699275, 359.99497191701084, 359.99497191701084, 359.99487466702703, 359.99487466702703, 359.9947539580171, 359.9947539580171, 359.9946657079854, 359.9946657079854, 359.99458499997854, 359.99458499997854, 359.9945012080134, 359.9945012080134, 359.994424332981, 359.994424332981, 359.99434654199285, 359.99434654199285, 359.9942516249721, 359.9942516249721, 359.9941682499484, 359.9941682499484, 359.9941068329499, 359.9941068329499, 359.99401112494525, 359.99401112494525, 359.9939409169601, 359.9939409169601, 359.9938673339784, 359.9938673339784], "b_time_left": [360, 359.99655066698324, 359.99655066698324, 359.9947006669827, 359.9947006669827, 359.99147658399306, 359.99147658399306, 359.9906935839681, 359.9906935839681, 359.98819429194555, 359.98819429194555, 359.9869020009064, 359.9869020009064, 359.9841280428809, 359.9841280428809, 359.9840055848472, 359.9840055848472, 359.9836370848352, 359.9836370848352, 359.9833591678762, 359.9833591678762, 359.9830398769118, 359.9830398769118, 359.98293329391163, 359.98293329391163, 359.98282329388894, 359.98282329388894, 359.9827105018776, 359.9827105018776, 359.98260520986514, 359.98260520986514, 359.982494417869, 359.982494417869, 359.9823945008684, 359.9823945008684, 359.9822811258491, 359.9822811258491, 359.9821584587917, 359.9821584587917, 359.98204741679365, 359.98204741679365, 359.9819382917485, 359.9819382917485, 359.98182058375096, 359.98182058375096, 359.9817068337579, 359.9817068337579, 359.9816124587669, 359.9816124587669, 359.9815019587986, 359.9815019587986, 359.9813988337992, 359.9813988337992, 359.98128487583017, 359.98128487583017, 359.9812012508628, 359.9812012508628, 359.9810986678931, 359.9810986678931, 359.98099987691967, 359.98099987691967, 359.9808930018917, 359.9808930018917, 359.9808053348679, 359.9808053348679, 359.9807413768722, 359.9807413768722, 359.98064716887893, 359.98064716887893, 359.98057350190356, 359.98057350190356, 359.98048762691906, 359.98048762691906, 359.9804060019669, 359.9804060019669, 359.98033425194444, 359.98033425194444, 359.9802590018953, 359.9802590018953, 359.98019087687135], "a_moves_left": [39, 39, 38, 38, 37, 37, 36, 36, 35, 35, 34, 34, 33, 33, 32, 32, 31, 31, 30, 30, 29, 29, 28, 28, 27, 27, 26, 26, 25, 25, 24, 24, 23, 23, 22, 22, 21, 21, 20, 20, 19, 19, 18, 18, 17, 17, 16, 16, 15, 15, 14, 14, 13, 13, 12, 12, 11, 11, 10, 10, 9, 9, 8, 8, 7, 7, 6, 6, 5, 5, 4, 4, 3, 3, 2, 2, 1, 1, 0, 0], "b_moves_left": [40, 39, 39, 38, 38, 37, 37, 36, 36, 35, 35, 34, 34, 33, 33, 32, 32, 31, 31, 30, 30, 29, 29, 28, 28, 27, 27, 26, 26, 25, 25, 24, 24, 23, 23, 22, 22, 21, 21, 20, 20, 19, 19, 18, 18, 17, 17, 16, 16, 15, 15, 14, 14, 13, 13, 12, 12, 11, 11, 10, 10, 9, 9, 8, 8, 7, 7, 6, 6, 5, 5, 4, 4, 3, 3, 2, 2, 1, 1, 0], "trapdoor_triggered": [0, 0, 0, 0, 0, 0, 0, 0, 0, 0, 0, 0, 0, 0, 0, 0, 0, 0, 0, 0, 0, 0, 0, 0, 0, 0, 0, 0, 0, 0, 0, 0, 0, 0, 0, 0, 0, 0, 0, 0, 0, 0, 0, 0, 0, 0, 0, 0, 0, 0, 0, 0, 0, 0, 0, 0, 0, 0, 0, 0, 0, 0, 0, 0, 0, 0, 0, 0, 0, 0, 0, 0, 0, 0, 0, 0, 0, 0, 0, 0], "left_behind": ["egg", "egg", "plain", "plain", "egg", "egg", "plain", "plain", "egg", "egg", "plain", "plain", "egg", "egg", "plain", "plain", "egg", "egg", "plain", "plain", "egg", "egg", "plain", "plain", "egg", "plain", "plain", "plain", "plain", "plain", "plain", "plain", "egg", "egg", "plain", "plain", "plain", "egg", "plain", "plain", "plain", "plain", "plain", "plain", "plain", "egg", "plain", "plain", "plain", "egg", "plain", "plain", "plain", "egg", "plain", "plain", "egg", "egg", "plain", "plain", "plain", "egg", "plain", "plain", "egg", "plain", "plain", "plain", "egg", "plain", "plain", "plain", "egg", "egg", "plain", "plain", "egg", "egg", "plain", "plain"], "errlog_a": "", "errlog_b": "", "start_time": 360, "start_moves": 40, "turn_count": 80, "result": 1, "reason": "EGGS_LAID", "trapdoors": [[4, 4], [3, 4]], "spawn_a": [7, 3], "spawn_b": [0, 3]}