{"pos": [[1, 6], [7, 5], [1, 5], [6, 5], [0, 5], [7, 5], [0, 4], [7, 6], [1, 4], [6, 6], [1, 3], [6, 5], [0, 3], [6, 4], [0, 2], [5, 4], [1, 2], [6, 4], [1, 1], [5, 4], [0, 1], [5, 5], [0, 0], [5, 4], [1, 0], [5, 3], [2, 0], [6, 3], [2, 1], [6, 4], [3, 1], [6, 3], [2, 1], [6, 4], [2, 2], [6, 3], [2, 3], [6, 4], [2, 4], [7, 4], [3, 4], [7, 5], [2, 4], [7, 4], [2, 5], [6, 4], [2, 4], [7, 4], [3, 4], [6, 4], [3, 3], [6, 5], [2, 3], [5, 5], [3, 3], [5, 4], [3, 4], [5, 5], [3, 5], [6, 5], [3, 6], [5, 5], [4, 6], [4, 5], [4, 7], [5, 5], [5, 7], [6, 5], [6, 7], [6, 6], [7, 7], [6, 7]], "a_eggs_laid": [1, 1, 1, 1, 2, 2, 2, 2, 3, 3, 3, 3, 4, 4, 4, 4, 5, 5, 5, 5, 6, 6, 6, 6, 9, 9, 9, 9, 10, 10, 10, 10, 11, 11, 11, 11, 12, 12, 12, 12, 13, 13, 13, 13, 13, 13, 13, 13, 13, 13, 13, 13, 14, 14, 14, 14, 14, 14, 14, 14, 15, 15, 15, 15, 16, 16, 16, 16, 17, 17, 17, 17], "b_eggs_laid": [0, 0, 0, 0, 0, 1, 1, 1, 1, 2, 2, 2, 2, 2, 2, 2, 2, 2, 2, 2, 2, 3, 3, 3, 3, 3, 3, 3, 3, 4, 4, 4, 4, 4, 4, 4, 4, 4, 4, 4, 4, 4, 4, 4, 4, 4, 4, 4, 4, 4, 4, 4, 4, 4, 4, 4, 4, 4, 4, 4, 4, 4, 4, 4, 4, 4, 4, 4, 4, 4, 4, 9], "a_turds_left": [5, 5, 5, 5, 5, 5, 5, 5, 5, 5, 5, 5, 5, 5, 5, 5, 5, 5, 5, 5, 5, 5, 5, 5, 5, 5, 5, 5, 5, 5, 5, 5, 5, 5, 5, 5, 5, 5, 4, 4, 4, 4, 4, 4, 4, 4, 3, 3, 3, 3, 2, 2, 2, 2, 2, 2, 2, 2, 2, 2, 2, 2, 1, 1, 1, 1, 0, 0, 0, 0, 0, 0], "b_turds_left": [5, 5, 5, 5, 5, 5, 5, 4, 4, 4, 4, 4, 4, 4, 4, 3, 3, 3, 3, 3, 3, 3, 3, 2, 2, 2, 2, 2, 2, 2, 2, 2, 2, 2, 2, 2, 2, 2, 2, 2, 2, 1, 1, 1, 1, 1, 1, 1, 1, 1, 1, 1, 1, 1, 1, 1, 1, 1, 1, 1, 1, 1, 1, 1, 1, 0, 0, 0, 0, 0, 0, 0], "a_time_left": [359.99965625000186, 359.99965625000186, 359.9994572090218, 359.9994572090218, 359.9987459590193, 359.9987459590193, 359.99840508401394, 359.99840508401394, 359.9979418760049, 359.9979418760049, 359.9975067930063, 359.9975067930063, 359.9970508350525, 359.9970508350525, 359.99680841801455, 359.99680841801455, 359.9964648350142, 359.9964648350142, 359.9961405440117, 359.9961405440117, 359.99571375199594, 359.99571375199594, 359.99526950198924, 359.99526950198924, 359.99455483601196, 359.99455483601196, 359.99393350299215, 359.99393350299215, 359.99357921100454, 359.99357921100454, 359.9931416269974, 359.9931416269974, 359.99267454299843, 359.99267454299843, 359.99181512597715, 359.99181512597715, 359.99141991796205, 359.99141991796205, 359.99112845998025, 359.99112845998025, 359.99056333495537, 359.99056333495537, 359.99025470996276, 359.99025470996276, 359.98997179296566, 359.98997179296566, 359.9896932509728, 359.9896932509728, 359.98932537599467, 359.98932537599467, 359.98888904298656, 359.98888904298656, 359.98840733402176, 359.98840733402176, 359.98814475000836, 359.98814475000836, 359.9878459169995, 359.9878459169995, 359.9873685829807, 359.9873685829807, 359.9869990829611, 359.9869990829611, 359.9864933329518, 359.9864933329518, 359.98605545796454, 359.98605545796454, 359.98584004095756, 359.98584004095756, 359.9856083319755, 359.9856083319755, 359.9854528319556, 359.9854528319556], "b_time_left": [360, 358.469322458026, 358.469322458026, 356.9638604160282, 356.9638604160282, 355.45815449906513, 355.45815449906513, 353.9524370820145, 353.9524370820145, 352.4466597910505, 352.4466597910505, 350.94103416602593, 350.94103416602593, 349.4354464580538, 349.4354464580538, 347.9297948741005, 347.9297948741005, 346.42400729010114, 346.42400729010114, 344.91838399809785, 344.91838399809785, 343.41213887307094, 343.41213887307094, 341.90598220704123, 341.90598220704123, 340.40043608203996, 340.40043608203996, 338.89463662402704, 338.89463662402704, 337.38880895701004, 337.38880895701004, 335.8831577069941, 335.8831577069941, 334.3770882069948, 334.3770882069948, 332.8713934569969, 332.8713934569969, 331.3657583729946, 331.3657583729946, 329.86019433196634, 329.86019433196634, 328.3544447069289, 328.3544447069289, 326.84882041590754, 326.84882041590754, 325.343470499909, 325.343470499909, 323.8378152078949, 323.8378152078949, 322.33223224885296, 322.33223224885296, 320.8265383328544, 320.8265383328544, 319.3209021248622, 319.3209021248622, 317.8142695828574, 317.8142695828574, 316.3084952078643, 316.3084952078643, 314.80272999883164, 314.80272999883164, 313.2969779568375, 313.2969779568375, 311.7913776648347, 311.7913776648347, 310.28577766480157, 310.28577766480157, 308.7802555398084, 308.7802555398084, 307.2747192067909, 307.2747192067909, 305.7692303318181], "a_moves_left": [39, 39, 38, 38, 37, 37, 36, 36, 35, 35, 34, 34, 33, 33, 32, 32, 31, 31, 30, 30, 29, 29, 28, 28, 27, 27, 26, 26, 25, 25, 24, 24, 23, 23, 22, 22, 21, 21, 20, 20, 19, 19, 18, 18, 17, 17, 16, 16, 15, 15, 14, 14, 13, 13, 12, 12, 11, 11, 10, 10, 9, 9, 8, 8, 7, 7, 6, 6, 5, 5, 4, 4], "b_moves_left": [40, 39, 39, 38, 38, 37, 37, 36, 36, 35, 35, 34, 34, 33, 33, 32, 32, 31, 31, 30, 30, 29, 29, 28, 28, 27, 27, 26, 26, 25, 25, 24, 24, 23, 23, 22, 22, 21, 21, 20, 20, 19, 19, 18, 18, 17, 17, 16, 16, 15, 15, 14, 14, 13, 13, 12, 12, 11, 11, 10, 10, 9, 9, 8, 8, 7, 7, 6, 6, 5, 5, 4], "trapdoor_triggered": [0, 0, 0, 0, 0, 0, 0, 0, 0, 0, 0, 0, 0, 0, 0, 0, 0, 0, 0, 0, 0, 0, 0, 0, 0, 0, 0, 0, 0, 0, 0, 0, 0, 0, 0, 0, 0, 0, 0, 0, 0, 0, 0, 0, 0, 0, 0, 0, 0, 0, 0, 0, 0, 0, 0, 0, 0, 0, 0, 0, 0, 0, 0, 0, 0, 0, 0, 0, 0, 0, 0, 0], "left_behind": ["egg", "plain", "plain", "plain", "egg", "egg", "plain", "turd", "egg", "egg", "plain", "plain", "egg", "plain", "plain", "turd", "egg", "plain", "plain", "plain", "egg", "egg", "plain", "turd", "egg", "plain", "plain", "plain", "egg", "egg", "plain", "plain", "egg", "plain", "plain", "plain", "egg", "plain", "turd", "plain", "egg", "turd", "plain", "plain", "plain", "plain", "turd", "plain", "plain", "plain", "turd", "plain", "egg", "plain", "plain", "plain", "plain", "plain", "plain", "plain", "egg", "plain", "turd", "plain", "egg", "turd", "turd", "plain", "egg", "plain", "plain", "plain"], "errlog_a": "", "errlog_b": "", "start_time": 360, "start_moves": 40, "turn_count": 72, "result": 0, "reason": "BLOCKING_END", "trapdoors": [[4, 4], [4, 3]], "spawn_a": [0, 6], "spawn_b": [7, 6]}