{"pos": [[6, 3], [0, 2], [6, 2], [1, 2], [6, 1], [1, 3], [5, 1], [1, 4], [4, 1], [0, 4], [3, 1], [0, 5], [2, 1], [1, 5], [1, 1], [1, 6], [1, 0], [0, 6], [2, 0], [0, 7], [3, 0], [1, 7], [4, 0], [2, 7], [5, 0], [2, 6], [6, 0], [3, 6], [7, 0], [2, 6], [7, 1], [2, 5], [7, 2], [2, 4], [6, 2], [2, 3], [5, 2], [2, 2], [4, 2], [2, 1], [5, 2], [2, 2], [5, 3], [3, 2], [6, 3], [3, 3], [6, 4], [2, 3], [6, 5], [3, 3], [7, 5], [2, 3], [7, 4], [2, 4], [6, 4], [2, 5], [5, 4], [1, 5], [5, 5], [1, 4], [5, 6], [1, 3], [6, 6], [1, 2], [7, 6], [0, 2], [7, 7], [0, 1], [6, 7], [0, 0], [5, 7], [1, 0], [4, 7], [0, 0], [4, 6], [1, 0], [4, 5], [0, 0], [4, 4], [0, 1]], "a_eggs_laid": [1, 1, 1, 1, 2, 2, 2, 2, 3, 3, 3, 3, 4, 4, 4, 4, 5, 5, 5, 5, 6, 6, 6, 6, 7, 7, 7, 7, 8, 8, 8, 8, 9, 9, 9, 9, 9, 9, 9, 9, 10, 10, 10, 10, 11, 11, 11, 11, 12, 12, 12, 12, 13, 13, 13, 13, 13, 13, 13, 13, 14, 14, 14, 14, 15, 15, 15, 15, 18, 18, 18, 18, 19, 19, 19, 19, 20, 20, 20, 20], "b_eggs_laid": [0, 1, 1, 1, 1, 2, 2, 2, 2, 3, 3, 3, 3, 4, 4, 4, 4, 5, 5, 5, 5, 8, 8, 8, 8, 9, 9, 9, 9, 10, 10, 10, 10, 11, 11, 11, 11, 12, 12, 12, 12, 13, 13, 13, 13, 14, 14, 14, 14, 14, 14, 14, 14, 14, 14, 14, 14, 14, 14, 14, 14, 14, 14, 14, 14, 14, 14, 14, 14, 15, 15, 15, 15, 16, 16, 16, 16, 16, 16, 16], "a_turds_left": [5, 5, 5, 5, 5, 5, 5, 5, 5, 5, 5, 5, 5, 5, 5, 5, 5, 5, 5, 5, 5, 5, 5, 5, 5, 5, 5, 5, 5, 5, 5, 5, 5, 5, 5, 5, 5, 5, 5, 5, 5, 5, 5, 5, 5, 5, 5, 5, 5, 5, 5, 5, 5, 5, 5, 5, 5, 5, 5, 5, 5, 5, 5, 5, 5, 5, 5, 5, 5, 5, 5, 5, 5, 5, 5, 5, 5, 5, 5, 5], "b_turds_left": [5, 5, 5, 5, 5, 5, 5, 5, 5, 5, 5, 5, 5, 5, 5, 5, 5, 5, 5, 5, 5, 5, 5, 5, 5, 5, 5, 5, 5, 5, 5, 5, 5, 5, 5, 5, 5, 5, 5, 5, 5, 5, 5, 5, 5, 5, 5, 5, 5, 5, 5, 5, 5, 5, 5, 5, 5, 5, 5, 5, 5, 5, 5, 5, 5, 5, 5, 5, 5, 5, 5, 5, 5, 5, 5, 5, 5, 5, 5, 5], "a_time_left": [359.9996374579496, 359.9996374579496, 359.99933854094706, 359.99933854094706, 359.99894920695806, 359.99894920695806, 359.99858883197885, 359.99858883197885, 359.99819903995376, 359.99819903995376, 359.99790420697536, 359.99790420697536, 359.997517331969, 359.997517331969, 359.99721658200724, 359.99721658200724, 359.99688020703616, 359.99688020703616, 359.9965606650221, 359.9965606650221, 359.99642041506013, 359.99642041506013, 359.99630437308224, 359.99630437308224, 359.99596199806547, 359.99596199806547, 359.99583491508383, 359.99583491508383, 359.9957001230796, 359.9957001230796, 359.99559749808395, 359.99559749808395, 359.9954728730954, 359.9954728730954, 359.9953676230507, 359.9953676230507, 359.99527074804064, 359.99527074804064, 359.9951543320785, 359.9951543320785, 359.99503995710984, 359.99503995710984, 359.99493670713855, 359.99493670713855, 359.9948258731165, 359.9948258731165, 359.99472808110295, 359.99472808110295, 359.9946179141407, 359.9946179141407, 359.9945232050959, 359.9945232050959, 359.9944312470616, 359.9944312470616, 359.99433687207056, 359.99433687207056, 359.99425345502095, 359.99425345502095, 359.99416291405214, 359.99416291405214, 359.9940429550479, 359.9940429550479, 359.99395024607657, 359.99395024607657, 359.9938404960558, 359.9938404960558, 359.9937602880527, 359.9937602880527, 359.99367987102596, 359.99367987102596, 359.9935972870444, 359.9935972870444, 359.99349895404885, 359.99349895404885, 359.99340787006076, 359.99340787006076, 359.9933139120694, 359.9933139120694, 359.99322007910814, 359.99322007910814], "b_time_left": [360, 359.9996838750085, 359.9996838750085, 359.999387125019, 359.999387125019, 359.9990536250407, 359.9990536250407, 359.9987532500527, 359.9987532500527, 359.9984067500336, 359.9984067500336, 359.99814733304083, 359.99814733304083, 359.9978190420079, 359.9978190420079, 359.9974915009807, 359.9974915009807, 359.99734395899577, 359.99734395899577, 359.9970703339786, 359.9970703339786, 359.99679850100074, 359.99679850100074, 359.99666895897826, 359.99666895897826, 359.99646745901555, 359.99646745901555, 359.99634845898254, 359.99634845898254, 359.9962217499851, 359.9962217499851, 359.99611879198346, 359.99611879198346, 359.9960021250299, 359.9960021250299, 359.9959025000571, 359.9959025000571, 359.99578641704284, 359.99578641704284, 359.99569045804674, 359.99569045804674, 359.99561283306684, 359.99561283306684, 359.9955172080663, 359.9955172080663, 359.9954291250906, 359.9954291250906, 359.99532304209424, 359.99532304209424, 359.99525166710373, 359.99525166710373, 359.99516583408695, 359.99516583408695, 359.99507920909673, 359.99507920909673, 359.9949990010937, 359.9949990010937, 359.99492371012457, 359.99492371012457, 359.9948423761525, 359.9948423761525, 359.9947625841596, 359.9947625841596, 359.9946796671138, 359.9946796671138, 359.99461445910856, 359.99461445910856, 359.9945391261135, 359.9945391261135, 359.9944675011211, 359.9944675011211, 359.9944077930995, 359.9944077930995, 359.9943527931464, 359.9943527931464, 359.99429366813274, 359.99429366813274, 359.99423904309515, 359.99423904309515, 359.99417229311075], "a_moves_left": [39, 39, 38, 38, 37, 37, 36, 36, 35, 35, 34, 34, 33, 33, 32, 32, 31, 31, 30, 30, 29, 29, 28, 28, 27, 27, 26, 26, 25, 25, 24, 24, 23, 23, 22, 22, 21, 21, 20, 20, 19, 19, 18, 18, 17, 17, 16, 16, 15, 15, 14, 14, 13, 13, 12, 12, 11, 11, 10, 10, 9, 9, 8, 8, 7, 7, 6, 6, 5, 5, 4, 4, 3, 3, 2, 2, 1, 1, 0, 0], "b_moves_left": [40, 39, 39, 38, 38, 37, 37, 36, 36, 35, 35, 34, 34, 33, 33, 32, 32, 31, 31, 30, 30, 29, 29, 28, 28, 27, 27, 26, 26, 25, 25, 24, 24, 23, 23, 22, 22, 21, 21, 20, 20, 19, 19, 18, 18, 17, 17, 16, 16, 15, 15, 14, 14, 13, 13, 12, 12, 11, 11, 10, 10, 9, 9, 8, 8, 7, 7, 6, 6, 5, 5, 4, 4, 3, 3, 2, 2, 1, 1, 0], "trapdoor_triggered": [0, 0, 0, 0, 0, 0, 0, 0, 0, 0, 0, 0, 0, 0, 0, 0, 0, 0, 0, 0, 0, 0, 0, 0, 0, 0, 0, 0, 0, 0, 0, 0, 0, 0, 0, 0, 0, 0, 0, 0, 0, 0, 0, 0, 0, 0, 0, 0, 0, 0, 0, 0, 0, 0, 0, 0, 0, 0, 0, 0, 0, 0, 0, 0, 0, 0, 0, 0, 0, 0, 0, 0, 0, 0, 0, 0, 0, 0, 0, 0], "left_behind": ["egg", "egg", "plain", "plain", "egg", "egg", "plain", "plain", "egg", "egg", "plain", "plain", "egg", "egg", "plain", "plain", "egg", "egg", "plain", "plain", "egg", "egg", "plain", "plain", "egg", "egg", "plain", "plain", "egg", "egg", "plain", "plain", "egg", "egg", "plain", "plain", "plain", "egg", "plain", "plain", "egg", "egg", "plain", "plain", "egg", "egg", "plain", "plain", "egg", "plain", "plain", "plain", "egg", "plain", "plain", "plain", "plain", "plain", "plain", "plain", "egg", "plain", "plain", "plain", "egg", "plain", "plain", "plain", "egg", "egg", "plain", "plain", "egg", "egg", "plain", "plain", "egg", "plain", "plain", "plain"], "errlog_a": "", "errlog_b": "", "start_time": 360, "start_moves": 40, "turn_count": 80, "result": 0, "reason": "EGGS_LAID", "trapdoors": [[3, 5], [4, 3]], "spawn_a": [7, 3], "spawn_b": [0, 3]}