{"pos": [[7, 2], [0, 2], [7, 3], [0, 1], [7, 2], [1, 1], [7, 3], [1, 0], [7, 4], [0, 0], [7, 5], [0, 1], [7, 4], [0, 2], [6, 4], [1, 2], [5, 4], [2, 2], [5, 3], [0, 3], [5, 2], [1, 3], [4, 2], [0, 3], [4, 1], [0, 2], [3, 1], [1, 2], [3, 0], [2, 2], [4, 0], [1, 2], [5, 0], [0, 2], [5, 1], [0, 1], [5, 0], [0, 0], [6, 0], [1, 0], [6, 1], [2, 0], [7, 1], [2, 1], [7, 0], [2, 2], [7, 1], [3, 2], [6, 1], [3, 3], [6, 2], [3, 2], [5, 2], [2, 2], [5, 3], [1, 2], [4, 3], [0, 2], [4, 4], [0, 1], [5, 4], [0, 2], [5, 3], [0, 3], [6, 3], [1, 3], [6, 4], [0, 3], [6, 5], [0, 2], [6, 6], [0, 3], [6, 7], [0, 4], [5, 7], [0, 5], [6, 7], [0, 6], [7, 7], [1, 6]], "a_eggs_laid": [1, 1, 1, 1, 1, 1, 1, 1, 1, 1, 1, 1, 2, 2, 2, 2, 3, 3, 3, 3, 8, 8, 8, 8, 9, 9, 9, 9, 10, 10, 10, 10, 11, 11, 11, 11, 12, 12, 12, 12, 13, 13, 13, 13, 14, 14, 14, 14, 14, 14, 14, 14, 15, 15, 15, 15, 15, 15, 15, 15, 16, 16, 16, 16, 16, 16, 16, 16, 20, 20, 20, 20, 21, 21, 21, 21, 22, 22, 22, 22], "b_eggs_laid": [0, 0, 0, 0, 0, 1, 1, 1, 1, 1, 1, 1, 1, 1, 1, 1, 1, 2, 2, 2, 2, 2, 2, 2, 2, 2, 2, 2, 2, 2, 2, 2, 2, 2, 2, 2, 2, 2, 2, 2, 2, 2, 2, 2, 2, 3, 3, 3, 3, 4, 4, 4, 4, 4, 4, 4, 4, 4, 4, 4, 4, 4, 4, 4, 4, 4, 4, 4, 4, 4, 4, 4, 4, 4, 4, 4, 4, 4, 4, 4], "a_turds_left": [5, 5, 5, 5, 5, 5, 5, 5, 5, 5, 5, 5, 5, 5, 5, 5, 5, 5, 5, 5, 5, 5, 5, 5, 5, 5, 5, 5, 5, 5, 5, 5, 5, 5, 5, 5, 5, 5, 5, 5, 5, 5, 5, 5, 5, 5, 5, 5, 5, 5, 5, 5, 5, 5, 5, 5, 5, 5, 5, 5, 5, 5, 5, 5, 5, 5, 5, 5, 5, 5, 5, 5, 5, 5, 5, 5, 5, 5, 5, 5], "b_turds_left": [5, 4, 4, 4, 4, 4, 4, 4, 4, 4, 4, 4, 4, 4, 4, 3, 3, 3, 3, 2, 2, 2, 2, 1, 1, 1, 1, 1, 1, 1, 1, 1, 1, 1, 1, 1, 1, 1, 1, 0, 0, 0, 0, 0, 0, 0, 0, 0, 0, 0, 0, 0, 0, 0, 0, 0, 0, 0, 0, 0, 0, 0, 0, 0, 0, 0, 0, 0, 0, 0, 0, 0, 0, 0, 0, 0, 0, 0, 0, 0], "a_time_left": [359.9131744580227, 359.9131744580227, 359.8878948740312, 359.8878948740312, 359.8437312080059, 359.8437312080059, 359.8001456250204, 359.8001456250204, 359.75805620802566, 359.75805620802566, 359.7403124990524, 359.7403124990524, 359.6725925410865, 359.6725925410865, 359.6241919990862, 359.6241919990862, 359.477869708091, 359.477869708091, 359.4029582910589, 359.4029582910589, 359.27969108201796, 359.27969108201796, 359.1916644159937, 359.1916644159937, 359.09217629098566, 359.09217629098566, 359.03508416598197, 359.03508416598197, 358.971218124032, 358.971218124032, 358.940804582031, 358.940804582031, 358.8887589990045, 358.8887589990045, 358.8604534160113, 358.8604534160113, 358.788237624045, 358.788237624045, 358.76176370703615, 358.76176370703615, 358.7139072070131, 358.7139072070131, 358.6702148320037, 358.6702148320037, 358.6417852070299, 358.6417852070299, 358.631856291031, 358.631856291031, 358.6150939570507, 358.6150939570507, 358.58274974900996, 358.58274974900996, 358.53934908198426, 358.53934908198426, 358.4891587069724, 358.4891587069724, 358.45563028997276, 358.45563028997276, 358.4179447480128, 358.4179447480128, 358.37396474799607, 358.37396474799607, 358.32134608202614, 358.32134608202614, 358.30323808197863, 358.30323808197863, 358.25024637399474, 358.25024637399474, 358.2316737069632, 358.2316737069632, 358.1901063739788, 358.1901063739788, 358.1368028319557, 358.1368028319557, 358.1074638319551, 358.1074638319551, 358.06728245696286, 358.06728245696286, 358.0637972909608, 358.0637972909608], "b_time_left": [360, 358.4662116249674, 358.4662116249674, 356.9605882909964, 356.9605882909964, 355.4549678330077, 355.4549678330077, 353.9492680419935, 353.9492680419935, 352.4436004169984, 352.4436004169984, 350.9379028760013, 350.9379028760013, 349.432284126, 349.432284126, 347.92658200097503, 347.92658200097503, 346.42075779195875, 346.42075779195875, 344.91504816693487, 344.91504816693487, 343.40934016695246, 343.40934016695246, 341.9036446669488, 341.9036446669488, 340.39157683297526, 340.39157683297526, 338.88576529099373, 338.88576529099373, 337.38005170802353, 337.38005170802353, 335.87392141704913, 335.87392141704913, 334.36830587504664, 334.36830587504664, 332.86259070807137, 332.86259070807137, 331.3569553750567, 331.3569553750567, 329.8513665420469, 329.8513665420469, 328.34581804205664, 328.34581804205664, 326.8403392920154, 326.8403392920154, 325.334791958041, 325.334791958041, 323.82908600004157, 323.82908600004157, 322.3232267500134, 322.3232267500134, 320.8178720000433, 320.8178720000433, 319.31220116704935, 319.31220116704935, 317.8066197500448, 317.8066197500448, 316.30106991605135, 316.30106991605135, 314.7955959160463, 314.7955959160463, 313.29008079104824, 313.29008079104824, 311.78447879105806, 311.78447879105806, 310.2788608330302, 310.2788608330302, 308.7732577910647, 308.7732577910647, 307.2677094160463, 307.2677094160463, 305.7622184570646, 305.7622184570646, 304.25649633206194, 304.25649633206194, 302.75095308205346, 302.75095308205346, 301.24544154002797, 301.24544154002797, 299.7397774150595], "a_moves_left": [39, 39, 38, 38, 37, 37, 36, 36, 35, 35, 34, 34, 33, 33, 32, 32, 31, 31, 30, 30, 29, 29, 28, 28, 27, 27, 26, 26, 25, 25, 24, 24, 23, 23, 22, 22, 21, 21, 20, 20, 19, 19, 18, 18, 17, 17, 16, 16, 15, 15, 14, 14, 13, 13, 12, 12, 11, 11, 10, 10, 9, 9, 8, 8, 7, 7, 6, 6, 5, 5, 4, 4, 3, 3, 2, 2, 1, 1, 0, 0], "b_moves_left": [40, 39, 39, 38, 38, 37, 37, 36, 36, 35, 35, 34, 34, 33, 33, 32, 32, 31, 31, 30, 30, 29, 29, 28, 28, 27, 27, 26, 26, 25, 25, 24, 24, 23, 23, 22, 22, 21, 21, 20, 20, 19, 19, 18, 18, 17, 17, 16, 16, 15, 15, 14, 14, 13, 13, 12, 12, 11, 11, 10, 10, 9, 9, 8, 8, 7, 7, 6, 6, 5, 5, 4, 4, 3, 3, 2, 2, 1, 1, 0], "trapdoor_triggered": [0, 0, 0, 0, 0, 0, 0, 0, 0, 0, 0, 0, 0, 0, 0, 0, 0, 0, 0, 1, 0, 0, 0, 0, 0, 0, 0, 0, 0, 0, 0, 0, 0, 0, 0, 0, 0, 0, 0, 0, 0, 0, 0, 0, 0, 0, 0, 0, 0, 0, 0, 0, 0, 0, 0, 0, 0, 0, 0, 0, 0, 0, 0, 0, 0, 0, 0, 1, 0, 0, 0, 0, 0, 0, 0, 0, 0, 0, 0, 0], "left_behind": ["egg", "turd", "plain", "plain", "plain", "egg", "plain", "plain", "plain", "plain", "plain", "plain", "egg", "plain", "plain", "turd", "egg", "egg", "plain", "turd", "egg", "plain", "plain", "turd", "egg", "plain", "plain", "plain", "egg", "plain", "plain", "plain", "egg", "plain", "plain", "plain", "egg", "plain", "plain", "turd", "egg", "plain", "plain", "plain", "egg", "egg", "plain", "plain", "plain", "egg", "plain", "plain", "egg", "plain", "plain", "plain", "plain", "plain", "plain", "plain", "egg", "plain", "plain", "plain", "plain", "plain", "plain", "plain", "plain", "plain", "plain", "plain", "egg", "plain", "plain", "plain", "egg", "plain", "plain", "plain"], "errlog_a": "", "errlog_b": "", "start_time": 360, "start_moves": 40, "turn_count": 80, "result": 0, "reason": "EGGS_LAID", "trapdoors": [[5, 5], [2, 3]], "spawn_a": [7, 3], "spawn_b": [0, 3]}