{"pos": [[6, 3], [0, 2], [6, 2], [0, 1], [6, 1], [0, 0], [6, 0], [0, 1], [7, 0], [0, 0], [7, 1], [0, 1], [7, 2], [0, 2], [6, 2], [1, 2], [6, 1], [1, 1], [6, 0], [2, 1], [7, 0], [1, 1], [7, 1], [1, 0], [7, 2], [2, 0], [7, 3], [3, 0], [7, 4]], "a_eggs_laid": [1, 1, 1, 1, 2, 2, 2, 2, 3, 3, 3, 3, 4, 4, 4, 4, 4, 4, 4, 4, 4, 4, 4, 4, 4, 4, 4, 4, 4], "b_eggs_laid": [0, 0, 0, 0, 0, 0, 0, 0, 0, 0, 0, 0, 0, 0, 0, 0, 0, 0, 0, 0, 0, 0, 0, 0, 0, 0, 0, 0, 0], "a_turds_left": [5, 5, 5, 5, 5, 5, 5, 5, 5, 5, 5, 5, 5, 5, 5, 5, 5, 5, 5, 5, 5, 5, 5, 5, 5, 5, 5, 5, 5], "b_turds_left": [5, 5, 5, 4, 4, 4, 4, 3, 3, 3, 3, 3, 3, 3, 3, 3, 3, 3, 3, 3, 3, 2, 2, 2, 2, 2, 2, 2, 2], "a_time_left": [359.9996628750232, 359.9996628750232, 359.9994250830496, 359.9994250830496, 359.99904458306264, 359.99904458306264, 359.9985487490194, 359.9985487490194, 359.99800012400374, 359.99800012400374, 359.99748429103056, 359.99748429103056, 359.99705116602127, 359.99705116602127, 359.9967192070326, 359.9967192070326, 359.99639237404335, 359.99639237404335, 359.9957665410475, 359.9957665410475, 359.99531591607956, 359.99531591607956, 359.9950565411127, 359.9950565411127, 359.9946033740998, 359.9946033740998, 359.99403033213457, 359.99403033213457, 359.9936482491321], "b_time_left": [360, 358.46091654198244, 358.46091654198244, 356.9551896249759, 356.9551896249759, 355.4496221669833, 355.4496221669833, 353.9439485419425, 353.9439485419425, 352.43829620891484, 352.43829620891484, 350.93287187593523, 350.93287187593523, 349.42947879293934, 349.42947879293934, 347.923795000941, 347.923795000941, 346.4182603339432, 346.4182603339432, 344.91275875095744, 344.91275875095744, 343.40694562596036, 343.40694562596036, 341.9013446679455, 341.9013446679455, 340.3955802929122, 340.3955802929122, 338.88930900092237, 338.88930900092237], "a_moves_left": [39, 39, 38, 38, 37, 37, 36, 36, 35, 35, 34, 34, 33, 33, 32, 32, 31, 31, 30, 30, 29, 29, 28, 28, 27, 27, 26, 26, 25], "b_moves_left": [40, 39, 39, 38, 38, 37, 37, 36, 36, 35, 35, 34, 34, 33, 33, 32, 32, 31, 31, 30, 30, 29, 29, 28, 28, 27, 27, 26, 26], "trapdoor_triggered": [0, 0, 0, 0, 0, 0, 0, 0, 0, 0, 0, 0, 0, 0, 0, 0, 0, 0, 0, 0, 0, 0, 0, 0, 0, 0, 0, 0, 0], "left_behind": ["egg", "plain", "plain", "turd", "egg", "plain", "plain", "turd", "egg", "plain", "plain", "plain", "egg", "plain", "plain", "plain", "plain", "plain", "plain", "plain", "plain", "turd", "plain", "plain", "plain", "plain", "plain", "plain", "plain"], "errlog_a": "", "errlog_b": "Timeout", "start_time": 360, "start_moves": 40, "turn_count": 29, "result": 0, "reason": "CODE_CRASH", "trapdoors": [[4, 4], [3, 4]], "spawn_a": [7, 3], "spawn_b": [0, 3]}