{"pos": [[6, 5], [0, 4], [6, 4], [0, 5], [7, 4], [1, 5], [7, 3], [1, 4], [6, 3], [2, 4], [6, 4], [2, 3], [5, 4], [1, 3], [5, 3], [1, 2], [6, 3], [1, 1], [6, 2], [1, 0], [7, 2], [0, 0], [7, 1], [0, 1], [6, 1], [0, 0], [5, 1], [0, 1], [5, 2], [0, 2], [5, 1], [0, 3], [4, 1], [0, 4], [3, 1], [0, 5], [3, 0], [0, 6], [4, 0], [0, 5], [5, 0], [0, 4], [6, 0], [0, 3], [7, 0], [0, 2], [7, 1], [0, 3], [6, 1], [0, 4], [6, 2], [1, 4], [5, 2], [2, 4], [5, 3], [3, 4], [4, 3], [2, 4], [4, 2], [3, 4], [3, 2], [2, 4], [3, 1], [2, 3], [4, 1], [1, 3], [4, 0], [2, 3], [5, 0], [1, 3], [6, 0], [1, 4], [7, 0], [1, 5], [7, 1], [0, 5], [7, 2], [0, 6], [7, 3], [0, 7]], "a_eggs_laid": [1, 1, 1, 1, 2, 2, 2, 2, 3, 3, 3, 3, 3, 3, 3, 3, 4, 4, 4, 4, 5, 5, 5, 5, 6, 6, 6, 6, 7, 7, 7, 7, 7, 7, 7, 7, 8, 8, 8, 8, 9, 9, 9, 9, 10, 10, 10, 10, 10, 10, 10, 10, 10, 10, 10, 10, 10, 10, 10, 10, 11, 11, 11, 11, 11, 11, 11, 11, 11, 11, 11, 11, 11, 11, 11, 11, 15, 15, 15, 15], "b_eggs_laid": [0, 0, 0, 0, 0, 0, 0, 0, 0, 0, 0, 0, 0, 0, 0, 0, 0, 0, 0, 0, 0, 0, 0, 0, 0, 1, 1, 1, 1, 1, 1, 1, 1, 2, 2, 2, 2, 2, 2, 2, 2, 2, 2, 2, 2, 2, 2, 2, 2, 2, 2, 2, 2, 2, 2, 2, 2, 3, 3, 3, 3, 3, 3, 3, 3, 3, 3, 3, 3, 3, 3, 3, 3, 3, 3, 3, 3, 3, 3, 3], "a_turds_left": [5, 5, 5, 5, 5, 5, 5, 5, 5, 5, 4, 4, 4, 4, 3, 3, 3, 3, 3, 3, 3, 3, 3, 3, 3, 3, 3, 3, 3, 3, 3, 3, 3, 3, 3, 3, 3, 3, 3, 3, 3, 3, 3, 3, 3, 3, 3, 3, 3, 3, 3, 3, 3, 3, 2, 2, 2, 2, 1, 1, 1, 1, 0, 0, 0, 0, 0, 0, 0, 0, 0, 0, 0, 0, 0, 0, 0, 0, 0, 0], "b_turds_left": [5, 4, 4, 4, 4, 4, 4, 4, 4, 4, 4, 4, 4, 3, 3, 2, 2, 2, 2, 1, 1, 0, 0, 0, 0, 0, 0, 0, 0, 0, 0, 0, 0, 0, 0, 0, 0, 0, 0, 0, 0, 0, 0, 0, 0, 0, 0, 0, 0, 0, 0, 0, 0, 0, 0, 0, 0, 0, 0, 0, 0, 0, 0, 0, 0, 0, 0, 0, 0, 0, 0, 0, 0, 0, 0, 0, 0, 0, 0, 0], "a_time_left": [359.9996825000271, 359.9996825000271, 359.9992374170688, 359.9992374170688, 359.9987478760886, 359.9987478760886, 359.99828166805673, 359.99828166805673, 359.99777000106405, 359.99777000106405, 359.99732929305173, 359.99732929305173, 359.9968256680295, 359.9968256680295, 359.99622966803145, 359.99622966803145, 359.9955565429991, 359.9955565429991, 359.9951457930147, 359.9951457930147, 359.9948164600064, 359.9948164600064, 359.994201877038, 359.994201877038, 359.9937617520336, 359.9937617520336, 359.99326850206126, 359.99326850206126, 359.9928933350602, 359.9928933350602, 359.9922192930826, 359.9922192930826, 359.99181287706597, 359.99181287706597, 359.9914076680434, 359.9914076680434, 359.99122421006905, 359.99122421006905, 359.99065558507573, 359.99065558507573, 359.9899753770442, 359.9899753770442, 359.98857862706063, 359.98857862706063, 359.9880169600947, 359.9880169600947, 359.9877562940819, 359.9877562940819, 359.98719866911415, 359.98719866911415, 359.9866168361041, 359.9866168361041, 359.9859673770843, 359.9859673770843, 359.98524750210345, 359.98524750210345, 359.9844505020883, 359.9844505020883, 359.98388154408894, 359.98388154408894, 359.9834760440863, 359.9834760440863, 359.98283271008404, 359.98283271008404, 359.9821755430894, 359.9821755430894, 359.9815786271356, 359.9815786271356, 359.98118887713645, 359.98118887713645, 359.9809047941235, 359.9809047941235, 359.98050737712765, 359.98050737712765, 359.9800011271145, 359.9800011271145, 359.97956100211013, 359.97956100211013, 359.9791074601235, 359.9791074601235], "b_time_left": [360, 358.4618639170076, 358.4618639170076, 356.9564133750391, 356.9564133750391, 355.4552352500614, 355.4552352500614, 353.95431375002954, 353.95431375002954, 352.4488661250216, 352.4488661250216, 350.9462964999839, 350.9462964999839, 349.44022324995603, 349.44022324995603, 347.93424254196, 347.93424254196, 346.42845220892923, 346.42845220892923, 344.9226947919233, 344.9226947919233, 343.417002833914, 343.417002833914, 341.91100379190175, 341.91100379190175, 340.40546483389335, 340.40546483389335, 338.8999627509038, 338.8999627509038, 337.39404279290466, 337.39404279290466, 335.8884548759088, 335.8884548759088, 334.38306479295716, 334.38306479295716, 332.87763591791736, 332.87763591791736, 331.37191000190796, 331.37191000190796, 329.86775925190886, 329.86775925190886, 328.35974933591206, 328.35974933591206, 326.8511750019388, 326.8511750019388, 325.35021516896086, 325.35021516896086, 323.84452004393097, 323.84452004393097, 322.33878971094964, 322.33878971094964, 320.83350116893416, 320.83350116893416, 319.3278655439499, 319.3278655439499, 317.8245387939387, 317.8245387939387, 316.3188037519576, 316.3188037519576, 314.8133744179504, 314.8133744179504, 313.3077305009938, 313.3077305009938, 311.80371729197213, 311.80371729197213, 310.29780424997443, 310.29780424997443, 308.7922627920052, 308.7922627920052, 307.28834358399035, 307.28834358399035, 305.78759816795355, 305.78759816795355, 304.2818815849023, 304.2818815849023, 302.77636700187577, 302.77636700187577, 301.27395362692187, 301.27395362692187, 299.7684934599092], "a_moves_left": [39, 39, 38, 38, 37, 37, 36, 36, 35, 35, 34, 34, 33, 33, 32, 32, 31, 31, 30, 30, 29, 29, 28, 28, 27, 27, 26, 26, 25, 25, 24, 24, 23, 23, 22, 22, 21, 21, 20, 20, 19, 19, 18, 18, 17, 17, 16, 16, 15, 15, 14, 14, 13, 13, 12, 12, 11, 11, 10, 10, 9, 9, 8, 8, 7, 7, 6, 6, 5, 5, 4, 4, 3, 3, 2, 2, 1, 1, 0, 0], "b_moves_left": [40, 39, 39, 38, 38, 37, 37, 36, 36, 35, 35, 34, 34, 33, 33, 32, 32, 31, 31, 30, 30, 29, 29, 28, 28, 27, 27, 26, 26, 25, 25, 24, 24, 23, 23, 22, 22, 21, 21, 20, 20, 19, 19, 18, 18, 17, 17, 16, 16, 15, 15, 14, 14, 13, 13, 12, 12, 11, 11, 10, 10, 9, 9, 8, 8, 7, 7, 6, 6, 5, 5, 4, 4, 3, 3, 2, 2, 1, 1, 0], "trapdoor_triggered": [0, 0, 0, 0, 0, 0, 0, 0, 0, 0, 0, 0, 0, 0, 0, 0, 0, 0, 0, 0, 0, 0, 0, 0, 0, 0, 0, 0, 0, 0, 0, 0, 0, 0, 0, 0, 0, 0, 0, 0, 0, 0, 0, 0, 0, 0, 0, 0, 0, 0, 0, 0, 0, 0, 0, 0, 0, 0, 0, 0, 0, 0, 0, 0, 0, 0, 0, 0, 0, 0, 0, 0, 0, 0, 0, 1, 0, 0, 0, 0], "left_behind": ["egg", "turd", "plain", "plain", "egg", "plain", "plain", "plain", "egg", "plain", "turd", "plain", "plain", "turd", "turd", "turd", "egg", "plain", "plain", "turd", "egg", "turd", "plain", "plain", "egg", "egg", "plain", "plain", "egg", "plain", "plain", "plain", "plain", "egg", "plain", "plain", "egg", "plain", "plain", "plain", "egg", "plain", "plain", "plain", "egg", "plain", "plain", "plain", "plain", "plain", "plain", "plain", "plain", "plain", "turd", "plain", "plain", "egg", "turd", "plain", "egg", "plain", "turd", "plain", "plain", "plain", "plain", "plain", "plain", "plain", "plain", "plain", "plain", "plain", "plain", "plain", "plain", "plain", "plain", "plain"], "errlog_a": "", "errlog_b": "", "start_time": 360, "start_moves": 40, "turn_count": 80, "result": 0, "reason": "EGGS_LAID", "trapdoors": [[4, 4], [2, 5]], "spawn_a": [7, 5], "spawn_b": [0, 5]}