{"pos": [[1, 6], [6, 6], [1, 5], [6, 5], [1, 4], [6, 4], [1, 3], [7, 4], [1, 2], [7, 3], [1, 1], [6, 3], [2, 1], [6, 2], [3, 1], [6, 1], [4, 1], [5, 1], [4, 0], [4, 1], [3, 0], [4, 2], [2, 0], [5, 2], [1, 0], [5, 3], [0, 0], [5, 4], [0, 1], [4, 4], [0, 2], [5, 4], [0, 3], [5, 3], [0, 4], [6, 3], [0, 5], [6, 2], [1, 5], [7, 2], [2, 5], [7, 1], [2, 6], [7, 0], [3, 6], [6, 0], [4, 6], [5, 0], [5, 6], [5, 1], [6, 6], [6, 1], [6, 7], [6, 0], [7, 7], [7, 0], [6, 7], [7, 1], [5, 7], [7, 2], [5, 6], [7, 3], [6, 6], [7, 4], [5, 6], [7, 5], [4, 6], [6, 5], [3, 6], [6, 4], [3, 5], [6, 5], [3, 4], [7, 5], [3, 3], [7, 6], [3, 2], [7, 5], [4, 2], [7, 4]], "a_eggs_laid": [1, 1, 1, 1, 2, 2, 2, 2, 3, 3, 3, 3, 4, 4, 4, 4, 5, 5, 5, 5, 6, 6, 6, 6, 7, 7, 7, 7, 10, 10, 10, 10, 11, 11, 11, 11, 12, 12, 12, 12, 12, 12, 12, 12, 13, 13, 13, 13, 14, 14, 14, 14, 15, 15, 15, 15, 18, 18, 18, 18, 19, 19, 19, 19, 19, 19, 19, 19, 19, 19, 19, 19, 20, 20, 20, 20, 21, 21, 21, 21], "b_eggs_laid": [0, 1, 1, 1, 1, 2, 2, 2, 2, 3, 3, 3, 3, 4, 4, 4, 4, 5, 5, 5, 5, 6, 6, 6, 6, 7, 7, 7, 7, 8, 8, 8, 8, 8, 8, 8, 8, 8, 8, 8, 8, 9, 9, 9, 9, 12, 12, 12, 12, 13, 13, 13, 13, 13, 13, 13, 13, 13, 13, 13, 13, 13, 13, 13, 13, 13, 13, 13, 13, 13, 13, 13, 13, 13, 13, 13, 13, 13, 13, 13], "a_turds_left": [5, 5, 5, 5, 5, 5, 5, 5, 5, 5, 5, 5, 5, 5, 5, 5, 5, 5, 5, 5, 5, 5, 5, 5, 5, 5, 5, 5, 5, 5, 5, 5, 5, 5, 5, 5, 5, 5, 5, 5, 5, 5, 5, 5, 5, 5, 5, 5, 5, 5, 5, 5, 5, 5, 5, 5, 5, 5, 5, 5, 5, 5, 5, 5, 5, 5, 5, 5, 5, 5, 5, 5, 5, 5, 5, 5, 5, 5, 5, 5], "b_turds_left": [5, 5, 5, 5, 5, 5, 5, 5, 5, 5, 5, 5, 5, 5, 5, 5, 5, 5, 5, 5, 5, 5, 5, 5, 5, 5, 5, 5, 5, 5, 5, 5, 5, 5, 5, 5, 5, 5, 5, 5, 5, 5, 5, 5, 5, 5, 5, 5, 5, 5, 5, 5, 5, 5, 5, 5, 5, 5, 5, 5, 5, 5, 5, 5, 5, 5, 5, 5, 5, 5, 5, 5, 5, 5, 5, 5, 5, 5, 5, 5], "a_time_left": [359.99965474999044, 359.99965474999044, 359.99934937496437, 359.99934937496437, 359.9990016669617, 359.9990016669617, 359.9986925419653, 359.9986925419653, 359.99826729192864, 359.99826729192864, 359.99797254189616, 359.99797254189616, 359.99764041689923, 359.99764041689923, 359.99731741688447, 359.99731741688447, 359.9969046249171, 359.9969046249171, 359.9966667079134, 359.9966667079134, 359.9965447919094, 359.9965447919094, 359.99643337592715, 359.99643337592715, 359.99629695888143, 359.99629695888143, 359.99599541688804, 359.99599541688804, 359.9958849588875, 359.9958849588875, 359.9957651258446, 359.9957651258446, 359.99563525087433, 359.99563525087433, 359.9955282918527, 359.9955282918527, 359.9954048758955, 359.9954048758955, 359.99530683388, 359.99530683388, 359.9952071668813, 359.9952071668813, 359.9951001248555, 359.9951001248555, 359.9949697908596, 359.9949697908596, 359.99486154090846, 359.99486154090846, 359.9947504159063, 359.9947504159063, 359.9946652489016, 359.9946652489016, 359.9945903329062, 359.9945903329062, 359.9945218329085, 359.9945218329085, 359.9944659169414, 359.9944659169414, 359.9943920838996, 359.9943920838996, 359.99430029286304, 359.99430029286304, 359.9942215848714, 359.9942215848714, 359.99416683486197, 359.99416683486197, 359.99408720986685, 359.99408720986685, 359.9940119598177, 359.9940119598177, 359.9939366268227, 359.9939366268227, 359.99384250183357, 359.99384250183357, 359.9937646688195, 359.9937646688195, 359.99366587784607, 359.99366587784607, 359.9935906698811, 359.9935906698811], "b_time_left": [360, 359.99968524998985, 359.99968524998985, 359.999374792038, 359.999374792038, 359.99903183302376, 359.99903183302376, 359.9986487920396, 359.9986487920396, 359.99836420902284, 359.99836420902284, 359.99813475098927, 359.99813475098927, 359.99773666798137, 359.99773666798137, 359.9974765009829, 359.9974765009829, 359.99714195902925, 359.99714195902925, 359.9968790420098, 359.9968790420098, 359.996767500008, 359.996767500008, 359.99650658405153, 359.99650658405153, 359.9963720010128, 359.9963720010128, 359.9962682509795, 359.9962682509795, 359.9959184170002, 359.9959184170002, 359.9958271670039, 359.9958271670039, 359.9955960419611, 359.9955960419611, 359.9954907509382, 359.9954907509382, 359.99538766691694, 359.99538766691694, 359.9952935419278, 359.9952935419278, 359.99520245892927, 359.99520245892927, 359.99512400093954, 359.99512400093954, 359.99504641693784, 359.99504641693784, 359.9949709579232, 359.9949709579232, 359.99489729187917, 359.99489729187917, 359.9948127508396, 359.9948127508396, 359.99473925080383, 359.99473925080383, 359.994659416785, 359.994659416785, 359.9945967917447, 359.9945967917447, 359.99452333373483, 359.99452333373483, 359.99445587571245, 359.99445587571245, 359.9943646257161, 359.9943646257161, 359.99429020972457, 359.99429020972457, 359.99421762675047, 359.99421762675047, 359.9941475847154, 359.9941475847154, 359.99406433466356, 359.99406433466356, 359.99399579362944, 359.99399579362944, 359.99392616865225, 359.99392616865225, 359.99387737666257, 359.99387737666257, 359.99380808568094], "a_moves_left": [39, 39, 38, 38, 37, 37, 36, 36, 35, 35, 34, 34, 33, 33, 32, 32, 31, 31, 30, 30, 29, 29, 28, 28, 27, 27, 26, 26, 25, 25, 24, 24, 23, 23, 22, 22, 21, 21, 20, 20, 19, 19, 18, 18, 17, 17, 16, 16, 15, 15, 14, 14, 13, 13, 12, 12, 11, 11, 10, 10, 9, 9, 8, 8, 7, 7, 6, 6, 5, 5, 4, 4, 3, 3, 2, 2, 1, 1, 0, 0], "b_moves_left": [40, 39, 39, 38, 38, 37, 37, 36, 36, 35, 35, 34, 34, 33, 33, 32, 32, 31, 31, 30, 30, 29, 29, 28, 28, 27, 27, 26, 26, 25, 25, 24, 24, 23, 23, 22, 22, 21, 21, 20, 20, 19, 19, 18, 18, 17, 17, 16, 16, 15, 15, 14, 14, 13, 13, 12, 12, 11, 11, 10, 10, 9, 9, 8, 8, 7, 7, 6, 6, 5, 5, 4, 4, 3, 3, 2, 2, 1, 1, 0], "trapdoor_triggered": [0, 0, 0, 0, 0, 0, 0, 0, 0, 0, 0, 0, 0, 0, 0, 0, 0, 0, 0, 0, 0, 0, 0, 0, 0, 0, 0, 0, 0, 0, 0, 0, 0, 0, 0, 0, 0, 0, 0, 0, 0, 0, 0, 0, 0, 0, 0, 0, 0, 0, 0, 0, 0, 0, 0, 0, 0, 0, 0, 0, 0, 0, 0, 0, 0, 0, 0, 0, 0, 0, 0, 0, 0, 0, 0, 0, 0, 0, 0, 0], "left_behind": ["egg", "egg", "plain", "plain", "egg", "egg", "plain", "plain", "egg", "egg", "plain", "plain", "egg", "egg", "plain", "plain", "egg", "egg", "plain", "plain", "egg", "egg", "plain", "plain", "egg", "egg", "plain", "plain", "egg", "egg", "plain", "plain", "egg", "plain", "plain", "plain", "egg", "plain", "plain", "plain", "plain", "egg", "plain", "plain", "egg", "egg", "plain", "plain", "egg", "egg", "plain", "plain", "egg", "plain", "plain", "plain", "egg", "plain", "plain", "plain", "egg", "plain", "plain", "plain", "plain", "plain", "plain", "plain", "plain", "plain", "plain", "plain", "egg", "plain", "plain", "plain", "egg", "plain", "plain", "plain"], "errlog_a": "", "errlog_b": "", "start_time": 360, "start_moves": 40, "turn_count": 80, "result": 0, "reason": "EGGS_LAID", "trapdoors": [[5, 5], [4, 5]], "spawn_a": [0, 6], "spawn_b": [7, 6]}