{"pos": [[7, 0], [0, 2], [7, 1], [0, 1], [7, 2], [0, 2], [7, 3], [0, 1], [7, 4], [0, 0], [7, 5], [1, 0], [7, 6], [2, 0], [6, 6], [3, 0], [6, 7], [4, 0], [5, 7], [5, 0], [4, 7], [4, 0], [5, 7], [5, 0], [4, 7], [4, 0], [4, 6], [3, 0], [4, 5], [3, 1], [3, 5], [4, 1], [3, 4], [4, 0], [2, 4], [5, 0], [1, 4], [4, 0], [1, 5], [4, 1], [1, 4], [3, 1], [0, 4], [3, 2], [1, 4], [3, 1], [2, 4], [3, 0], [2, 5], [2, 0], [2, 6], [1, 0], [2, 7], [2, 0], [3, 7], [1, 0], [2, 7], [2, 0], [1, 7], [3, 0], [0, 7], [2, 0], [0, 6], [1, 0], [0, 7], [1, 1], [1, 7], [1, 2], [0, 7], [0, 1], [1, 7], [0, 2], [2, 7], [0, 3], [3, 7], [0, 2], [2, 7], [0, 1], [3, 7], [1, 1]], "a_eggs_laid": [0, 0, 0, 0, 1, 1, 1, 1, 2, 2, 2, 2, 3, 3, 3, 3, 4, 4, 4, 4, 5, 5, 5, 5, 5, 5, 5, 5, 5, 5, 5, 5, 6, 6, 6, 6, 7, 7, 7, 7, 8, 8, 8, 8, 9, 9, 9, 9, 9, 9, 9, 9, 10, 10, 10, 10, 11, 11, 11, 11, 11, 11, 11, 11, 12, 12, 12, 12, 13, 13, 17, 17, 17, 17, 17, 17, 17, 17, 17, 17], "b_eggs_laid": [0, 0, 0, 0, 0, 0, 0, 0, 0, 0, 0, 0, 0, 0, 0, 0, 0, 1, 1, 1, 1, 2, 2, 2, 2, 2, 2, 2, 2, 2, 2, 2, 2, 2, 2, 2, 2, 2, 2, 2, 2, 2, 2, 2, 2, 2, 2, 2, 2, 2, 2, 2, 2, 2, 2, 2, 2, 2, 2, 2, 2, 2, 2, 2, 2, 2, 2, 2, 2, 3, 3, 3, 3, 3, 3, 4, 4, 4, 4, 5], "a_turds_left": [5, 5, 4, 4, 4, 4, 4, 4, 4, 4, 4, 4, 4, 4, 4, 4, 4, 4, 4, 4, 4, 4, 4, 4, 4, 4, 3, 3, 3, 3, 3, 3, 3, 3, 2, 2, 2, 2, 1, 1, 1, 1, 1, 1, 1, 1, 1, 1, 1, 1, 1, 1, 1, 1, 0, 0, 0, 0, 0, 0, 0, 0, 0, 0, 0, 0, 0, 0, 0, 0, 0, 0, 0, 0, 0, 0, 0, 0, 0, 0], "b_turds_left": [5, 5, 5, 5, 5, 5, 5, 5, 5, 5, 5, 4, 4, 3, 3, 2, 2, 2, 2, 1, 1, 1, 1, 1, 1, 1, 1, 1, 1, 1, 1, 0, 0, 0, 0, 0, 0, 0, 0, 0, 0, 0, 0, 0, 0, 0, 0, 0, 0, 0, 0, 0, 0, 0, 0, 0, 0, 0, 0, 0, 0, 0, 0, 0, 0, 0, 0, 0, 0, 0, 0, 0, 0, 0, 0, 0, 0, 0, 0, 0], "a_time_left": [359.9735762909986, 359.9735762909986, 359.96726020699134, 359.96726020699134, 359.9388479570043, 359.9388479570043, 359.9149544159882, 359.9149544159882, 359.87726933299564, 359.87726933299564, 359.869860042003, 359.869860042003, 359.8252918329672, 359.8252918329672, 359.80320974998176, 359.80320974998176, 359.7558502909378, 359.7558502909378, 359.7405076659634, 359.7405076659634, 359.70771433296613, 359.70771433296613, 359.69093704095576, 359.69093704095576, 359.6828390409355, 359.6828390409355, 359.6623080819263, 359.6623080819263, 359.62153658195166, 359.62153658195166, 359.56352978997165, 359.56352978997165, 359.505713873019, 359.505713873019, 359.47756320703775, 359.47756320703775, 359.4440662910929, 359.4440662910929, 359.4245072911144, 359.4245072911144, 359.3813992491341, 359.3813992491341, 359.3662148741423, 359.3662148741423, 359.34185991511913, 359.34185991511913, 359.32562624808634, 359.32562624808634, 359.306803248066, 359.306803248066, 359.28759116504807, 359.28759116504807, 359.2510910820565, 359.2510910820565, 359.23689862404717, 359.23689862404717, 359.2203619570355, 359.2203619570355, 359.21264345699456, 359.21264345699456, 359.20192445698194, 359.20192445698194, 359.1978284980287, 359.1978284980287, 359.18693799804896, 359.18693799804896, 359.1798582060728, 359.1798582060728, 359.16383520606905, 359.16383520606905, 359.1533166640438, 359.1533166640438, 359.14648074802244, 359.14648074802244, 359.1404493310256, 359.1404493310256, 359.1302959980676, 359.1302959980676, 359.12714566406794, 359.12714566406794], "b_time_left": [360, 358.4570779170026, 358.4570779170026, 356.95151174999774, 356.95151174999774, 355.44577066699276, 355.44577066699276, 353.9400910830009, 353.9400910830009, 352.4344737500069, 352.4344737500069, 350.9288806670229, 350.9288806670229, 349.4229805000359, 349.4229805000359, 347.9172514170059, 347.9172514170059, 346.41161491698585, 346.41161491698585, 344.90594466699986, 344.90594466699986, 343.40019604202826, 343.40019604202826, 341.8946514590061, 341.8946514590061, 340.3890870840405, 340.3890870840405, 338.8833517090534, 338.8833517090534, 337.37763379205717, 337.37763379205717, 335.87188633403275, 335.87188633403275, 334.3664358750684, 334.3664358750684, 332.8610004170332, 332.8610004170332, 331.3548291249899, 331.3548291249899, 329.8493435829878, 329.8493435829878, 328.34372354199877, 328.34372354199877, 326.8382407919853, 326.8382407919853, 325.33269745798316, 325.33269745798316, 323.8272156249732, 323.8272156249732, 322.3217123329523, 322.3217123329523, 320.82052999996813, 320.82052999996813, 319.3148576669628, 319.3148576669628, 317.8092292509973, 317.8092292509973, 316.3035023759585, 316.3035023759585, 314.7980040839757, 314.7980040839757, 313.29248683399055, 313.29248683399055, 311.78697787597775, 311.78697787597775, 310.28108433500165, 310.28108433500165, 308.7754671680159, 308.7754671680159, 307.2698291679844, 307.2698291679844, 305.7639386259834, 305.7639386259834, 304.2582968759816, 304.2582968759816, 302.75278529297793, 302.75278529297793, 301.2471896680072, 301.2471896680072, 299.7416221680469], "a_moves_left": [39, 39, 38, 38, 37, 37, 36, 36, 35, 35, 34, 34, 33, 33, 32, 32, 31, 31, 30, 30, 29, 29, 28, 28, 27, 27, 26, 26, 25, 25, 24, 24, 23, 23, 22, 22, 21, 21, 20, 20, 19, 19, 18, 18, 17, 17, 16, 16, 15, 15, 14, 14, 13, 13, 12, 12, 11, 11, 10, 10, 9, 9, 8, 8, 7, 7, 6, 6, 5, 5, 4, 4, 3, 3, 2, 2, 1, 1, 0, 0], "b_moves_left": [40, 39, 39, 38, 38, 37, 37, 36, 36, 35, 35, 34, 34, 33, 33, 32, 32, 31, 31, 30, 30, 29, 29, 28, 28, 27, 27, 26, 26, 25, 25, 24, 24, 23, 23, 22, 22, 21, 21, 20, 20, 19, 19, 18, 18, 17, 17, 16, 16, 15, 15, 14, 14, 13, 13, 12, 12, 11, 11, 10, 10, 9, 9, 8, 8, 7, 7, 6, 6, 5, 5, 4, 4, 3, 3, 2, 2, 1, 1, 0], "trapdoor_triggered": [0, 0, 0, 0, 0, 0, 0, 0, 0, 0, 0, 0, 0, 0, 0, 0, 0, 0, 0, 0, 0, 0, 0, 0, 0, 0, 0, 0, 0, 0, 0, 0, 0, 0, 0, 0, 0, 0, 0, 0, 0, 0, 0, 0, 0, 0, 0, 0, 0, 0, 0, 0, 0, 0, 0, 0, 0, 0, 0, 0, 0, 0, 0, 0, 0, 0, 0, 0, 0, 1, 0, 0, 0, 0, 0, 0, 0, 0, 0, 0], "left_behind": ["plain", "plain", "turd", "plain", "egg", "plain", "plain", "plain", "egg", "plain", "plain", "turd", "egg", "turd", "plain", "turd", "egg", "egg", "plain", "turd", "egg", "egg", "plain", "plain", "plain", "plain", "turd", "plain", "plain", "plain", "plain", "turd", "egg", "plain", "turd", "plain", "egg", "plain", "turd", "plain", "egg", "plain", "plain", "plain", "egg", "plain", "plain", "plain", "plain", "plain", "plain", "plain", "egg", "plain", "turd", "plain", "egg", "plain", "plain", "plain", "plain", "plain", "plain", "plain", "egg", "plain", "plain", "plain", "egg", "egg", "plain", "plain", "plain", "plain", "plain", "egg", "plain", "plain", "plain", "egg"], "errlog_a": "", "errlog_b": "", "start_time": 360, "start_moves": 40, "turn_count": 80, "result": 0, "reason": "EGGS_LAID", "trapdoors": [[2, 2], [4, 3]], "spawn_a": [7, 1], "spawn_b": [0, 1]}