{"pos": [[1, 4], [6, 4], [2, 4], [6, 5], [3, 4], [6, 6], [0, 4], [6, 7], [0, 3], [7, 7], [0, 2], [6, 7], [0, 1], [6, 6], [0, 2], [6, 5], [0, 3], [7, 5], [0, 4], [6, 5], [1, 4], [6, 4], [0, 4], [6, 3], [1, 4], [6, 2], [0, 4], [5, 2], [1, 4], [5, 3], [0, 4], [5, 2], [1, 4], [5, 1], [0, 4], [5, 0], [0, 5], [6, 0], [1, 5], [7, 0], [1, 6], [6, 0], [1, 5], [5, 0], [1, 6], [6, 0], [1, 5], [6, 1], [1, 6], [7, 1], [1, 5], [6, 1], [1, 6], [6, 2], [1, 5], [6, 1], [1, 6], [6, 0], [1, 5], [7, 0], [1, 6], [7, 1], [1, 5], [6, 1], [1, 6], [6, 2], [1, 5], [5, 2], [1, 6], [4, 2], [1, 5], [4, 3], [1, 6], [7, 4], [1, 5], [7, 5], [1, 6], [7, 6], [1, 5], [7, 5]], "a_eggs_laid": [1, 1, 1, 1, 2, 2, 2, 2, 2, 2, 2, 2, 3, 3, 3, 3, 3, 3, 3, 3, 3, 3, 3, 3, 3, 3, 3, 3, 3, 3, 3, 3, 3, 3, 3, 3, 3, 3, 3, 3, 4, 4, 4, 4, 4, 4, 4, 4, 4, 4, 4, 4, 4, 4, 4, 4, 4, 4, 4, 4, 4, 4, 4, 4, 4, 4, 4, 4, 4, 4, 4, 4, 4, 4, 8, 8, 8, 8, 8, 8], "b_eggs_laid": [0, 0, 0, 0, 0, 0, 0, 4, 4, 4, 4, 4, 4, 4, 4, 4, 4, 4, 4, 4, 4, 4, 4, 4, 4, 5, 5, 5, 5, 5, 5, 5, 5, 6, 6, 6, 6, 6, 6, 6, 6, 6, 6, 6, 6, 6, 6, 6, 6, 7, 7, 7, 7, 7, 7, 7, 7, 7, 7, 7, 7, 7, 7, 7, 7, 7, 7, 7, 7, 7, 7, 7, 7, 8, 8, 8, 8, 8, 8, 8], "a_turds_left": [5, 5, 5, 5, 5, 5, 5, 5, 5, 5, 5, 5, 5, 5, 5, 5, 5, 5, 5, 5, 5, 5, 5, 5, 5, 5, 5, 5, 5, 5, 5, 5, 5, 5, 5, 5, 5, 5, 5, 5, 5, 5, 5, 5, 5, 5, 5, 5, 5, 5, 5, 5, 5, 5, 5, 5, 5, 5, 5, 5, 5, 5, 5, 5, 5, 5, 5, 5, 5, 5, 5, 5, 5, 5, 5, 5, 5, 5, 5, 5], "b_turds_left": [5, 4, 4, 3, 3, 3, 3, 3, 3, 2, 2, 2, 2, 2, 2, 1, 1, 0, 0, 0, 0, 0, 0, 0, 0, 0, 0, 0, 0, 0, 0, 0, 0, 0, 0, 0, 0, 0, 0, 0, 0, 0, 0, 0, 0, 0, 0, 0, 0, 0, 0, 0, 0, 0, 0, 0, 0, 0, 0, 0, 0, 0, 0, 0, 0, 0, 0, 0, 0, 0, 0, 0, 0, 0, 0, 0, 0, 0, 0, 0], "a_time_left": [359.88046650000615, 359.88046650000615, 359.81689904100494, 359.81689904100494, 359.64226220798446, 359.64226220798446, 359.5441064159968, 359.5441064159968, 359.495993707038, 359.495993707038, 359.4740721239941, 359.4740721239941, 359.40090645698365, 359.40090645698365, 359.37304541497724, 359.37304541497724, 359.3004575819941, 359.3004575819941, 359.27988670696504, 359.27988670696504, 359.2546402909211, 359.2546402909211, 359.2127240409027, 359.2127240409027, 359.18673895689426, 359.18673895689426, 359.1445528739132, 359.1445528739132, 359.1109391239006, 359.1109391239006, 359.07095491490327, 359.07095491490327, 359.0377017898718, 359.0377017898718, 358.9998514568433, 358.9998514568433, 358.9656235408038, 358.9656235408038, 358.93377395678544, 358.93377395678544, 358.91894178977236, 358.91894178977236, 358.8819050397724, 358.8819050397724, 358.85022203979315, 358.85022203979315, 358.8089483738295, 358.8089483738295, 358.77328316582134, 358.77328316582134, 358.73547745787073, 358.73547745787073, 358.6838694579201, 358.6838694579201, 358.6299819579581, 358.6299819579581, 358.585928623972, 358.585928623972, 358.5649959569564, 358.5649959569564, 358.5504033739562, 358.5504033739562, 358.52668837393867, 358.52668837393867, 358.49388216494117, 358.49388216494117, 358.4595606648945, 358.4595606648945, 358.43370291485917, 358.43370291485917, 358.4039654988446, 358.4039654988446, 358.3697444568388, 358.3697444568388, 358.33865845686523, 358.33865845686523, 358.318977206829, 358.318977206829, 358.3049429158564, 358.3049429158564], "b_time_left": [360, 358.4619556669495, 358.4619556669495, 356.95627174997935, 356.95627174997935, 355.45051129098283, 355.45051129098283, 353.9447493330226, 353.9447493330226, 352.43905295804143, 352.43905295804143, 350.93336779100355, 350.93336779100355, 349.42772941599833, 349.42772941599833, 347.92211924900766, 347.92211924900766, 346.4164017069852, 346.4164017069852, 344.9107549569453, 344.9107549569453, 343.40517179091694, 343.40517179091694, 341.8995723329135, 341.8995723329135, 340.39353070792276, 340.39353070792276, 338.8904541658703, 338.8904541658703, 337.3846839158796, 337.3846839158796, 335.87883512390545, 335.87883512390545, 334.3732414158876, 334.3732414158876, 332.86759512493154, 332.86759512493154, 331.361916374939, 331.361916374939, 329.8566727079451, 329.8566727079451, 328.35053379193414, 328.35053379193414, 326.8439949169406, 326.8439949169406, 325.33921195892617, 325.33921195892617, 323.83393650094513, 323.83393650094513, 322.3286887089489, 322.3286887089489, 320.82328587496886, 320.82328587496886, 319.3178558339714, 319.3178558339714, 317.8115338339703, 317.8115338339703, 316.3058715420193, 316.3058715420193, 314.80047533405013, 314.80047533405013, 313.29298329207813, 313.29298329207813, 311.78759170806734, 311.78759170806734, 310.2821673330618, 310.2821673330618, 308.7745207910775, 308.7745207910775, 307.27041537407786, 307.27041537407786, 305.76505712408107, 305.76505712408107, 304.25906512408983, 304.25906512408983, 302.7538205831079, 302.7538205831079, 301.2484532491071, 301.2484532491071, 299.73958841513377], "a_moves_left": [39, 39, 38, 38, 37, 37, 36, 36, 35, 35, 34, 34, 33, 33, 32, 32, 31, 31, 30, 30, 29, 29, 28, 28, 27, 27, 26, 26, 25, 25, 24, 24, 23, 23, 22, 22, 21, 21, 20, 20, 19, 19, 18, 18, 17, 17, 16, 16, 15, 15, 14, 14, 13, 13, 12, 12, 11, 11, 10, 10, 9, 9, 8, 8, 7, 7, 6, 6, 5, 5, 4, 4, 3, 3, 2, 2, 1, 1, 0, 0], "b_moves_left": [40, 39, 39, 38, 38, 37, 37, 36, 36, 35, 35, 34, 34, 33, 33, 32, 32, 31, 31, 30, 30, 29, 29, 28, 28, 27, 27, 26, 26, 25, 25, 24, 24, 23, 23, 22, 22, 21, 21, 20, 20, 19, 19, 18, 18, 17, 17, 16, 16, 15, 15, 14, 14, 13, 13, 12, 12, 11, 11, 10, 10, 9, 9, 8, 8, 7, 7, 6, 6, 5, 5, 4, 4, 3, 3, 2, 2, 1, 1, 0], "trapdoor_triggered": [0, 0, 0, 0, 0, 0, 1, 0, 0, 0, 0, 0, 0, 0, 0, 0, 0, 0, 0, 0, 0, 0, 0, 0, 0, 0, 0, 0, 0, 0, 0, 0, 0, 0, 0, 0, 0, 0, 0, 0, 0, 0, 0, 0, 0, 0, 0, 0, 0, 0, 0, 0, 0, 0, 0, 0, 0, 0, 0, 0, 0, 0, 0, 0, 0, 0, 0, 0, 0, 0, 0, 0, 0, 1, 0, 0, 0, 0, 0, 0], "left_behind": ["egg", "turd", "plain", "turd", "egg", "plain", "plain", "plain", "plain", "turd", "plain", "plain", "egg", "plain", "plain", "turd", "plain", "turd", "plain", "plain", "plain", "plain", "plain", "plain", "plain", "egg", "plain", "plain", "plain", "plain", "plain", "plain", "plain", "egg", "plain", "plain", "plain", "plain", "plain", "plain", "egg", "plain", "plain", "plain", "plain", "plain", "plain", "plain", "plain", "egg", "plain", "plain", "plain", "plain", "plain", "plain", "plain", "plain", "plain", "plain", "plain", "plain", "plain", "plain", "plain", "plain", "plain", "plain", "plain", "plain", "plain", "plain", "plain", "egg", "plain", "plain", "plain", "plain", "plain", "plain"], "errlog_a": "", "errlog_b": "", "start_time": 360, "start_moves": 40, "turn_count": 80, "result": 2, "reason": "EGGS_LAID", "trapdoors": [[4, 4], [5, 4]], "spawn_a": [0, 4], "spawn_b": [7, 4]}