{"pos": [[1, 2], [6, 2], [1, 1], [6, 1], [2, 1], [7, 1], [3, 1], [7, 0], [4, 1], [6, 0], [5, 1], [5, 0], [4, 1], [4, 0], [5, 1], [3, 0], [4, 1], [2, 0], [4, 0], [2, 1], [4, 1], [2, 0], [4, 2], [1, 0], [4, 3], [0, 0], [4, 4], [0, 1], [5, 4], [0, 0], [6, 4], [1, 0], [6, 3], [2, 0], [7, 3], [2, 1], [7, 4], [2, 2], [7, 5], [3, 2], [6, 5], [2, 2], [6, 6], [2, 3], [5, 6], [1, 3], [5, 5], [1, 2], [4, 5], [1, 3], [4, 6], [1, 4], [3, 6], [0, 4], [3, 5], [0, 5], [3, 4], [1, 5], [3, 3], [2, 5], [4, 3], [2, 4], [4, 2], [3, 4], [4, 3], [2, 4], [4, 4], [3, 4], [5, 4], [2, 4], [6, 4], [2, 3], [6, 3], [1, 3], [6, 2], [0, 3], [6, 3], [0, 4], [6, 2], [1, 4]], "a_eggs_laid": [1, 1, 1, 1, 2, 2, 2, 2, 3, 3, 3, 3, 4, 4, 4, 4, 4, 4, 4, 4, 5, 5, 5, 5, 6, 6, 6, 6, 7, 7, 7, 7, 8, 8, 8, 8, 9, 9, 9, 9, 10, 10, 10, 10, 11, 11, 11, 11, 12, 12, 12, 12, 13, 13, 13, 13, 14, 14, 14, 14, 15, 15, 15, 15, 15, 15, 15, 15, 15, 15, 15, 15, 15, 15, 15, 15, 16, 16, 16, 16], "b_eggs_laid": [0, 1, 1, 1, 1, 2, 2, 2, 2, 5, 5, 5, 5, 6, 6, 6, 6, 7, 7, 7, 7, 8, 8, 8, 8, 9, 9, 9, 9, 10, 10, 10, 10, 10, 10, 10, 10, 10, 10, 10, 10, 11, 11, 11, 11, 12, 12, 12, 12, 13, 13, 13, 13, 14, 14, 14, 14, 15, 15, 15, 15, 16, 16, 16, 16, 17, 17, 17, 17, 17, 17, 17, 17, 17, 17, 17, 17, 18, 18, 18], "a_turds_left": [5, 5, 5, 5, 5, 5, 5, 5, 5, 5, 5, 5, 5, 5, 5, 5, 5, 5, 5, 5, 5, 5, 5, 5, 5, 5, 5, 5, 5, 5, 5, 5, 5, 5, 5, 5, 5, 5, 5, 5, 5, 5, 5, 5, 5, 5, 5, 5, 5, 5, 5, 5, 5, 5, 5, 5, 5, 5, 5, 5, 5, 5, 5, 5, 5, 5, 5, 5, 5, 5, 5, 5, 5, 5, 5, 5, 5, 5, 5, 5], "b_turds_left": [5, 5, 5, 5, 5, 5, 5, 5, 5, 5, 5, 5, 5, 5, 5, 5, 5, 5, 5, 5, 5, 5, 5, 5, 5, 5, 5, 5, 5, 5, 5, 5, 5, 5, 5, 5, 5, 5, 5, 5, 5, 5, 5, 5, 5, 5, 5, 5, 5, 5, 5, 5, 5, 5, 5, 5, 5, 5, 5, 5, 5, 5, 5, 5, 5, 5, 5, 5, 5, 5, 5, 5, 5, 5, 5, 5, 5, 5, 5, 5], "a_time_left": [359.99964795901906, 359.99964795901906, 359.9993119169958, 359.9993119169958, 359.9989647080074, 359.9989647080074, 359.9986674160464, 359.9986674160464, 359.99831258301856, 359.99831258301856, 359.9980214580428, 359.9980214580428, 359.9973864580388, 359.9973864580388, 359.99720979103586, 359.99720979103586, 359.9970482070348, 359.9970482070348, 359.9969361239928, 359.9969361239928, 359.9967617490329, 359.9967617490329, 359.99664879008196, 359.99664879008196, 359.996540040127, 359.996540040127, 359.996451999119, 359.996451999119, 359.99634591606446, 359.99634591606446, 359.99625349906273, 359.99625349906273, 359.99615033203736, 359.99615033203736, 359.9960694150068, 359.9960694150068, 359.9959981649881, 359.9959981649881, 359.9959199980367, 359.9959199980367, 359.9958377479925, 359.9958377479925, 359.9957607059623, 359.9957607059623, 359.99566937296186, 359.99566937296186, 359.99558645597426, 359.99558645597426, 359.99548845598474, 359.99548845598474, 359.9954089979874, 359.9954089979874, 359.99530803901143, 359.99530803901143, 359.9952308310312, 359.9952308310312, 359.99513345601736, 359.99513345601736, 359.9950527480105, 359.9950527480105, 359.99497908202466, 359.99497908202466, 359.99489783204626, 359.99489783204626, 359.9948290400207, 359.9948290400207, 359.99475033098133, 359.99475033098133, 359.99468337296275, 359.99468337296275, 359.99460666498635, 359.99460666498635, 359.99453503999393, 359.99453503999393, 359.99445799796376, 359.99445799796376, 359.9943877479527, 359.9943877479527, 359.99431041494245, 359.99431041494245], "b_time_left": [360, 359.9965752910357, 359.9965752910357, 359.9947619990562, 359.9947619990562, 359.99158691603225, 359.99158691603225, 359.99081212404417, 359.99081212404417, 359.9891556240618, 359.9891556240618, 359.9883543740725, 359.9883543740725, 359.98664004012244, 359.98664004012244, 359.9863998731016, 359.9863998731016, 359.98615333111957, 359.98615333111957, 359.9859248311259, 359.9859248311259, 359.98565212311223, 359.98565212311223, 359.98552995710634, 359.98552995710634, 359.9854305401095, 359.9854305401095, 359.98533574910834, 359.98533574910834, 359.9852505411254, 359.9852505411254, 359.98515679116827, 359.98515679116827, 359.9850809161435, 359.9850809161435, 359.9849927081377, 359.9849927081377, 359.98491529212333, 359.98491529212333, 359.98481620813254, 359.98481620813254, 359.98472674912773, 359.98472674912773, 359.9846284991363, 359.9846284991363, 359.98451558314264, 359.98451558314264, 359.9844190411968, 359.9844190411968, 359.98432679119287, 359.98432679119287, 359.9842138332315, 359.9842138332315, 359.9840986242634, 359.9840986242634, 359.9840124572511, 359.9840124572511, 359.98390474927146, 359.98390474927146, 359.98380695830565, 359.98380695830565, 359.9837037503021, 359.9837037503021, 359.98360858432716, 359.98360858432716, 359.9835312922951, 359.9835312922951, 359.9834342923132, 359.9834342923132, 359.98336483427556, 359.98336483427556, 359.98327079223236, 359.98327079223236, 359.983189167222, 359.983189167222, 359.9830934172496, 359.9830934172496, 359.98300204222323, 359.98300204222323, 359.98291083425283], "a_moves_left": [39, 39, 38, 38, 37, 37, 36, 36, 35, 35, 34, 34, 33, 33, 32, 32, 31, 31, 30, 30, 29, 29, 28, 28, 27, 27, 26, 26, 25, 25, 24, 24, 23, 23, 22, 22, 21, 21, 20, 20, 19, 19, 18, 18, 17, 17, 16, 16, 15, 15, 14, 14, 13, 13, 12, 12, 11, 11, 10, 10, 9, 9, 8, 8, 7, 7, 6, 6, 5, 5, 4, 4, 3, 3, 2, 2, 1, 1, 0, 0], "b_moves_left": [40, 39, 39, 38, 38, 37, 37, 36, 36, 35, 35, 34, 34, 33, 33, 32, 32, 31, 31, 30, 30, 29, 29, 28, 28, 27, 27, 26, 26, 25, 25, 24, 24, 23, 23, 22, 22, 21, 21, 20, 20, 19, 19, 18, 18, 17, 17, 16, 16, 15, 15, 14, 14, 13, 13, 12, 12, 11, 11, 10, 10, 9, 9, 8, 8, 7, 7, 6, 6, 5, 5, 4, 4, 3, 3, 2, 2, 1, 1, 0], "trapdoor_triggered": [0, 0, 0, 0, 0, 0, 0, 0, 0, 0, 0, 0, 0, 0, 0, 0, 0, 0, 0, 0, 0, 0, 0, 0, 0, 0, 0, 0, 0, 0, 0, 0, 0, 0, 0, 0, 0, 0, 0, 0, 0, 0, 0, 0, 0, 0, 0, 0, 0, 0, 0, 0, 0, 0, 0, 0, 0, 0, 0, 0, 0, 0, 0, 0, 0, 0, 0, 0, 0, 0, 0, 0, 0, 0, 0, 0, 0, 0, 0, 0], "left_behind": ["egg", "egg", "plain", "plain", "egg", "egg", "plain", "plain", "egg", "egg", "plain", "plain", "egg", "egg", "plain", "plain", "plain", "egg", "plain", "plain", "egg", "egg", "plain", "plain", "egg", "egg", "plain", "plain", "egg", "egg", "plain", "plain", "egg", "plain", "plain", "plain", "egg", "plain", "plain", "plain", "egg", "egg", "plain", "plain", "egg", "egg", "plain", "plain", "egg", "egg", "plain", "plain", "egg", "egg", "plain", "plain", "egg", "egg", "plain", "plain", "egg", "egg", "plain", "plain", "plain", "egg", "plain", "plain", "plain", "plain", "plain", "plain", "plain", "plain", "plain", "plain", "egg", "egg", "plain", "plain"], "errlog_a": "", "errlog_b": "", "start_time": 360, "start_moves": 40, "turn_count": 80, "result": 1, "reason": "EGGS_LAID", "trapdoors": [[5, 3], [5, 2]], "spawn_a": [0, 2], "spawn_b": [7, 2]}