{"pos": [[6, 3], [0, 4], [6, 2], [1, 4], [6, 1], [1, 3], [5, 1], [1, 2], [5, 2], [1, 3], [5, 3], [1, 2], [5, 4], [0, 2], [6, 4], [0, 3], [6, 5], [0, 2], [6, 6], [0, 3], [5, 6], [0, 4], [5, 5], [0, 3], [4, 5], [0, 2], [7, 3], [0, 3], [7, 2], [1, 3], [7, 1], [0, 3], [7, 0], [1, 3], [6, 0], [1, 2], [5, 0], [1, 3], [4, 0], [1, 4], [4, 1], [0, 4], [4, 2], [0, 3], [4, 3], [0, 4], [7, 3], [0, 3], [7, 4], [0, 2], [7, 5], [1, 2], [7, 6], [0, 2], [7, 7], [0, 3], [6, 7], [0, 2], [5, 7], [0, 3], [4, 7], [0, 2], [4, 6], [0, 3], [3, 6], [0, 2], [3, 5], [0, 3], [7, 3], [0, 4], [6, 3], [0, 5], [6, 2], [0, 6], [6, 1], [0, 7], [5, 1], [0, 6], [5, 2], [0, 7]], "a_eggs_laid": [1, 1, 1, 1, 2, 2, 2, 2, 3, 3, 3, 3, 4, 4, 4, 4, 5, 5, 5, 5, 6, 6, 6, 6, 7, 7, 7, 7, 7, 7, 7, 7, 8, 8, 8, 8, 9, 9, 9, 9, 10, 10, 10, 10, 11, 11, 11, 11, 11, 11, 11, 11, 12, 12, 12, 12, 15, 15, 15, 15, 16, 16, 16, 16, 17, 17, 17, 17, 18, 18, 18, 18, 18, 18, 18, 18, 18, 18, 18, 18], "b_eggs_laid": [0, 0, 0, 0, 0, 0, 0, 0, 0, 0, 0, 0, 0, 0, 0, 0, 0, 0, 0, 0, 0, 1, 1, 1, 1, 1, 1, 5, 5, 5, 5, 5, 5, 5, 5, 5, 5, 5, 5, 5, 5, 5, 5, 5, 5, 5, 5, 9, 9, 9, 9, 9, 9, 9, 9, 9, 9, 9, 9, 9, 9, 9, 9, 9, 9, 9, 9, 9, 9, 13, 13, 13, 13, 14, 14, 14, 14, 14, 14, 14], "a_turds_left": [5, 5, 5, 5, 5, 5, 5, 5, 5, 5, 5, 5, 5, 5, 5, 5, 5, 5, 5, 5, 5, 5, 5, 5, 5, 5, 5, 5, 5, 5, 5, 5, 5, 5, 5, 5, 5, 5, 5, 5, 5, 5, 5, 5, 5, 5, 5, 5, 5, 5, 5, 5, 5, 5, 5, 5, 5, 5, 5, 5, 5, 5, 5, 5, 5, 5, 5, 5, 5, 5, 5, 5, 5, 5, 5, 5, 5, 5, 5, 5], "b_turds_left": [5, 5, 5, 5, 5, 4, 4, 4, 4, 3, 3, 2, 2, 2, 2, 1, 1, 1, 1, 1, 1, 1, 1, 1, 1, 1, 1, 1, 1, 1, 1, 1, 1, 1, 1, 1, 1, 1, 1, 1, 1, 1, 1, 0, 0, 0, 0, 0, 0, 0, 0, 0, 0, 0, 0, 0, 0, 0, 0, 0, 0, 0, 0, 0, 0, 0, 0, 0, 0, 0, 0, 0, 0, 0, 0, 0, 0, 0, 0, 0], "a_time_left": [359.9998527499847, 359.9998527499847, 359.9997828339692, 359.9997828339692, 359.9994937919546, 359.9994937919546, 359.9993359169457, 359.9993359169457, 359.99900395894656, 359.99900395894656, 359.9988908339292, 359.9988908339292, 359.9986291669193, 359.9986291669193, 359.99838033289416, 359.99838033289416, 359.99818074988434, 359.99818074988434, 359.9980441668886, 359.9980441668886, 359.9977579169208, 359.9977579169208, 359.9976158338832, 359.9976158338832, 359.9974028338911, 359.9974028338911, 359.99728150089504, 359.99728150089504, 359.9971832099254, 359.9971832099254, 359.9969998349552, 359.9969998349552, 359.99683137692045, 359.99683137692045, 359.9966976689175, 359.9966976689175, 359.9965388769051, 359.9965388769051, 359.99637483485276, 359.99637483485276, 359.9962464598357, 359.9962464598357, 359.99608891882235, 359.99608891882235, 359.99588766880333, 359.99588766880333, 359.99578425177606, 359.99578425177606, 359.99561583576724, 359.99561583576724, 359.99539304478094, 359.99539304478094, 359.99513479479356, 359.99513479479356, 359.99497450276976, 359.99497450276976, 359.9947421698016, 359.9947421698016, 359.9946315868292, 359.9946315868292, 359.9944678788306, 359.9944678788306, 359.9943532948382, 359.9943532948382, 359.9941926278407, 359.9941926278407, 359.9940746698412, 359.9940746698412, 359.99389171088114, 359.99389171088114, 359.9937852108851, 359.9937852108851, 359.9936942108907, 359.9936942108907, 359.99314541887725, 359.99314541887725, 359.9928979598917, 359.9928979598917, 359.99265520990593, 359.99265520990593], "b_time_left": [360, 358.47149504197296, 358.47149504197296, 356.9657862499589, 356.9657862499589, 355.45990549994167, 355.45990549994167, 353.9541220839601, 353.9541220839601, 352.4483569589793, 352.4483569589793, 350.9421401259606, 350.9421401259606, 349.4363243759144, 349.4363243759144, 347.93056770891417, 347.93056770891417, 346.42476345889736, 346.42476345889736, 344.9190408338909, 344.9190408338909, 343.41322016791673, 343.41322016791673, 341.9073415849125, 341.9073415849125, 340.401684043929, 340.401684043929, 338.89611266896827, 338.89611266896827, 337.39050346100703, 337.39050346100703, 335.88492587802466, 335.88492587802466, 334.37933791900286, 334.37933791900286, 332.87375229399186, 332.87375229399186, 331.36819021002157, 331.36819021002157, 329.86246700101765, 329.86246700101765, 328.3568079590332, 328.3568079590332, 326.8511917089927, 326.8511917089927, 325.34563695895486, 325.34563695895486, 323.84011108399136, 323.84011108399136, 322.33388066798216, 322.33388066798216, 320.82845125196036, 320.82845125196036, 319.3230240859557, 319.3230240859557, 317.81743721093517, 317.81743721093517, 316.3116850449005, 316.3116850449005, 314.8060469609336, 314.8060469609336, 313.30033062794246, 313.30033062794246, 311.79471291892696, 311.79471291892696, 310.2891568359337, 310.2891568359337, 308.7836622109171, 308.7836622109171, 307.2779274188797, 307.2779274188797, 305.76232496090233, 305.76232496090233, 304.2553286688635, 304.2553286688635, 302.7526073358604, 302.7526073358604, 301.24898687785026, 301.24898687785026, 299.7435537938145], "a_moves_left": [39, 39, 38, 38, 37, 37, 36, 36, 35, 35, 34, 34, 33, 33, 32, 32, 31, 31, 30, 30, 29, 29, 28, 28, 27, 27, 26, 26, 25, 25, 24, 24, 23, 23, 22, 22, 21, 21, 20, 20, 19, 19, 18, 18, 17, 17, 16, 16, 15, 15, 14, 14, 13, 13, 12, 12, 11, 11, 10, 10, 9, 9, 8, 8, 7, 7, 6, 6, 5, 5, 4, 4, 3, 3, 2, 2, 1, 1, 0, 0], "b_moves_left": [40, 39, 39, 38, 38, 37, 37, 36, 36, 35, 35, 34, 34, 33, 33, 32, 32, 31, 31, 30, 30, 29, 29, 28, 28, 27, 27, 26, 26, 25, 25, 24, 24, 23, 23, 22, 22, 21, 21, 20, 20, 19, 19, 18, 18, 17, 17, 16, 16, 15, 15, 14, 14, 13, 13, 12, 12, 11, 11, 10, 10, 9, 9, 8, 8, 7, 7, 6, 6, 5, 5, 4, 4, 3, 3, 2, 2, 1, 1, 0], "trapdoor_triggered": [0, 0, 0, 0, 0, 0, 0, 0, 0, 0, 0, 0, 0, 0, 0, 0, 0, 0, 0, 0, 0, 0, 0, 0, 0, 0, 1, 0, 0, 0, 0, 0, 0, 0, 0, 0, 0, 0, 0, 0, 0, 0, 0, 0, 0, 0, 1, 0, 0, 0, 0, 0, 0, 0, 0, 0, 0, 0, 0, 0, 0, 0, 0, 0, 0, 0, 0, 0, 1, 0, 0, 0, 0, 0, 0, 0, 0, 0, 0, 0], "left_behind": ["egg", "plain", "plain", "plain", "egg", "turd", "plain", "plain", "egg", "turd", "plain", "turd", "egg", "plain", "plain", "turd", "egg", "plain", "plain", "plain", "egg", "egg", "plain", "plain", "egg", "plain", "plain", "plain", "plain", "plain", "plain", "plain", "egg", "plain", "plain", "plain", "egg", "plain", "plain", "plain", "egg", "plain", "plain", "turd", "egg", "plain", "plain", "plain", "plain", "plain", "plain", "plain", "egg", "plain", "plain", "plain", "egg", "plain", "plain", "plain", "egg", "plain", "plain", "plain", "egg", "plain", "plain", "plain", "egg", "plain", "plain", "plain", "plain", "egg", "plain", "plain", "plain", "plain", "plain", "plain"], "errlog_a": "", "errlog_b": "", "start_time": 360, "start_moves": 40, "turn_count": 80, "result": 0, "reason": "EGGS_LAID", "trapdoors": [[4, 4], [3, 4]], "spawn_a": [7, 3], "spawn_b": [0, 3]}