{"pos": [[1, 4], [6, 4], [1, 3], [7, 4], [0, 3], [6, 4], [0, 2], [7, 4], [1, 2], [7, 3], [1, 1], [6, 3], [0, 1], [6, 4], [0, 0], [7, 4], [1, 0], [7, 3], [2, 0], [7, 2], [2, 1], [7, 1], [3, 1], [6, 1], [2, 1], [7, 1], [2, 2], [6, 1], [2, 1], [6, 0], [1, 1], [6, 1], [0, 1], [5, 1], [0, 2], [6, 1], [1, 2], [6, 0], [1, 3], [6, 1], [2, 3], [5, 1], [2, 2], [4, 1], [2, 3], [4, 0], [2, 2], [3, 0], [2, 3], [4, 0], [1, 3], [3, 0], [1, 4], [4, 0], [1, 5], [4, 1], [2, 5], [4, 0], [3, 5], [3, 0], [3, 4], [4, 0], [4, 4], [4, 1], [4, 3], [5, 1], [4, 2], [6, 1], [4, 3], [7, 1], [5, 3], [7, 2], [4, 3], [6, 2], [4, 2], [6, 3], [4, 3], [7, 3], [5, 3], [7, 2]], "a_eggs_laid": [1, 1, 1, 1, 2, 2, 2, 2, 3, 3, 3, 3, 4, 4, 4, 4, 7, 7, 7, 7, 8, 8, 8, 8, 9, 9, 9, 9, 10, 10, 10, 10, 10, 10, 10, 10, 10, 10, 10, 10, 10, 10, 10, 10, 10, 10, 10, 10, 10, 10, 10, 10, 10, 10, 10, 10, 11, 11, 11, 11, 12, 12, 12, 12, 13, 13, 13, 13, 14, 14, 14, 14, 15, 15, 15, 15, 15, 15, 15, 15], "b_eggs_laid": [0, 0, 0, 0, 0, 0, 0, 0, 0, 0, 0, 0, 0, 1, 1, 1, 1, 1, 1, 1, 1, 1, 1, 1, 1, 1, 1, 1, 1, 2, 2, 2, 2, 2, 2, 2, 2, 2, 2, 2, 2, 2, 2, 2, 2, 2, 2, 2, 2, 2, 2, 2, 2, 2, 2, 2, 2, 2, 2, 2, 2, 2, 2, 2, 2, 3, 3, 3, 3, 3, 3, 3, 3, 3, 3, 3, 3, 3, 3, 3], "a_turds_left": [5, 5, 5, 5, 5, 5, 5, 5, 5, 5, 5, 5, 5, 5, 5, 5, 5, 5, 5, 5, 5, 5, 5, 5, 5, 5, 5, 5, 5, 5, 5, 5, 5, 5, 5, 5, 5, 5, 5, 5, 5, 5, 5, 5, 5, 5, 5, 5, 5, 5, 5, 5, 5, 5, 5, 5, 5, 5, 5, 5, 5, 5, 5, 5, 5, 5, 5, 5, 5, 5, 5, 5, 5, 5, 5, 5, 5, 5, 5, 5], "b_turds_left": [5, 4, 4, 3, 3, 3, 3, 3, 3, 3, 3, 3, 3, 3, 3, 3, 3, 3, 3, 3, 3, 2, 2, 1, 1, 1, 1, 1, 1, 1, 1, 1, 1, 1, 1, 1, 1, 1, 1, 1, 1, 1, 1, 0, 0, 0, 0, 0, 0, 0, 0, 0, 0, 0, 0, 0, 0, 0, 0, 0, 0, 0, 0, 0, 0, 0, 0, 0, 0, 0, 0, 0, 0, 0, 0, 0, 0, 0, 0, 0], "a_time_left": [359.9996839170344, 359.9996839170344, 359.99943812499987, 359.99943812499987, 359.9988902499899, 359.9988902499899, 359.99857270898065, 359.99857270898065, 359.9981510840007, 359.9981510840007, 359.9978148340015, 359.9978148340015, 359.9971322499914, 359.9971322499914, 359.99681766697904, 359.99681766697904, 359.99649400101043, 359.99649400101043, 359.9961640429683, 359.9961640429683, 359.9955540429801, 359.9955540429801, 359.99492279300466, 359.99492279300466, 359.9942675429629, 359.9942675429629, 359.9937693339307, 359.9937693339307, 359.9932675839518, 359.9932675839518, 359.99151262495434, 359.99151262495434, 359.9910996669205, 359.9910996669205, 359.99050966690993, 359.99050966690993, 359.9900999169331, 359.9900999169331, 359.98972512595356, 359.98972512595356, 359.9891970429453, 359.9891970429453, 359.9888980849646, 359.9888980849646, 359.98846650199266, 359.98846650199266, 359.9879843770177, 359.9879843770177, 359.9875968769775, 359.9875968769775, 359.9873152519576, 359.9873152519576, 359.98693883494707, 359.98693883494707, 359.9865453769453, 359.9865453769453, 359.9862174609443, 359.9862174609443, 359.985941960942, 359.985941960942, 359.98549758596346, 359.98549758596346, 359.9851487529231, 359.9851487529231, 359.98472996091004, 359.98472996091004, 359.98440704494715, 359.98440704494715, 359.98415237898007, 359.98415237898007, 359.98390342097264, 359.98390342097264, 359.98353271197993, 359.98353271197993, 359.9831062540179, 359.9831062540179, 359.98285362904426, 359.98285362904426, 359.98259067104664, 359.98259067104664], "b_time_left": [360, 358.46412245801184, 358.46412245801184, 356.95838208298665, 356.95838208298665, 355.45270054094726, 355.45270054094726, 353.946907290956, 353.946907290956, 352.4410853739246, 352.4410853739246, 350.93534949893365, 350.93534949893365, 349.42962124891346, 349.42962124891346, 347.92395362391835, 347.92395362391835, 346.4181919579278, 346.4181919579278, 344.91220474994043, 344.91220474994043, 343.4056709159049, 343.4056709159049, 341.90511233190773, 341.90511233190773, 340.39959328988334, 340.39959328988334, 338.895128039876, 338.895128039876, 337.38822787289973, 337.38822787289973, 335.88266112288693, 335.88266112288693, 334.37696112290723, 334.37696112290723, 332.87144908087794, 332.87144908087794, 331.36877137288684, 331.36877137288684, 329.86303537286585, 329.86303537286585, 328.35730874788715, 328.35730874788715, 326.85190328990575, 326.85190328990575, 325.34621766489, 325.34621766489, 323.8407694148482, 323.8407694148482, 322.3350977478549, 322.3350977478549, 320.82964674785035, 320.82964674785035, 319.32541737280553, 319.32541737280553, 317.81975824781694, 317.81975824781694, 316.31406599777984, 316.31406599777984, 314.8084619147703, 314.8084619147703, 313.30289383075433, 313.30289383075433, 311.7974662887282, 311.7974662887282, 310.2916948297061, 310.2916948297061, 308.7860944546992, 308.7860944546992, 307.2804017467424, 307.2804017467424, 305.77487199677853, 305.77487199677853, 304.26942045480246, 304.26942045480246, 302.763419537805, 302.763419537805, 301.2578919958323, 301.2578919958323, 299.75231341284234], "a_moves_left": [39, 39, 38, 38, 37, 37, 36, 36, 35, 35, 34, 34, 33, 33, 32, 32, 31, 31, 30, 30, 29, 29, 28, 28, 27, 27, 26, 26, 25, 25, 24, 24, 23, 23, 22, 22, 21, 21, 20, 20, 19, 19, 18, 18, 17, 17, 16, 16, 15, 15, 14, 14, 13, 13, 12, 12, 11, 11, 10, 10, 9, 9, 8, 8, 7, 7, 6, 6, 5, 5, 4, 4, 3, 3, 2, 2, 1, 1, 0, 0], "b_moves_left": [40, 39, 39, 38, 38, 37, 37, 36, 36, 35, 35, 34, 34, 33, 33, 32, 32, 31, 31, 30, 30, 29, 29, 28, 28, 27, 27, 26, 26, 25, 25, 24, 24, 23, 23, 22, 22, 21, 21, 20, 20, 19, 19, 18, 18, 17, 17, 16, 16, 15, 15, 14, 14, 13, 13, 12, 12, 11, 11, 10, 10, 9, 9, 8, 8, 7, 7, 6, 6, 5, 5, 4, 4, 3, 3, 2, 2, 1, 1, 0], "trapdoor_triggered": [0, 0, 0, 0, 0, 0, 0, 0, 0, 0, 0, 0, 0, 0, 0, 0, 0, 0, 0, 0, 0, 0, 0, 0, 0, 0, 0, 0, 0, 0, 0, 0, 0, 0, 0, 0, 0, 0, 0, 0, 0, 0, 0, 0, 0, 0, 0, 0, 0, 0, 0, 0, 0, 0, 0, 0, 0, 0, 0, 0, 0, 0, 0, 0, 0, 0, 0, 0, 0, 0, 0, 0, 0, 0, 0, 0, 0, 0, 0, 0], "left_behind": ["egg", "turd", "plain", "turd", "egg", "plain", "plain", "plain", "egg", "plain", "plain", "plain", "egg", "egg", "plain", "plain", "egg", "plain", "plain", "plain", "egg", "turd", "plain", "turd", "egg", "plain", "plain", "plain", "egg", "egg", "plain", "plain", "plain", "plain", "plain", "plain", "plain", "plain", "plain", "plain", "plain", "plain", "plain", "turd", "plain", "plain", "plain", "plain", "plain", "plain", "plain", "plain", "plain", "plain", "plain", "plain", "egg", "plain", "plain", "plain", "egg", "plain", "plain", "plain", "egg", "egg", "plain", "plain", "egg", "plain", "plain", "plain", "egg", "plain", "plain", "plain", "plain", "plain", "plain", "plain"], "errlog_a": "", "errlog_b": "", "start_time": 360, "start_moves": 40, "turn_count": 80, "result": 0, "reason": "EGGS_LAID", "trapdoors": [[3, 3], [3, 2]], "spawn_a": [0, 4], "spawn_b": [7, 4]}