{"pos": [[6, 3], [1, 3], [6, 2], [1, 2], [7, 2], [0, 2], [7, 1], [0, 1], [7, 0], [1, 1], [6, 0], [2, 1], [6, 1], [2, 0], [5, 1], [3, 0], [5, 0], [3, 1], [4, 0], [4, 1], [5, 0], [3, 1], [5, 1], [4, 1], [6, 1], [4, 2], [6, 2], [4, 1], [6, 3], [4, 2], [6, 4], [3, 2], [6, 5], [2, 2], [6, 6], [2, 3], [5, 6], [3, 3], [4, 6], [3, 4], [4, 5], [3, 3], [5, 5], [3, 4], [5, 4], [2, 4], [5, 3], [2, 5], [4, 3], [2, 6], [4, 2], [3, 6], [4, 3], [3, 7], [4, 2], [4, 7], [4, 3], [5, 7], [5, 3], [5, 6], [5, 4], [5, 7], [6, 4], [6, 7], [7, 4], [7, 7], [7, 5], [7, 6], [6, 5], [7, 7], [6, 6], [7, 6], [6, 5], [7, 7], [5, 5], [6, 7], [4, 5], [5, 7], [4, 6], [5, 6]], "a_eggs_laid": [1, 1, 1, 1, 2, 2, 2, 2, 3, 3, 3, 3, 4, 4, 4, 4, 5, 5, 5, 5, 6, 6, 6, 6, 6, 6, 6, 6, 6, 6, 6, 6, 7, 7, 7, 7, 8, 8, 8, 8, 9, 9, 9, 9, 10, 10, 10, 10, 11, 11, 11, 11, 12, 12, 12, 12, 12, 12, 12, 12, 12, 12, 12, 12, 12, 12, 12, 12, 13, 13, 13, 13, 13, 13, 13, 13, 13, 13, 13, 13], "b_eggs_laid": [0, 1, 1, 1, 1, 2, 2, 2, 2, 3, 3, 3, 3, 4, 4, 4, 4, 5, 5, 5, 5, 6, 6, 6, 6, 6, 6, 6, 6, 6, 6, 6, 6, 7, 7, 7, 7, 8, 8, 8, 8, 9, 9, 9, 9, 9, 9, 9, 9, 10, 10, 10, 10, 11, 11, 11, 11, 12, 12, 12, 12, 13, 13, 13, 13, 14, 14, 14, 14, 15, 15, 15, 15, 15, 15, 15, 15, 15, 15, 15], "a_turds_left": [5, 5, 5, 5, 5, 5, 5, 5, 5, 5, 5, 5, 5, 5, 5, 5, 5, 5, 5, 5, 5, 5, 5, 5, 5, 5, 5, 5, 5, 5, 5, 5, 5, 5, 5, 5, 5, 5, 5, 5, 5, 5, 5, 5, 5, 5, 5, 5, 5, 5, 5, 5, 5, 5, 5, 5, 5, 5, 5, 5, 5, 5, 5, 5, 5, 5, 5, 5, 5, 5, 5, 5, 5, 5, 5, 5, 5, 5, 5, 5], "b_turds_left": [5, 5, 5, 5, 5, 5, 5, 5, 5, 5, 5, 5, 5, 5, 5, 5, 5, 5, 5, 5, 5, 5, 5, 5, 5, 5, 5, 5, 5, 5, 5, 5, 5, 5, 5, 5, 5, 5, 5, 5, 5, 5, 5, 5, 5, 5, 5, 5, 5, 5, 5, 5, 5, 5, 5, 5, 5, 5, 5, 5, 5, 5, 5, 5, 5, 5, 5, 5, 5, 5, 5, 5, 5, 5, 5, 5, 5, 5, 5, 5], "a_time_left": [359.9996650000103, 359.9996650000103, 359.99937366705853, 359.99937366705853, 359.9990172921098, 359.9990172921098, 359.998762750125, 359.998762750125, 359.99846312514273, 359.99846312514273, 359.9981797921355, 359.9981797921355, 359.99784020811785, 359.99784020811785, 359.99757420812966, 359.99757420812966, 359.9972412501811, 359.9972412501811, 359.99699779215734, 359.99699779215734, 359.9967688341858, 359.9967688341858, 359.9965245841886, 359.9965245841886, 359.9962810431607, 359.9962810431607, 359.99600733513944, 359.99600733513944, 359.993487877131, 359.993487877131, 359.9933740851702, 359.9933740851702, 359.9932586271316, 359.9932586271316, 359.99313712713774, 359.99313712713774, 359.99301312712487, 359.99301312712487, 359.9929183771601, 359.9929183771601, 359.992810085183, 359.992810085183, 359.9927191271563, 359.9927191271563, 359.992621668207, 359.992621668207, 359.9925275852438, 359.9925275852438, 359.99242829420837, 359.99242829420837, 359.9923486271873, 359.9923486271873, 359.99227416916983, 359.99227416916983, 359.99219150218414, 359.99219150218414, 359.9921268351609, 359.9921268351609, 359.9920467521879, 359.9920467521879, 359.9919710851973, 359.9919710851973, 359.9918895851588, 359.9918895851588, 359.9918163771508, 359.9918163771508, 359.9917468771455, 359.9917468771455, 359.9916825851542, 359.9916825851542, 359.9916045021964, 359.9916045021964, 359.9915539192152, 359.9915539192152, 359.99147512722993, 359.99147512722993, 359.9914008352207, 359.9914008352207, 359.99132012721384, 359.99132012721384], "b_time_left": [360, 359.99982720898697, 359.99982720898697, 359.9994732500054, 359.9994732500054, 359.9991193750175, 359.9991193750175, 359.99896724999417, 359.99896724999417, 359.99862762499833, 359.99862762499833, 359.99822308297735, 359.99822308297735, 359.9980674579274, 359.9980674579274, 359.99777237389935, 359.99777237389935, 359.9974497068906, 359.9974497068906, 359.99731383193284, 359.99731383193284, 359.99699974793475, 359.99699974793475, 359.9967084979289, 359.9967084979289, 359.9964946229011, 359.9964946229011, 359.99619803990936, 359.99619803990936, 359.99610845692223, 359.99610845692223, 359.99598999891896, 359.99598999891896, 359.9958711658837, 359.9958711658837, 359.9957654578611, 359.9957654578611, 359.99564274883596, 359.99564274883596, 359.99554379080655, 359.99554379080655, 359.99542387382826, 359.99542387382826, 359.9953384568216, 359.9953384568216, 359.99525720684323, 359.99525720684323, 359.99515953985974, 359.99515953985974, 359.995054123865, 359.995054123865, 359.99497012386564, 359.99497012386564, 359.9948790408671, 359.9948790408671, 359.99480333185056, 359.99480333185056, 359.9947299568448, 359.9947299568448, 359.99465524882544, 359.99465524882544, 359.99459595780354, 359.99459595780354, 359.9945202078088, 359.9945202078088, 359.9944420828251, 359.9944420828251, 359.99437574885087, 359.99437574885087, 359.99431233183714, 359.99431233183714, 359.99425216484815, 359.99425216484815, 359.9942026238423, 359.9942026238423, 359.99413966585416, 359.99413966585416, 359.99407995684305, 359.99407995684305, 359.9940049148281], "a_moves_left": [39, 39, 38, 38, 37, 37, 36, 36, 35, 35, 34, 34, 33, 33, 32, 32, 31, 31, 30, 30, 29, 29, 28, 28, 27, 27, 26, 26, 25, 25, 24, 24, 23, 23, 22, 22, 21, 21, 20, 20, 19, 19, 18, 18, 17, 17, 16, 16, 15, 15, 14, 14, 13, 13, 12, 12, 11, 11, 10, 10, 9, 9, 8, 8, 7, 7, 6, 6, 5, 5, 4, 4, 3, 3, 2, 2, 1, 1, 0, 0], "b_moves_left": [40, 39, 39, 38, 38, 37, 37, 36, 36, 35, 35, 34, 34, 33, 33, 32, 32, 31, 31, 30, 30, 29, 29, 28, 28, 27, 27, 26, 26, 25, 25, 24, 24, 23, 23, 22, 22, 21, 21, 20, 20, 19, 19, 18, 18, 17, 17, 16, 16, 15, 15, 14, 14, 13, 13, 12, 12, 11, 11, 10, 10, 9, 9, 8, 8, 7, 7, 6, 6, 5, 5, 4, 4, 3, 3, 2, 2, 1, 1, 0], "trapdoor_triggered": [0, 0, 0, 0, 0, 0, 0, 0, 0, 0, 0, 0, 0, 0, 0, 0, 0, 0, 0, 0, 0, 0, 0, 0, 0, 0, 0, 0, 0, 0, 0, 0, 0, 0, 0, 0, 0, 0, 0, 0, 0, 0, 0, 0, 0, 0, 0, 0, 0, 0, 0, 0, 0, 0, 0, 0, 0, 0, 0, 0, 0, 0, 0, 0, 0, 0, 0, 0, 0, 0, 0, 0, 0, 0, 0, 0, 0, 0, 0, 0], "left_behind": ["egg", "egg", "plain", "plain", "egg", "egg", "plain", "plain", "egg", "egg", "plain", "plain", "egg", "egg", "plain", "plain", "egg", "egg", "plain", "plain", "egg", "egg", "plain", "plain", "plain", "plain", "plain", "plain", "plain", "plain", "plain", "plain", "egg", "egg", "plain", "plain", "egg", "egg", "plain", "plain", "egg", "egg", "plain", "plain", "egg", "plain", "plain", "plain", "egg", "egg", "plain", "plain", "egg", "egg", "plain", "plain", "plain", "egg", "plain", "plain", "plain", "egg", "plain", "plain", "plain", "egg", "plain", "plain", "egg", "egg", "plain", "plain", "plain", "plain", "plain", "plain", "plain", "plain", "plain", "plain"], "errlog_a": "", "errlog_b": "", "start_time": 360, "start_moves": 40, "turn_count": 80, "result": 1, "reason": "EGGS_LAID", "trapdoors": [[3, 5], [5, 2]], "spawn_a": [7, 3], "spawn_b": [0, 3]}