{"pos": [[1, 2], [7, 3], [1, 1], [6, 3], [0, 1], [6, 4], [0, 0], [6, 3], [1, 0], [6, 4], [2, 0], [7, 4], [2, 1], [7, 5], [3, 1], [7, 4], [3, 0], [7, 3], [4, 0], [7, 4], [4, 1], [7, 5], [5, 1], [6, 5], [5, 0], [6, 6], [6, 0], [6, 5], [6, 1], [6, 6], [6, 2], [5, 6], [5, 2], [5, 7], [4, 2], [4, 7], [3, 2], [4, 6], [2, 2], [5, 6], [2, 1], [5, 7], [3, 1], [4, 7], [4, 1], [3, 7], [5, 1], [2, 7], [6, 1], [3, 7], [7, 1], [4, 7], [7, 0], [5, 7], [6, 0], [5, 6], [5, 0], [4, 6], [4, 0], [5, 6], [3, 0], [6, 6], [2, 0], [5, 6], [1, 0], [5, 5], [1, 1], [5, 6], [1, 2], [6, 6], [1, 3], [7, 6], [0, 3], [6, 6], [0, 4], [6, 7], [0, 3], [5, 7], [1, 3], [5, 6]], "a_eggs_laid": [1, 1, 1, 1, 2, 2, 2, 2, 5, 5, 5, 5, 6, 6, 6, 6, 7, 7, 7, 7, 8, 8, 8, 8, 9, 9, 9, 9, 10, 10, 10, 10, 11, 11, 11, 11, 12, 12, 12, 12, 13, 13, 13, 13, 13, 13, 13, 13, 13, 13, 13, 13, 14, 14, 14, 14, 14, 14, 14, 14, 14, 14, 14, 14, 14, 14, 14, 14, 14, 14, 14, 14, 15, 15, 15, 15, 16, 16, 16, 16], "b_eggs_laid": [0, 0, 0, 0, 0, 0, 0, 0, 0, 1, 1, 1, 1, 1, 1, 1, 1, 1, 1, 1, 1, 1, 1, 1, 1, 1, 1, 1, 1, 1, 1, 1, 1, 2, 2, 2, 2, 3, 3, 3, 3, 3, 3, 3, 3, 3, 3, 3, 3, 4, 4, 4, 4, 4, 4, 4, 4, 4, 4, 4, 4, 4, 4, 4, 4, 4, 4, 4, 4, 4, 4, 4, 4, 4, 4, 4, 4, 4, 4, 4], "a_turds_left": [5, 5, 5, 5, 5, 5, 5, 5, 5, 5, 5, 5, 5, 5, 5, 5, 5, 5, 5, 5, 5, 5, 5, 5, 5, 5, 5, 5, 5, 5, 5, 5, 5, 5, 5, 5, 5, 5, 5, 5, 5, 5, 5, 5, 5, 5, 5, 5, 5, 5, 5, 5, 5, 5, 5, 5, 5, 5, 5, 5, 5, 5, 5, 5, 5, 5, 5, 5, 5, 5, 5, 5, 5, 5, 5, 5, 5, 5, 5, 5], "b_turds_left": [5, 5, 5, 4, 4, 4, 4, 4, 4, 4, 4, 4, 4, 3, 3, 2, 2, 2, 2, 2, 2, 2, 2, 2, 2, 1, 1, 1, 1, 1, 1, 1, 1, 1, 1, 0, 0, 0, 0, 0, 0, 0, 0, 0, 0, 0, 0, 0, 0, 0, 0, 0, 0, 0, 0, 0, 0, 0, 0, 0, 0, 0, 0, 0, 0, 0, 0, 0, 0, 0, 0, 0, 0, 0, 0, 0, 0, 0, 0, 0], "a_time_left": [359.9996342919767, 359.9996342919767, 359.999381541973, 359.999381541973, 359.998836041952, 359.998836041952, 359.9984502089792, 359.9984502089792, 359.99783312599175, 359.99783312599175, 359.99751095997635, 359.99751095997635, 359.99718154396396, 359.99718154396396, 359.99685191892786, 359.99685191892786, 359.99633508588886, 359.99633508588886, 359.99598929384956, 359.99598929384956, 359.9952727108612, 359.9952727108612, 359.99496096087387, 359.99496096087387, 359.9945672948379, 359.9945672948379, 359.994291127834, 359.994291127834, 359.9939522528439, 359.9939522528439, 359.99361621186836, 359.99361621186836, 359.99295079585863, 359.99295079585863, 359.99255054583773, 359.99255054583773, 359.9921565038385, 359.9921565038385, 359.99184271186823, 359.99184271186823, 359.99148654489545, 359.99148654489545, 359.9911680868827, 359.9911680868827, 359.9906237949035, 359.9906237949035, 359.9902822528966, 359.9902822528966, 359.9899169199052, 359.9899169199052, 359.98936900286935, 359.98936900286935, 359.9890727949096, 359.9890727949096, 359.9887057119631, 359.9887057119631, 359.98736879596254, 359.98736879596254, 359.9868196710013, 359.9868196710013, 359.98647492099553, 359.98647492099553, 359.98618183803046, 359.98618183803046, 359.98566500504967, 359.98566500504967, 359.98524967202684, 359.98524967202684, 359.9849013380008, 359.9849013380008, 359.9845310469973, 359.9845310469973, 359.9840532129747, 359.9840532129747, 359.98378758796025, 359.98378758796025, 359.9831297129276, 359.9831297129276, 359.9825515039265, 359.9825515039265], "b_time_left": [360, 358.46625820803456, 358.46625820803456, 356.96049112500623, 356.96049112500623, 355.4546672090073, 355.4546672090073, 353.9492443340132, 353.9492443340132, 352.4435302930069, 352.4435302930069, 350.937811085023, 350.937811085023, 349.43200175103266, 349.43200175103266, 347.9263032510062, 347.9263032510062, 346.42036604200257, 346.42036604200257, 344.9146369170048, 344.9146369170048, 343.4089597919956, 343.4089597919956, 341.90339245897485, 341.90339245897485, 340.3974570839782, 340.3974570839782, 338.89180745900376, 338.89180745900376, 337.3861284169834, 337.3861284169834, 335.8801232499536, 335.8801232499536, 334.37454358290415, 334.37454358290415, 332.86893724894617, 332.86893724894617, 331.36325437395135, 331.36325437395135, 329.85771662392654, 329.85771662392654, 328.35209479095647, 328.35209479095647, 326.8465467079077, 326.8465467079077, 325.3408150828909, 325.3408150828909, 323.8352204998373, 323.8352204998373, 322.3296245408128, 322.3296245408128, 320.8241438327823, 320.8241438327823, 319.31861379079055, 319.31861379079055, 317.81017812382197, 317.81017812382197, 316.3044007488061, 316.3044007488061, 314.79873562383, 314.79873562383, 313.2929822068545, 313.2929822068545, 311.7873641238548, 311.7873641238548, 310.2817261238233, 310.2817261238233, 308.7759967078455, 308.7759967078455, 307.2702749168384, 307.2702749168384, 305.7646535828244, 305.7646535828244, 304.2589310827898, 304.2589310827898, 302.7535235407995, 302.7535235407995, 301.2469654988381, 301.2469654988381, 299.7414366658777], "a_moves_left": [39, 39, 38, 38, 37, 37, 36, 36, 35, 35, 34, 34, 33, 33, 32, 32, 31, 31, 30, 30, 29, 29, 28, 28, 27, 27, 26, 26, 25, 25, 24, 24, 23, 23, 22, 22, 21, 21, 20, 20, 19, 19, 18, 18, 17, 17, 16, 16, 15, 15, 14, 14, 13, 13, 12, 12, 11, 11, 10, 10, 9, 9, 8, 8, 7, 7, 6, 6, 5, 5, 4, 4, 3, 3, 2, 2, 1, 1, 0, 0], "b_moves_left": [40, 39, 39, 38, 38, 37, 37, 36, 36, 35, 35, 34, 34, 33, 33, 32, 32, 31, 31, 30, 30, 29, 29, 28, 28, 27, 27, 26, 26, 25, 25, 24, 24, 23, 23, 22, 22, 21, 21, 20, 20, 19, 19, 18, 18, 17, 17, 16, 16, 15, 15, 14, 14, 13, 13, 12, 12, 11, 11, 10, 10, 9, 9, 8, 8, 7, 7, 6, 6, 5, 5, 4, 4, 3, 3, 2, 2, 1, 1, 0], "trapdoor_triggered": [0, 0, 0, 0, 0, 0, 0, 0, 0, 0, 0, 0, 0, 0, 0, 0, 0, 0, 0, 0, 0, 0, 0, 0, 0, 0, 0, 0, 0, 0, 0, 0, 0, 0, 0, 0, 0, 0, 0, 0, 0, 0, 0, 0, 0, 0, 0, 0, 0, 0, 0, 0, 0, 0, 0, 0, 0, 0, 0, 0, 0, 0, 0, 0, 0, 0, 0, 0, 0, 0, 0, 0, 0, 0, 0, 0, 0, 0, 0, 0], "left_behind": ["egg", "plain", "plain", "turd", "egg", "plain", "plain", "plain", "egg", "egg", "plain", "plain", "egg", "turd", "plain", "turd", "egg", "plain", "plain", "plain", "egg", "plain", "plain", "plain", "egg", "turd", "plain", "plain", "egg", "plain", "plain", "plain", "egg", "egg", "plain", "turd", "egg", "egg", "plain", "plain", "egg", "plain", "plain", "plain", "plain", "plain", "plain", "plain", "plain", "egg", "plain", "plain", "egg", "plain", "plain", "plain", "plain", "plain", "plain", "plain", "plain", "plain", "plain", "plain", "plain", "plain", "plain", "plain", "plain", "plain", "plain", "plain", "egg", "plain", "plain", "plain", "egg", "plain", "plain", "plain"], "errlog_a": "", "errlog_b": "", "start_time": 360, "start_moves": 40, "turn_count": 80, "result": 0, "reason": "EGGS_LAID", "trapdoors": [[3, 5], [3, 4]], "spawn_a": [0, 2], "spawn_b": [7, 2]}