{"pos": [[7, 4], [0, 4], [6, 4], [1, 4], [6, 3], [1, 3], [5, 3], [2, 3], [6, 3], [2, 4], [6, 2], [2, 5], [6, 1], [3, 5], [6, 2], [3, 4], [6, 1], [0, 5], [6, 2], [0, 6], [6, 1], [0, 7], [6, 2], [1, 7], [6, 1], [1, 6], [6, 2], [1, 5], [6, 1], [2, 5], [6, 2], [3, 5], [6, 1], [3, 6], [6, 2], [3, 5], [6, 1], [3, 6], [6, 2], [2, 6], [6, 1], [2, 7], [6, 2], [1, 7], [6, 1], [0, 7], [6, 2], [0, 6], [6, 1], [0, 7], [6, 2], [0, 6], [6, 1], [1, 6], [6, 2], [0, 6], [6, 1], [0, 7], [6, 2], [0, 6], [6, 1], [0, 7], [6, 2], [1, 7], [6, 1], [2, 7], [6, 2], [3, 7], [6, 1], [4, 7], [6, 2], [4, 6], [6, 1], [3, 6], [6, 2], [3, 7], [6, 1], [2, 7], [6, 2], [3, 7]], "a_eggs_laid": [1, 1, 1, 1, 2, 2, 2, 2, 3, 3, 3, 3, 4, 4, 4, 4, 4, 4, 8, 8, 8, 8, 8, 8, 8, 8, 8, 8, 8, 8, 8, 8, 8, 8, 8, 8, 8, 8, 8, 8, 8, 8, 8, 8, 8, 8, 8, 8, 8, 8, 8, 8, 8, 8, 8, 8, 8, 8, 8, 8, 8, 8, 8, 8, 8, 8, 8, 8, 8, 8, 8, 8, 8, 8, 8, 8, 8, 8, 8, 8], "b_eggs_laid": [0, 0, 0, 0, 0, 0, 0, 0, 0, 0, 0, 0, 0, 0, 0, 0, 0, 0, 0, 0, 0, 0, 0, 3, 3, 3, 3, 3, 3, 3, 3, 3, 3, 3, 3, 4, 4, 4, 4, 4, 4, 4, 4, 4, 4, 4, 4, 4, 4, 4, 4, 4, 4, 4, 4, 4, 4, 4, 4, 4, 4, 4, 4, 4, 4, 4, 4, 4, 4, 4, 4, 5, 5, 5, 5, 5, 5, 5, 5, 5], "a_turds_left": [5, 5, 5, 5, 5, 5, 5, 5, 5, 5, 5, 5, 5, 5, 5, 5, 5, 5, 5, 5, 5, 5, 5, 5, 5, 5, 5, 5, 5, 5, 5, 5, 5, 5, 5, 5, 5, 5, 5, 5, 5, 5, 5, 5, 5, 5, 5, 5, 5, 5, 5, 5, 5, 5, 5, 5, 5, 5, 5, 5, 5, 5, 5, 5, 5, 5, 5, 5, 5, 5, 5, 5, 5, 5, 5, 5, 5, 5, 5, 5], "b_turds_left": [5, 4, 4, 3, 3, 2, 2, 2, 2, 2, 2, 2, 2, 2, 2, 2, 2, 1, 1, 1, 1, 0, 0, 0, 0, 0, 0, 0, 0, 0, 0, 0, 0, 0, 0, 0, 0, 0, 0, 0, 0, 0, 0, 0, 0, 0, 0, 0, 0, 0, 0, 0, 0, 0, 0, 0, 0, 0, 0, 0, 0, 0, 0, 0, 0, 0, 0, 0, 0, 0, 0, 0, 0, 0, 0, 0, 0, 0, 0, 0], "a_time_left": [359.56239737500437, 359.56239737500437, 359.3878137500142, 359.3878137500142, 358.61660795798525, 358.61660795798525, 358.2195880829822, 358.2195880829822, 357.41478024900425, 357.41478024900425, 357.1634173739585, 357.1634173739585, 356.5624248739914, 356.5624248739914, 356.39262745698215, 356.39262745698215, 356.08605570695363, 356.08605570695363, 355.9806373739848, 355.9806373739848, 355.8193181649549, 355.8193181649549, 355.6845421649632, 355.6845421649632, 355.6272449979442, 355.6272449979442, 355.2094689979567, 355.2094689979567, 355.1051017899881, 355.1051017899881, 354.69102999800816, 354.69102999800816, 354.5850834980374, 354.5850834980374, 354.1705472070025, 354.1705472070025, 354.0698929569917, 354.0698929569917, 353.95284420700045, 353.95284420700045, 353.8461719159968, 353.8461719159968, 353.6153930830187, 353.6153930830187, 353.54103900003247, 353.54103900003247, 353.4855522910366, 353.4855522910366, 353.40563200000906, 353.40563200000906, 353.34759133303305, 353.34759133303305, 353.266407291987, 353.266407291987, 352.88021041697357, 352.88021041697357, 352.8052787089837, 352.8052787089837, 352.75104508397635, 352.75104508397635, 352.6712278340128, 352.6712278340128, 352.6142967090127, 352.6142967090127, 352.5326732089743, 352.5326732089743, 352.2970469169668, 352.2970469169668, 352.2264423749293, 352.2264423749293, 351.2420762919355, 351.2420762919355, 351.1306214169017, 351.1306214169017, 351.0115975838853, 351.0115975838853, 350.9706726248842, 350.9706726248842, 350.9392841248773, 350.9392841248773], "b_time_left": [360, 358.4597387909889, 358.4597387909889, 356.9539939989918, 356.9539939989918, 355.4481669579982, 355.4481669579982, 353.94244241603883, 353.94244241603883, 352.4366497070296, 352.4366497070296, 350.93091724900296, 350.93091724900296, 349.4250988329877, 349.4250988329877, 347.91946179093793, 347.91946179093793, 346.41359037393704, 346.41359037393704, 344.9074631659314, 344.9074631659314, 343.4015867909184, 343.4015867909184, 341.89623374893563, 341.89623374893563, 340.390620498918, 340.390620498918, 338.8850184989278, 338.8850184989278, 337.3793951239786, 337.3793951239786, 335.87377341499086, 335.87377341499086, 334.36830991500756, 334.36830991500756, 332.862618707004, 332.862618707004, 331.35707720700884, 331.35707720700884, 329.8513896240038, 329.8513896240038, 328.34579545800807, 328.34579545800807, 326.840278874035, 326.840278874035, 325.334849040024, 325.334849040024, 323.8292562480201, 323.8292562480201, 322.3237496650545, 322.3237496650545, 320.8182039570529, 320.8182039570529, 319.3127392900642, 319.3127392900642, 317.80722337408224, 317.80722337408224, 316.3016170411138, 316.3016170411138, 314.79548666614573, 314.79548666614573, 313.28996616613586, 313.28996616613586, 311.7844541251543, 311.7844541251543, 310.278833916178, 310.278833916178, 308.7731318321894, 308.7731318321894, 307.2648182492121, 307.2648182492121, 305.75742887420347, 305.75742887420347, 304.25190999917686, 304.25190999917686, 302.74618104018737, 302.74618104018737, 301.2405812481884, 301.2405812481884, 299.73489199817413], "a_moves_left": [39, 39, 38, 38, 37, 37, 36, 36, 35, 35, 34, 34, 33, 33, 32, 32, 31, 31, 30, 30, 29, 29, 28, 28, 27, 27, 26, 26, 25, 25, 24, 24, 23, 23, 22, 22, 21, 21, 20, 20, 19, 19, 18, 18, 17, 17, 16, 16, 15, 15, 14, 14, 13, 13, 12, 12, 11, 11, 10, 10, 9, 9, 8, 8, 7, 7, 6, 6, 5, 5, 4, 4, 3, 3, 2, 2, 1, 1, 0, 0], "b_moves_left": [40, 39, 39, 38, 38, 37, 37, 36, 36, 35, 35, 34, 34, 33, 33, 32, 32, 31, 31, 30, 30, 29, 29, 28, 28, 27, 27, 26, 26, 25, 25, 24, 24, 23, 23, 22, 22, 21, 21, 20, 20, 19, 19, 18, 18, 17, 17, 16, 16, 15, 15, 14, 14, 13, 13, 12, 12, 11, 11, 10, 10, 9, 9, 8, 8, 7, 7, 6, 6, 5, 5, 4, 4, 3, 3, 2, 2, 1, 1, 0], "trapdoor_triggered": [0, 0, 0, 0, 0, 0, 0, 0, 0, 0, 0, 0, 0, 0, 0, 0, 0, 1, 0, 0, 0, 0, 0, 0, 0, 0, 0, 0, 0, 0, 0, 0, 0, 0, 0, 0, 0, 0, 0, 0, 0, 0, 0, 0, 0, 0, 0, 0, 0, 0, 0, 0, 0, 0, 0, 0, 0, 0, 0, 0, 0, 0, 0, 0, 0, 0, 0, 0, 0, 0, 0, 0, 0, 0, 0, 0, 0, 0, 0, 0], "left_behind": ["egg", "turd", "plain", "turd", "egg", "turd", "plain", "plain", "egg", "plain", "plain", "plain", "egg", "plain", "plain", "plain", "plain", "turd", "plain", "plain", "plain", "turd", "plain", "egg", "plain", "plain", "plain", "plain", "plain", "plain", "plain", "plain", "plain", "plain", "plain", "egg", "plain", "plain", "plain", "plain", "plain", "plain", "plain", "plain", "plain", "plain", "plain", "plain", "plain", "plain", "plain", "plain", "plain", "plain", "plain", "plain", "plain", "plain", "plain", "plain", "plain", "plain", "plain", "plain", "plain", "plain", "plain", "plain", "plain", "plain", "plain", "egg", "plain", "plain", "plain", "plain", "plain", "plain", "plain", "plain"], "errlog_a": "", "errlog_b": "", "start_time": 360, "start_moves": 40, "turn_count": 80, "result": 0, "reason": "EGGS_LAID", "trapdoors": [[3, 3], [4, 5]], "spawn_a": [7, 5], "spawn_b": [0, 5]}