{"pos": [[0, 1], [6, 2], [0, 0], [6, 1], [1, 0], [6, 0], [2, 0], [6, 1], [3, 0], [6, 2], [4, 0], [6, 1], [4, 1], [6, 0], [4, 0], [5, 0], [4, 1], [5, 1], [4, 0], [4, 1], [3, 0], [3, 1], [2, 0], [2, 1], [3, 0], [3, 1], [2, 0], [3, 2], [3, 0], [2, 2], [2, 0], [2, 1], [3, 0], [3, 1], [2, 0], [2, 1], [3, 0], [1, 1], [2, 0], [2, 1], [3, 0], [2, 2], [2, 0], [2, 1], [3, 0], [1, 1], [2, 0], [2, 1], [3, 0], [1, 1], [2, 0], [0, 1], [3, 0], [1, 1], [2, 0], [1, 2], [3, 0], [1, 1], [2, 0], [0, 1], [3, 0], [1, 1], [2, 0], [1, 0], [3, 0], [1, 1], [2, 0], [1, 2], [3, 0], [1, 1], [2, 0], [1, 2], [3, 0], [2, 2], [2, 0], [2, 1], [3, 0], [3, 1], [2, 0], [3, 2]], "a_eggs_laid": [1, 1, 1, 1, 4, 4, 4, 4, 5, 5, 5, 5, 6, 6, 6, 6, 6, 6, 6, 6, 6, 6, 6, 6, 6, 6, 6, 6, 6, 6, 6, 6, 6, 6, 6, 6, 6, 6, 6, 6, 6, 6, 6, 6, 6, 6, 6, 6, 6, 6, 6, 6, 6, 6, 6, 6, 6, 6, 6, 6, 6, 6, 6, 6, 6, 6, 6, 6, 6, 6, 6, 6, 6, 6, 6, 6, 6, 6, 6, 6], "b_eggs_laid": [0, 0, 0, 0, 0, 0, 0, 0, 0, 0, 0, 0, 0, 0, 0, 0, 0, 1, 1, 1, 1, 1, 1, 1, 1, 1, 1, 1, 1, 2, 2, 2, 2, 2, 2, 2, 2, 2, 2, 2, 2, 2, 2, 2, 2, 2, 2, 2, 2, 2, 2, 2, 2, 2, 2, 2, 2, 3, 3, 3, 3, 3, 3, 3, 3, 3, 3, 3, 3, 3, 3, 3, 3, 3, 3, 3, 3, 4, 4, 4], "a_turds_left": [5, 5, 5, 5, 5, 5, 5, 5, 5, 5, 5, 5, 5, 5, 5, 5, 5, 5, 5, 5, 5, 5, 5, 5, 5, 5, 5, 5, 5, 5, 5, 5, 5, 5, 5, 5, 5, 5, 5, 5, 5, 5, 5, 5, 5, 5, 5, 5, 5, 5, 5, 5, 5, 5, 5, 5, 5, 5, 5, 5, 5, 5, 5, 5, 5, 5, 5, 5, 5, 5, 5, 5, 5, 5, 5, 5, 5, 5, 5, 5], "b_turds_left": [5, 4, 4, 3, 3, 3, 3, 2, 2, 1, 1, 1, 1, 1, 1, 1, 1, 1, 1, 1, 1, 0, 0, 0, 0, 0, 0, 0, 0, 0, 0, 0, 0, 0, 0, 0, 0, 0, 0, 0, 0, 0, 0, 0, 0, 0, 0, 0, 0, 0, 0, 0, 0, 0, 0, 0, 0, 0, 0, 0, 0, 0, 0, 0, 0, 0, 0, 0, 0, 0, 0, 0, 0, 0, 0, 0, 0, 0, 0, 0], "a_time_left": [359.87524270801805, 359.87524270801805, 359.8512961670058, 359.8512961670058, 359.80705937498715, 359.80705937498715, 359.7838002079516, 359.7838002079516, 359.72065929096425, 359.72065929096425, 359.69503795792116, 359.69503795792116, 359.6659482078976, 359.6659482078976, 359.6359830418951, 359.6359830418951, 359.6217433749116, 359.6217433749116, 359.6103224999388, 359.6103224999388, 359.6012517909403, 359.6012517909403, 359.5967786249821, 359.5967786249821, 359.59307270799764, 359.59307270799764, 359.58935166703304, 359.58935166703304, 359.58036245801486, 359.58036245801486, 359.5746180830174, 359.5746180830174, 359.56900716602104, 359.56900716602104, 359.56422158301575, 359.56422158301575, 359.55844049999723, 359.55844049999723, 359.55409120803233, 359.55409120803233, 359.54886312404415, 359.54886312404415, 359.5427279990399, 359.5427279990399, 359.5366257900023, 359.5366257900023, 359.53043137298664, 359.53043137298664, 359.52524529001676, 359.52524529001676, 359.51771791500505, 359.51771791500505, 359.5161489979946, 359.5161489979946, 359.5089526650263, 359.5089526650263, 359.50451295706443, 359.50451295706443, 359.499362790084, 359.499362790084, 359.4977969151223, 359.4977969151223, 359.4910117480904, 359.4910117480904, 359.4889043731382, 359.4889043731382, 359.48341774818255, 359.48341774818255, 359.4791137901484, 359.4791137901484, 359.4720748740947, 359.4720748740947, 359.4683338740724, 359.4683338740724, 359.46167187404353, 359.46167187404353, 359.45844454102917, 359.45844454102917, 359.45744599902537, 359.45744599902537], "b_time_left": [360, 358.4633997500059, 358.4633997500059, 356.95755929197185, 356.95755929197185, 355.45205950096715, 355.45205950096715, 353.94650916795945, 353.94650916795945, 352.44062491797376, 352.44062491797376, 350.9347868349287, 350.9347868349287, 349.42907379393, 349.42907379393, 347.92342450190336, 347.92342450190336, 346.4179497938603, 346.4179497938603, 344.91220604389673, 344.91220604389673, 343.4064083349076, 343.4064083349076, 341.9007233348675, 341.9007233348675, 340.3946252518799, 340.3946252518799, 338.8889062938979, 338.8889062938979, 337.3832261268981, 337.3832261268981, 335.8775111269206, 335.8775111269206, 334.37184733489994, 334.37184733489994, 332.8663228349178, 332.8663228349178, 331.360618209932, 331.360618209932, 329.85515941894846, 329.85515941894846, 328.34946758591104, 328.34946758591104, 326.8439147518948, 326.8439147518948, 325.3383279608679, 325.3383279608679, 323.8328364609042, 323.8328364609042, 322.3273409609101, 322.3273409609101, 320.82188412791584, 320.82188412791584, 319.3162203779211, 319.3162203779211, 317.8106581279426, 317.8106581279426, 316.3049523359514, 316.3049523359514, 314.7994412939297, 314.7994412939297, 313.29398254392436, 313.29398254392436, 311.78837037691846, 311.78837037691846, 310.2827950019273, 310.2827950019273, 308.7772804189008, 308.7772804189008, 307.27174191887025, 307.27174191887025, 305.7661845438415, 305.7661845438415, 304.26056012680056, 304.26056012680056, 302.75491162674734, 302.75491162674734, 301.2492615437368, 301.2492615437368, 299.74374375276966], "a_moves_left": [39, 39, 38, 38, 37, 37, 36, 36, 35, 35, 34, 34, 33, 33, 32, 32, 31, 31, 30, 30, 29, 29, 28, 28, 27, 27, 26, 26, 25, 25, 24, 24, 23, 23, 22, 22, 21, 21, 20, 20, 19, 19, 18, 18, 17, 17, 16, 16, 15, 15, 14, 14, 13, 13, 12, 12, 11, 11, 10, 10, 9, 9, 8, 8, 7, 7, 6, 6, 5, 5, 4, 4, 3, 3, 2, 2, 1, 1, 0, 0], "b_moves_left": [40, 39, 39, 38, 38, 37, 37, 36, 36, 35, 35, 34, 34, 33, 33, 32, 32, 31, 31, 30, 30, 29, 29, 28, 28, 27, 27, 26, 26, 25, 25, 24, 24, 23, 23, 22, 22, 21, 21, 20, 20, 19, 19, 18, 18, 17, 17, 16, 16, 15, 15, 14, 14, 13, 13, 12, 12, 11, 11, 10, 10, 9, 9, 8, 8, 7, 7, 6, 6, 5, 5, 4, 4, 3, 3, 2, 2, 1, 1, 0], "trapdoor_triggered": [0, 0, 0, 0, 0, 0, 0, 0, 0, 0, 0, 0, 0, 0, 0, 0, 0, 0, 0, 0, 0, 0, 0, 0, 0, 0, 0, 0, 0, 0, 0, 0, 0, 0, 0, 0, 0, 0, 0, 0, 0, 0, 0, 0, 0, 0, 0, 0, 0, 0, 0, 0, 0, 0, 0, 0, 0, 0, 0, 0, 0, 0, 0, 0, 0, 0, 0, 0, 0, 0, 0, 0, 0, 0, 0, 0, 0, 0, 0, 0], "left_behind": ["egg", "turd", "plain", "turd", "egg", "plain", "plain", "turd", "egg", "turd", "plain", "plain", "egg", "plain", "plain", "plain", "plain", "egg", "plain", "plain", "plain", "turd", "plain", "plain", "plain", "plain", "plain", "plain", "plain", "egg", "plain", "plain", "plain", "plain", "plain", "plain", "plain", "plain", "plain", "plain", "plain", "plain", "plain", "plain", "plain", "plain", "plain", "plain", "plain", "plain", "plain", "plain", "plain", "plain", "plain", "plain", "plain", "egg", "plain", "plain", "plain", "plain", "plain", "plain", "plain", "plain", "plain", "plain", "plain", "plain", "plain", "plain", "plain", "plain", "plain", "plain", "plain", "egg", "plain", "plain"], "errlog_a": "", "errlog_b": "", "start_time": 360, "start_moves": 40, "turn_count": 80, "result": 0, "reason": "EGGS_LAID", "trapdoors": [[4, 2], [5, 4]], "spawn_a": [0, 2], "spawn_b": [7, 2]}