{"pos": [[0, 1], [7, 3], [0, 0], [6, 3], [1, 0], [7, 3], [2, 0], [7, 2], [3, 0], [7, 3], [4, 0], [7, 4], [5, 0], [7, 3], [4, 0], [7, 4], [5, 0], [7, 3], [4, 0], [7, 4], [5, 0], [7, 5], [4, 0], [6, 5], [5, 0], [6, 4], [4, 0], [6, 3], [5, 0], [7, 3], [6, 0], [7, 2], [7, 0], [7, 1], [6, 0], [7, 2], [7, 0], [6, 2], [6, 0], [7, 2], [7, 0], [6, 2], [6, 0], [5, 2], [7, 0], [5, 3], [6, 0], [4, 3], [7, 0], [5, 3], [6, 0], [5, 4], [7, 0], [7, 2], [6, 0], [6, 2], [7, 0], [6, 3], [6, 0]], "a_eggs_laid": [1, 1, 1, 1, 4, 4, 4, 4, 5, 5, 5, 5, 6, 6, 6, 6, 6, 6, 6, 6, 6, 6, 6, 6, 6, 6, 6, 6, 6, 6, 6, 6, 7, 7, 7, 7, 7, 7, 7, 7, 7, 7, 7, 7, 7, 7, 7, 7, 7, 7, 7, 7, 7, 7, 11, 11, 11, 11, 11], "b_eggs_laid": [0, 0, 0, 0, 0, 0, 0, 0, 0, 0, 0, 0, 0, 1, 1, 1, 1, 1, 1, 1, 1, 1, 1, 1, 1, 1, 1, 1, 1, 1, 1, 1, 1, 1, 1, 1, 1, 1, 1, 1, 1, 1, 1, 1, 1, 1, 1, 1, 1, 2, 2, 2, 2, 2, 2, 2, 2, 2, 2], "a_turds_left": [5, 5, 5, 5, 5, 5, 5, 5, 5, 5, 5, 5, 5, 5, 5, 5, 5, 5, 5, 5, 5, 5, 5, 5, 5, 5, 5, 5, 5, 5, 5, 5, 5, 5, 5, 5, 5, 5, 5, 5, 5, 5, 5, 5, 5, 5, 5, 5, 5, 5, 5, 5, 5, 5, 4, 4, 4, 4, 4], "b_turds_left": [5, 5, 5, 4, 4, 4, 4, 4, 4, 4, 4, 4, 4, 4, 4, 4, 4, 4, 4, 4, 4, 4, 4, 4, 4, 4, 4, 4, 4, 4, 4, 4, 4, 3, 3, 3, 3, 3, 3, 2, 2, 2, 2, 2, 2, 1, 1, 0, 0, 0, 0, 0, 0, 0, 0, 0, 0, 0, 0], "a_time_left": [359.9139814999653, 359.9139814999653, 359.8934897079598, 359.8934897079598, 359.8565114159719, 359.8565114159719, 359.8098557079793, 359.8098557079793, 359.71633779094554, 359.71633779094554, 359.6776365819387, 359.6776365819387, 359.5931902899174, 359.5931902899174, 359.5489629569347, 359.5489629569347, 359.5095686649438, 359.5095686649438, 359.4559722059639, 359.4559722059639, 359.4198051219573, 359.4198051219573, 359.3531076219515, 359.3531076219515, 359.31755562196486, 359.31755562196486, 359.24174553895136, 359.24174553895136, 359.21067133097677, 359.21067133097677, 359.17560437199427, 359.17560437199427, 359.1106468720245, 359.1106468720245, 359.09677741402993, 359.09677741402993, 359.0763176220353, 359.0763176220353, 359.055293789017, 359.055293789017, 359.0374409140204, 359.0374409140204, 359.02257974800887, 359.02257974800887, 359.00424345600186, 359.00424345600186, 358.9844741229899, 358.9844741229899, 358.96982229000423, 358.96982229000423, 358.95819278998533, 358.95819278998533, 358.9495047899545, 358.9495047899545, 358.94874212291325, 358.94874212291325, 358.9453737899312, 358.9453737899312, 358.938330455916], "b_time_left": [360, 358.4576769999694, 358.4576769999694, 356.9522892499808, 356.9522892499808, 355.4464811249636, 355.4464811249636, 353.9410912920139, 353.9410912920139, 352.4354118339834, 352.4354118339834, 350.9297287919908, 350.9297287919908, 349.42394074995536, 349.42394074995536, 347.9187084159348, 347.9187084159348, 346.4132809159346, 346.4132809159346, 344.90719049889594, 344.90719049889594, 343.4015968318563, 343.4015968318563, 341.8961679978529, 341.8961679978529, 340.391076164844, 340.391076164844, 338.88334524881793, 338.88334524881793, 337.3778659988311, 337.3778659988311, 335.87244541588007, 335.87244541588007, 334.36770358285867, 334.36770358285867, 332.86607312387787, 332.86607312387787, 331.3597018318833, 331.3597018318833, 329.8541569158551, 329.8541569158551, 328.34862049884396, 328.34862049884396, 326.8437022488797, 326.8437022488797, 325.33826520689763, 325.33826520689763, 323.83343612292083, 323.83343612292083, 322.3268125819159, 322.3268125819159, 320.82117562391795, 320.82117562391795, 319.3151511239121, 319.3151511239121, 317.81446691486053, 317.81446691486053, 316.30886495590676, 316.30886495590676], "a_moves_left": [39, 39, 38, 38, 37, 37, 36, 36, 35, 35, 34, 34, 33, 33, 32, 32, 31, 31, 30, 30, 29, 29, 28, 28, 27, 27, 26, 26, 25, 25, 24, 24, 23, 23, 22, 22, 21, 21, 20, 20, 19, 19, 18, 18, 17, 17, 16, 16, 15, 15, 14, 14, 13, 13, 12, 12, 11, 11, 10], "b_moves_left": [40, 39, 39, 38, 38, 37, 37, 36, 36, 35, 35, 34, 34, 33, 33, 32, 32, 31, 31, 30, 30, 29, 29, 28, 28, 27, 27, 26, 26, 25, 25, 24, 24, 23, 23, 22, 22, 21, 21, 20, 20, 19, 19, 18, 18, 17, 17, 16, 16, 15, 15, 14, 14, 13, 13, 12, 12, 11, 11], "trapdoor_triggered": [0, 0, 0, 0, 0, 0, 0, 0, 0, 0, 0, 0, 0, 0, 0, 0, 0, 0, 0, 0, 0, 0, 0, 0, 0, 0, 0, 0, 0, 0, 0, 0, 0, 0, 0, 0, 0, 0, 0, 0, 0, 0, 0, 0, 0, 0, 0, 0, 0, 0, 0, 0, 0, 1, 0, 0, 0, 0, 0], "left_behind": ["egg", "plain", "plain", "turd", "egg", "plain", "plain", "plain", "egg", "plain", "plain", "plain", "egg", "egg", "plain", "plain", "plain", "plain", "plain", "plain", "plain", "plain", "plain", "plain", "plain", "plain", "plain", "plain", "plain", "plain", "plain", "plain", "egg", "turd", "plain", "plain", "plain", "plain", "plain", "turd", "plain", "plain", "plain", "plain", "plain", "turd", "plain", "turd", "plain", "egg", "plain", "plain", "plain", "plain", "turd", "plain", "plain", "plain", "plain"], "errlog_a": "", "errlog_b": "Timeout", "start_time": 360, "start_moves": 40, "turn_count": 59, "result": 0, "reason": "CODE_CRASH", "trapdoors": [[4, 4], [3, 4]], "spawn_a": [0, 2], "spawn_b": [7, 2]}