{"pos": [[6, 1], [1, 1], [6, 2], [1, 2], [6, 3], [0, 2], [6, 4], [0, 3], [6, 5], [1, 3], [6, 6], [1, 4], [5, 6], [0, 4], [4, 6], [0, 5], [3, 6], [1, 5], [2, 6], [1, 6], [2, 7], [0, 6], [3, 7], [0, 7], [4, 7], [1, 7], [5, 7], [2, 7], [6, 7], [1, 7], [7, 7], [1, 6], [7, 6], [1, 5], [7, 5], [2, 5], [7, 4], [2, 4], [7, 3], [2, 3], [7, 2], [2, 2], [6, 2], [2, 1], [5, 2], [3, 1], [5, 1], [4, 1], [5, 0], [4, 0], [6, 0], [5, 0], [7, 0], [4, 0], [7, 1], [3, 0], [6, 1], [2, 0], [5, 1], [1, 0], [5, 2], [0, 0], [5, 3], [1, 0], [6, 3], [1, 1], [6, 4], [2, 1], [5, 4], [3, 1], [5, 5], [3, 2], [4, 5], [4, 2], [3, 5], [5, 2], [3, 4], [4, 2], [2, 4], [3, 2]], "a_eggs_laid": [1, 1, 1, 1, 2, 2, 2, 2, 3, 3, 3, 3, 4, 4, 4, 4, 5, 5, 5, 5, 6, 6, 6, 6, 7, 7, 7, 7, 8, 8, 8, 8, 11, 11, 11, 11, 12, 12, 12, 12, 13, 13, 13, 13, 13, 13, 13, 13, 14, 14, 14, 14, 15, 15, 15, 15, 15, 15, 15, 15, 15, 15, 15, 15, 16, 16, 16, 16, 16, 16, 16, 16, 17, 17, 17, 17, 18, 18, 18, 18], "b_eggs_laid": [0, 1, 1, 1, 1, 2, 2, 2, 2, 3, 3, 3, 3, 4, 4, 4, 4, 5, 5, 5, 5, 6, 6, 6, 6, 9, 9, 9, 9, 10, 10, 10, 10, 10, 10, 10, 10, 11, 11, 11, 11, 12, 12, 12, 12, 13, 13, 13, 13, 14, 14, 14, 14, 15, 15, 15, 15, 16, 16, 16, 16, 17, 17, 17, 17, 17, 17, 17, 17, 17, 17, 17, 17, 18, 18, 18, 18, 19, 19, 19], "a_turds_left": [5, 5, 5, 5, 5, 5, 5, 5, 5, 5, 5, 5, 5, 5, 5, 5, 5, 5, 5, 5, 5, 5, 5, 5, 5, 5, 5, 5, 5, 5, 5, 5, 5, 5, 5, 5, 5, 5, 5, 5, 5, 5, 5, 5, 5, 5, 5, 5, 5, 5, 5, 5, 5, 5, 5, 5, 5, 5, 5, 5, 5, 5, 5, 5, 5, 5, 5, 5, 5, 5, 5, 5, 5, 5, 5, 5, 5, 5, 5, 5], "b_turds_left": [5, 5, 5, 5, 5, 5, 5, 5, 5, 5, 5, 5, 5, 5, 5, 5, 5, 5, 5, 5, 5, 5, 5, 5, 5, 5, 5, 5, 5, 5, 5, 5, 5, 5, 5, 5, 5, 5, 5, 5, 5, 5, 5, 5, 5, 5, 5, 5, 5, 5, 5, 5, 5, 5, 5, 5, 5, 5, 5, 5, 5, 5, 5, 5, 5, 5, 5, 5, 5, 5, 5, 5, 5, 5, 5, 5, 5, 5, 5, 5], "a_time_left": [359.9996439589886, 359.9996439589886, 359.99933495902224, 359.99933495902224, 359.9989957920043, 359.9989957920043, 359.99867208400974, 359.99867208400974, 359.99832675099606, 359.99832675099606, 359.99803804198746, 359.99803804198746, 359.99769937596284, 359.99769937596284, 359.99740854196716, 359.99740854196716, 359.99706583400257, 359.99706583400257, 359.996752291976, 359.996752291976, 359.9964246249874, 359.9964246249874, 359.99615791696124, 359.99615791696124, 359.99601474998053, 359.99601474998053, 359.9959048749879, 359.9959048749879, 359.995576916961, 359.995576916961, 359.9953018329106, 359.9953018329106, 359.9950094158994, 359.9950094158994, 359.99490041588433, 359.99490041588433, 359.99477737385314, 359.99477737385314, 359.9946735408739, 359.9946735408739, 359.99456579086836, 359.99456579086836, 359.9944623328629, 359.9944623328629, 359.9943661658326, 359.9943661658326, 359.99425645783776, 359.99425645783776, 359.99415441585006, 359.99415441585006, 359.99407704087207, 359.99407704087207, 359.99399591592373, 359.99399591592373, 359.9939024159685, 359.9939024159685, 359.99381041596644, 359.99381041596644, 359.9937061659293, 359.9937061659293, 359.9936248328886, 359.9936248328886, 359.99351879087044, 359.99351879087044, 359.9934050408774, 359.9934050408774, 359.9933107488905, 359.9933107488905, 359.99323199887294, 359.99323199887294, 359.99312799883774, 359.99312799883774, 359.9930130818393, 359.9930130818393, 359.9929303318495, 359.9929303318495, 359.9928185818717, 359.9928185818717, 359.9927271658671, 359.9927271658671], "b_time_left": [360, 359.999668125005, 359.999668125005, 359.99931833398296, 359.99931833398296, 359.99894445895916, 359.99894445895916, 359.99865454196697, 359.99865454196697, 359.9983482499956, 359.9983482499956, 359.9980523340055, 359.9980523340055, 359.99767470901133, 359.99767470901133, 359.9973971680156, 359.9973971680156, 359.99702991801314, 359.99702991801314, 359.9968895849888, 359.9968895849888, 359.99656600202434, 359.99656600202434, 359.9962991270004, 359.9962991270004, 359.99617929401575, 359.99617929401575, 359.9960691279848, 359.9960691279848, 359.9958162109833, 359.9958162109833, 359.995529294014, 359.995529294014, 359.99541437701555, 359.99541437701555, 359.9952907519764, 359.9952907519764, 359.995168584981, 359.995168584981, 359.9950619600131, 359.9950619600131, 359.9949400020414, 359.9949400020414, 359.99483791802777, 359.99483791802777, 359.9947182930191, 359.9947182930191, 359.9946150020114, 359.9946150020114, 359.99451221100753, 359.99451221100753, 359.9944192109979, 359.9944192109979, 359.9943450029823, 359.9943450029823, 359.9942577109905, 359.9942577109905, 359.9941476690001, 359.9941476690001, 359.99403708596947, 359.99403708596947, 359.99392075196374, 359.99392075196374, 359.99383566895267, 359.99383566895267, 359.9937484609545, 359.9937484609545, 359.99365421099355, 359.99365421099355, 359.99356737796916, 359.99356737796916, 359.99346221098676, 359.99346221098676, 359.99333404400386, 359.99333404400386, 359.993227044004, 359.993227044004, 359.9931546690059, 359.9931546690059, 359.9930639609811], "a_moves_left": [39, 39, 38, 38, 37, 37, 36, 36, 35, 35, 34, 34, 33, 33, 32, 32, 31, 31, 30, 30, 29, 29, 28, 28, 27, 27, 26, 26, 25, 25, 24, 24, 23, 23, 22, 22, 21, 21, 20, 20, 19, 19, 18, 18, 17, 17, 16, 16, 15, 15, 14, 14, 13, 13, 12, 12, 11, 11, 10, 10, 9, 9, 8, 8, 7, 7, 6, 6, 5, 5, 4, 4, 3, 3, 2, 2, 1, 1, 0, 0], "b_moves_left": [40, 39, 39, 38, 38, 37, 37, 36, 36, 35, 35, 34, 34, 33, 33, 32, 32, 31, 31, 30, 30, 29, 29, 28, 28, 27, 27, 26, 26, 25, 25, 24, 24, 23, 23, 22, 22, 21, 21, 20, 20, 19, 19, 18, 18, 17, 17, 16, 16, 15, 15, 14, 14, 13, 13, 12, 12, 11, 11, 10, 10, 9, 9, 8, 8, 7, 7, 6, 6, 5, 5, 4, 4, 3, 3, 2, 2, 1, 1, 0], "trapdoor_triggered": [0, 0, 0, 0, 0, 0, 0, 0, 0, 0, 0, 0, 0, 0, 0, 0, 0, 0, 0, 0, 0, 0, 0, 0, 0, 0, 0, 0, 0, 0, 0, 0, 0, 0, 0, 0, 0, 0, 0, 0, 0, 0, 0, 0, 0, 0, 0, 0, 0, 0, 0, 0, 0, 0, 0, 0, 0, 0, 0, 0, 0, 0, 0, 0, 0, 0, 0, 0, 0, 0, 0, 0, 0, 0, 0, 0, 0, 0, 0, 0], "left_behind": ["egg", "egg", "plain", "plain", "egg", "egg", "plain", "plain", "egg", "egg", "plain", "plain", "egg", "egg", "plain", "plain", "egg", "egg", "plain", "plain", "egg", "egg", "plain", "plain", "egg", "egg", "plain", "plain", "egg", "egg", "plain", "plain", "egg", "plain", "plain", "plain", "egg", "egg", "plain", "plain", "egg", "egg", "plain", "plain", "plain", "egg", "plain", "plain", "egg", "egg", "plain", "plain", "egg", "egg", "plain", "plain", "plain", "egg", "plain", "plain", "plain", "egg", "plain", "plain", "egg", "plain", "plain", "plain", "plain", "plain", "plain", "plain", "egg", "egg", "plain", "plain", "egg", "egg", "plain", "plain"], "errlog_a": "", "errlog_b": "", "start_time": 360, "start_moves": 40, "turn_count": 80, "result": 1, "reason": "EGGS_LAID", "trapdoors": [[4, 4], [4, 3]], "spawn_a": [7, 1], "spawn_b": [0, 1]}