{"pos": [[1, 2], [6, 2], [1, 1], [6, 1], [2, 1], [7, 1], [3, 1], [7, 0], [4, 1], [6, 0], [5, 1], [5, 0], [4, 1], [4, 0], [4, 2], [4, 1], [3, 2], [4, 0], [3, 3], [3, 0], [2, 3], [2, 0], [2, 4], [2, 1], [2, 5], [2, 0], [3, 5], [1, 0], [4, 5], [0, 0], [4, 4], [0, 1], [3, 4], [0, 0], [3, 3], [1, 0], [3, 4], [2, 0], [4, 4], [2, 1], [4, 5], [2, 0], [5, 5], [3, 0], [6, 5], [4, 0], [6, 4], [4, 1], [6, 3], [4, 0], [6, 2], [5, 0], [5, 2], [6, 0], [5, 3], [6, 1], [5, 4], [7, 1], [5, 3], [7, 2], [5, 2], [7, 3], [5, 1], [6, 3], [5, 2], [7, 3], [6, 2], [7, 4], [5, 2], [7, 5], [4, 2], [6, 5], [3, 2], [6, 6], [3, 1], [7, 6], [3, 2], [7, 7], [3, 1], [6, 7]], "a_eggs_laid": [1, 1, 1, 1, 2, 2, 2, 2, 3, 3, 3, 3, 4, 4, 4, 4, 5, 5, 5, 5, 6, 6, 6, 6, 7, 7, 7, 7, 8, 8, 8, 8, 9, 9, 9, 9, 9, 9, 9, 9, 9, 9, 9, 9, 10, 10, 10, 10, 11, 11, 11, 11, 12, 12, 12, 12, 13, 13, 13, 13, 13, 13, 13, 13, 13, 13, 13, 13, 13, 13, 13, 13, 13, 13, 13, 13, 13, 13, 13, 13], "b_eggs_laid": [0, 1, 1, 1, 1, 2, 2, 2, 2, 5, 5, 5, 5, 6, 6, 6, 6, 7, 7, 7, 7, 8, 8, 8, 8, 9, 9, 9, 9, 10, 10, 10, 10, 11, 11, 11, 11, 11, 11, 11, 11, 11, 11, 11, 11, 11, 11, 11, 11, 11, 11, 11, 11, 11, 11, 11, 11, 11, 11, 11, 11, 11, 11, 11, 11, 12, 12, 12, 12, 13, 13, 13, 13, 14, 14, 14, 14, 15, 15, 15], "a_turds_left": [5, 5, 5, 5, 5, 5, 5, 5, 5, 5, 5, 5, 5, 5, 5, 5, 5, 5, 5, 5, 5, 5, 5, 5, 5, 5, 5, 5, 5, 5, 5, 5, 5, 5, 5, 5, 5, 5, 5, 5, 5, 5, 5, 5, 5, 5, 5, 5, 5, 5, 5, 5, 5, 5, 5, 5, 5, 5, 5, 5, 5, 5, 5, 5, 5, 5, 5, 5, 5, 5, 5, 5, 5, 5, 5, 5, 5, 5, 5, 5], "b_turds_left": [5, 5, 5, 5, 5, 5, 5, 5, 5, 5, 5, 5, 5, 5, 5, 5, 5, 5, 5, 5, 5, 5, 5, 5, 5, 5, 5, 5, 5, 5, 5, 5, 5, 5, 5, 5, 5, 5, 5, 5, 5, 5, 5, 5, 5, 5, 5, 5, 5, 5, 5, 5, 5, 5, 5, 5, 5, 5, 5, 5, 5, 5, 5, 5, 5, 5, 5, 5, 5, 5, 5, 5, 5, 5, 5, 5, 5, 5, 5, 5], "a_time_left": [359.9996566249756, 359.9996566249756, 359.9993141669547, 359.9993141669547, 359.9989941669628, 359.9989941669628, 359.9986878329655, 359.9986878329655, 359.99837449996267, 359.99837449996267, 359.99810912495013, 359.99810912495013, 359.99783704191213, 359.99783704191213, 359.99761429190403, 359.99761429190403, 359.99735891690943, 359.99735891690943, 359.9970934588928, 359.9970934588928, 359.9969544169144, 359.9969544169144, 359.996849041956, 359.996849041956, 359.9967445419752, 359.9967445419752, 359.9966523759649, 359.9966523759649, 359.99653683399083, 359.99653683399083, 359.9964528339915, 359.9964528339915, 359.99634383403463, 359.99634383403463, 359.99625558400294, 359.99625558400294, 359.9961815009592, 359.9961815009592, 359.9960787509917, 359.9960787509917, 359.9960003339802, 359.9960003339802, 359.99592020898126, 359.99592020898126, 359.99581475002924, 359.99581475002924, 359.99573258304736, 359.99573258304736, 359.99563212506473, 359.99563212506473, 359.9955504160607, 359.9955504160607, 359.9954764160793, 359.9954764160793, 359.99539379106136, 359.99539379106136, 359.995298041089, 359.995298041089, 359.99522033304675, 359.99522033304675, 359.99514633300714, 359.99514633300714, 359.995066708012, 359.995066708012, 359.99501483299537, 359.99501483299537, 359.9949357919977, 359.9949357919977, 359.99488658300834, 359.99488658300834, 359.9948078750167, 359.9948078750167, 359.99474533298053, 359.99474533298053, 359.99466391600436, 359.99466391600436, 359.9946139990352, 359.9946139990352, 359.99453191505745, 359.99453191505745], "b_time_left": [360, 359.99649429204874, 359.99649429204874, 359.994647500047, 359.994647500047, 359.99138637504075, 359.99138637504075, 359.99059266701806, 359.99059266701806, 359.9887917500455, 359.9887917500455, 359.98798004101263, 359.98798004101263, 359.9861360830255, 359.9861360830255, 359.9860113330069, 359.9860113330069, 359.9857682499569, 359.9857682499569, 359.9854845419759, 359.9854845419759, 359.98537029197905, 359.98537029197905, 359.98525929200696, 359.98525929200696, 359.9851542500546, 359.9851542500546, 359.985047083057, 359.985047083057, 359.9849423330743, 359.9849423330743, 359.9848478740896, 359.9848478740896, 359.9847551661078, 359.9847551661078, 359.9846618741285, 359.9846618741285, 359.98456062411424, 359.98456062411424, 359.98445541615365, 359.98445541615365, 359.9843662501662, 359.9843662501662, 359.98427812516456, 359.98427812516456, 359.98419954121346, 359.98419954121346, 359.98410854121903, 359.98410854121903, 359.98403799923835, 359.98403799923835, 359.9839488742291, 359.9839488742291, 359.9838693322381, 359.9838693322381, 359.98377516528126, 359.98377516528126, 359.983703415317, 359.983703415317, 359.9836211243528, 359.9836211243528, 359.98354749934515, 359.98354749934515, 359.9834559583687, 359.9834559583687, 359.983380749356, 359.983380749356, 359.9832937073079, 359.9832937073079, 359.9832106233225, 359.9832106233225, 359.98312962334603, 359.98312962334603, 359.9830393733573, 359.9830393733573, 359.98294658132363, 359.98294658132363, 359.98284141533077, 359.98284141533077, 359.9827616243274], "a_moves_left": [39, 39, 38, 38, 37, 37, 36, 36, 35, 35, 34, 34, 33, 33, 32, 32, 31, 31, 30, 30, 29, 29, 28, 28, 27, 27, 26, 26, 25, 25, 24, 24, 23, 23, 22, 22, 21, 21, 20, 20, 19, 19, 18, 18, 17, 17, 16, 16, 15, 15, 14, 14, 13, 13, 12, 12, 11, 11, 10, 10, 9, 9, 8, 8, 7, 7, 6, 6, 5, 5, 4, 4, 3, 3, 2, 2, 1, 1, 0, 0], "b_moves_left": [40, 39, 39, 38, 38, 37, 37, 36, 36, 35, 35, 34, 34, 33, 33, 32, 32, 31, 31, 30, 30, 29, 29, 28, 28, 27, 27, 26, 26, 25, 25, 24, 24, 23, 23, 22, 22, 21, 21, 20, 20, 19, 19, 18, 18, 17, 17, 16, 16, 15, 15, 14, 14, 13, 13, 12, 12, 11, 11, 10, 10, 9, 9, 8, 8, 7, 7, 6, 6, 5, 5, 4, 4, 3, 3, 2, 2, 1, 1, 0], "trapdoor_triggered": [0, 0, 0, 0, 0, 0, 0, 0, 0, 0, 0, 0, 0, 0, 0, 0, 0, 0, 0, 0, 0, 0, 0, 0, 0, 0, 0, 0, 0, 0, 0, 0, 0, 0, 0, 0, 0, 0, 0, 0, 0, 0, 0, 0, 0, 0, 0, 0, 0, 0, 0, 0, 0, 0, 0, 0, 0, 0, 0, 0, 0, 0, 0, 0, 0, 0, 0, 0, 0, 0, 0, 0, 0, 0, 0, 0, 0, 0, 0, 0], "left_behind": ["egg", "egg", "plain", "plain", "egg", "egg", "plain", "plain", "egg", "egg", "plain", "plain", "egg", "egg", "plain", "plain", "egg", "egg", "plain", "plain", "egg", "egg", "plain", "plain", "egg", "egg", "plain", "plain", "egg", "egg", "plain", "plain", "egg", "egg", "plain", "plain", "plain", "plain", "plain", "plain", "plain", "plain", "plain", "plain", "egg", "plain", "plain", "plain", "egg", "plain", "plain", "plain", "egg", "plain", "plain", "plain", "egg", "plain", "plain", "plain", "plain", "plain", "plain", "plain", "plain", "egg", "plain", "plain", "plain", "egg", "plain", "plain", "plain", "egg", "plain", "plain", "plain", "egg", "plain", "plain"], "errlog_a": "", "errlog_b": "", "start_time": 360, "start_moves": 40, "turn_count": 80, "result": 1, "reason": "EGGS_LAID", "trapdoors": [[2, 2], [4, 3]], "spawn_a": [0, 2], "spawn_b": [7, 2]}