{"pos": [[7, 2], [0, 2], [7, 3], [1, 2], [7, 2], [1, 1], [7, 3], [1, 0], [7, 4], [1, 1], [6, 4], [0, 1], [6, 5], [0, 2], [5, 5], [0, 1], [5, 4], [0, 0], [5, 3], [0, 1], [5, 2], [1, 1], [5, 1], [1, 2], [5, 0], [1, 1], [5, 1], [2, 1], [5, 0], [2, 0], [6, 0], [1, 0], [6, 1], [1, 1], [6, 2], [1, 0], [6, 3], [1, 1], [6, 2], [0, 1], [6, 1], [0, 0], [7, 1], [0, 1], [7, 0], [0, 2], [7, 1], [0, 1], [7, 0], [0, 0], [7, 1], [0, 1], [7, 0], [0, 2], [7, 1], [0, 3], [7, 0], [0, 2], [7, 1], [0, 3], [7, 0], [1, 3], [7, 1], [0, 3], [7, 0], [1, 3], [7, 1], [0, 3], [7, 0], [1, 3], [7, 1], [1, 4], [7, 0], [1, 5], [7, 1], [0, 5], [7, 0], [0, 6], [7, 1], [1, 6]], "a_eggs_laid": [1, 1, 1, 1, 1, 1, 1, 1, 1, 1, 1, 1, 2, 2, 2, 2, 3, 3, 3, 3, 4, 4, 4, 4, 5, 5, 5, 5, 5, 5, 5, 5, 6, 6, 6, 6, 7, 7, 7, 7, 7, 7, 7, 7, 8, 8, 8, 8, 8, 8, 8, 8, 8, 8, 8, 8, 8, 8, 8, 8, 8, 8, 8, 8, 12, 12, 12, 12, 12, 12, 12, 12, 12, 12, 12, 12, 12, 12, 12, 12], "b_eggs_laid": [0, 1, 1, 1, 1, 2, 2, 2, 2, 2, 2, 2, 2, 3, 3, 3, 3, 3, 3, 3, 3, 3, 3, 3, 3, 3, 3, 3, 3, 4, 4, 4, 4, 4, 4, 4, 4, 4, 4, 4, 4, 4, 4, 4, 4, 4, 4, 4, 4, 4, 4, 4, 4, 4, 4, 4, 4, 4, 4, 4, 4, 4, 4, 4, 4, 4, 4, 4, 4, 4, 4, 4, 4, 4, 4, 4, 4, 5, 5, 5], "a_turds_left": [5, 5, 5, 5, 5, 5, 5, 5, 5, 5, 5, 5, 5, 5, 5, 5, 5, 5, 5, 5, 5, 5, 5, 5, 5, 5, 5, 5, 5, 5, 5, 5, 5, 5, 5, 5, 5, 5, 5, 5, 5, 5, 5, 5, 5, 5, 5, 5, 5, 5, 5, 5, 5, 5, 5, 5, 5, 5, 5, 5, 5, 5, 5, 5, 5, 5, 5, 5, 5, 5, 5, 5, 5, 5, 5, 5, 5, 5, 5, 5], "b_turds_left": [5, 5, 5, 5, 5, 5, 5, 4, 4, 3, 3, 3, 3, 3, 3, 2, 2, 2, 2, 1, 1, 1, 1, 1, 1, 1, 1, 1, 1, 1, 1, 1, 1, 1, 1, 1, 1, 1, 1, 1, 1, 1, 1, 1, 1, 1, 1, 1, 1, 1, 1, 1, 1, 1, 1, 1, 1, 1, 1, 1, 1, 1, 1, 0, 0, 0, 0, 0, 0, 0, 0, 0, 0, 0, 0, 0, 0, 0, 0, 0], "a_time_left": [359.928977875039, 359.928977875039, 359.908942457987, 359.908942457987, 359.85707137495046, 359.85707137495046, 359.8177038329304, 359.8177038329304, 359.77444833295885, 359.77444833295885, 359.7241010829457, 359.7241010829457, 359.61561620794237, 359.61561620794237, 359.5281159999431, 359.5281159999431, 359.4277239998919, 359.4277239998919, 359.38554808386834, 359.38554808386834, 359.2586652088794, 359.2586652088794, 359.20272608386585, 359.20272608386585, 359.1051027928479, 359.1051027928479, 359.0689165008371, 359.0689165008371, 358.9957160008489, 358.9957160008489, 358.9516737088561, 358.9516737088561, 358.88925479288446, 358.88925479288446, 358.8551818348933, 358.8551818348933, 358.7967919599032, 358.7967919599032, 358.7221315439092, 358.7221315439092, 358.69966033590026, 358.69966033590026, 358.6728375859093, 358.6728375859093, 358.6406002109288, 358.6406002109288, 358.6284202519455, 358.6284202519455, 358.62060937692877, 358.62060937692877, 358.6040877099149, 358.6040877099149, 358.5932928348775, 358.5932928348775, 358.5785288348561, 358.5785288348561, 358.567681793822, 358.567681793822, 358.5568443768425, 358.5568443768425, 358.5440054188366, 358.5440054188366, 358.52874625183176, 358.52874625183176, 358.5215959188645, 358.5215959188645, 358.51191370986635, 358.51191370986635, 358.50389079289744, 358.50389079289744, 358.48983200092334, 358.48983200092334, 358.47790733492, 358.47790733492, 358.4643328769016, 358.4643328769016, 358.45704000187106, 358.45704000187106, 358.45500179386, 358.45500179386], "b_time_left": [360, 358.4644599169842, 358.4644599169842, 356.9587292090291, 356.9587292090291, 355.45304070902057, 355.45304070902057, 353.9475461670081, 353.9475461670081, 352.44193554198137, 352.44193554198137, 350.9362055839738, 350.9362055839738, 349.43034570897, 349.43034570897, 347.92462608392816, 347.92462608392816, 346.41887770895846, 346.41887770895846, 344.9133393749362, 344.9133393749362, 343.407523791946, 343.407523791946, 341.9019041249412, 341.9019041249412, 340.3961387499585, 340.3961387499585, 338.89065395796206, 338.89065395796206, 337.3852628740133, 337.3852628740133, 335.8796799570555, 335.8796799570555, 334.37408870708896, 334.37408870708896, 332.8685409150785, 332.8685409150785, 331.3630119980662, 331.3630119980662, 329.8574977890821, 329.8574977890821, 328.35112383111846, 328.35112383111846, 326.84551037312485, 326.84551037312485, 325.33989599812776, 325.33989599812776, 323.8343438321026, 323.8343438321026, 322.32869416614994, 322.32869416614994, 320.82316854113014, 320.82316854113014, 319.31764608214144, 319.31764608214144, 317.81194054114167, 317.81194054114167, 316.306107541197, 316.306107541197, 314.800534374197, 314.800534374197, 313.2947740821983, 313.2947740821983, 311.78916008217493, 311.78916008217493, 310.2835947071435, 310.2835947071435, 308.77813662413973, 308.77813662413973, 307.27261545712827, 307.27261545712827, 305.76710912416456, 305.76710912416456, 304.26154449913884, 304.26154449913884, 302.7557774571469, 302.7557774571469, 301.2502517901594, 301.2502517901594, 299.74490362312645], "a_moves_left": [39, 39, 38, 38, 37, 37, 36, 36, 35, 35, 34, 34, 33, 33, 32, 32, 31, 31, 30, 30, 29, 29, 28, 28, 27, 27, 26, 26, 25, 25, 24, 24, 23, 23, 22, 22, 21, 21, 20, 20, 19, 19, 18, 18, 17, 17, 16, 16, 15, 15, 14, 14, 13, 13, 12, 12, 11, 11, 10, 10, 9, 9, 8, 8, 7, 7, 6, 6, 5, 5, 4, 4, 3, 3, 2, 2, 1, 1, 0, 0], "b_moves_left": [40, 39, 39, 38, 38, 37, 37, 36, 36, 35, 35, 34, 34, 33, 33, 32, 32, 31, 31, 30, 30, 29, 29, 28, 28, 27, 27, 26, 26, 25, 25, 24, 24, 23, 23, 22, 22, 21, 21, 20, 20, 19, 19, 18, 18, 17, 17, 16, 16, 15, 15, 14, 14, 13, 13, 12, 12, 11, 11, 10, 10, 9, 9, 8, 8, 7, 7, 6, 6, 5, 5, 4, 4, 3, 3, 2, 2, 1, 1, 0], "trapdoor_triggered": [0, 0, 0, 0, 0, 0, 0, 0, 0, 0, 0, 0, 0, 0, 0, 0, 0, 0, 0, 0, 0, 0, 0, 0, 0, 0, 0, 0, 0, 0, 0, 0, 0, 0, 0, 0, 0, 0, 0, 0, 0, 0, 0, 0, 0, 0, 0, 0, 0, 0, 0, 0, 0, 0, 0, 0, 0, 0, 0, 0, 0, 0, 0, 1, 0, 0, 0, 0, 0, 0, 0, 0, 0, 0, 0, 0, 0, 0, 0, 0], "left_behind": ["egg", "egg", "plain", "plain", "plain", "egg", "plain", "turd", "plain", "turd", "plain", "plain", "egg", "egg", "plain", "turd", "egg", "plain", "plain", "turd", "egg", "plain", "plain", "plain", "egg", "plain", "plain", "plain", "plain", "egg", "plain", "plain", "egg", "plain", "plain", "plain", "egg", "plain", "plain", "plain", "plain", "plain", "plain", "plain", "egg", "plain", "plain", "plain", "plain", "plain", "plain", "plain", "plain", "plain", "plain", "plain", "plain", "plain", "plain", "plain", "plain", "plain", "plain", "turd", "plain", "plain", "plain", "plain", "plain", "plain", "plain", "plain", "plain", "plain", "plain", "plain", "plain", "egg", "plain", "plain"], "errlog_a": "", "errlog_b": "", "start_time": 360, "start_moves": 40, "turn_count": 80, "result": 0, "reason": "EGGS_LAID", "trapdoors": [[4, 2], [2, 3]], "spawn_a": [7, 3], "spawn_b": [0, 3]}