{"pos": [[1, 2], [6, 2], [1, 1], [6, 1], [2, 1], [7, 1], [3, 1], [7, 0], [4, 1], [6, 0], [3, 1], [5, 0], [3, 0], [4, 0], [2, 0], [3, 0], [1, 0], [4, 0], [0, 0], [4, 1], [0, 1], [5, 1], [1, 1], [4, 1], [1, 2], [5, 1], [2, 2], [6, 1], [2, 3], [6, 2], [3, 3], [6, 3], [3, 4], [6, 4], [4, 4], [5, 4], [4, 5], [5, 3], [5, 5], [4, 3], [6, 5], [5, 3], [6, 4], [6, 3], [7, 4], [7, 3], [7, 5], [7, 4], [7, 6], [7, 3], [6, 6], [7, 4], [5, 6], [7, 3], [4, 6], [7, 2], [3, 6], [7, 1], [3, 5], [7, 0], [2, 5], [6, 0], [2, 4], [5, 0], [1, 4], [5, 1], [1, 3], [6, 1], [0, 3], [6, 2], [0, 4], [6, 3], [0, 5], [5, 3], [1, 5], [5, 4], [1, 6], [5, 3], [2, 6], [4, 3]], "a_eggs_laid": [1, 1, 1, 1, 2, 2, 2, 2, 3, 3, 3, 3, 3, 3, 3, 3, 4, 4, 4, 4, 7, 7, 7, 7, 7, 7, 7, 7, 8, 8, 8, 8, 9, 9, 9, 9, 10, 10, 10, 10, 11, 11, 11, 11, 12, 12, 12, 12, 13, 13, 13, 13, 14, 14, 14, 14, 15, 15, 15, 15, 16, 16, 16, 16, 17, 17, 17, 17, 18, 18, 18, 18, 19, 19, 19, 19, 20, 20, 20, 20], "b_eggs_laid": [0, 1, 1, 1, 1, 2, 2, 2, 2, 5, 5, 5, 5, 6, 6, 6, 6, 7, 7, 7, 7, 8, 8, 8, 8, 8, 8, 8, 8, 8, 8, 8, 8, 9, 9, 9, 9, 10, 10, 10, 10, 11, 11, 11, 11, 11, 11, 11, 11, 12, 12, 12, 12, 12, 12, 12, 12, 12, 12, 12, 12, 12, 12, 12, 12, 12, 12, 12, 12, 12, 12, 12, 12, 12, 12, 12, 12, 12, 12, 12], "a_turds_left": [5, 5, 5, 5, 5, 5, 5, 5, 5, 5, 5, 5, 5, 5, 5, 5, 5, 5, 5, 5, 5, 5, 5, 5, 5, 5, 5, 5, 5, 5, 5, 5, 5, 5, 5, 5, 5, 5, 5, 5, 5, 5, 5, 5, 5, 5, 5, 5, 5, 5, 5, 5, 5, 5, 5, 5, 5, 5, 5, 5, 5, 5, 5, 5, 5, 5, 5, 5, 5, 5, 5, 5, 5, 5, 5, 5, 5, 5, 5, 5], "b_turds_left": [5, 5, 5, 5, 5, 5, 5, 5, 5, 5, 5, 5, 5, 5, 5, 5, 5, 5, 5, 5, 5, 5, 5, 5, 5, 5, 5, 5, 5, 5, 5, 5, 5, 5, 5, 5, 5, 5, 5, 5, 5, 5, 5, 5, 5, 5, 5, 5, 5, 5, 5, 5, 5, 5, 5, 5, 5, 5, 5, 5, 5, 5, 5, 5, 5, 5, 5, 5, 5, 5, 5, 5, 5, 5, 5, 5, 5, 5, 5, 5], "a_time_left": [359.9996468750178, 359.9996468750178, 359.99932241701754, 359.99932241701754, 359.9989402079955, 359.9989402079955, 359.99862404103624, 359.99862404103624, 359.99825166602386, 359.99825166602386, 359.99796375003643, 359.99796375003643, 359.9978635000298, 359.9978635000298, 359.9976006670622, 359.9976006670622, 359.99750204203883, 359.99750204203883, 359.99741675000405, 359.99741675000405, 359.997337082983, 359.997337082983, 359.99726295797154, 359.99726295797154, 359.99718895799015, 359.99718895799015, 359.99710245803, 359.99710245803, 359.99700304103317, 359.99700304103317, 359.9969184160582, 359.9969184160582, 359.99680616607657, 359.99680616607657, 359.99671933305217, 359.99671933305217, 359.9966459160205, 359.9966459160205, 359.996564916044, 359.996564916044, 359.9964791240054, 359.9964791240054, 359.9964007070521, 359.9964007070521, 359.9963342480478, 359.9963342480478, 359.99627708108164, 359.99627708108164, 359.99620762310224, 359.99620762310224, 359.99613733112346, 359.99613733112346, 359.99603849707637, 359.99603849707637, 359.99595795501955, 359.99595795501955, 359.99585520499386, 359.99585520499386, 359.9957761220285, 359.9957761220285, 359.9956810810254, 359.9956810810254, 359.99560428905534, 359.99560428905534, 359.99550253903726, 359.99550253903726, 359.99542049801676, 359.99542049801676, 359.9953269150574, 359.9953269150574, 359.9952534570475, 359.9952534570475, 359.99516595707973, 359.99516595707973, 359.99509362410754, 359.99509362410754, 359.9949959151563, 359.9949959151563, 359.9949112481554, 359.9949112481554], "b_time_left": [360, 359.9964966250118, 359.9964966250118, 359.9946999999811, 359.9946999999811, 359.99157608294627, 359.99157608294627, 359.990861957951, 359.990861957951, 359.98923929198645, 359.98923929198645, 359.98892995901406, 359.98892995901406, 359.9879987090244, 359.9879987090244, 359.98777420900296, 359.98777420900296, 359.98769845900824, 359.98769845900824, 359.98760658397805, 359.98760658397805, 359.9875132929883, 359.9875132929883, 359.9874238350312, 359.9874238350312, 359.98735808499623, 359.98735808499623, 359.98727516899817, 359.98727516899817, 359.9872034190339, 359.9872034190339, 359.98712229402736, 359.98712229402736, 359.9870167109766, 359.9870167109766, 359.98692979395855, 359.98692979395855, 359.9868447110057, 359.9868447110057, 359.98676021100255, 359.98676021100255, 359.98668604396516, 359.98668604396516, 359.9866068359697, 359.9866068359697, 359.9865412109648, 359.9865412109648, 359.98647041997174, 359.98647041997174, 359.9864107109606, 359.9864107109606, 359.9863420439069, 359.9863420439069, 359.9862889609067, 359.9862889609067, 359.9862155028968, 359.9862155028968, 359.9861482938868, 359.9861482938868, 359.9860783768818, 359.9860783768818, 359.98601754388073, 359.98601754388073, 359.98594529391266, 359.98594529391266, 359.9858786689583, 359.9858786689583, 359.9858012519544, 359.9858012519544, 359.9857270849752, 359.9857270849752, 359.98564900201745, 359.98564900201745, 359.98558796098223, 359.98558796098223, 359.98550700297346, 359.98550700297346, 359.98545404395554, 359.98545404395554, 359.9853749189642], "a_moves_left": [39, 39, 38, 38, 37, 37, 36, 36, 35, 35, 34, 34, 33, 33, 32, 32, 31, 31, 30, 30, 29, 29, 28, 28, 27, 27, 26, 26, 25, 25, 24, 24, 23, 23, 22, 22, 21, 21, 20, 20, 19, 19, 18, 18, 17, 17, 16, 16, 15, 15, 14, 14, 13, 13, 12, 12, 11, 11, 10, 10, 9, 9, 8, 8, 7, 7, 6, 6, 5, 5, 4, 4, 3, 3, 2, 2, 1, 1, 0, 0], "b_moves_left": [40, 39, 39, 38, 38, 37, 37, 36, 36, 35, 35, 34, 34, 33, 33, 32, 32, 31, 31, 30, 30, 29, 29, 28, 28, 27, 27, 26, 26, 25, 25, 24, 24, 23, 23, 22, 22, 21, 21, 20, 20, 19, 19, 18, 18, 17, 17, 16, 16, 15, 15, 14, 14, 13, 13, 12, 12, 11, 11, 10, 10, 9, 9, 8, 8, 7, 7, 6, 6, 5, 5, 4, 4, 3, 3, 2, 2, 1, 1, 0], "trapdoor_triggered": [0, 0, 0, 0, 0, 0, 0, 0, 0, 0, 0, 0, 0, 0, 0, 0, 0, 0, 0, 0, 0, 0, 0, 0, 0, 0, 0, 0, 0, 0, 0, 0, 0, 0, 0, 0, 0, 0, 0, 0, 0, 0, 0, 0, 0, 0, 0, 0, 0, 0, 0, 0, 0, 0, 0, 0, 0, 0, 0, 0, 0, 0, 0, 0, 0, 0, 0, 0, 0, 0, 0, 0, 0, 0, 0, 0, 0, 0, 0, 0], "left_behind": ["egg", "egg", "plain", "plain", "egg", "egg", "plain", "plain", "egg", "egg", "plain", "plain", "plain", "egg", "plain", "plain", "egg", "egg", "plain", "plain", "egg", "egg", "plain", "plain", "plain", "plain", "plain", "plain", "egg", "plain", "plain", "plain", "egg", "egg", "plain", "plain", "egg", "egg", "plain", "plain", "egg", "egg", "plain", "plain", "egg", "plain", "plain", "plain", "egg", "egg", "plain", "plain", "egg", "plain", "plain", "plain", "egg", "plain", "plain", "plain", "egg", "plain", "plain", "plain", "egg", "plain", "plain", "plain", "egg", "plain", "plain", "plain", "egg", "plain", "plain", "plain", "egg", "plain", "plain", "plain"], "errlog_a": "", "errlog_b": "", "start_time": 360, "start_moves": 40, "turn_count": 80, "result": 0, "reason": "EGGS_LAID", "trapdoors": [[4, 2], [5, 2]], "spawn_a": [0, 2], "spawn_b": [7, 2]}