{"pos": [[0, 1], [7, 1], [0, 0], [6, 1], [1, 0], [5, 1], [2, 0], [5, 0], [3, 0], [5, 1], [4, 0], [6, 1], [5, 0], [7, 1], [4, 0], [6, 1], [5, 0], [5, 1], [4, 0], [4, 1], [5, 0], [3, 1]], "a_eggs_laid": [1, 1, 1, 1, 4, 4, 4, 4, 5, 5, 5, 5, 6, 6, 6, 6, 6, 6, 6, 6, 6, 6], "b_eggs_laid": [0, 0, 0, 0, 0, 0, 0, 0, 0, 0, 0, 0, 0, 0, 0, 0, 0, 0, 0, 0, 0, 5], "a_turds_left": [5, 5, 5, 5, 5, 5, 5, 5, 5, 5, 5, 5, 5, 5, 5, 5, 5, 5, 5, 5, 5, 5], "b_turds_left": [5, 5, 5, 5, 5, 5, 5, 5, 5, 5, 5, 5, 5, 4, 4, 3, 3, 3, 3, 3, 3, 2], "a_time_left": [359.8817757500219, 359.8817757500219, 359.83527141605737, 359.83527141605737, 359.7816768330522, 359.7816768330522, 359.7423265830148, 359.7423265830148, 359.6587203749805, 359.6587203749805, 359.6271270830184, 359.6271270830184, 359.57964270800585, 359.57964270800585, 359.56719266599976, 359.56719266599976, 359.5579262499814, 359.5579262499814, 359.55246620898833, 359.55246620898833, 359.54485441802535, 359.54485441802535], "b_time_left": [360, 358.45951141702244, 358.45951141702244, 356.95301633299096, 356.95301633299096, 355.4468321239692, 355.4468321239692, 353.9408809989691, 353.9408809989691, 352.43519183195895, 352.43519183195895, 350.9295399149414, 350.9295399149414, 349.42371374892537, 349.42371374892537, 347.9179570819251, 347.9179570819251, 346.41231083188904, 346.41231083188904, 344.90662008186337, 344.90662008186337, 343.4009539568797], "a_moves_left": [39, 39, 38, 38, 37, 37, 36, 36, 35, 35, 34, 34, 33, 33, 32, 32, 31, 31, 30, 30, 29, 29], "b_moves_left": [40, 39, 39, 38, 38, 37, 37, 36, 36, 35, 35, 34, 34, 33, 33, 32, 32, 31, 31, 30, 30, 29], "trapdoor_triggered": [0, 0, 0, 0, 0, 0, 0, 0, 0, 0, 0, 0, 0, 0, 0, 0, 0, 0, 0, 0, 0, 0], "left_behind": ["egg", "plain", "plain", "plain", "egg", "plain", "plain", "plain", "egg", "plain", "plain", "plain", "egg", "turd", "plain", "turd", "plain", "plain", "plain", "plain", "plain", "turd"], "errlog_a": "", "errlog_b": "", "start_time": 360, "start_moves": 40, "turn_count": 22, "result": 0, "reason": "BLOCKING_END", "trapdoors": [[2, 4], [2, 5]], "spawn_a": [0, 2], "spawn_b": [7, 2]}