{"pos": [[7, 4], [0, 6], [7, 3], [1, 6], [7, 2], [2, 6], [7, 1], [1, 6], [7, 0], [2, 6], [7, 1], [2, 5], [7, 0], [2, 6], [6, 0], [2, 5], [7, 0], [0, 5], [7, 1], [0, 4], [7, 0], [0, 5], [7, 1], [1, 5], [7, 0], [2, 5], [6, 0], [2, 6], [7, 0], [2, 7], [7, 1], [2, 6], [7, 0], [2, 7], [6, 0], [2, 6], [7, 0], [3, 6], [6, 0], [4, 6], [7, 0], [4, 7], [7, 1], [4, 6], [7, 0], [3, 6], [7, 1], [3, 5], [7, 0], [0, 5], [7, 1], [0, 4], [7, 0], [0, 5], [6, 0], [0, 4], [7, 0], [0, 3], [6, 0], [0, 2], [7, 0], [1, 2], [6, 0], [1, 3], [7, 0], [2, 3], [7, 1], [2, 2], [7, 0], [2, 1], [7, 1], [3, 1], [7, 0], [3, 2], [6, 0], [4, 2], [7, 0], [4, 1], [7, 1], [5, 1]], "a_eggs_laid": [1, 1, 1, 1, 2, 2, 2, 2, 3, 3, 3, 3, 3, 3, 3, 3, 4, 4, 8, 8, 8, 8, 8, 8, 8, 8, 8, 8, 8, 8, 8, 8, 8, 8, 8, 8, 8, 8, 8, 8, 8, 8, 8, 8, 8, 8, 8, 8, 8, 8, 12, 12, 12, 12, 12, 12, 12, 12, 12, 12, 12, 12, 12, 12, 12, 12, 12, 12, 12, 12, 12, 12, 12, 12, 12, 12, 12, 12, 12, 12], "b_eggs_laid": [0, 1, 1, 1, 1, 1, 1, 1, 1, 1, 1, 1, 1, 2, 2, 2, 2, 2, 2, 2, 2, 2, 2, 2, 2, 2, 2, 2, 2, 2, 2, 2, 2, 2, 2, 2, 2, 2, 2, 3, 3, 3, 3, 4, 4, 4, 4, 4, 4, 4, 4, 4, 4, 4, 4, 4, 4, 4, 4, 5, 5, 5, 5, 6, 6, 6, 6, 7, 7, 7, 7, 7, 7, 7, 7, 7, 7, 7, 7, 7], "a_turds_left": [5, 5, 5, 5, 5, 5, 5, 5, 5, 5, 4, 4, 4, 4, 4, 4, 4, 4, 4, 4, 4, 4, 4, 4, 4, 4, 4, 4, 4, 4, 4, 4, 4, 4, 4, 4, 4, 4, 4, 4, 4, 4, 4, 4, 4, 4, 4, 4, 4, 4, 4, 4, 4, 4, 4, 4, 4, 4, 4, 4, 4, 4, 4, 4, 4, 4, 4, 4, 4, 4, 4, 4, 4, 4, 4, 4, 4, 4, 4, 4], "b_turds_left": [5, 5, 5, 4, 4, 3, 3, 2, 2, 2, 2, 2, 2, 2, 2, 2, 2, 2, 2, 2, 2, 2, 2, 2, 2, 1, 1, 1, 1, 1, 1, 1, 1, 1, 1, 0, 0, 0, 0, 0, 0, 0, 0, 0, 0, 0, 0, 0, 0, 0, 0, 0, 0, 0, 0, 0, 0, 0, 0, 0, 0, 0, 0, 0, 0, 0, 0, 0, 0, 0, 0, 0, 0, 0, 0, 0, 0, 0, 0, 0], "a_time_left": [359.99978141702013, 359.99978141702013, 359.9996590000228, 359.9996590000228, 359.99941916705575, 359.99941916705575, 359.9991292920313, 359.9991292920313, 359.9988490000251, 359.9988490000251, 359.9986812080606, 359.9986812080606, 359.99842450005235, 359.99842450005235, 359.998177667032, 359.998177667032, 359.99775970802875, 359.99775970802875, 359.99749733303906, 359.99749733303906, 359.9973032080452, 359.9973032080452, 359.99696429108735, 359.99696429108735, 359.9967887910898, 359.9967887910898, 359.9966127080843, 359.9966127080843, 359.9963745831046, 359.9963745831046, 359.99618291610386, 359.99618291610386, 359.99596820707666, 359.99596820707666, 359.99549154005945, 359.99549154005945, 359.9950041230768, 359.9950041230768, 359.99451845604926, 359.99451845604926, 359.99425020604394, 359.99425020604394, 359.99404316506116, 359.99404316506116, 359.9937862480874, 359.9937862480874, 359.99358170706546, 359.99358170706546, 359.9932761240634, 359.9932761240634, 359.99304716603365, 359.99304716603365, 359.99279637401924, 359.99279637401924, 359.99243824899895, 359.99243824899895, 359.99201195698697, 359.99201195698697, 359.99181499896804, 359.99181499896804, 359.9913580819848, 359.9913580819848, 359.9910541649442, 359.9910541649442, 359.99056899891, 359.99056899891, 359.9903252068907, 359.9903252068907, 359.99007812386844, 359.99007812386844, 359.9898411658942, 359.9898411658942, 359.9885156658711, 359.9885156658711, 359.98827808187343, 359.98827808187343, 359.9879756238661, 359.9879756238661, 359.98771366488654, 359.98771366488654], "b_time_left": [360, 358.4703108749818, 358.4703108749818, 356.9647675419692, 356.9647675419692, 355.4591347919777, 355.4591347919777, 353.9534060829319, 353.9534060829319, 352.4477393749403, 352.4477393749403, 350.942057749955, 350.942057749955, 349.4363406249322, 349.4363406249322, 347.9306790419505, 347.9306790419505, 346.42488962592324, 346.42488962592324, 344.91925904195523, 344.91925904195523, 343.4134476669715, 343.4134476669715, 341.9078661669628, 341.9078661669628, 340.4022827919689, 340.4022827919689, 338.8965890009422, 338.8965890009422, 337.39094062591903, 337.39094062591903, 335.8853010839084, 335.8853010839084, 334.37928866792936, 334.37928866792936, 332.8736487099086, 332.8736487099086, 331.36725037690485, 331.36725037690485, 329.86150300188456, 329.86150300188456, 328.35587725188816, 328.35587725188816, 326.85024445987074, 326.85024445987074, 325.3447151678847, 325.3447151678847, 323.839102500875, 323.839102500875, 322.33345633384306, 322.33345633384306, 320.827842624858, 320.827842624858, 319.3223437498091, 319.3223437498091, 317.8166113748448, 317.8166113748448, 316.3111205838504, 316.3111205838504, 314.80544629186625, 314.80544629186625, 313.300050166843, 313.300050166843, 311.7942670828197, 311.7942670828197, 310.2886141667841, 310.2886141667841, 308.7829973747721, 308.7829973747721, 307.27734612475615, 307.27734612475615, 305.77185599977383, 305.77185599977383, 304.2657232917845, 304.2657232917845, 302.7600253337878, 302.7600253337878, 301.2543977088062, 301.2543977088062, 299.74883633380523], "a_moves_left": [39, 39, 38, 38, 37, 37, 36, 36, 35, 35, 34, 34, 33, 33, 32, 32, 31, 31, 30, 30, 29, 29, 28, 28, 27, 27, 26, 26, 25, 25, 24, 24, 23, 23, 22, 22, 21, 21, 20, 20, 19, 19, 18, 18, 17, 17, 16, 16, 15, 15, 14, 14, 13, 13, 12, 12, 11, 11, 10, 10, 9, 9, 8, 8, 7, 7, 6, 6, 5, 5, 4, 4, 3, 3, 2, 2, 1, 1, 0, 0], "b_moves_left": [40, 39, 39, 38, 38, 37, 37, 36, 36, 35, 35, 34, 34, 33, 33, 32, 32, 31, 31, 30, 30, 29, 29, 28, 28, 27, 27, 26, 26, 25, 25, 24, 24, 23, 23, 22, 22, 21, 21, 20, 20, 19, 19, 18, 18, 17, 17, 16, 16, 15, 15, 14, 14, 13, 13, 12, 12, 11, 11, 10, 10, 9, 9, 8, 8, 7, 7, 6, 6, 5, 5, 4, 4, 3, 3, 2, 2, 1, 1, 0], "trapdoor_triggered": [0, 0, 0, 0, 0, 0, 0, 0, 0, 0, 0, 0, 0, 0, 0, 0, 0, 1, 0, 0, 0, 0, 0, 0, 0, 0, 0, 0, 0, 0, 0, 0, 0, 0, 0, 0, 0, 0, 0, 0, 0, 0, 0, 0, 0, 0, 0, 0, 0, 1, 0, 0, 0, 0, 0, 0, 0, 0, 0, 0, 0, 0, 0, 0, 0, 0, 0, 0, 0, 0, 0, 0, 0, 0, 0, 0, 0, 0, 0, 0], "left_behind": ["egg", "egg", "plain", "turd", "egg", "turd", "plain", "turd", "egg", "plain", "turd", "plain", "plain", "egg", "plain", "plain", "egg", "plain", "plain", "plain", "plain", "plain", "plain", "plain", "plain", "turd", "plain", "plain", "plain", "plain", "plain", "plain", "plain", "plain", "plain", "turd", "plain", "plain", "plain", "egg", "plain", "plain", "plain", "egg", "plain", "plain", "plain", "plain", "plain", "plain", "plain", "plain", "plain", "plain", "plain", "plain", "plain", "plain", "plain", "egg", "plain", "plain", "plain", "egg", "plain", "plain", "plain", "egg", "plain", "plain", "plain", "plain", "plain", "plain", "plain", "plain", "plain", "plain", "plain", "plain"], "errlog_a": "", "errlog_b": "", "start_time": 360, "start_moves": 40, "turn_count": 80, "result": 0, "reason": "EGGS_LAID", "trapdoors": [[2, 4], [3, 4]], "spawn_a": [7, 5], "spawn_b": [0, 5]}