{"pos": [[0, 5], [6, 6], [0, 4], [7, 6], [0, 3], [7, 5], [1, 3], [7, 6], [1, 2], [7, 7], [1, 1], [6, 7], [1, 0], [5, 7], [2, 0], [5, 6], [3, 0], [4, 6], [3, 1], [4, 7], [4, 1], [4, 6], [4, 2], [3, 6], [5, 2], [3, 7], [5, 1], [2, 7], [5, 0], [3, 7], [5, 1], [4, 7], [5, 0], [4, 6], [5, 1], [5, 6], [5, 0], [4, 6], [5, 1], [5, 6], [5, 0], [6, 6], [5, 1], [5, 6], [5, 0], [5, 7], [5, 1], [4, 7], [5, 0], [3, 7], [5, 1], [4, 7], [5, 0], [3, 7], [5, 1], [2, 7], [5, 0], [1, 7], [5, 1], [1, 6], [5, 0], [1, 5], [5, 1], [1, 4], [6, 1], [2, 4], [6, 2], [2, 3], [6, 1], [3, 3], [6, 0], [3, 2], [6, 1], [2, 2], [6, 0], [3, 2], [5, 0], [3, 3], [5, 1], [2, 3]], "a_eggs_laid": [1, 1, 1, 1, 2, 2, 2, 2, 3, 3, 3, 3, 4, 4, 4, 4, 5, 5, 5, 5, 6, 6, 6, 6, 7, 7, 7, 7, 8, 8, 8, 8, 8, 8, 8, 8, 8, 8, 8, 8, 8, 8, 8, 8, 8, 8, 8, 8, 8, 8, 8, 8, 8, 8, 8, 8, 8, 8, 8, 8, 8, 8, 8, 8, 8, 8, 8, 8, 9, 9, 9, 9, 10, 10, 10, 10, 10, 10, 10, 10], "b_eggs_laid": [0, 0, 0, 0, 0, 1, 1, 1, 1, 1, 1, 1, 1, 2, 2, 2, 2, 2, 2, 2, 2, 2, 2, 2, 2, 3, 3, 3, 3, 4, 4, 4, 4, 4, 4, 4, 4, 4, 4, 4, 4, 4, 4, 4, 4, 4, 4, 4, 4, 4, 4, 4, 4, 5, 5, 5, 5, 5, 5, 5, 5, 6, 6, 6, 6, 6, 6, 6, 6, 6, 6, 6, 6, 7, 7, 7, 7, 7, 7, 7], "a_turds_left": [5, 5, 5, 5, 5, 5, 5, 5, 5, 5, 5, 5, 5, 5, 5, 5, 5, 5, 5, 5, 5, 5, 5, 5, 5, 5, 5, 5, 5, 5, 5, 5, 5, 5, 5, 5, 5, 5, 5, 5, 5, 5, 5, 5, 5, 5, 5, 5, 5, 5, 5, 5, 5, 5, 5, 5, 5, 5, 5, 5, 5, 5, 5, 5, 5, 5, 5, 5, 5, 5, 5, 5, 5, 5, 5, 5, 5, 5, 5, 5], "b_turds_left": [5, 5, 5, 4, 4, 4, 4, 3, 3, 3, 3, 2, 2, 2, 2, 2, 2, 1, 1, 0, 0, 0, 0, 0, 0, 0, 0, 0, 0, 0, 0, 0, 0, 0, 0, 0, 0, 0, 0, 0, 0, 0, 0, 0, 0, 0, 0, 0, 0, 0, 0, 0, 0, 0, 0, 0, 0, 0, 0, 0, 0, 0, 0, 0, 0, 0, 0, 0, 0, 0, 0, 0, 0, 0, 0, 0, 0, 0, 0, 0], "a_time_left": [359.8330255000037, 359.8330255000037, 359.7688388749957, 359.7688388749957, 359.6681566669722, 359.6681566669722, 359.6225264169625, 359.6225264169625, 359.5007767919451, 359.5007767919451, 359.48094479192514, 359.48094479192514, 359.38758845895063, 359.38758845895063, 359.3428234589519, 359.3428234589519, 359.2477824999369, 359.2477824999369, 359.1849862499512, 359.1849862499512, 359.123790749989, 359.123790749989, 359.0840074159787, 359.0840074159787, 359.00640087394277, 359.00640087394277, 358.9725840409519, 358.9725840409519, 358.91554637491936, 358.91554637491936, 358.89804033288965, 358.89804033288965, 358.87275420792866, 358.87275420792866, 358.84786724991864, 358.84786724991864, 358.8044857919449, 358.8044857919449, 358.7792872089194, 358.7792872089194, 358.7384473339189, 358.7384473339189, 358.71519933396485, 358.71519933396485, 358.6747976259794, 358.6747976259794, 358.6524365840014, 358.6524365840014, 358.62074458401185, 358.62074458401185, 358.6015755010303, 358.6015755010303, 358.5765115840477, 358.5765115840477, 358.5588582510245, 358.5588582510245, 358.5327481680433, 358.5327481680433, 358.51080191804795, 358.51080191804795, 358.47874054306885, 358.47874054306885, 358.4525705850683, 358.4525705850683, 358.4276445020805, 358.4276445020805, 358.3944750020746, 358.3944750020746, 358.3358722520643, 358.3358722520643, 358.30603908508783, 358.30603908508783, 358.27180958510144, 358.27180958510144, 358.243725002103, 358.243725002103, 358.2301500440808, 358.2301500440808, 358.2242483361042, 358.2242483361042], "b_time_left": [360, 358.46644508402096, 358.46644508402096, 356.96078370901523, 356.96078370901523, 355.45426199998474, 355.45426199998474, 353.9486827920191, 353.9486827920191, 352.4431373340194, 352.4431373340194, 350.93749420903623, 350.93749420903623, 349.4309873760212, 349.4309873760212, 347.92533900099806, 347.92533900099806, 346.41966404300183, 346.41966404300183, 344.9139635839965, 344.9139635839965, 343.40867791796336, 343.40867791796336, 341.901894333947, 341.901894333947, 340.3962696669623, 340.3962696669623, 338.89078204194084, 338.89078204194084, 337.38518704188755, 337.38518704188755, 335.87967066688, 335.87967066688, 334.3740026258747, 334.3740026258747, 332.86840525089065, 332.86840525089065, 331.3627280839137, 331.3627280839137, 329.8571142089204, 329.8571142089204, 328.35154212493217, 328.35154212493217, 326.84597724996274, 326.84597724996274, 325.34024916694034, 325.34024916694034, 323.8346404589247, 323.8346404589247, 322.32900437596254, 322.32900437596254, 320.8234199169674, 320.8234199169674, 319.31785812496673, 319.31785812496673, 317.81238479097374, 317.81238479097374, 316.3067876250134, 316.3067876250134, 314.80122208298417, 314.80122208298417, 313.2955315829604, 313.2955315829604, 311.79002345795743, 311.79002345795743, 310.28380154195474, 310.28380154195474, 308.77830125094624, 308.77830125094624, 307.27260320895584, 307.27260320895584, 305.7669577089837, 305.7669577089837, 304.26142958400305, 304.26142958400305, 302.7560845009866, 302.7560845009866, 301.25049333501374, 301.25049333501374, 299.74502025096444], "a_moves_left": [39, 39, 38, 38, 37, 37, 36, 36, 35, 35, 34, 34, 33, 33, 32, 32, 31, 31, 30, 30, 29, 29, 28, 28, 27, 27, 26, 26, 25, 25, 24, 24, 23, 23, 22, 22, 21, 21, 20, 20, 19, 19, 18, 18, 17, 17, 16, 16, 15, 15, 14, 14, 13, 13, 12, 12, 11, 11, 10, 10, 9, 9, 8, 8, 7, 7, 6, 6, 5, 5, 4, 4, 3, 3, 2, 2, 1, 1, 0, 0], "b_moves_left": [40, 39, 39, 38, 38, 37, 37, 36, 36, 35, 35, 34, 34, 33, 33, 32, 32, 31, 31, 30, 30, 29, 29, 28, 28, 27, 27, 26, 26, 25, 25, 24, 24, 23, 23, 22, 22, 21, 21, 20, 20, 19, 19, 18, 18, 17, 17, 16, 16, 15, 15, 14, 14, 13, 13, 12, 12, 11, 11, 10, 10, 9, 9, 8, 8, 7, 7, 6, 6, 5, 5, 4, 4, 3, 3, 2, 2, 1, 1, 0], "trapdoor_triggered": [0, 0, 0, 0, 0, 0, 0, 0, 0, 0, 0, 0, 0, 0, 0, 0, 0, 0, 0, 0, 0, 0, 0, 0, 0, 0, 0, 0, 0, 0, 0, 0, 0, 0, 0, 0, 0, 0, 0, 0, 0, 0, 0, 0, 0, 0, 0, 0, 0, 0, 0, 0, 0, 0, 0, 0, 0, 0, 0, 0, 0, 0, 0, 0, 0, 0, 0, 0, 0, 0, 0, 0, 0, 0, 0, 0, 0, 0, 0, 0], "left_behind": ["egg", "plain", "plain", "turd", "egg", "egg", "plain", "turd", "egg", "plain", "plain", "turd", "egg", "egg", "plain", "plain", "egg", "turd", "plain", "turd", "egg", "plain", "plain", "plain", "egg", "egg", "plain", "plain", "egg", "egg", "plain", "plain", "plain", "plain", "plain", "plain", "plain", "plain", "plain", "plain", "plain", "plain", "plain", "plain", "plain", "plain", "plain", "plain", "plain", "plain", "plain", "plain", "plain", "egg", "plain", "plain", "plain", "plain", "plain", "plain", "plain", "egg", "plain", "plain", "plain", "plain", "plain", "plain", "egg", "plain", "plain", "plain", "egg", "egg", "plain", "plain", "plain", "plain", "plain", "plain"], "errlog_a": "", "errlog_b": "", "start_time": 360, "start_moves": 40, "turn_count": 80, "result": 0, "reason": "EGGS_LAID", "trapdoors": [[4, 4], [3, 4]], "spawn_a": [0, 6], "spawn_b": [7, 6]}