{"pos": [[0, 5], [7, 7], [0, 6], [6, 7], [0, 7], [7, 7], [0, 6], [7, 6], [0, 7], [7, 5], [0, 6], [7, 6], [0, 7], [7, 7], [0, 6], [7, 6], [0, 7], [7, 7], [1, 7], [6, 7], [1, 6], [6, 6], [0, 6], [6, 5], [0, 7]], "a_eggs_laid": [1, 1, 1, 1, 1, 1, 1, 1, 1, 1, 1, 1, 1, 1, 1, 1, 1, 1, 1, 1, 2, 2, 2, 2, 2], "b_eggs_laid": [0, 0, 0, 0, 0, 0, 0, 0, 0, 0, 0, 0, 0, 0, 0, 0, 0, 0, 0, 0, 0, 0, 0, 0, 0], "a_turds_left": [5, 5, 5, 5, 5, 5, 4, 4, 4, 4, 4, 4, 4, 4, 4, 4, 4, 4, 4, 4, 4, 4, 3, 3, 3], "b_turds_left": [5, 5, 5, 4, 4, 4, 4, 4, 4, 3, 3, 2, 2, 2, 2, 2, 2, 2, 2, 2, 2, 1, 1, 1, 1], "a_time_left": [359.99977520800894, 359.99977520800894, 359.9996024580323, 359.9996024580323, 359.99912512500305, 359.99912512500305, 359.998899083992, 359.998899083992, 359.99866016797023, 359.99866016797023, 359.99819908395875, 359.99819908395875, 359.99800995894475, 359.99800995894475, 359.9970158339711, 359.9970158339711, 359.9964980839868, 359.9964980839868, 359.996085458959, 359.996085458959, 359.9954235839541, 359.9954235839541, 359.995023833937, 359.995023833937, 359.9945425839396], "b_time_left": [360, 358.46407025004737, 358.46407025004737, 356.9585067910375, 356.9585067910375, 355.45272179105086, 355.45272179105086, 353.946961583104, 353.946961583104, 352.4412140001077, 352.4412140001077, 350.9359423331334, 350.9359423331334, 349.4297602500883, 349.4297602500883, 347.924248708121, 347.924248708121, 346.41847837512614, 346.41847837512614, 344.91282437514747, 344.91282437514747, 343.40961075015366, 343.40961075015366, 341.9039292501402, 341.9039292501402], "a_moves_left": [39, 39, 38, 38, 37, 37, 36, 36, 35, 35, 34, 34, 33, 33, 32, 32, 31, 31, 30, 30, 29, 29, 28, 28, 27], "b_moves_left": [40, 39, 39, 38, 38, 37, 37, 36, 36, 35, 35, 34, 34, 33, 33, 32, 32, 31, 31, 30, 30, 29, 29, 28, 28], "trapdoor_triggered": [0, 0, 0, 0, 0, 0, 0, 0, 0, 0, 0, 0, 0, 0, 0, 0, 0, 0, 0, 0, 0, 0, 0, 0, 0], "left_behind": ["egg", "plain", "plain", "turd", "plain", "plain", "turd", "plain", "plain", "turd", "plain", "turd", "plain", "plain", "plain", "plain", "plain", "plain", "plain", "plain", "egg", "turd", "turd", "plain", "plain"], "errlog_a": "", "errlog_b": "Timeout", "start_time": 360, "start_moves": 40, "turn_count": 25, "result": 0, "reason": "CODE_CRASH", "trapdoors": [[3, 3], [4, 3]], "spawn_a": [0, 6], "spawn_b": [7, 6]}