{"pos": [[0, 3], [6, 4], [0, 2], [7, 4], [0, 1], [7, 3], [0, 0], [7, 2], [1, 0], [7, 3], [2, 0], [7, 2], [3, 0], [7, 3], [4, 0], [7, 2], [5, 0], [7, 3], [6, 0], [7, 2], [7, 0], [6, 2], [6, 0], [7, 2], [5, 0], [7, 3], [6, 0], [7, 4], [5, 0], [7, 3], [6, 0], [6, 3], [7, 0], [6, 4], [6, 0], [6, 5], [7, 0], [6, 6], [6, 0], [6, 7], [7, 0], [6, 6], [6, 0], [5, 6], [7, 0], [4, 6], [6, 0], [5, 6], [7, 0], [6, 6], [6, 0], [6, 7], [7, 0], [5, 7], [6, 0], [6, 7], [7, 0], [7, 7], [6, 0], [6, 7], [7, 0], [7, 7], [6, 0], [6, 7], [7, 0], [7, 7], [6, 0], [6, 7], [7, 0], [7, 7], [6, 0], [6, 7], [7, 0], [7, 7], [6, 0], [7, 6], [5, 0], [7, 7], [6, 0], [6, 7]], "a_eggs_laid": [1, 1, 1, 1, 2, 2, 2, 2, 5, 5, 5, 5, 6, 6, 6, 6, 7, 7, 7, 7, 8, 8, 8, 8, 8, 8, 8, 8, 8, 8, 8, 8, 8, 8, 8, 8, 8, 8, 8, 8, 8, 8, 8, 8, 8, 8, 8, 8, 8, 8, 8, 8, 8, 8, 8, 8, 8, 8, 8, 8, 8, 8, 8, 8, 8, 8, 8, 8, 8, 8, 8, 8, 8, 8, 8, 8, 8, 8, 8, 8], "b_eggs_laid": [0, 0, 0, 0, 0, 0, 0, 0, 0, 0, 0, 0, 0, 0, 0, 0, 0, 0, 0, 0, 0, 0, 0, 0, 0, 0, 0, 0, 0, 0, 0, 0, 0, 0, 0, 0, 0, 1, 1, 1, 1, 2, 2, 2, 2, 2, 2, 2, 2, 3, 3, 3, 3, 3, 3, 3, 3, 3, 3, 3, 3, 3, 3, 3, 3, 3, 3, 3, 3, 3, 3, 3, 3, 3, 3, 3, 3, 4, 4, 4], "a_turds_left": [5, 5, 5, 5, 5, 5, 5, 5, 5, 5, 5, 5, 5, 5, 5, 5, 5, 5, 5, 5, 5, 5, 5, 5, 5, 5, 5, 5, 5, 5, 5, 5, 5, 5, 5, 5, 5, 5, 5, 5, 5, 5, 5, 5, 5, 5, 5, 5, 5, 5, 5, 5, 5, 5, 5, 5, 5, 5, 4, 4, 4, 4, 4, 4, 4, 4, 4, 4, 4, 4, 4, 4, 4, 4, 4, 4, 4, 4, 3, 3], "b_turds_left": [5, 4, 4, 3, 3, 3, 3, 2, 2, 2, 2, 2, 2, 1, 1, 1, 1, 1, 1, 1, 1, 1, 1, 0, 0, 0, 0, 0, 0, 0, 0, 0, 0, 0, 0, 0, 0, 0, 0, 0, 0, 0, 0, 0, 0, 0, 0, 0, 0, 0, 0, 0, 0, 0, 0, 0, 0, 0, 0, 0, 0, 0, 0, 0, 0, 0, 0, 0, 0, 0, 0, 0, 0, 0, 0, 0, 0, 0, 0, 0], "a_time_left": [359.8435984159587, 359.8435984159587, 359.7858233739971, 359.7858233739971, 359.6789262070088, 359.6789262070088, 359.65165841497947, 359.65165841497947, 359.5910448739887, 359.5910448739887, 359.55783066601725, 359.55783066601725, 359.4525797080714, 359.4525797080714, 359.41700629208935, 359.41700629208935, 359.3346447920776, 359.3346447920776, 359.30141879204893, 359.30141879204893, 359.24243262509117, 359.24243262509117, 359.22905912506394, 359.22905912506394, 359.2121217501117, 359.2121217501117, 359.1841424581362, 359.1841424581362, 359.1722900411696, 359.1722900411696, 359.14879558217945, 359.14879558217945, 359.1422259991523, 359.1422259991523, 359.1371327491361, 359.1371327491361, 359.1338843741687, 359.1338843741687, 359.12955504015554, 359.12955504015554, 359.1249037491507, 359.1249037491507, 359.11795524915215, 359.11795524915215, 359.10960616514785, 359.10960616514785, 359.1053442071425, 359.1053442071425, 359.0982245411142, 359.0982245411142, 359.0932800411247, 359.0932800411247, 359.0837207491277, 359.0837207491277, 359.074109249108, 359.074109249108, 359.0651614581584, 359.0651614581584, 359.0646840831614, 359.0646840831614, 359.0544199581491, 359.0544199581491, 359.0453886251198, 359.0453886251198, 359.03662891715067, 359.03662891715067, 359.02614575013286, 359.02614575013286, 359.01694362511626, 359.01694362511626, 359.006312459067, 359.006312459067, 358.9996219590539, 358.9996219590539, 358.9918485840317, 358.9918485840317, 358.9787615420064, 358.9787615420064, 358.97809883300215, 358.97809883300215], "b_time_left": [360, 358.4652200830169, 358.4652200830169, 356.95980770804454, 356.95980770804454, 355.4541631670436, 355.4541631670436, 353.94873858301435, 353.94873858301435, 352.44293700001435, 352.44293700001435, 350.93738012498943, 350.93738012498943, 349.4317787909531, 349.4317787909531, 347.92603962495923, 347.92603962495923, 346.42043787497096, 346.42043787497096, 344.91489312495105, 344.91489312495105, 343.40928720793454, 343.40928720793454, 341.90378116694046, 341.90378116694046, 340.3981917499332, 340.3981917499332, 338.89273720793426, 338.89273720793426, 337.3871787079843, 337.3871787079843, 335.8815232500201, 335.8815232500201, 334.37581366702216, 334.37581366702216, 332.8706353340531, 332.8706353340531, 331.3649208750576, 331.3649208750576, 329.8593529170612, 329.8593529170612, 328.3538099170546, 328.3538099170546, 326.8476424170658, 326.8476424170658, 325.34204512502765, 325.34204512502765, 323.8365450410056, 323.8365450410056, 322.331021791033, 322.331021791033, 320.82468470802996, 320.82468470802996, 319.3236947080586, 319.3236947080586, 317.8180309991003, 317.8180309991003, 316.31239979108796, 316.31239979108796, 314.80676320707425, 314.80676320707425, 313.30107812408824, 313.30107812408824, 311.7951985410764, 311.7951985410764, 310.28973179106833, 310.28973179106833, 308.7841750000953, 308.7841750000953, 307.2787609581137, 307.2787609581137, 305.77343733311864, 305.77343733311864, 304.270591167151, 304.270591167151, 302.76497545914026, 302.76497545914026, 301.2593375421129, 301.2593375421129, 299.75745825108606], "a_moves_left": [39, 39, 38, 38, 37, 37, 36, 36, 35, 35, 34, 34, 33, 33, 32, 32, 31, 31, 30, 30, 29, 29, 28, 28, 27, 27, 26, 26, 25, 25, 24, 24, 23, 23, 22, 22, 21, 21, 20, 20, 19, 19, 18, 18, 17, 17, 16, 16, 15, 15, 14, 14, 13, 13, 12, 12, 11, 11, 10, 10, 9, 9, 8, 8, 7, 7, 6, 6, 5, 5, 4, 4, 3, 3, 2, 2, 1, 1, 0, 0], "b_moves_left": [40, 39, 39, 38, 38, 37, 37, 36, 36, 35, 35, 34, 34, 33, 33, 32, 32, 31, 31, 30, 30, 29, 29, 28, 28, 27, 27, 26, 26, 25, 25, 24, 24, 23, 23, 22, 22, 21, 21, 20, 20, 19, 19, 18, 18, 17, 17, 16, 16, 15, 15, 14, 14, 13, 13, 12, 12, 11, 11, 10, 10, 9, 9, 8, 8, 7, 7, 6, 6, 5, 5, 4, 4, 3, 3, 2, 2, 1, 1, 0], "trapdoor_triggered": [0, 0, 0, 0, 0, 0, 0, 0, 0, 0, 0, 0, 0, 0, 0, 0, 0, 0, 0, 0, 0, 0, 0, 0, 0, 0, 0, 0, 0, 0, 0, 0, 0, 0, 0, 0, 0, 0, 0, 0, 0, 0, 0, 0, 0, 0, 0, 0, 0, 0, 0, 0, 0, 0, 0, 0, 0, 0, 0, 0, 0, 0, 0, 0, 0, 0, 0, 0, 0, 0, 0, 0, 0, 0, 0, 0, 0, 0, 0, 0], "left_behind": ["egg", "turd", "plain", "turd", "egg", "plain", "plain", "turd", "egg", "plain", "plain", "plain", "egg", "turd", "plain", "plain", "egg", "plain", "plain", "plain", "egg", "plain", "plain", "turd", "plain", "plain", "plain", "plain", "plain", "plain", "plain", "plain", "plain", "plain", "plain", "plain", "plain", "egg", "plain", "plain", "plain", "egg", "plain", "plain", "plain", "plain", "plain", "plain", "plain", "egg", "plain", "plain", "plain", "plain", "plain", "plain", "plain", "plain", "turd", "plain", "plain", "plain", "plain", "plain", "plain", "plain", "plain", "plain", "plain", "plain", "plain", "plain", "plain", "plain", "plain", "plain", "plain", "egg", "turd", "plain"], "errlog_a": "", "errlog_b": "", "start_time": 360, "start_moves": 40, "turn_count": 80, "result": 0, "reason": "EGGS_LAID", "trapdoors": [[2, 2], [4, 3]], "spawn_a": [0, 4], "spawn_b": [7, 4]}