{"pos": [[0, 1], [7, 1], [0, 0], [7, 2], [1, 0], [7, 3], [2, 0], [6, 3], [3, 0], [6, 4], [3, 1], [5, 4], [4, 1], [7, 2], [4, 2], [7, 1], [4, 1], [6, 1], [4, 0], [5, 1], [5, 0], [6, 1], [4, 0], [7, 1], [5, 0], [6, 1], [4, 0], [6, 2], [5, 0], [7, 2], [4, 0], [6, 2], [5, 0], [5, 2], [4, 0], [6, 2], [5, 0], [6, 3], [4, 0], [5, 3], [5, 0], [5, 2], [4, 0], [6, 2], [5, 0], [6, 3], [4, 0], [7, 3], [5, 0], [6, 3], [4, 0], [7, 3], [5, 0], [7, 2], [4, 0], [7, 1], [5, 0], [7, 2], [4, 0], [6, 2], [5, 0], [5, 2], [4, 0], [6, 2], [5, 0], [5, 2], [4, 0], [5, 3], [5, 0], [5, 2], [4, 0], [6, 2], [5, 0], [5, 2], [4, 0], [5, 3], [5, 0], [6, 3], [4, 0], [6, 4]], "a_eggs_laid": [1, 1, 1, 1, 4, 4, 4, 4, 5, 5, 5, 5, 6, 6, 10, 10, 11, 11, 11, 11, 11, 11, 11, 11, 11, 11, 11, 11, 11, 11, 11, 11, 11, 11, 11, 11, 11, 11, 11, 11, 11, 11, 11, 11, 11, 11, 11, 11, 11, 11, 11, 11, 11, 11, 11, 11, 11, 11, 11, 11, 11, 11, 11, 11, 11, 11, 11, 11, 11, 11, 11, 11, 11, 11, 11, 11, 11, 11, 11, 11], "b_eggs_laid": [0, 1, 1, 1, 1, 1, 1, 1, 1, 1, 1, 1, 1, 1, 1, 1, 1, 1, 1, 1, 1, 1, 1, 1, 1, 1, 1, 1, 1, 1, 1, 1, 1, 1, 1, 1, 1, 1, 1, 1, 1, 1, 1, 2, 2, 2, 2, 2, 2, 2, 2, 2, 2, 2, 2, 2, 2, 2, 2, 2, 2, 2, 2, 2, 2, 2, 2, 2, 2, 2, 2, 2, 2, 2, 2, 2, 2, 2, 2, 2], "a_turds_left": [5, 5, 5, 5, 5, 5, 5, 5, 5, 5, 5, 5, 5, 5, 5, 5, 5, 5, 5, 5, 4, 4, 3, 3, 3, 3, 3, 3, 3, 3, 3, 3, 3, 3, 3, 3, 3, 3, 3, 3, 3, 3, 3, 3, 3, 3, 3, 3, 3, 3, 3, 3, 3, 3, 3, 3, 3, 3, 3, 3, 3, 3, 3, 3, 3, 3, 3, 3, 3, 3, 3, 3, 3, 3, 3, 3, 3, 3, 3, 3], "b_turds_left": [5, 5, 5, 5, 5, 5, 5, 5, 5, 5, 5, 5, 5, 4, 4, 4, 4, 4, 4, 3, 3, 3, 3, 3, 3, 3, 3, 3, 3, 3, 3, 3, 3, 2, 2, 2, 2, 2, 2, 1, 1, 0, 0, 0, 0, 0, 0, 0, 0, 0, 0, 0, 0, 0, 0, 0, 0, 0, 0, 0, 0, 0, 0, 0, 0, 0, 0, 0, 0, 0, 0, 0, 0, 0, 0, 0, 0, 0, 0, 0], "a_time_left": [359.8845250000013, 359.8845250000013, 359.865408667014, 359.865408667014, 359.8224367920193, 359.8224367920193, 359.77817050000886, 359.77817050000886, 359.6827973750187, 359.6827973750187, 359.63086412503617, 359.63086412503617, 359.5237127500586, 359.5237127500586, 359.4682986670523, 359.4682986670523, 359.3789364590193, 359.3789364590193, 359.28146870899945, 359.28146870899945, 359.28092358401045, 359.28092358401045, 359.28048179199686, 359.28048179199686, 359.26694279199, 359.26694279199, 359.26209825096885, 359.26209825096885, 359.25381020992063, 359.25381020992063, 359.2452399599133, 359.2452399599133, 359.23621787689626, 359.23621787689626, 359.2329019609024, 359.2329019609024, 359.223416168883, 359.223416168883, 359.21523596084444, 359.21523596084444, 359.20246596081415, 359.20246596081415, 359.1991641278146, 359.1991641278146, 359.1933458368294, 359.1933458368294, 359.1891856287839, 359.1891856287839, 359.1792543787742, 359.1792543787742, 359.1725242117536, 359.1725242117536, 359.1607229197398, 359.1607229197398, 359.15398025372997, 359.15398025372997, 359.1432210037601, 359.1432210037601, 359.1338572537643, 359.1338572537643, 359.12611892074347, 359.12611892074347, 359.123097837728, 359.123097837728, 359.1141012957087, 359.1141012957087, 359.1115873376839, 359.1115873376839, 359.10273750469787, 359.10273750469787, 359.0989687136607, 359.0989687136607, 359.091251880629, 359.091251880629, 359.0879437556723, 359.0879437556723, 359.08280588063644, 359.08280588063644, 359.08118408860173, 359.08118408860173], "b_time_left": [360, 358.45937991701066, 358.45937991701066, 356.9537332090549, 356.9537332090549, 355.4479607930407, 355.4479607930407, 353.94228250102606, 353.94228250102606, 352.43653316801647, 352.43653316801647, 350.9306615430396, 350.9306615430396, 349.4248323760694, 349.4248323760694, 347.91830200102413, 347.91830200102413, 346.41267841804074, 346.41267841804074, 344.9069357099943, 344.9069357099943, 343.4013861690182, 343.4013861690182, 341.89570996101247, 341.89570996101247, 340.3900931280223, 340.3900931280223, 338.8844657110167, 338.8844657110167, 337.3787824610481, 337.3787824610481, 335.87317375204293, 335.87317375204293, 334.3675977520761, 334.3675977520761, 332.86205583508126, 332.86205583508126, 331.3564030430862, 331.3564030430862, 329.85064466804033, 329.85064466804033, 328.34488500107545, 328.34488500107545, 326.8393546680454, 326.8393546680454, 325.33387195906835, 325.33387195906835, 323.82826500106603, 323.82826500106603, 322.3227608350571, 322.3227608350571, 320.81702337705065, 320.81702337705065, 319.3115116690169, 319.3115116690169, 317.80602408602135, 317.80602408602135, 316.3005352530163, 316.3005352530163, 314.7948612530017, 314.7948612530017, 313.28935646096943, 313.28935646096943, 311.783859876974, 311.783859876974, 310.27830387698486, 310.27830387698486, 308.77277529402636, 308.77277529402636, 307.26725466904463, 307.26725466904463, 305.76173616905, 305.76173616905, 304.25625225302065, 304.25625225302065, 302.75072708702646, 302.75072708702646, 301.24518833705224, 301.24518833705224, 299.7406877540634], "a_moves_left": [39, 39, 38, 38, 37, 37, 36, 36, 35, 35, 34, 34, 33, 33, 32, 32, 31, 31, 30, 30, 29, 29, 28, 28, 27, 27, 26, 26, 25, 25, 24, 24, 23, 23, 22, 22, 21, 21, 20, 20, 19, 19, 18, 18, 17, 17, 16, 16, 15, 15, 14, 14, 13, 13, 12, 12, 11, 11, 10, 10, 9, 9, 8, 8, 7, 7, 6, 6, 5, 5, 4, 4, 3, 3, 2, 2, 1, 1, 0, 0], "b_moves_left": [40, 39, 39, 38, 38, 37, 37, 36, 36, 35, 35, 34, 34, 33, 33, 32, 32, 31, 31, 30, 30, 29, 29, 28, 28, 27, 27, 26, 26, 25, 25, 24, 24, 23, 23, 22, 22, 21, 21, 20, 20, 19, 19, 18, 18, 17, 17, 16, 16, 15, 15, 14, 14, 13, 13, 12, 12, 11, 11, 10, 10, 9, 9, 8, 8, 7, 7, 6, 6, 5, 5, 4, 4, 3, 3, 2, 2, 1, 1, 0], "trapdoor_triggered": [0, 0, 0, 0, 0, 0, 0, 0, 0, 0, 0, 0, 0, 1, 0, 0, 0, 0, 0, 0, 0, 0, 0, 0, 0, 0, 0, 0, 0, 0, 0, 0, 0, 0, 0, 0, 0, 0, 0, 0, 0, 0, 0, 0, 0, 0, 0, 0, 0, 0, 0, 0, 0, 0, 0, 0, 0, 0, 0, 0, 0, 0, 0, 0, 0, 0, 0, 0, 0, 0, 0, 0, 0, 0, 0, 0, 0, 0, 0, 0], "left_behind": ["egg", "egg", "plain", "plain", "egg", "plain", "plain", "plain", "egg", "plain", "plain", "plain", "egg", "turd", "plain", "plain", "egg", "plain", "plain", "turd", "turd", "plain", "turd", "plain", "plain", "plain", "plain", "plain", "plain", "plain", "plain", "plain", "plain", "turd", "plain", "plain", "plain", "plain", "plain", "turd", "plain", "turd", "plain", "egg", "plain", "plain", "plain", "plain", "plain", "plain", "plain", "plain", "plain", "plain", "plain", "plain", "plain", "plain", "plain", "plain", "plain", "plain", "plain", "plain", "plain", "plain", "plain", "plain", "plain", "plain", "plain", "plain", "plain", "plain", "plain", "plain", "plain", "plain", "plain", "plain"], "errlog_a": "", "errlog_b": "", "start_time": 360, "start_moves": 40, "turn_count": 80, "result": 0, "reason": "EGGS_LAID", "trapdoors": [[4, 4], [4, 5]], "spawn_a": [0, 2], "spawn_b": [7, 2]}