{"pos": [[6, 1], [0, 2], [6, 2], [0, 1], [7, 2], [1, 1], [7, 3], [2, 1], [6, 3], [2, 0], [6, 4], [2, 1], [7, 4], [1, 1], [7, 5], [2, 1], [6, 5], [1, 1], [6, 6], [1, 0], [7, 6], [0, 0], [7, 7], [1, 0], [6, 7], [1, 1], [5, 7], [1, 0], [5, 6], [2, 0], [4, 6], [1, 0], [4, 7], [1, 1], [3, 7], [2, 1], [3, 6], [2, 0], [2, 6], [3, 0], [2, 7], [2, 0], [1, 7], [3, 0], [1, 6], [4, 0], [1, 5], [3, 0], [1, 6], [3, 1], [0, 6], [3, 0], [0, 7], [2, 0], [1, 7], [2, 1], [2, 7], [1, 1], [2, 6], [1, 0], [3, 6], [1, 1], [3, 5], [0, 1], [4, 5], [0, 2], [5, 5], [0, 3], [5, 4], [0, 2], [5, 3], [0, 1], [5, 2], [1, 1], [5, 1], [0, 1], [4, 1], [0, 2], [3, 1], [0, 3]], "a_eggs_laid": [1, 1, 1, 1, 2, 2, 2, 2, 3, 3, 3, 3, 4, 4, 4, 4, 5, 5, 5, 5, 6, 6, 6, 6, 9, 9, 9, 9, 10, 10, 10, 10, 11, 11, 11, 11, 12, 12, 12, 12, 13, 13, 13, 13, 14, 14, 14, 14, 15, 15, 15, 15, 16, 16, 16, 16, 16, 16, 16, 16, 16, 16, 16, 16, 17, 17, 17, 17, 18, 18, 18, 18, 19, 19, 19, 19, 20, 20, 20, 20], "b_eggs_laid": [0, 0, 0, 0, 0, 0, 0, 0, 0, 1, 1, 1, 1, 1, 1, 1, 1, 1, 1, 1, 1, 1, 1, 1, 1, 1, 1, 1, 1, 1, 1, 1, 1, 1, 1, 1, 1, 1, 1, 1, 1, 2, 2, 2, 2, 2, 2, 2, 2, 2, 2, 2, 2, 2, 2, 2, 2, 2, 2, 2, 2, 2, 2, 2, 2, 2, 2, 2, 2, 3, 3, 3, 3, 3, 3, 3, 3, 3, 3, 3], "a_turds_left": [5, 5, 5, 5, 5, 5, 5, 5, 5, 5, 5, 5, 5, 5, 5, 5, 5, 5, 5, 5, 5, 5, 5, 5, 5, 5, 5, 5, 5, 5, 5, 5, 5, 5, 5, 5, 5, 5, 5, 5, 5, 5, 5, 5, 5, 5, 5, 5, 5, 5, 5, 5, 5, 5, 5, 5, 5, 5, 5, 5, 5, 5, 5, 5, 5, 5, 5, 5, 5, 5, 5, 5, 5, 5, 4, 4, 4, 4, 3, 3], "b_turds_left": [5, 4, 4, 3, 3, 3, 3, 2, 2, 2, 2, 2, 2, 2, 2, 2, 2, 2, 2, 2, 2, 1, 1, 0, 0, 0, 0, 0, 0, 0, 0, 0, 0, 0, 0, 0, 0, 0, 0, 0, 0, 0, 0, 0, 0, 0, 0, 0, 0, 0, 0, 0, 0, 0, 0, 0, 0, 0, 0, 0, 0, 0, 0, 0, 0, 0, 0, 0, 0, 0, 0, 0, 0, 0, 0, 0, 0, 0, 0, 0], "a_time_left": [359.9996548749623, 359.9996548749623, 359.99938708299305, 359.99938708299305, 359.9986026249826, 359.9986026249826, 359.99825474998215, 359.99825474998215, 359.99765670800116, 359.99765670800116, 359.9972932909732, 359.9972932909732, 359.996938124008, 359.996938124008, 359.99653920700075, 359.99653920700075, 359.9959258320159, 359.9959258320159, 359.9955997070065, 359.9955997070065, 359.9952082899981, 359.9952082899981, 359.9948667479912, 359.9948667479912, 359.9945110399858, 359.9945110399858, 359.9942483739578, 359.9942483739578, 359.9939227909781, 359.9939227909781, 359.99360974901356, 359.99360974901356, 359.9928475819761, 359.9928475819761, 359.99240562401246, 359.99240562401246, 359.9917464990285, 359.9917464990285, 359.9910692490521, 359.9910692490521, 359.9906786660431, 359.9906786660431, 359.9903400410549, 359.9903400410549, 359.9896220410592, 359.9896220410592, 359.9892732070293, 359.9892732070293, 359.9885797070456, 359.9885797070456, 359.9879925820278, 359.9879925820278, 359.98770499799866, 359.98770499799866, 359.98725403897697, 359.98725403897697, 359.98672524793074, 359.98672524793074, 359.98645758093335, 359.98645758093335, 359.98613183095586, 359.98613183095586, 359.9855428309529, 359.9855428309529, 359.9848257889389, 359.9848257889389, 359.9844925799407, 359.9844925799407, 359.98412345489487, 359.98412345489487, 359.983749621897, 359.983749621897, 359.9830971219344, 359.9830971219344, 359.98264407995157, 359.98264407995157, 359.98204357991926, 359.98204357991926, 359.9813887879136, 359.9813887879136], "b_time_left": [360, 358.4623183750082, 358.4623183750082, 356.9566242080182, 356.9566242080182, 355.45087604102446, 355.45087604102446, 353.94521129102213, 353.94521129102213, 352.4394074570155, 352.4394074570155, 350.93377674900694, 350.93377674900694, 349.42792408302194, 349.42792408302194, 347.92221837403486, 347.92221837403486, 346.4164393740357, 346.4164393740357, 344.9106907910318, 344.9106907910318, 343.40490279108053, 343.40490279108053, 341.8992951240507, 341.8992951240507, 340.39365062408615, 340.39365062408615, 338.88805199909257, 338.88805199909257, 337.382341957069, 337.382341957069, 335.8807197480928, 335.8807197480928, 334.3748052060837, 334.3748052060837, 332.86923762306105, 332.86923762306105, 331.36347266403027, 331.36347266403027, 329.857854247035, 329.857854247035, 328.35225133103086, 328.35225133103086, 326.8463109150762, 326.8463109150762, 325.3406649151002, 325.3406649151002, 323.83508304011775, 323.83508304011775, 322.32953395711957, 322.32953395711957, 320.824032415112, 320.824032415112, 319.3185901651159, 319.3185901651159, 317.8129866240779, 317.8129866240779, 316.3071108320728, 316.3071108320728, 314.8015754990629, 314.8015754990629, 313.2958864161046, 313.2958864161046, 311.79042883310467, 311.79042883310467, 310.2844394170679, 310.2844394170679, 308.77886987506645, 308.77886987506645, 307.27313629206037, 307.27313629206037, 305.7716870000586, 305.7716870000586, 304.26606454106513, 304.26606454106513, 302.76044687407557, 302.76044687407557, 301.25477270706324, 301.25477270706324, 299.7491456240532], "a_moves_left": [39, 39, 38, 38, 37, 37, 36, 36, 35, 35, 34, 34, 33, 33, 32, 32, 31, 31, 30, 30, 29, 29, 28, 28, 27, 27, 26, 26, 25, 25, 24, 24, 23, 23, 22, 22, 21, 21, 20, 20, 19, 19, 18, 18, 17, 17, 16, 16, 15, 15, 14, 14, 13, 13, 12, 12, 11, 11, 10, 10, 9, 9, 8, 8, 7, 7, 6, 6, 5, 5, 4, 4, 3, 3, 2, 2, 1, 1, 0, 0], "b_moves_left": [40, 39, 39, 38, 38, 37, 37, 36, 36, 35, 35, 34, 34, 33, 33, 32, 32, 31, 31, 30, 30, 29, 29, 28, 28, 27, 27, 26, 26, 25, 25, 24, 24, 23, 23, 22, 22, 21, 21, 20, 20, 19, 19, 18, 18, 17, 17, 16, 16, 15, 15, 14, 14, 13, 13, 12, 12, 11, 11, 10, 10, 9, 9, 8, 8, 7, 7, 6, 6, 5, 5, 4, 4, 3, 3, 2, 2, 1, 1, 0], "trapdoor_triggered": [0, 0, 0, 0, 0, 0, 0, 0, 0, 0, 0, 0, 0, 0, 0, 0, 0, 0, 0, 0, 0, 0, 0, 0, 0, 0, 0, 0, 0, 0, 0, 0, 0, 0, 0, 0, 0, 0, 0, 0, 0, 0, 0, 0, 0, 0, 0, 0, 0, 0, 0, 0, 0, 0, 0, 0, 0, 0, 0, 0, 0, 0, 0, 0, 0, 0, 0, 0, 0, 0, 0, 0, 0, 0, 0, 0, 0, 0, 0, 0], "left_behind": ["egg", "turd", "plain", "turd", "egg", "plain", "plain", "turd", "egg", "egg", "plain", "plain", "egg", "plain", "plain", "plain", "egg", "plain", "plain", "plain", "egg", "turd", "plain", "turd", "egg", "plain", "plain", "plain", "egg", "plain", "plain", "plain", "egg", "plain", "plain", "plain", "egg", "plain", "plain", "plain", "egg", "egg", "plain", "plain", "egg", "plain", "plain", "plain", "egg", "plain", "plain", "plain", "egg", "plain", "plain", "plain", "plain", "plain", "plain", "plain", "plain", "plain", "plain", "plain", "egg", "plain", "plain", "plain", "egg", "egg", "plain", "plain", "egg", "plain", "turd", "plain", "egg", "plain", "turd", "plain"], "errlog_a": "", "errlog_b": "", "start_time": 360, "start_moves": 40, "turn_count": 80, "result": 0, "reason": "EGGS_LAID", "trapdoors": [[3, 3], [3, 4]], "spawn_a": [7, 1], "spawn_b": [0, 1]}