{"pos": [[0, 5], [6, 6], [0, 4], [7, 6], [0, 3], [6, 6], [1, 3], [6, 5], [1, 2], [7, 5], [2, 2], [7, 6], [2, 1], [6, 6], [3, 1], [7, 6], [3, 0], [6, 6], [4, 0], [6, 5], [5, 0], [7, 5], [6, 0], [7, 6], [5, 0], [7, 7], [6, 0], [7, 6], [5, 0], [7, 7], [6, 0], [6, 7], [7, 0], [7, 7], [7, 1], [6, 7], [7, 0], [5, 7], [7, 1], [5, 6], [7, 0], [5, 7], [7, 1], [5, 6], [7, 0], [5, 7], [7, 1], [4, 7], [7, 0], [4, 6], [7, 1], [4, 7], [7, 0], [5, 7], [7, 1], [5, 6], [7, 0], [4, 6], [7, 1], [7, 6], [6, 1], [7, 5], [6, 0], [7, 4], [5, 0], [6, 4], [5, 1], [7, 4], [4, 1], [6, 4], [4, 2], [6, 5], [4, 3], [5, 5], [4, 2], [7, 6], [4, 1], [7, 5], [3, 1], [7, 6]], "a_eggs_laid": [1, 1, 1, 1, 2, 2, 2, 2, 3, 3, 3, 3, 4, 4, 4, 4, 5, 5, 5, 5, 6, 6, 6, 6, 7, 7, 7, 7, 7, 7, 7, 7, 7, 7, 7, 7, 8, 8, 8, 8, 8, 8, 8, 8, 8, 8, 8, 8, 8, 8, 8, 8, 8, 8, 8, 8, 8, 8, 8, 8, 12, 12, 12, 12, 12, 12, 12, 12, 13, 13, 13, 13, 14, 14, 14, 14, 18, 18, 18, 18], "b_eggs_laid": [0, 0, 0, 0, 0, 0, 0, 0, 0, 0, 0, 0, 0, 0, 0, 0, 0, 0, 0, 0, 0, 0, 0, 0, 0, 0, 0, 0, 0, 0, 0, 0, 0, 0, 0, 0, 0, 0, 0, 0, 0, 1, 1, 1, 1, 1, 1, 1, 1, 1, 1, 1, 1, 1, 1, 1, 1, 1, 1, 1, 1, 1, 1, 1, 1, 2, 2, 2, 2, 2, 2, 2, 2, 2, 2, 2, 2, 2, 2, 2], "a_turds_left": [5, 5, 5, 5, 5, 5, 5, 5, 5, 5, 5, 5, 5, 5, 5, 5, 5, 5, 5, 5, 5, 5, 5, 5, 5, 5, 5, 5, 5, 5, 5, 5, 5, 5, 5, 5, 5, 5, 5, 5, 5, 5, 5, 5, 5, 5, 5, 5, 5, 5, 5, 5, 5, 5, 5, 5, 5, 5, 5, 5, 5, 5, 5, 5, 5, 5, 5, 5, 5, 5, 5, 5, 5, 5, 5, 5, 5, 5, 5, 5], "b_turds_left": [5, 4, 4, 4, 4, 4, 4, 4, 4, 3, 3, 3, 3, 3, 3, 3, 3, 3, 3, 2, 2, 2, 2, 1, 1, 1, 1, 1, 1, 1, 1, 1, 1, 0, 0, 0, 0, 0, 0, 0, 0, 0, 0, 0, 0, 0, 0, 0, 0, 0, 0, 0, 0, 0, 0, 0, 0, 0, 0, 0, 0, 0, 0, 0, 0, 0, 0, 0, 0, 0, 0, 0, 0, 0, 0, 0, 0, 0, 0, 0], "a_time_left": [359.877677750017, 359.877677750017, 359.8026550000068, 359.8026550000068, 359.72579516703263, 359.72579516703263, 359.6578050830285, 359.6578050830285, 359.488778500061, 359.488778500061, 359.4090152090648, 359.4090152090648, 359.28623733407585, 359.28623733407585, 359.17488500109175, 359.17488500109175, 359.09032358508557, 359.09032358508557, 359.0191797520383, 359.0191797520383, 358.96204946003854, 358.96204946003854, 358.91773750202265, 358.91773750202265, 358.8471610020497, 358.8471610020497, 358.8230947109987, 358.8230947109987, 358.7970157939708, 358.7970157939708, 358.77468729397515, 358.77468729397515, 358.76150545995915, 358.76150545995915, 358.7499087519245, 358.7499087519245, 358.72064045997104, 358.72064045997104, 358.7088466679561, 358.7088466679561, 358.6944627929479, 358.6944627929479, 358.6841027099872, 358.6841027099872, 358.6722787099425, 358.6722787099425, 358.66435366898077, 358.66435366898077, 358.65432271099417, 358.65432271099417, 358.64061308599776, 358.64061308599776, 358.62271791900275, 358.62271791900275, 358.60970387700945, 358.60970387700945, 358.59325416904176, 358.59325416904176, 358.57523316907464, 358.57523316907464, 358.55791946011595, 358.55791946011595, 358.5177455430967, 358.5177455430967, 358.4898061681306, 358.4898061681306, 358.442001502146, 358.442001502146, 358.3874950861209, 358.3874950861209, 358.3310876691248, 358.3310876691248, 358.26591100211954, 358.26591100211954, 358.1890072111273, 358.1890072111273, 358.16749600309413, 358.16749600309413, 358.15951329510426, 358.15951329510426], "b_time_left": [360, 358.4649798339815, 358.4649798339815, 356.95946108398493, 356.95946108398493, 355.4538978759665, 355.4538978759665, 353.94834745896515, 353.94834745896515, 352.44257295894204, 352.44257295894204, 350.9367697929847, 350.9367697929847, 349.4310077520204, 349.4310077520204, 347.92524966801284, 347.92524966801284, 346.41958937601885, 346.41958937601885, 344.91400379303377, 344.91400379303377, 343.4083159600268, 343.4083159600268, 341.90300641802605, 341.90300641802605, 340.3972702100291, 340.3972702100291, 338.89170096005546, 338.89170096005546, 337.3861512930598, 337.3861512930598, 335.8804576260736, 335.8804576260736, 334.3751472090371, 334.3751472090371, 332.8696595420479, 332.8696595420479, 331.36407120904187, 331.36407120904187, 329.8585800010478, 329.8585800010478, 328.3530422510812, 328.3530422510812, 326.84756079211365, 326.84756079211365, 325.3418367091217, 325.3418367091217, 323.8362532511237, 323.8362532511237, 322.3305125430925, 322.3305125430925, 320.8232592091081, 320.8232592091081, 319.3198850011104, 319.3198850011104, 317.8137466260814, 317.8137466260814, 316.30782087607076, 316.30782087607076, 314.80211287608836, 314.80211287608836, 313.29669408412883, 313.29669408412883, 311.7910476681427, 311.7910476681427, 310.28535304311663, 310.28535304311663, 308.7800150430994, 308.7800150430994, 307.27437658410054, 307.27437658410054, 305.7689925011364, 305.7689925011364, 304.263339585159, 304.263339585159, 302.7577027931693, 302.7577027931693, 301.25190987612586, 301.25190987612586, 299.7464575431077], "a_moves_left": [39, 39, 38, 38, 37, 37, 36, 36, 35, 35, 34, 34, 33, 33, 32, 32, 31, 31, 30, 30, 29, 29, 28, 28, 27, 27, 26, 26, 25, 25, 24, 24, 23, 23, 22, 22, 21, 21, 20, 20, 19, 19, 18, 18, 17, 17, 16, 16, 15, 15, 14, 14, 13, 13, 12, 12, 11, 11, 10, 10, 9, 9, 8, 8, 7, 7, 6, 6, 5, 5, 4, 4, 3, 3, 2, 2, 1, 1, 0, 0], "b_moves_left": [40, 39, 39, 38, 38, 37, 37, 36, 36, 35, 35, 34, 34, 33, 33, 32, 32, 31, 31, 30, 30, 29, 29, 28, 28, 27, 27, 26, 26, 25, 25, 24, 24, 23, 23, 22, 22, 21, 21, 20, 20, 19, 19, 18, 18, 17, 17, 16, 16, 15, 15, 14, 14, 13, 13, 12, 12, 11, 11, 10, 10, 9, 9, 8, 8, 7, 7, 6, 6, 5, 5, 4, 4, 3, 3, 2, 2, 1, 1, 0], "trapdoor_triggered": [0, 0, 0, 0, 0, 0, 0, 0, 0, 0, 0, 0, 0, 0, 0, 0, 0, 0, 0, 0, 0, 0, 0, 0, 0, 0, 0, 0, 0, 0, 0, 0, 0, 0, 0, 0, 0, 0, 0, 0, 0, 0, 0, 0, 0, 0, 0, 0, 0, 0, 0, 0, 0, 0, 0, 0, 0, 0, 0, 1, 0, 0, 0, 0, 0, 0, 0, 0, 0, 0, 0, 0, 0, 0, 0, 1, 0, 0, 0, 0], "left_behind": ["egg", "turd", "plain", "plain", "egg", "plain", "plain", "plain", "egg", "turd", "plain", "plain", "egg", "plain", "plain", "plain", "egg", "plain", "plain", "turd", "egg", "plain", "plain", "turd", "egg", "plain", "plain", "plain", "plain", "plain", "plain", "plain", "plain", "turd", "plain", "plain", "egg", "plain", "plain", "plain", "plain", "egg", "plain", "plain", "plain", "plain", "plain", "plain", "plain", "plain", "plain", "plain", "plain", "plain", "plain", "plain", "plain", "plain", "plain", "plain", "plain", "plain", "plain", "plain", "plain", "egg", "plain", "plain", "egg", "plain", "plain", "plain", "egg", "plain", "plain", "plain", "plain", "plain", "plain", "plain"], "errlog_a": "", "errlog_b": "", "start_time": 360, "start_moves": 40, "turn_count": 80, "result": 0, "reason": "EGGS_LAID", "trapdoors": [[2, 4], [4, 5]], "spawn_a": [0, 6], "spawn_b": [7, 6]}