{"pos": [[1, 6], [6, 6], [1, 5], [6, 5], [1, 4], [7, 5], [1, 3], [7, 4], [1, 2], [6, 4], [1, 3], [6, 3], [0, 3], [7, 3], [0, 4], [7, 2], [0, 5], [6, 2], [1, 5], [6, 1], [2, 5], [7, 1], [3, 5], [7, 0], [3, 6], [6, 0], [4, 6], [5, 0], [5, 6], [5, 1], [5, 5], [4, 1], [4, 5], [4, 0], [4, 4], [3, 0], [3, 4], [3, 1], [2, 4], [3, 2], [2, 3], [3, 1], [2, 4], [2, 1], [2, 3], [1, 1], [2, 4], [1, 2], [3, 4], [0, 2], [4, 4], [0, 1], [3, 4], [0, 0], [3, 3], [1, 0], [2, 3], [2, 0], [3, 3], [2, 1], [3, 4], [7, 6], [3, 5], [7, 7], [4, 5], [6, 7], [5, 5], [5, 7], [5, 4], [5, 6], [5, 3], [6, 6], [5, 2], [5, 6], [5, 1], [5, 7], [5, 2], [4, 7], [6, 2], [3, 7]], "a_eggs_laid": [1, 1, 1, 1, 2, 2, 2, 2, 3, 3, 3, 3, 3, 3, 3, 3, 4, 4, 4, 4, 4, 4, 4, 4, 5, 5, 5, 5, 6, 6, 6, 6, 7, 7, 7, 7, 8, 8, 8, 8, 9, 9, 9, 9, 9, 9, 9, 9, 9, 9, 9, 9, 9, 9, 9, 9, 10, 10, 10, 10, 10, 10, 14, 14, 14, 14, 14, 14, 14, 14, 14, 14, 15, 15, 15, 15, 16, 16, 16, 16], "b_eggs_laid": [0, 1, 1, 1, 1, 2, 2, 2, 2, 3, 3, 3, 3, 4, 4, 4, 4, 5, 5, 5, 5, 6, 6, 6, 6, 9, 9, 9, 9, 10, 10, 10, 10, 11, 11, 11, 11, 12, 12, 12, 12, 13, 13, 13, 13, 14, 14, 14, 14, 15, 15, 15, 15, 16, 16, 16, 16, 17, 17, 17, 17, 17, 17, 17, 17, 17, 17, 18, 18, 18, 18, 19, 19, 19, 19, 19, 19, 19, 19, 20], "a_turds_left": [5, 5, 5, 5, 5, 5, 5, 5, 5, 5, 5, 5, 5, 5, 5, 5, 5, 5, 5, 5, 5, 5, 5, 5, 5, 5, 5, 5, 5, 5, 5, 5, 5, 5, 5, 5, 5, 5, 5, 5, 5, 5, 5, 5, 5, 5, 5, 5, 5, 5, 5, 5, 5, 5, 5, 5, 5, 5, 5, 5, 5, 5, 5, 5, 5, 5, 5, 5, 5, 5, 5, 5, 5, 5, 5, 5, 5, 5, 5, 5], "b_turds_left": [5, 5, 5, 5, 5, 5, 5, 5, 5, 5, 5, 5, 5, 5, 5, 5, 5, 5, 5, 5, 5, 5, 5, 5, 5, 5, 5, 5, 5, 5, 5, 5, 5, 5, 5, 5, 5, 5, 5, 5, 5, 5, 5, 5, 5, 5, 5, 5, 5, 5, 5, 5, 5, 5, 5, 5, 5, 5, 5, 5, 5, 5, 5, 5, 5, 5, 5, 5, 5, 5, 5, 5, 5, 5, 5, 5, 5, 5, 5, 5], "a_time_left": [359.99963974999264, 359.99963974999264, 359.99933220801177, 359.99933220801177, 359.9989627080504, 359.9989627080504, 359.998646666063, 359.998646666063, 359.9982562070945, 359.9982562070945, 359.99796070711454, 359.99796070711454, 359.9978128320654, 359.9978128320654, 359.9975392910419, 359.9975392910419, 359.99741562403506, 359.99741562403506, 359.997146624024, 359.997146624024, 359.99702674901346, 359.99702674901346, 359.99692224903265, 359.99692224903265, 359.99680199904833, 359.99680199904833, 359.9966967070359, 359.9966967070359, 359.99657995702, 359.99657995702, 359.99647941603325, 359.99647941603325, 359.99638116604183, 359.99638116604183, 359.99629516602727, 359.99629516602727, 359.9961909999838, 359.9961909999838, 359.9961046670214, 359.9961046670214, 359.99599970900454, 359.99599970900454, 359.9959084170405, 359.9959084170405, 359.9958300420549, 359.9958300420549, 359.9957463340834, 359.9957463340834, 359.99567270907573, 359.99567270907573, 359.9955892090802, 359.9955892090802, 359.99550829204964, 359.99550829204964, 359.99542625108734, 359.99542625108734, 359.9953382931417, 359.9953382931417, 359.99525725113926, 359.99525725113926, 359.9951878351276, 359.9951878351276, 359.9951112100971, 359.9951112100971, 359.99503825209104, 359.99503825209104, 359.9949624611181, 359.9949624611181, 359.99490116909146, 359.99490116909146, 359.9948274610797, 359.9948274610797, 359.9947477111127, 359.9947477111127, 359.99466771108564, 359.99466771108564, 359.9946117110667, 359.9946117110667, 359.9945384200546, 359.9945384200546], "b_time_left": [360, 359.996469124977, 359.996469124977, 359.99472166696796, 359.99472166696796, 359.99160691694124, 359.99160691694124, 359.99084537493763, 359.99084537493763, 359.98848112492124, 359.98848112492124, 359.9872444589273, 359.9872444589273, 359.9837205839576, 359.9837205839576, 359.98361062596086, 359.98361062596086, 359.9833188349148, 359.9833188349148, 359.9831897508702, 359.9831897508702, 359.9830522098928, 359.9830522098928, 359.982939543901, 359.982939543901, 359.98284708493156, 359.98284708493156, 359.98275104293134, 359.98275104293134, 359.9826230009785, 359.9826230009785, 359.9825194180012, 359.9825194180012, 359.98240229301155, 359.98240229301155, 359.98228725104127, 359.98228725104127, 359.98217795905657, 359.98217795905657, 359.98208175005857, 359.98208175005857, 359.9819639160414, 359.9819639160414, 359.98186695808545, 359.98186695808545, 359.98175741604064, 359.98175741604064, 359.9816661660443, 359.9816661660443, 359.9815752910217, 359.9815752910217, 359.981501916016, 359.981501916016, 359.9814141250099, 359.9814141250099, 359.98134437506087, 359.98134437506087, 359.9812554170494, 359.9812554170494, 359.98117791704135, 359.98117791704135, 359.9811047920375, 359.9811047920375, 359.98103558406, 359.98103558406, 359.98096745909424, 359.98096745909424, 359.98087962606223, 359.98087962606223, 359.98080754303373, 359.98080754303373, 359.9807325430447, 359.9807325430447, 359.9806520010461, 359.9806520010461, 359.9805891670403, 359.9805891670403, 359.98051700007636, 359.98051700007636, 359.98044075007783], "a_moves_left": [39, 39, 38, 38, 37, 37, 36, 36, 35, 35, 34, 34, 33, 33, 32, 32, 31, 31, 30, 30, 29, 29, 28, 28, 27, 27, 26, 26, 25, 25, 24, 24, 23, 23, 22, 22, 21, 21, 20, 20, 19, 19, 18, 18, 17, 17, 16, 16, 15, 15, 14, 14, 13, 13, 12, 12, 11, 11, 10, 10, 9, 9, 8, 8, 7, 7, 6, 6, 5, 5, 4, 4, 3, 3, 2, 2, 1, 1, 0, 0], "b_moves_left": [40, 39, 39, 38, 38, 37, 37, 36, 36, 35, 35, 34, 34, 33, 33, 32, 32, 31, 31, 30, 30, 29, 29, 28, 28, 27, 27, 26, 26, 25, 25, 24, 24, 23, 23, 22, 22, 21, 21, 20, 20, 19, 19, 18, 18, 17, 17, 16, 16, 15, 15, 14, 14, 13, 13, 12, 12, 11, 11, 10, 10, 9, 9, 8, 8, 7, 7, 6, 6, 5, 5, 4, 4, 3, 3, 2, 2, 1, 1, 0], "trapdoor_triggered": [0, 0, 0, 0, 0, 0, 0, 0, 0, 0, 0, 0, 0, 0, 0, 0, 0, 0, 0, 0, 0, 0, 0, 0, 0, 0, 0, 0, 0, 0, 0, 0, 0, 0, 0, 0, 0, 0, 0, 0, 0, 0, 0, 0, 0, 0, 0, 0, 0, 0, 0, 0, 0, 0, 0, 0, 0, 0, 0, 0, 0, 1, 0, 0, 0, 0, 0, 0, 0, 0, 0, 0, 0, 0, 0, 0, 0, 0, 0, 0], "left_behind": ["egg", "egg", "plain", "plain", "egg", "egg", "plain", "plain", "egg", "egg", "plain", "plain", "plain", "egg", "plain", "plain", "egg", "egg", "plain", "plain", "plain", "egg", "plain", "plain", "egg", "egg", "plain", "plain", "egg", "egg", "plain", "plain", "egg", "egg", "plain", "plain", "egg", "egg", "plain", "plain", "egg", "egg", "plain", "plain", "plain", "egg", "plain", "plain", "plain", "egg", "plain", "plain", "plain", "egg", "plain", "plain", "egg", "egg", "plain", "plain", "plain", "plain", "plain", "plain", "plain", "plain", "plain", "egg", "plain", "plain", "plain", "egg", "egg", "plain", "plain", "plain", "egg", "plain", "plain", "egg"], "errlog_a": "", "errlog_b": "", "start_time": 360, "start_moves": 40, "turn_count": 80, "result": 1, "reason": "EGGS_LAID", "trapdoors": [[2, 2], [4, 3]], "spawn_a": [0, 6], "spawn_b": [7, 6]}