{"pos": [[6, 3], [0, 2], [6, 2], [0, 1], [6, 1], [0, 2], [5, 1], [1, 2], [5, 2], [2, 2], [7, 3], [1, 2], [7, 2], [2, 2], [7, 1], [3, 2], [7, 0], [3, 3], [6, 0], [3, 2], [5, 0], [3, 1], [4, 0], [2, 1], [4, 1], [2, 0], [4, 2], [1, 0], [4, 3], [2, 0], [7, 3], [2, 1], [7, 4], [3, 1], [6, 4], [4, 1], [6, 5], [3, 1], [6, 6], [3, 0], [5, 6], [2, 0], [5, 5], [2, 1], [5, 4], [2, 0], [7, 3], [1, 0], [6, 3], [0, 0], [7, 3], [1, 0], [7, 2], [2, 0], [6, 2], [2, 1], [6, 1], [2, 2], [5, 1], [2, 3], [5, 2], [3, 3], [7, 3], [4, 3], [7, 4], [4, 4], [7, 5], [3, 4], [7, 6], [3, 5], [7, 7], [3, 4], [6, 7], [4, 4], [5, 7], [3, 4], [4, 7], [4, 4], [4, 6], [4, 3]], "a_eggs_laid": [1, 1, 1, 1, 2, 2, 2, 2, 3, 3, 3, 3, 3, 3, 3, 3, 4, 4, 4, 4, 5, 5, 5, 5, 6, 6, 6, 6, 7, 7, 7, 7, 7, 7, 7, 7, 8, 8, 8, 8, 9, 9, 9, 9, 10, 10, 10, 10, 10, 10, 10, 10, 10, 10, 10, 10, 10, 10, 10, 10, 10, 10, 10, 10, 10, 10, 10, 10, 11, 11, 11, 11, 14, 14, 14, 14, 15, 15, 15, 15], "b_eggs_laid": [0, 0, 0, 0, 0, 1, 1, 1, 1, 1, 1, 5, 5, 5, 5, 5, 5, 5, 5, 5, 5, 5, 5, 5, 5, 5, 5, 5, 5, 5, 5, 9, 9, 9, 9, 9, 9, 9, 9, 9, 9, 10, 10, 10, 10, 10, 10, 14, 14, 14, 14, 18, 18, 18, 18, 18, 18, 18, 18, 18, 18, 18, 18, 22, 22, 23, 23, 23, 23, 24, 24, 24, 24, 24, 24, 24, 24, 24, 24, 24], "a_turds_left": [5, 5, 5, 5, 5, 5, 5, 5, 5, 5, 5, 5, 5, 5, 5, 5, 5, 5, 5, 5, 5, 5, 5, 5, 5, 5, 5, 5, 5, 5, 5, 5, 5, 5, 5, 5, 5, 5, 5, 5, 5, 5, 5, 5, 5, 5, 5, 5, 5, 5, 5, 5, 5, 5, 5, 5, 5, 5, 5, 5, 5, 5, 5, 5, 5, 5, 5, 5, 5, 5, 5, 5, 5, 5, 5, 5, 5, 5, 5, 5], "b_turds_left": [5, 5, 5, 4, 4, 4, 4, 4, 4, 3, 3, 2, 2, 2, 2, 2, 2, 2, 2, 2, 2, 2, 2, 2, 2, 1, 1, 1, 1, 0, 0, 0, 0, 0, 0, 0, 0, 0, 0, 0, 0, 0, 0, 0, 0, 0, 0, 0, 0, 0, 0, 0, 0, 0, 0, 0, 0, 0, 0, 0, 0, 0, 0, 0, 0, 0, 0, 0, 0, 0, 0, 0, 0, 0, 0, 0, 0, 0, 0, 0], "a_time_left": [359.9998579999665, 359.9998579999665, 359.99977933295304, 359.99977933295304, 359.99946529092267, 359.99946529092267, 359.9993541239528, 359.9993541239528, 359.99902462400496, 359.99902462400496, 359.9988188740099, 359.9988188740099, 359.9987130819936, 359.9987130819936, 359.99852887296584, 359.99852887296584, 359.998308248003, 359.998308248003, 359.9981969560031, 359.9981969560031, 359.9979718729737, 359.9979718729737, 359.99775837297784, 359.99775837297784, 359.99754412297625, 359.99754412297625, 359.99741108098533, 359.99741108098533, 359.99716178997187, 359.99716178997187, 359.99693295697216, 359.99693295697216, 359.9968132909271, 359.9968132909271, 359.9965934989159, 359.9965934989159, 359.9964297488914, 359.9964297488914, 359.9962230818928, 359.9962230818928, 359.9960350408801, 359.9960350408801, 359.99588504090207, 359.99588504090207, 359.99564241588814, 359.99564241588814, 359.99551308189984, 359.99551308189984, 359.99541491485434, 359.99541491485434, 359.995316081855, 359.995316081855, 359.9951386228204, 359.9951386228204, 359.9949188308092, 359.9949188308092, 359.9947089558118, 359.9947089558118, 359.9945837058476, 359.9945837058476, 359.9943388729007, 359.9943388729007, 359.9942211639136, 359.9942211639136, 359.9940474558971, 359.9940474558971, 359.99392595590325, 359.99392595590325, 359.9937089558807, 359.9937089558807, 359.99351962289074, 359.99351962289074, 359.99340958188986, 359.99340958188986, 359.9931992489146, 359.9931992489146, 359.99287233292125, 359.99287233292125, 359.99274066695943, 359.99274066695943], "b_time_left": [360, 358.46575729199685, 358.46575729199685, 356.96015891694697, 356.96015891694697, 355.4540495419642, 355.4540495419642, 353.94832724996377, 353.94832724996377, 352.4424263749388, 352.4424263749388, 350.9366793749505, 350.9366793749505, 349.4310447499738, 349.4310447499738, 347.92529087496223, 347.92529087496223, 346.41943424998317, 346.41943424998317, 344.91381470800843, 344.91381470800843, 343.4074427920277, 343.4074427920277, 341.9018312920234, 341.9018312920234, 340.396133250033, 340.396133250033, 338.89055237499997, 338.89055237499997, 337.3847107090405, 337.3847107090405, 335.879155001021, 335.879155001021, 334.3735605010297, 334.3735605010297, 332.86954254301963, 332.86954254301963, 331.3639752100571, 331.3639752100571, 329.8584072100348, 329.8584072100348, 328.35278283501975, 328.35278283501975, 326.84726712602424, 326.84726712602424, 325.3415553350351, 325.3415553350351, 323.8359902520315, 323.8359902520315, 322.3304186690366, 322.3304186690366, 320.82479833601974, 320.82479833601974, 319.3191893780604, 319.3191893780604, 317.813693920034, 317.813693920034, 316.3079501700704, 316.3079501700704, 314.8023308790871, 314.8023308790871, 313.2967368790996, 313.2967368790996, 311.79118392110104, 311.79118392110104, 310.28559883707203, 310.28559883707203, 308.78405187808676, 308.78405187808676, 307.28179737809114, 307.28179737809114, 305.7762465440901, 305.7762465440901, 304.27054108609445, 304.27054108609445, 302.7648776700953, 302.7648776700953, 301.2592490040697, 301.2592490040697, 299.7537220881204], "a_moves_left": [39, 39, 38, 38, 37, 37, 36, 36, 35, 35, 34, 34, 33, 33, 32, 32, 31, 31, 30, 30, 29, 29, 28, 28, 27, 27, 26, 26, 25, 25, 24, 24, 23, 23, 22, 22, 21, 21, 20, 20, 19, 19, 18, 18, 17, 17, 16, 16, 15, 15, 14, 14, 13, 13, 12, 12, 11, 11, 10, 10, 9, 9, 8, 8, 7, 7, 6, 6, 5, 5, 4, 4, 3, 3, 2, 2, 1, 1, 0, 0], "b_moves_left": [40, 39, 39, 38, 38, 37, 37, 36, 36, 35, 35, 34, 34, 33, 33, 32, 32, 31, 31, 30, 30, 29, 29, 28, 28, 27, 27, 26, 26, 25, 25, 24, 24, 23, 23, 22, 22, 21, 21, 20, 20, 19, 19, 18, 18, 17, 17, 16, 16, 15, 15, 14, 14, 13, 13, 12, 12, 11, 11, 10, 10, 9, 9, 8, 8, 7, 7, 6, 6, 5, 5, 4, 4, 3, 3, 2, 2, 1, 1, 0], "trapdoor_triggered": [0, 0, 0, 0, 0, 0, 0, 0, 0, 0, 1, 0, 0, 0, 0, 0, 0, 0, 0, 0, 0, 0, 0, 0, 0, 0, 0, 0, 0, 0, 1, 0, 0, 0, 0, 0, 0, 0, 0, 0, 0, 0, 0, 0, 0, 0, 1, 0, 0, 0, 1, 0, 0, 0, 0, 0, 0, 0, 0, 0, 0, 0, 1, 0, 0, 0, 0, 0, 0, 0, 0, 0, 0, 0, 0, 0, 0, 0, 0, 0], "left_behind": ["egg", "plain", "plain", "turd", "egg", "egg", "plain", "plain", "egg", "turd", "plain", "turd", "plain", "plain", "plain", "plain", "egg", "plain", "plain", "plain", "egg", "plain", "plain", "plain", "egg", "turd", "plain", "plain", "egg", "turd", "plain", "plain", "plain", "plain", "plain", "plain", "egg", "plain", "plain", "plain", "egg", "egg", "plain", "plain", "egg", "plain", "plain", "plain", "plain", "plain", "plain", "plain", "plain", "plain", "plain", "plain", "plain", "plain", "plain", "plain", "plain", "plain", "plain", "plain", "plain", "egg", "plain", "plain", "egg", "egg", "plain", "plain", "egg", "plain", "plain", "plain", "egg", "plain", "plain", "plain"], "errlog_a": "", "errlog_b": "", "start_time": 360, "start_moves": 40, "turn_count": 80, "result": 1, "reason": "EGGS_LAID", "trapdoors": [[5, 3], [4, 5]], "spawn_a": [7, 3], "spawn_b": [0, 3]}