{"pos": [[1, 6], [6, 6], [1, 5], [6, 5], [1, 4], [7, 5], [1, 3], [7, 4], [1, 2], [6, 4], [1, 1], [6, 3], [2, 1], [7, 3], [3, 1], [7, 2], [4, 1], [7, 1], [5, 1], [6, 1], [5, 0], [6, 0], [4, 0], [5, 0], [3, 0], [6, 0], [2, 0], [7, 0], [1, 0], [7, 1], [0, 0], [6, 1], [0, 1], [6, 2], [0, 2], [5, 2], [0, 3], [6, 2], [0, 4], [6, 3], [0, 5], [6, 4], [1, 5], [5, 4], [2, 5], [5, 3], [2, 6], [5, 2], [2, 7], [4, 2], [1, 7], [4, 1], [0, 7], [4, 2], [0, 6], [4, 3], [1, 6], [3, 3], [2, 6], [3, 2], [3, 6], [2, 2], [3, 7], [2, 1], [4, 7], [2, 2], [4, 6], [1, 2], [5, 6], [2, 2], [5, 7], [2, 3], [6, 7], [2, 4], [6, 6], [1, 4], [5, 6], [2, 4], [5, 5], [2, 3]], "a_eggs_laid": [1, 1, 1, 1, 2, 2, 2, 2, 3, 3, 3, 3, 4, 4, 4, 4, 5, 5, 5, 5, 6, 6, 6, 6, 7, 7, 7, 7, 8, 8, 8, 8, 11, 11, 11, 11, 12, 12, 12, 12, 13, 13, 13, 13, 13, 13, 13, 13, 14, 14, 14, 14, 15, 15, 15, 15, 15, 15, 15, 15, 15, 15, 15, 15, 16, 16, 16, 16, 17, 17, 17, 17, 18, 18, 18, 18, 19, 19, 19, 19], "b_eggs_laid": [0, 1, 1, 1, 1, 2, 2, 2, 2, 3, 3, 3, 3, 4, 4, 4, 4, 5, 5, 5, 5, 6, 6, 6, 6, 7, 7, 7, 7, 10, 10, 10, 10, 10, 10, 10, 10, 11, 11, 11, 11, 11, 11, 11, 11, 12, 12, 12, 12, 12, 12, 12, 12, 13, 13, 13, 13, 14, 14, 14, 14, 15, 15, 15, 15, 16, 16, 16, 16, 17, 17, 17, 17, 18, 18, 18, 18, 19, 19, 19], "a_turds_left": [5, 5, 5, 5, 5, 5, 5, 5, 5, 5, 5, 5, 5, 5, 5, 5, 5, 5, 5, 5, 5, 5, 5, 5, 5, 5, 5, 5, 5, 5, 5, 5, 5, 5, 5, 5, 5, 5, 5, 5, 5, 5, 5, 5, 5, 5, 5, 5, 5, 5, 5, 5, 5, 5, 5, 5, 5, 5, 5, 5, 5, 5, 5, 5, 5, 5, 5, 5, 5, 5, 5, 5, 5, 5, 5, 5, 5, 5, 5, 5], "b_turds_left": [5, 5, 5, 5, 5, 5, 5, 5, 5, 5, 5, 5, 5, 5, 5, 5, 5, 5, 5, 5, 5, 5, 5, 5, 5, 5, 5, 5, 5, 5, 5, 5, 5, 5, 5, 5, 5, 5, 5, 5, 5, 5, 5, 5, 5, 5, 5, 5, 5, 5, 5, 5, 5, 5, 5, 5, 5, 5, 5, 5, 5, 5, 5, 5, 5, 5, 5, 5, 5, 5, 5, 5, 5, 5, 5, 5, 5, 5, 5, 5], "a_time_left": [359.9996516669635, 359.9996516669635, 359.9993512079818, 359.9993512079818, 359.99900570797035, 359.99900570797035, 359.9985884159687, 359.9985884159687, 359.9982005409547, 359.9982005409547, 359.99789612396853, 359.99789612396853, 359.9975356659852, 359.9975356659852, 359.99720962397987, 359.99720962397987, 359.99684316600906, 359.99684316600906, 359.99654662405374, 359.99654662405374, 359.99623712408356, 359.99623712408356, 359.9959847070859, 359.9959847070859, 359.99571379006375, 359.99571379006375, 359.99540683208033, 359.99540683208033, 359.9951049160445, 359.9951049160445, 359.99480095802573, 359.99480095802573, 359.9946796250297, 359.9946796250297, 359.99456558399834, 359.99456558399834, 359.9944447919843, 359.9944447919843, 359.994340833975, 359.994340833975, 359.99422195897205, 359.99422195897205, 359.9941192919505, 359.9941192919505, 359.99401637591654, 359.99401637591654, 359.99390654289164, 359.99390654289164, 359.9937973758788, 359.9937973758788, 359.99370583490236, 359.99370583490236, 359.9936069188989, 359.9936069188989, 359.9935259608901, 359.9935259608901, 359.99344450287754, 359.99344450287754, 359.9933462108602, 359.9933462108602, 359.9932550448575, 359.9932550448575, 359.99315908685094, 359.99315908685094, 359.99305871187244, 359.99305871187244, 359.9929725038819, 359.9929725038819, 359.99285992089426, 359.99285992089426, 359.99276796291815, 359.99276796291815, 359.99267437995877, 359.99267437995877, 359.9925885879784, 359.9925885879784, 359.9925032539759, 359.9925032539759, 359.9924067539978, 359.9924067539978], "b_time_left": [360, 359.99965929199243, 359.99965929199243, 359.9993492499925, 359.9993492499925, 359.9990126659977, 359.9990126659977, 359.99888358294265, 359.99888358294265, 359.9985640409286, 359.9985640409286, 359.9982553329319, 359.9982553329319, 359.997901415918, 359.997901415918, 359.9976341238944, 359.9976341238944, 359.9973520828644, 359.9973520828644, 359.99711233284324, 359.99711233284324, 359.99682024883805, 359.99682024883805, 359.9965646658675, 359.9965646658675, 359.9963397078682, 359.9963397078682, 359.9960872908705, 359.9960872908705, 359.9958372908877, 359.9958372908877, 359.9955847489182, 359.9955847489182, 359.9954827069305, 359.9954827069305, 359.99537358194357, 359.99537358194357, 359.9952723729075, 359.9952723729075, 359.9951757059316, 359.9951757059316, 359.9950859558885, 359.9950859558885, 359.9949851219426, 359.9949851219426, 359.99486437189626, 359.99486437189626, 359.9947727058898, 359.9947727058898, 359.99469045590376, 359.99469045590376, 359.99458983092336, 359.99458983092336, 359.9945149559062, 359.9945149559062, 359.99442337296205, 359.99442337296205, 359.99430924793705, 359.99430924793705, 359.99420928995823, 359.99420928995823, 359.99411858199164, 359.99411858199164, 359.9940367490053, 359.9940367490053, 359.9939647070132, 359.9939647070132, 359.99388133198954, 359.99388133198954, 359.9938193319831, 359.9938193319831, 359.9937338739401, 359.9937338739401, 359.9936439159792, 359.9936439159792, 359.99355754093267, 359.99355754093267, 359.99349874892505, 359.99349874892505, 359.9934175829403], "a_moves_left": [39, 39, 38, 38, 37, 37, 36, 36, 35, 35, 34, 34, 33, 33, 32, 32, 31, 31, 30, 30, 29, 29, 28, 28, 27, 27, 26, 26, 25, 25, 24, 24, 23, 23, 22, 22, 21, 21, 20, 20, 19, 19, 18, 18, 17, 17, 16, 16, 15, 15, 14, 14, 13, 13, 12, 12, 11, 11, 10, 10, 9, 9, 8, 8, 7, 7, 6, 6, 5, 5, 4, 4, 3, 3, 2, 2, 1, 1, 0, 0], "b_moves_left": [40, 39, 39, 38, 38, 37, 37, 36, 36, 35, 35, 34, 34, 33, 33, 32, 32, 31, 31, 30, 30, 29, 29, 28, 28, 27, 27, 26, 26, 25, 25, 24, 24, 23, 23, 22, 22, 21, 21, 20, 20, 19, 19, 18, 18, 17, 17, 16, 16, 15, 15, 14, 14, 13, 13, 12, 12, 11, 11, 10, 10, 9, 9, 8, 8, 7, 7, 6, 6, 5, 5, 4, 4, 3, 3, 2, 2, 1, 1, 0], "trapdoor_triggered": [0, 0, 0, 0, 0, 0, 0, 0, 0, 0, 0, 0, 0, 0, 0, 0, 0, 0, 0, 0, 0, 0, 0, 0, 0, 0, 0, 0, 0, 0, 0, 0, 0, 0, 0, 0, 0, 0, 0, 0, 0, 0, 0, 0, 0, 0, 0, 0, 0, 0, 0, 0, 0, 0, 0, 0, 0, 0, 0, 0, 0, 0, 0, 0, 0, 0, 0, 0, 0, 0, 0, 0, 0, 0, 0, 0, 0, 0, 0, 0], "left_behind": ["egg", "egg", "plain", "plain", "egg", "egg", "plain", "plain", "egg", "egg", "plain", "plain", "egg", "egg", "plain", "plain", "egg", "egg", "plain", "plain", "egg", "egg", "plain", "plain", "egg", "egg", "plain", "plain", "egg", "egg", "plain", "plain", "egg", "plain", "plain", "plain", "egg", "egg", "plain", "plain", "egg", "plain", "plain", "plain", "plain", "egg", "plain", "plain", "egg", "plain", "plain", "plain", "egg", "egg", "plain", "plain", "plain", "egg", "plain", "plain", "plain", "egg", "plain", "plain", "egg", "egg", "plain", "plain", "egg", "egg", "plain", "plain", "egg", "egg", "plain", "plain", "egg", "egg", "plain", "plain"], "errlog_a": "", "errlog_b": "", "start_time": 360, "start_moves": 40, "turn_count": 80, "result": 2, "reason": "EGGS_LAID", "trapdoors": [[4, 4], [3, 4]], "spawn_a": [0, 6], "spawn_b": [7, 6]}