{"pos": [[7, 2], [1, 3], [7, 1], [2, 3], [7, 0], [2, 4], [7, 1], [2, 5], [7, 0], [2, 6], [7, 1], [2, 5], [7, 0], [2, 4], [7, 1]], "a_eggs_laid": [1, 1, 1, 1, 2, 2, 2, 2, 2, 2, 2, 2, 2, 2, 2], "b_eggs_laid": [0, 0, 0, 0, 0, 0, 0, 0, 0, 0, 0, 0, 0, 0, 0], "a_turds_left": [5, 5, 5, 5, 5, 5, 5, 5, 5, 5, 5, 5, 5, 5, 5], "b_turds_left": [5, 5, 5, 4, 4, 3, 3, 2, 2, 1, 1, 1, 1, 1, 1], "a_time_left": [359.999789332971, 359.999789332971, 359.99962120794225, 359.99962120794225, 359.9992111249594, 359.9992111249594, 359.99893408291973, 359.99893408291973, 359.99853879091097, 359.99853879091097, 359.9981738749193, 359.9981738749193, 359.99788670794806, 359.99788670794806, 359.9975320829544], "b_time_left": [360, 358.4490683750482, 358.4490683750482, 356.94358341704356, 356.94358341704356, 355.441125750076, 355.441125750076, 353.93565995810786, 353.93565995810786, 352.4301755410852, 352.4301755410852, 350.92485179106006, 350.92485179106006, 349.423243124038, 349.423243124038], "a_moves_left": [39, 39, 38, 38, 37, 37, 36, 36, 35, 35, 34, 34, 33, 33, 32], "b_moves_left": [40, 39, 39, 38, 38, 37, 37, 36, 36, 35, 35, 34, 34, 33, 33], "trapdoor_triggered": [0, 0, 0, 0, 0, 0, 0, 0, 0, 0, 0, 0, 0, 0, 0], "left_behind": ["egg", "plain", "plain", "turd", "egg", "turd", "plain", "turd", "plain", "turd", "plain", "plain", "plain", "plain", "plain"], "errlog_a": "", "errlog_b": "Timeout", "start_time": 360, "start_moves": 40, "turn_count": 15, "result": 0, "reason": "CODE_CRASH", "trapdoors": [[3, 5], [5, 4]], "spawn_a": [7, 3], "spawn_b": [0, 3]}