{"pos": [[0, 1], [7, 3], [0, 2], [7, 4], [0, 3], [7, 5], [0, 4], [6, 5], [0, 3], [6, 6], [0, 4], [7, 6], [0, 5], [7, 7], [0, 6], [6, 7], [0, 5], [6, 6], [0, 6], [7, 6], [0, 7], [7, 5], [0, 6], [7, 4], [0, 7], [6, 4], [0, 6], [6, 5], [0, 7], [6, 6], [0, 6], [6, 7], [0, 7], [6, 6], [0, 6], [5, 6], [0, 7]], "a_eggs_laid": [1, 1, 1, 1, 1, 1, 1, 1, 2, 2, 2, 2, 2, 2, 2, 2, 3, 3, 3, 3, 3, 3, 3, 3, 3, 3, 3, 3, 3, 3, 3, 3, 3, 3, 3, 3, 3], "b_eggs_laid": [0, 0, 0, 0, 0, 1, 1, 1, 1, 2, 2, 2, 2, 2, 2, 2, 2, 2, 2, 2, 2, 3, 3, 3, 3, 3, 3, 3, 3, 3, 3, 3, 3, 4, 4, 4, 4], "a_turds_left": [5, 5, 5, 5, 5, 5, 5, 5, 5, 5, 5, 5, 5, 5, 5, 5, 5, 5, 5, 5, 5, 5, 5, 5, 5, 5, 5, 5, 5, 5, 5, 5, 5, 5, 5, 5, 5], "b_turds_left": [5, 4, 4, 4, 4, 4, 4, 4, 4, 4, 4, 3, 3, 3, 3, 3, 3, 3, 3, 3, 3, 3, 3, 2, 2, 2, 2, 2, 2, 2, 2, 2, 2, 2, 2, 2, 2], "a_time_left": [359.99979579198407, 359.99979579198407, 359.9996307079564, 359.9996307079564, 359.9993162499741, 359.9993162499741, 359.9990568750072, 359.9990568750072, 359.9988456669962, 359.9988456669962, 359.9984812089824, 359.9984812089824, 359.99824774998706, 359.99824774998706, 359.99782812502235, 359.99782812502235, 359.9975582920597, 359.9975582920597, 359.9972830010229, 359.9972830010229, 359.99709641805384, 359.99709641805384, 359.9968840430374, 359.9968840430374, 359.9963482930325, 359.9963482930325, 359.99591596005484, 359.99591596005484, 359.99566279305145, 359.99566279305145, 359.9952973340987, 359.9952973340987, 359.99499750015093, 359.99499750015093, 359.9945734581561, 359.9945734581561, 359.99430162512], "b_time_left": [360, 358.4692815000308, 358.4692815000308, 356.9638632920105, 356.9638632920105, 355.4581884170184, 355.4581884170184, 353.9525665420224, 353.9525665420224, 352.4468329590745, 352.4468329590745, 350.9412006260827, 350.9412006260827, 349.43528841703665, 349.43528841703665, 347.9296835830319, 347.9296835830319, 346.424078999029, 346.424078999029, 344.9184873320046, 344.9184873320046, 343.4127286230214, 343.4127286230214, 341.9064617070253, 341.9064617070253, 340.4006368740229, 340.4006368740229, 338.89482770703034, 338.89482770703034, 337.3892010819982, 337.3892010819982, 335.88364837295376, 335.88364837295376, 334.37741008092416, 334.37741008092416, 332.8716399979312, 332.8716399979312], "a_moves_left": [39, 39, 38, 38, 37, 37, 36, 36, 35, 35, 34, 34, 33, 33, 32, 32, 31, 31, 30, 30, 29, 29, 28, 28, 27, 27, 26, 26, 25, 25, 24, 24, 23, 23, 22, 22, 21], "b_moves_left": [40, 39, 39, 38, 38, 37, 37, 36, 36, 35, 35, 34, 34, 33, 33, 32, 32, 31, 31, 30, 30, 29, 29, 28, 28, 27, 27, 26, 26, 25, 25, 24, 24, 23, 23, 22, 22], "trapdoor_triggered": [0, 0, 0, 0, 0, 0, 0, 0, 0, 0, 0, 0, 0, 0, 0, 0, 0, 0, 0, 0, 0, 0, 0, 0, 0, 0, 0, 0, 0, 0, 0, 0, 0, 0, 0, 0, 0], "left_behind": ["egg", "turd", "plain", "plain", "plain", "egg", "plain", "plain", "egg", "egg", "plain", "turd", "plain", "plain", "plain", "plain", "egg", "plain", "plain", "plain", "plain", "egg", "plain", "turd", "plain", "plain", "plain", "plain", "plain", "plain", "plain", "plain", "plain", "egg", "plain", "plain", "plain"], "errlog_a": "", "errlog_b": "Timeout", "start_time": 360, "start_moves": 40, "turn_count": 37, "result": 0, "reason": "CODE_CRASH", "trapdoors": [[3, 3], [2, 5]], "spawn_a": [0, 2], "spawn_b": [7, 2]}