{"pos": [[0, 3], [7, 3], [1, 3], [6, 3], [0, 3], [6, 2], [0, 2], [5, 2], [0, 1], [5, 1], [0, 0], [4, 1], [1, 0], [4, 0], [2, 0], [3, 0], [2, 1], [3, 1], [1, 1], [2, 1], [1, 2], [2, 2], [1, 3], [2, 1], [1, 4], [3, 1], [0, 4], [3, 0], [1, 4], [4, 0], [1, 3], [4, 1], [1, 4], [5, 1], [0, 4], [5, 0], [0, 5], [6, 0], [0, 4], [7, 0], [0, 5], [7, 1], [1, 5], [7, 0], [1, 6], [7, 1], [2, 6], [7, 0], [2, 7], [7, 1], [3, 7], [7, 0], [2, 7], [7, 1], [2, 6], [7, 0], [2, 7], [7, 1], [2, 6], [7, 0], [2, 7], [7, 1], [2, 6], [7, 0], [2, 7], [7, 1], [2, 6], [7, 0], [2, 7], [7, 1], [2, 6], [7, 0], [2, 7], [7, 1], [2, 6], [7, 0], [2, 7], [7, 1], [2, 6], [7, 2]], "a_eggs_laid": [1, 1, 1, 1, 2, 2, 2, 2, 3, 3, 3, 3, 6, 6, 6, 6, 7, 7, 7, 7, 8, 8, 8, 8, 8, 8, 8, 8, 8, 8, 8, 8, 8, 8, 8, 8, 8, 8, 8, 8, 8, 8, 8, 8, 9, 9, 9, 9, 10, 10, 10, 10, 11, 11, 11, 11, 11, 11, 11, 11, 11, 11, 11, 11, 11, 11, 11, 11, 11, 11, 11, 11, 11, 11, 11, 11, 11, 11, 11, 11], "b_eggs_laid": [0, 1, 1, 1, 1, 2, 2, 2, 2, 3, 3, 3, 3, 4, 4, 4, 4, 4, 4, 4, 4, 4, 4, 4, 4, 4, 4, 8, 8, 8, 8, 8, 8, 8, 8, 12, 12, 13, 13, 13, 13, 16, 16, 16, 16, 16, 16, 16, 16, 16, 16, 16, 16, 16, 16, 16, 16, 16, 16, 16, 16, 16, 16, 16, 16, 16, 16, 16, 16, 16, 16, 16, 16, 16, 16, 16, 16, 16, 16, 16], "a_turds_left": [5, 5, 5, 5, 5, 5, 5, 5, 5, 5, 5, 5, 5, 5, 5, 5, 5, 5, 5, 5, 5, 5, 5, 5, 5, 5, 5, 5, 5, 5, 5, 5, 5, 5, 5, 5, 5, 5, 5, 5, 5, 5, 5, 5, 5, 5, 5, 5, 5, 5, 5, 5, 5, 5, 5, 5, 5, 5, 5, 5, 5, 5, 5, 5, 5, 5, 5, 5, 5, 5, 5, 5, 5, 5, 5, 5, 5, 5, 5, 5], "b_turds_left": [5, 5, 5, 5, 5, 5, 5, 5, 5, 5, 5, 5, 5, 5, 5, 5, 5, 4, 4, 4, 4, 3, 3, 2, 2, 2, 2, 2, 2, 2, 2, 2, 2, 2, 2, 2, 2, 2, 2, 2, 2, 2, 2, 2, 2, 2, 2, 2, 2, 2, 2, 2, 2, 2, 2, 2, 2, 2, 2, 2, 2, 2, 2, 2, 2, 2, 2, 2, 2, 2, 2, 2, 2, 2, 2, 2, 2, 2, 2, 2], "a_time_left": [359.4910020409734, 359.4910020409734, 359.3594480410102, 359.3594480410102, 358.55825029098196, 358.55825029098196, 358.4054794999538, 358.4054794999538, 357.7469730419107, 357.7469730419107, 357.6244967499515, 357.6244967499515, 357.43177833396476, 357.43177833396476, 357.2245815429487, 357.2245815429487, 357.15930091799237, 357.15930091799237, 356.9698482519598, 356.9698482519598, 356.8777181679616, 356.8777181679616, 356.84448983496986, 356.84448983496986, 356.81034904299304, 356.81034904299304, 356.4990832929616, 356.4990832929616, 356.435541083978, 356.435541083978, 356.0750012510107, 356.0750012510107, 356.0333856260404, 356.0333856260404, 355.7202762090019, 355.7202762090019, 355.4373661259888, 355.4373661259888, 355.1863167930278, 355.1863167930278, 355.1062156680273, 355.1062156680273, 354.9739097930724, 354.9739097930724, 354.8830898340675, 354.8830898340675, 354.65104870911455, 354.65104870911455, 354.57500829314813, 354.57500829314813, 354.34505450114375, 354.34505450114375, 354.3055135011673, 354.3055135011673, 354.1270352091524, 354.1270352091524, 354.1007154591498, 354.1007154591498, 353.92197266814765, 353.92197266814765, 353.8955205431557, 353.8955205431557, 353.7173765011248, 353.7173765011248, 353.6908805851126, 353.6908805851126, 353.5128556691343, 353.5128556691343, 353.4865359191317, 353.4865359191317, 353.30781421111897, 353.30781421111897, 353.2815037111286, 353.2815037111286, 353.10243175312644, 353.10243175312644, 353.0845042951405, 353.0845042951405, 353.0735638781334, 353.0735638781334], "b_time_left": [360, 359.9467437500134, 359.9467437500134, 359.78846312500536, 359.78846312500536, 359.6890086250496, 359.6890086250496, 359.56055516703054, 359.56055516703054, 359.4446665000287, 359.4446665000287, 359.3764827499981, 359.3764827499981, 359.3125682499958, 359.3125682499958, 359.258829583996, 359.258829583996, 359.228805333958, 359.228805333958, 359.17189812497236, 359.17189812497236, 359.1397485829657, 359.1397485829657, 359.1281110830023, 359.1281110830023, 359.1158172499854, 359.1158172499854, 359.091396874981, 359.091396874981, 359.07623387494823, 359.07623387494823, 359.0392063749605, 359.0392063749605, 359.00572608294897, 359.00572608294897, 358.9779249159619, 358.9779249159619, 358.94732008193387, 358.94732008193387, 358.93457058194326, 358.93457058194326, 358.92519237397937, 358.92519237397937, 358.8681155410013, 358.8681155410013, 358.86148554098327, 358.86148554098327, 358.8039884159807, 358.8039884159807, 358.80017274897546, 358.80017274897546, 358.7624449149589, 358.7624449149589, 358.75859583192505, 358.75859583192505, 358.74279741494684, 358.74279741494684, 358.73886528995354, 358.73886528995354, 358.72334158193553, 358.72334158193553, 358.71929628995713, 358.71929628995713, 358.7035221239785, 358.7035221239785, 358.69961312395753, 358.69961312395753, 358.68359562399564, 358.68359562399564, 358.67979437398026, 358.67979437398026, 358.66381578997243, 358.66381578997243, 358.65996253996855, 358.65996253996855, 358.64413049799623, 358.64413049799623, 358.6423054560437, 358.6423054560437, 358.64123974804534], "a_moves_left": [39, 39, 38, 38, 37, 37, 36, 36, 35, 35, 34, 34, 33, 33, 32, 32, 31, 31, 30, 30, 29, 29, 28, 28, 27, 27, 26, 26, 25, 25, 24, 24, 23, 23, 22, 22, 21, 21, 20, 20, 19, 19, 18, 18, 17, 17, 16, 16, 15, 15, 14, 14, 13, 13, 12, 12, 11, 11, 10, 10, 9, 9, 8, 8, 7, 7, 6, 6, 5, 5, 4, 4, 3, 3, 2, 2, 1, 1, 0, 0], "b_moves_left": [40, 39, 39, 38, 38, 37, 37, 36, 36, 35, 35, 34, 34, 33, 33, 32, 32, 31, 31, 30, 30, 29, 29, 28, 28, 27, 27, 26, 26, 25, 25, 24, 24, 23, 23, 22, 22, 21, 21, 20, 20, 19, 19, 18, 18, 17, 17, 16, 16, 15, 15, 14, 14, 13, 13, 12, 12, 11, 11, 10, 10, 9, 9, 8, 8, 7, 7, 6, 6, 5, 5, 4, 4, 3, 3, 2, 2, 1, 1, 0], "trapdoor_triggered": [0, 0, 0, 0, 0, 0, 0, 0, 0, 0, 0, 0, 0, 0, 0, 0, 0, 0, 0, 0, 0, 0, 0, 0, 0, 0, 1, 0, 0, 0, 0, 0, 0, 0, 1, 0, 0, 0, 0, 0, 0, 0, 0, 0, 0, 0, 0, 0, 0, 0, 0, 0, 0, 0, 0, 0, 0, 0, 0, 0, 0, 0, 0, 0, 0, 0, 0, 0, 0, 0, 0, 0, 0, 0, 0, 0, 0, 0, 0, 0], "left_behind": ["egg", "egg", "plain", "plain", "egg", "egg", "plain", "plain", "egg", "egg", "plain", "plain", "egg", "egg", "plain", "plain", "egg", "turd", "plain", "plain", "egg", "turd", "plain", "turd", "plain", "plain", "plain", "plain", "plain", "plain", "plain", "plain", "plain", "plain", "plain", "plain", "plain", "egg", "plain", "plain", "plain", "egg", "plain", "plain", "egg", "plain", "plain", "plain", "egg", "plain", "plain", "plain", "egg", "plain", "plain", "plain", "plain", "plain", "plain", "plain", "plain", "plain", "plain", "plain", "plain", "plain", "plain", "plain", "plain", "plain", "plain", "plain", "plain", "plain", "plain", "plain", "plain", "plain", "plain", "plain"], "errlog_a": "", "errlog_b": "", "start_time": 360, "start_moves": 40, "turn_count": 80, "result": 1, "reason": "EGGS_LAID", "trapdoors": [[2, 4], [3, 2]], "spawn_a": [0, 4], "spawn_b": [7, 4]}