{"pos": [[0, 5], [7, 5], [0, 6], [7, 4], [1, 6], [7, 5], [2, 6], [6, 5], [2, 5], [6, 6], [2, 6], [6, 7], [2, 5], [7, 7], [2, 4], [7, 6], [2, 3], [6, 6], [0, 6], [7, 6], [1, 6], [7, 7], [2, 6], [6, 7], [2, 5], [5, 7], [2, 4], [4, 7], [2, 3], [3, 7], [0, 6], [4, 7], [0, 7], [3, 7], [0, 6], [4, 7], [0, 7], [4, 6], [0, 6], [4, 5], [0, 7], [5, 5], [0, 6], [4, 5], [0, 7], [3, 5], [0, 6]], "a_eggs_laid": [1, 1, 1, 1, 1, 1, 1, 1, 2, 2, 2, 2, 2, 2, 2, 2, 3, 3, 3, 3, 3, 3, 3, 3, 3, 3, 3, 3, 3, 3, 3, 3, 3, 3, 3, 3, 3, 3, 3, 3, 3, 3, 3, 3, 3, 3, 3], "b_eggs_laid": [0, 1, 1, 1, 1, 1, 1, 1, 1, 1, 1, 1, 1, 1, 1, 1, 1, 1, 1, 5, 5, 5, 5, 5, 5, 5, 5, 5, 5, 6, 6, 10, 10, 10, 10, 10, 10, 10, 10, 10, 10, 10, 10, 10, 10, 10, 10], "a_turds_left": [5, 5, 5, 5, 5, 5, 5, 5, 5, 5, 5, 5, 5, 5, 5, 5, 5, 5, 5, 5, 5, 5, 5, 5, 5, 5, 5, 5, 5, 5, 5, 5, 5, 5, 5, 5, 5, 5, 5, 5, 5, 5, 5, 5, 5, 5, 5], "b_turds_left": [5, 5, 5, 4, 4, 4, 4, 4, 4, 3, 3, 2, 2, 1, 1, 1, 1, 1, 1, 1, 1, 1, 1, 0, 0, 0, 0, 0, 0, 0, 0, 0, 0, 0, 0, 0, 0, 0, 0, 0, 0, 0, 0, 0, 0, 0, 0], "a_time_left": [359.8944431670243, 359.8944431670243, 359.86473875003867, 359.86473875003867, 359.8188344160444, 359.8188344160444, 359.7683457080857, 359.7683457080857, 359.5788047501119, 359.5788047501119, 359.48442458309, 359.48442458309, 359.41173708310816, 359.41173708310816, 359.37537108315155, 359.37537108315155, 359.265575458121, 359.265575458121, 359.2094119161484, 359.2094119161484, 359.1814101661439, 359.1814101661439, 359.14224329113495, 359.14224329113495, 359.1062063741265, 359.1062063741265, 359.0711659161025, 359.0711659161025, 359.03605199913727, 359.03605199913727, 359.0078123321291, 359.0078123321291, 358.97788020712323, 358.97788020712323, 358.9561213320703, 358.9561213320703, 358.92862383206375, 358.92862383206375, 358.9046795400791, 358.9046795400791, 358.8705390401301, 358.8705390401301, 358.84434558212524, 358.84434558212524, 358.8099358321633, 358.8099358321633, 358.7858438321273], "b_time_left": [360, 358.46073037496535, 358.46073037496535, 356.9551934579504, 356.9551934579504, 355.44958333292743, 355.44958333292743, 353.94388354191324, 353.94388354191324, 352.4379670419148, 352.4379670419148, 350.9322539579007, 350.9322539579007, 349.42654416593723, 349.42654416593723, 347.92095624894137, 347.92095624894137, 346.41491787397536, 346.41491787397536, 344.9092112489743, 344.9092112489743, 343.40344245696906, 343.40344245696906, 341.89791012299247, 341.89791012299247, 340.39228691504104, 340.39228691504104, 338.88662562303944, 338.88662562303944, 337.38110053900164, 337.38110053900164, 335.87564874696545, 335.87564874696545, 334.3700472889468, 334.3700472889468, 332.86449228890706, 332.86449228890706, 331.3588942059432, 331.3588942059432, 329.8533082899521, 329.8533082899521, 328.3477249559364, 328.3477249559364, 326.84225041395985, 326.84225041395985, 325.33602149796207, 325.33602149796207], "a_moves_left": [39, 39, 38, 38, 37, 37, 36, 36, 35, 35, 34, 34, 33, 33, 32, 32, 31, 31, 30, 30, 29, 29, 28, 28, 27, 27, 26, 26, 25, 25, 24, 24, 23, 23, 22, 22, 21, 21, 20, 20, 19, 19, 18, 18, 17, 17, 16], "b_moves_left": [40, 39, 39, 38, 38, 37, 37, 36, 36, 35, 35, 34, 34, 33, 33, 32, 32, 31, 31, 30, 30, 29, 29, 28, 28, 27, 27, 26, 26, 25, 25, 24, 24, 23, 23, 22, 22, 21, 21, 20, 20, 19, 19, 18, 18, 17, 17], "trapdoor_triggered": [0, 0, 0, 0, 0, 0, 0, 0, 0, 0, 0, 0, 0, 0, 0, 0, 0, 0, 1, 0, 0, 0, 0, 0, 0, 0, 0, 0, 0, 0, 1, 0, 0, 0, 0, 0, 0, 0, 0, 0, 0, 0, 0, 0, 0, 0, 0], "left_behind": ["egg", "egg", "plain", "turd", "plain", "plain", "plain", "plain", "egg", "turd", "plain", "turd", "plain", "turd", "plain", "plain", "egg", "plain", "plain", "plain", "plain", "plain", "plain", "turd", "plain", "plain", "plain", "plain", "plain", "egg", "plain", "plain", "plain", "plain", "plain", "plain", "plain", "plain", "plain", "plain", "plain", "plain", "plain", "plain", "plain", "plain", "plain"], "errlog_a": "", "errlog_b": "Timeout", "start_time": 360, "start_moves": 40, "turn_count": 47, "result": 0, "reason": "CODE_CRASH", "trapdoors": [[2, 2], [5, 4]], "spawn_a": [0, 6], "spawn_b": [7, 6]}