{"pos": [[6, 1], [1, 1], [6, 2], [1, 2], [6, 3], [0, 2], [6, 4], [0, 3], [6, 5], [1, 3], [6, 6], [1, 4], [5, 6], [0, 4], [4, 6], [0, 5], [3, 6], [1, 5], [2, 6], [1, 6], [2, 5], [0, 6], [1, 5], [0, 7], [2, 5], [1, 7], [3, 5], [2, 7], [3, 4], [3, 7], [3, 5], [3, 6], [3, 4], [3, 7], [3, 5], [2, 7], [3, 4], [1, 7], [2, 4], [1, 6], [2, 3], [0, 6], [2, 2], [0, 5], [2, 1], [0, 4], [3, 1], [1, 4], [4, 1], [1, 3], [5, 1], [2, 3], [5, 2], [1, 3], [5, 3], [2, 3], [5, 4], [3, 3], [5, 5], [4, 3], [5, 4], [3, 3], [5, 3], [3, 2], [5, 2], [3, 3], [4, 2], [3, 4], [4, 1], [0, 1], [4, 0], [0, 0], [5, 0], [1, 0], [6, 0], [2, 0], [7, 0], [3, 0], [7, 1], [2, 0]], "a_eggs_laid": [1, 1, 1, 1, 2, 2, 2, 2, 3, 3, 3, 3, 4, 4, 4, 4, 5, 5, 5, 5, 6, 6, 6, 6, 7, 7, 7, 7, 8, 8, 8, 8, 8, 8, 8, 8, 8, 8, 8, 8, 9, 9, 9, 9, 10, 10, 10, 10, 11, 11, 11, 11, 12, 12, 12, 12, 13, 13, 13, 13, 14, 14, 14, 14, 14, 14, 14, 14, 15, 15, 19, 19, 20, 20, 20, 20, 21, 21, 21, 21], "b_eggs_laid": [0, 1, 1, 1, 1, 2, 2, 2, 2, 3, 3, 3, 3, 4, 4, 4, 4, 5, 5, 5, 5, 6, 6, 6, 6, 9, 9, 9, 9, 10, 10, 10, 10, 11, 11, 11, 11, 11, 11, 11, 11, 11, 11, 11, 11, 11, 11, 11, 11, 11, 11, 11, 11, 12, 12, 12, 12, 12, 12, 12, 12, 13, 13, 13, 13, 14, 14, 14, 14, 15, 15, 15, 15, 15, 15, 16, 16, 16, 16, 17], "a_turds_left": [5, 5, 5, 5, 5, 5, 5, 5, 5, 5, 5, 5, 5, 5, 5, 5, 5, 5, 5, 5, 5, 5, 5, 5, 5, 5, 5, 5, 5, 5, 5, 5, 5, 5, 5, 5, 5, 5, 5, 5, 5, 5, 5, 5, 5, 5, 5, 5, 5, 5, 5, 5, 5, 5, 5, 5, 5, 5, 5, 5, 5, 5, 5, 5, 5, 5, 5, 5, 5, 5, 5, 5, 5, 5, 5, 5, 5, 5, 5, 5], "b_turds_left": [5, 5, 5, 5, 5, 5, 5, 5, 5, 5, 5, 5, 5, 5, 5, 5, 5, 5, 5, 5, 5, 5, 5, 5, 5, 5, 5, 5, 5, 5, 5, 5, 5, 5, 5, 5, 5, 5, 5, 5, 5, 5, 5, 5, 5, 5, 5, 5, 5, 5, 5, 5, 5, 5, 5, 5, 5, 5, 5, 5, 5, 5, 5, 5, 5, 5, 5, 5, 5, 5, 5, 5, 5, 5, 5, 5, 5, 5, 5, 5], "a_time_left": [359.9996217500302, 359.9996217500302, 359.99931400007335, 359.99931400007335, 359.9989556670771, 359.9989556670771, 359.99865550006507, 359.99865550006507, 359.99828341708053, 359.99828341708053, 359.9979271671036, 359.9979271671036, 359.99755787604954, 359.99755787604954, 359.9974187100306, 359.9974187100306, 359.9970926269889, 359.9970926269889, 359.9968100019614, 359.9968100019614, 359.9965714609134, 359.9965714609134, 359.9962988359039, 359.9962988359039, 359.99610021087574, 359.99610021087574, 359.995985710877, 359.995985710877, 359.9958660439006, 359.9958660439006, 359.9957828769111, 359.9957828769111, 359.9957091269316, 359.9957091269316, 359.9956254599383, 359.9956254599383, 359.9955545429839, 359.9955545429839, 359.9954743349808, 359.9954743349808, 359.9953848349978, 359.9953848349978, 359.9953072940116, 359.9953072940116, 359.9952272110386, 359.9952272110386, 359.9951477110735, 359.9951477110735, 359.9950494610239, 359.9950494610239, 359.9949682939914, 359.9949682939914, 359.9948683360126, 359.9948683360126, 359.9947862109984, 359.9947862109984, 359.99468662799336, 359.99468662799336, 359.99460725294193, 359.99460725294193, 359.9945123779471, 359.9945123779471, 359.99443437793525, 359.99443437793525, 359.9943675448885, 359.9943675448885, 359.9942941698828, 359.9942941698828, 359.9942260028911, 359.9942260028911, 359.99415166990366, 359.99415166990366, 359.99406512791757, 359.99406512791757, 359.993995961966, 359.993995961966, 359.9939115869929, 359.9939115869929, 359.99385392002296, 359.99385392002296], "b_time_left": [360, 359.99649283400504, 359.99649283400504, 359.9958015839802, 359.9958015839802, 359.99270437599625, 359.99270437599625, 359.99190941703273, 359.99190941703273, 359.99055441707605, 359.99055441707605, 359.9892730420688, 359.9892730420688, 359.9860231250641, 359.9860231250641, 359.98573204205604, 359.98573204205604, 359.98539200006053, 359.98539200006053, 359.9851022500661, 359.9851022500661, 359.98477462504525, 359.98477462504525, 359.9845022080117, 359.9845022080117, 359.98422929103253, 359.98422929103253, 359.984109749028, 359.984109749028, 359.98399645701284, 359.98399645701284, 359.9838926240336, 359.9838926240336, 359.98379816504894, 359.98379816504894, 359.98369712306885, 359.98369712306885, 359.98361903906334, 359.98361903906334, 359.9835314140655, 359.9835314140655, 359.98344958008965, 359.98344958008965, 359.98335928906454, 359.98335928906454, 359.9832810390508, 359.9832810390508, 359.9831961640157, 359.9831961640157, 359.98311528901104, 359.98311528901104, 359.983013871999, 359.983013871999, 359.98292287200456, 359.98292287200456, 359.9828148310189, 359.9828148310189, 359.9827303730417, 359.9827303730417, 359.98263637302443, 359.98263637302443, 359.9825372900232, 359.9825372900232, 359.9824498320231, 359.9824498320231, 359.9823688319884, 359.9823688319884, 359.9822809160105, 359.9822809160105, 359.9822035410325, 359.9822035410325, 359.98213333205786, 359.98213333205786, 359.9820662480779, 359.9820662480779, 359.9819731230964, 359.9819731230964, 359.9818963310681, 359.9818963310681, 359.9818332470604], "a_moves_left": [39, 39, 38, 38, 37, 37, 36, 36, 35, 35, 34, 34, 33, 33, 32, 32, 31, 31, 30, 30, 29, 29, 28, 28, 27, 27, 26, 26, 25, 25, 24, 24, 23, 23, 22, 22, 21, 21, 20, 20, 19, 19, 18, 18, 17, 17, 16, 16, 15, 15, 14, 14, 13, 13, 12, 12, 11, 11, 10, 10, 9, 9, 8, 8, 7, 7, 6, 6, 5, 5, 4, 4, 3, 3, 2, 2, 1, 1, 0, 0], "b_moves_left": [40, 39, 39, 38, 38, 37, 37, 36, 36, 35, 35, 34, 34, 33, 33, 32, 32, 31, 31, 30, 30, 29, 29, 28, 28, 27, 27, 26, 26, 25, 25, 24, 24, 23, 23, 22, 22, 21, 21, 20, 20, 19, 19, 18, 18, 17, 17, 16, 16, 15, 15, 14, 14, 13, 13, 12, 12, 11, 11, 10, 10, 9, 9, 8, 8, 7, 7, 6, 6, 5, 5, 4, 4, 3, 3, 2, 2, 1, 1, 0], "trapdoor_triggered": [0, 0, 0, 0, 0, 0, 0, 0, 0, 0, 0, 0, 0, 0, 0, 0, 0, 0, 0, 0, 0, 0, 0, 0, 0, 0, 0, 0, 0, 0, 0, 0, 0, 0, 0, 0, 0, 0, 0, 0, 0, 0, 0, 0, 0, 0, 0, 0, 0, 0, 0, 0, 0, 0, 0, 0, 0, 0, 0, 0, 0, 0, 0, 0, 0, 0, 0, 0, 0, 1, 0, 0, 0, 0, 0, 0, 0, 0, 0, 0], "left_behind": ["egg", "egg", "plain", "plain", "egg", "egg", "plain", "plain", "egg", "egg", "plain", "plain", "egg", "egg", "plain", "plain", "egg", "egg", "plain", "plain", "egg", "egg", "plain", "plain", "egg", "egg", "plain", "plain", "egg", "egg", "plain", "plain", "plain", "egg", "plain", "plain", "plain", "plain", "plain", "plain", "egg", "plain", "plain", "plain", "egg", "plain", "plain", "plain", "egg", "plain", "plain", "plain", "egg", "egg", "plain", "plain", "egg", "plain", "plain", "plain", "egg", "egg", "plain", "plain", "plain", "egg", "plain", "plain", "egg", "egg", "plain", "plain", "egg", "plain", "plain", "egg", "egg", "plain", "plain", "egg"], "errlog_a": "", "errlog_b": "", "start_time": 360, "start_moves": 40, "turn_count": 80, "result": 0, "reason": "EGGS_LAID", "trapdoors": [[4, 4], [4, 5]], "spawn_a": [7, 1], "spawn_b": [0, 1]}