{"pos": [[6, 5], [1, 5], [6, 4], [1, 4], [6, 3], [0, 4], [6, 2], [0, 3], [6, 1], [0, 2], [5, 1], [1, 2], [4, 1], [1, 1], [3, 1], [2, 1], [4, 1], [2, 0], [4, 0], [1, 0], [5, 0], [0, 0], [6, 0], [0, 1], [7, 0], [1, 1], [7, 1], [2, 1], [7, 2], [2, 2], [7, 3], [1, 2], [7, 4], [1, 3], [6, 4], [1, 4], [5, 4], [1, 3], [5, 3], [2, 3], [4, 3], [2, 2], [4, 2], [2, 3], [5, 2], [2, 2], [5, 1], [2, 1], [6, 1], [2, 0], [6, 2], [3, 0], [6, 3], [2, 0], [5, 3], [3, 0], [5, 4], [2, 0], [5, 5], [1, 0], [5, 6], [0, 0], [6, 6], [0, 1], [7, 6], [0, 2], [7, 7], [0, 3], [6, 7], [0, 4], [5, 7], [0, 5], [4, 7], [0, 6], [4, 6], [1, 6], [4, 5], [2, 6], [4, 4], [2, 5]], "a_eggs_laid": [1, 1, 1, 1, 2, 2, 2, 2, 3, 3, 3, 3, 4, 4, 4, 4, 5, 5, 5, 5, 6, 6, 6, 6, 7, 7, 7, 7, 8, 8, 8, 8, 9, 9, 9, 9, 9, 9, 9, 9, 10, 10, 10, 10, 11, 11, 11, 11, 11, 11, 11, 11, 11, 11, 11, 11, 11, 11, 11, 11, 12, 12, 12, 12, 13, 13, 13, 13, 16, 16, 16, 16, 17, 17, 17, 17, 18, 18, 18, 18], "b_eggs_laid": [0, 1, 1, 1, 1, 2, 2, 2, 2, 3, 3, 3, 3, 4, 4, 4, 4, 5, 5, 5, 5, 6, 6, 6, 6, 7, 7, 7, 7, 7, 7, 7, 7, 7, 7, 7, 7, 7, 7, 7, 7, 8, 8, 8, 8, 8, 8, 8, 8, 8, 8, 8, 8, 9, 9, 9, 9, 9, 9, 9, 9, 9, 9, 9, 9, 9, 9, 9, 9, 9, 9, 9, 9, 9, 9, 9, 9, 10, 10, 10], "a_turds_left": [5, 5, 5, 5, 5, 5, 5, 5, 5, 5, 5, 5, 5, 5, 5, 5, 5, 5, 5, 5, 5, 5, 5, 5, 5, 5, 5, 5, 5, 5, 5, 5, 5, 5, 5, 5, 5, 5, 5, 5, 5, 5, 5, 5, 5, 5, 5, 5, 5, 5, 5, 5, 5, 5, 5, 5, 5, 5, 5, 5, 5, 5, 5, 5, 5, 5, 5, 5, 5, 5, 5, 5, 5, 5, 5, 5, 5, 5, 5, 5], "b_turds_left": [5, 5, 5, 5, 5, 5, 5, 5, 5, 5, 5, 5, 5, 5, 5, 5, 5, 5, 5, 5, 5, 5, 5, 5, 5, 5, 5, 5, 5, 5, 5, 5, 5, 5, 5, 5, 5, 5, 5, 5, 5, 5, 5, 5, 5, 5, 5, 5, 5, 5, 5, 5, 5, 5, 5, 5, 5, 5, 5, 5, 5, 5, 5, 5, 5, 5, 5, 5, 5, 5, 5, 5, 5, 5, 5, 5, 5, 5, 5, 5], "a_time_left": [359.99966733303154, 359.99966733303154, 359.9993751660222, 359.9993751660222, 359.9990312490263, 359.9990312490263, 359.998749540071, 359.998749540071, 359.9983820820926, 359.9983820820926, 359.9980839150958, 359.9980839150958, 359.99774895608425, 359.99774895608425, 359.9974594981177, 359.9974594981177, 359.99715091410326, 359.99715091410326, 359.9968849981087, 359.9968849981087, 359.9965782481013, 359.9965782481013, 359.9963276651106, 359.9963276651106, 359.9960423320881, 359.9960423320881, 359.9958384980564, 359.9958384980564, 359.99554649804486, 359.99554649804486, 359.99530395603506, 359.99530395603506, 359.9950426230207, 359.9950426230207, 359.99480695603415, 359.99480695603415, 359.99455103999935, 359.99455103999935, 359.9944295400055, 359.9944295400055, 359.99430891498923, 359.99430891498923, 359.9942036229768, 359.9942036229768, 359.9940829980187, 359.9940829980187, 359.99398966506124, 359.99398966506124, 359.9939002490719, 359.9939002490719, 359.9938076650724, 359.9938076650724, 359.99371974903625, 359.99371974903625, 359.9936186239938, 359.9936186239938, 359.9935343739926, 359.9935343739926, 359.993438791018, 359.993438791018, 359.99332983297063, 359.99332983297063, 359.9932319999789, 359.9932319999789, 359.9931247920031, 359.9931247920031, 359.99304008402396, 359.99304008402396, 359.9929545010091, 359.9929545010091, 359.9928730009706, 359.9928730009706, 359.99276962596923, 359.99276962596923, 359.9926798759843, 359.9926798759843, 359.9925692929537, 359.9925692929537, 359.9924716259702, 359.9924716259702], "b_time_left": [360, 359.9996653330163, 359.9996653330163, 359.9993603330222, 359.9993603330222, 359.9989941660315, 359.9989941660315, 359.9987545830081, 359.9987545830081, 359.9984387080185, 359.9984387080185, 359.9981967500062, 359.9981967500062, 359.99804920802126, 359.99804920802126, 359.9977310420363, 359.9977310420363, 359.99760004202835, 359.99760004202835, 359.9973619590164, 359.9973619590164, 359.9970991680166, 359.9970991680166, 359.99688200099627, 359.99688200099627, 359.9967678760295, 359.9967678760295, 359.9965162090375, 359.9965162090375, 359.99630566802807, 359.99630566802807, 359.99604929302586, 359.99604929302586, 359.99582675204147, 359.99582675204147, 359.99558150203666, 359.99558150203666, 359.99548241804587, 359.99548241804587, 359.99538395903073, 359.99538395903073, 359.9952738750144, 359.9952738750144, 359.99518445896683, 359.99518445896683, 359.9951062089531, 359.9951062089531, 359.99502395896707, 359.99502395896707, 359.9949534589541, 359.9949534589541, 359.99487758398755, 359.99487758398755, 359.99481791694416, 359.99481791694416, 359.9947382499231, 359.9947382499231, 359.9946846248931, 359.9946846248931, 359.99461029085796, 359.99461029085796, 359.9945378738921, 359.9945378738921, 359.9944692898425, 359.9944692898425, 359.9943986228318, 359.9943986228318, 359.994322581857, 359.994322581857, 359.9942514988943, 359.9942514988943, 359.99418095790315, 359.99418095790315, 359.99411254090955, 359.99411254090955, 359.99403974891175, 359.99403974891175, 359.993940456945, 359.993940456945, 359.9938606649521], "a_moves_left": [39, 39, 38, 38, 37, 37, 36, 36, 35, 35, 34, 34, 33, 33, 32, 32, 31, 31, 30, 30, 29, 29, 28, 28, 27, 27, 26, 26, 25, 25, 24, 24, 23, 23, 22, 22, 21, 21, 20, 20, 19, 19, 18, 18, 17, 17, 16, 16, 15, 15, 14, 14, 13, 13, 12, 12, 11, 11, 10, 10, 9, 9, 8, 8, 7, 7, 6, 6, 5, 5, 4, 4, 3, 3, 2, 2, 1, 1, 0, 0], "b_moves_left": [40, 39, 39, 38, 38, 37, 37, 36, 36, 35, 35, 34, 34, 33, 33, 32, 32, 31, 31, 30, 30, 29, 29, 28, 28, 27, 27, 26, 26, 25, 25, 24, 24, 23, 23, 22, 22, 21, 21, 20, 20, 19, 19, 18, 18, 17, 17, 16, 16, 15, 15, 14, 14, 13, 13, 12, 12, 11, 11, 10, 10, 9, 9, 8, 8, 7, 7, 6, 6, 5, 5, 4, 4, 3, 3, 2, 2, 1, 1, 0], "trapdoor_triggered": [0, 0, 0, 0, 0, 0, 0, 0, 0, 0, 0, 0, 0, 0, 0, 0, 0, 0, 0, 0, 0, 0, 0, 0, 0, 0, 0, 0, 0, 0, 0, 0, 0, 0, 0, 0, 0, 0, 0, 0, 0, 0, 0, 0, 0, 0, 0, 0, 0, 0, 0, 0, 0, 0, 0, 0, 0, 0, 0, 0, 0, 0, 0, 0, 0, 0, 0, 0, 0, 0, 0, 0, 0, 0, 0, 0, 0, 0, 0, 0], "left_behind": ["egg", "egg", "plain", "plain", "egg", "egg", "plain", "plain", "egg", "egg", "plain", "plain", "egg", "egg", "plain", "plain", "egg", "egg", "plain", "plain", "egg", "egg", "plain", "plain", "egg", "egg", "plain", "plain", "egg", "plain", "plain", "plain", "egg", "plain", "plain", "plain", "plain", "plain", "plain", "plain", "egg", "egg", "plain", "plain", "egg", "plain", "plain", "plain", "plain", "plain", "plain", "plain", "plain", "egg", "plain", "plain", "plain", "plain", "plain", "plain", "egg", "plain", "plain", "plain", "egg", "plain", "plain", "plain", "egg", "plain", "plain", "plain", "egg", "plain", "plain", "plain", "egg", "egg", "plain", "plain"], "errlog_a": "", "errlog_b": "", "start_time": 360, "start_moves": 40, "turn_count": 80, "result": 0, "reason": "EGGS_LAID", "trapdoors": [[2, 4], [3, 2]], "spawn_a": [7, 5], "spawn_b": [0, 5]}