{"pos": [[1, 6], [6, 6], [1, 5], [6, 7], [0, 5], [5, 7], [0, 4], [6, 7], [1, 4], [5, 7], [1, 3], [4, 7], [0, 3], [5, 7], [0, 2], [6, 7], [1, 2], [5, 7], [1, 1], [4, 7], [0, 1], [4, 6], [0, 0], [4, 7], [1, 0], [3, 7], [2, 0], [2, 7], [2, 1], [2, 6], [2, 2], [1, 6], [2, 3], [2, 6], [2, 4], [2, 5], [1, 4], [3, 5], [0, 4], [4, 5], [0, 3], [4, 4], [1, 3], [7, 6], [1, 2], [7, 5], [1, 1], [7, 4], [2, 1], [6, 4], [3, 1], [7, 4], [4, 1], [7, 5], [5, 1], [7, 6], [6, 1], [7, 7], [6, 2], [6, 7], [6, 3], [7, 7], [6, 4], [6, 7], [5, 4], [5, 7], [5, 3], [6, 7], [5, 2], [5, 7], [4, 2], [6, 7], [4, 3], [6, 6], [4, 4], [6, 7], [4, 5], [6, 6], [5, 5], [5, 6]], "a_eggs_laid": [1, 1, 1, 1, 2, 2, 2, 2, 3, 3, 3, 3, 4, 4, 4, 4, 5, 5, 5, 5, 6, 6, 6, 6, 9, 9, 9, 9, 10, 10, 10, 10, 11, 11, 11, 11, 12, 12, 12, 12, 12, 12, 12, 12, 16, 16, 16, 16, 16, 16, 16, 16, 17, 17, 17, 17, 18, 18, 18, 18, 19, 19, 19, 19, 20, 20, 20, 20, 21, 21, 21, 21, 22, 22, 22, 22, 23, 23, 23, 23], "b_eggs_laid": [0, 1, 1, 1, 1, 1, 1, 1, 1, 1, 1, 1, 1, 1, 1, 1, 1, 2, 2, 2, 2, 2, 2, 2, 2, 2, 2, 2, 2, 3, 3, 3, 3, 3, 3, 3, 3, 4, 4, 4, 4, 4, 4, 4, 4, 4, 4, 4, 4, 5, 5, 5, 5, 5, 5, 5, 5, 5, 5, 5, 5, 5, 5, 5, 5, 5, 5, 5, 5, 5, 5, 5, 5, 5, 5, 5, 5, 5, 5, 5], "a_turds_left": [5, 5, 5, 5, 5, 5, 5, 5, 5, 5, 5, 5, 5, 5, 5, 5, 5, 5, 5, 5, 5, 5, 5, 5, 5, 5, 5, 5, 5, 5, 4, 4, 4, 4, 3, 3, 3, 3, 2, 2, 2, 2, 1, 1, 1, 1, 1, 1, 1, 1, 1, 1, 1, 1, 1, 1, 1, 1, 1, 1, 1, 1, 0, 0, 0, 0, 0, 0, 0, 0, 0, 0, 0, 0, 0, 0, 0, 0, 0, 0], "b_turds_left": [5, 5, 5, 4, 4, 4, 4, 4, 4, 4, 4, 4, 4, 3, 3, 2, 2, 2, 2, 2, 2, 2, 2, 2, 2, 2, 2, 1, 1, 1, 1, 1, 1, 0, 0, 0, 0, 0, 0, 0, 0, 0, 0, 0, 0, 0, 0, 0, 0, 0, 0, 0, 0, 0, 0, 0, 0, 0, 0, 0, 0, 0, 0, 0, 0, 0, 0, 0, 0, 0, 0, 0, 0, 0, 0, 0, 0, 0, 0, 0], "a_time_left": [359.999638416979, 359.999638416979, 359.99936891696416, 359.99936891696416, 359.99903204198927, 359.99903204198927, 359.9986563329585, 359.9986563329585, 359.99828766594874, 359.99828766594874, 359.99796433298616, 359.99796433298616, 359.99755195796024, 359.99755195796024, 359.99713958299253, 359.99713958299253, 359.9964962489903, 359.9964962489903, 359.99560924898833, 359.99560924898833, 359.99512312404113, 359.99512312404113, 359.9947984990431, 359.9947984990431, 359.9941314990283, 359.9941314990283, 359.99374462402193, 359.99374462402193, 359.99321866600076, 359.99321866600076, 359.9928929989692, 359.9928929989692, 359.99231029098155, 359.99231029098155, 359.99201141600497, 359.99201141600497, 359.99176499899477, 359.99176499899477, 359.99079258198617, 359.99079258198617, 359.99045124900294, 359.99045124900294, 359.98970537399873, 359.98970537399873, 359.9891644989839, 359.9891644989839, 359.98874162399443, 359.98874162399443, 359.98845904000336, 359.98845904000336, 359.9879382060026, 359.9879382060026, 359.98734441399574, 359.98734441399574, 359.9868780800025, 359.9868780800025, 359.9865964130149, 359.9865964130149, 359.986286578991, 359.986286578991, 359.98599170404486, 359.98599170404486, 359.98571866209386, 359.98571866209386, 359.98554237012286, 359.98554237012286, 359.98530053615104, 359.98530053615104, 359.9847955771256, 359.9847955771256, 359.9845304101473, 359.9845304101473, 359.98421057715314, 359.98421057715314, 359.98395107715623, 359.98395107715623, 359.98365895211464, 359.98365895211464, 359.98323503509164, 359.98323503509164], "b_time_left": [360, 358.45747370796744, 358.45747370796744, 356.95159691601293, 356.95159691601293, 355.44576679106103, 355.44576679106103, 353.9400207080762, 353.9400207080762, 352.4343491671025, 352.4343491671025, 350.92866066709394, 350.92866066709394, 349.4225295421202, 349.4225295421202, 347.9163432091591, 347.9163432091591, 346.41021850018296, 346.41021850018296, 344.9045682082069, 344.9045682082069, 343.3989651671727, 343.3989651671727, 341.8931809171918, 341.8931809171918, 340.38735925121, 340.38735925121, 338.88178945926484, 338.88178945926484, 337.376037000271, 337.376037000271, 335.8704940422904, 335.8704940422904, 334.364666626323, 334.364666626323, 332.8590565013001, 332.8590565013001, 331.3534383343067, 331.3534383343067, 329.84785491833463, 329.84785491833463, 328.34181058430113, 328.34181058430113, 326.8363433763152, 326.8363433763152, 325.33078016730724, 325.33078016730724, 323.8251886673388, 323.8251886673388, 322.31947454233887, 322.31947454233887, 320.81379283429123, 320.81379283429123, 319.3079430842772, 319.3079430842772, 317.8023378762882, 317.8023378762882, 316.2966612512828, 316.2966612512828, 314.7910430012853, 314.7910430012853, 313.28532404330326, 313.28532404330326, 311.77964262728347, 311.77964262728347, 310.27393508626847, 310.27393508626847, 308.76837912824703, 308.76837912824703, 307.26266412826953, 307.26266412826953, 305.7568364192848, 305.7568364192848, 304.2511533362558, 304.2511533362558, 302.7455072112498, 302.7455072112498, 301.23985646123765, 301.23985646123765, 299.7338065862423], "a_moves_left": [39, 39, 38, 38, 37, 37, 36, 36, 35, 35, 34, 34, 33, 33, 32, 32, 31, 31, 30, 30, 29, 29, 28, 28, 27, 27, 26, 26, 25, 25, 24, 24, 23, 23, 22, 22, 21, 21, 20, 20, 19, 19, 18, 18, 17, 17, 16, 16, 15, 15, 14, 14, 13, 13, 12, 12, 11, 11, 10, 10, 9, 9, 8, 8, 7, 7, 6, 6, 5, 5, 4, 4, 3, 3, 2, 2, 1, 1, 0, 0], "b_moves_left": [40, 39, 39, 38, 38, 37, 37, 36, 36, 35, 35, 34, 34, 33, 33, 32, 32, 31, 31, 30, 30, 29, 29, 28, 28, 27, 27, 26, 26, 25, 25, 24, 24, 23, 23, 22, 22, 21, 21, 20, 20, 19, 19, 18, 18, 17, 17, 16, 16, 15, 15, 14, 14, 13, 13, 12, 12, 11, 11, 10, 10, 9, 9, 8, 8, 7, 7, 6, 6, 5, 5, 4, 4, 3, 3, 2, 2, 1, 1, 0], "trapdoor_triggered": [0, 0, 0, 0, 0, 0, 0, 0, 0, 0, 0, 0, 0, 0, 0, 0, 0, 0, 0, 0, 0, 0, 0, 0, 0, 0, 0, 0, 0, 0, 0, 0, 0, 0, 0, 0, 0, 0, 0, 0, 0, 0, 0, 1, 0, 0, 0, 0, 0, 0, 0, 0, 0, 0, 0, 0, 0, 0, 0, 0, 0, 0, 0, 0, 0, 0, 0, 0, 0, 0, 0, 0, 0, 0, 0, 0, 0, 0, 0, 0], "left_behind": ["egg", "egg", "plain", "turd", "egg", "plain", "plain", "plain", "egg", "plain", "plain", "plain", "egg", "turd", "plain", "turd", "egg", "egg", "plain", "plain", "egg", "plain", "plain", "plain", "egg", "plain", "plain", "turd", "egg", "egg", "turd", "plain", "egg", "turd", "turd", "plain", "egg", "egg", "turd", "plain", "plain", "plain", "turd", "plain", "plain", "plain", "plain", "plain", "plain", "egg", "plain", "plain", "egg", "plain", "plain", "plain", "egg", "plain", "plain", "plain", "egg", "plain", "turd", "plain", "egg", "plain", "plain", "plain", "egg", "plain", "plain", "plain", "egg", "plain", "plain", "plain", "egg", "plain", "plain", "plain"], "errlog_a": "", "errlog_b": "", "start_time": 360, "start_moves": 40, "turn_count": 80, "result": 0, "reason": "EGGS_LAID", "trapdoors": [[3, 3], [3, 4]], "spawn_a": [0, 6], "spawn_b": [7, 6]}