{"pos": [[7, 2], [1, 3], [7, 1], [2, 3], [7, 0], [3, 3], [7, 1], [4, 3], [7, 0], [5, 3], [7, 1], [5, 4], [7, 0], [5, 3], [7, 1], [5, 4], [7, 0], [5, 5], [7, 1], [4, 5], [7, 0], [5, 5], [7, 1], [4, 5], [7, 0], [5, 5], [7, 1], [4, 5], [7, 0], [5, 5], [7, 1], [5, 4], [7, 0], [5, 3], [7, 1], [6, 3], [7, 0], [6, 4], [7, 1], [6, 3], [7, 0], [5, 3], [7, 1], [5, 4], [7, 0], [4, 4], [7, 1], [4, 5], [7, 0], [4, 6], [7, 1], [3, 6], [7, 0], [4, 6], [7, 1], [3, 6], [7, 0], [3, 7], [7, 1], [2, 7], [7, 0], [1, 7], [7, 1], [0, 7], [7, 0], [1, 7], [7, 1], [0, 7], [7, 0], [0, 6], [7, 1], [1, 6], [7, 0], [1, 5], [7, 1], [1, 6], [7, 0], [0, 6], [7, 1], [0, 7]], "a_eggs_laid": [1, 1, 1, 1, 2, 2, 2, 2, 2, 2, 2, 2, 2, 2, 2, 2, 2, 2, 2, 2, 2, 2, 2, 2, 2, 2, 2, 2, 2, 2, 2, 2, 2, 2, 2, 2, 2, 2, 2, 2, 2, 2, 2, 2, 2, 2, 2, 2, 2, 2, 2, 2, 2, 2, 2, 2, 2, 2, 2, 2, 2, 2, 2, 2, 2, 2, 2, 2, 2, 2, 2, 2, 2, 2, 2, 2, 2, 2, 2, 2], "b_eggs_laid": [0, 0, 0, 0, 0, 0, 0, 0, 0, 1, 1, 1, 1, 1, 1, 1, 1, 1, 1, 1, 1, 1, 1, 1, 1, 1, 1, 1, 1, 1, 1, 1, 1, 1, 1, 1, 1, 1, 1, 1, 1, 1, 1, 1, 1, 1, 1, 1, 1, 1, 1, 1, 1, 2, 2, 2, 2, 2, 2, 2, 2, 3, 3, 3, 3, 6, 6, 6, 6, 6, 6, 6, 6, 7, 7, 7, 7, 7, 7, 7], "a_turds_left": [5, 5, 5, 5, 5, 5, 5, 5, 5, 5, 5, 5, 5, 5, 5, 5, 5, 5, 5, 5, 5, 5, 5, 5, 5, 5, 5, 5, 5, 5, 5, 5, 5, 5, 5, 5, 5, 5, 5, 5, 5, 5, 5, 5, 5, 5, 5, 5, 5, 5, 5, 5, 5, 5, 5, 5, 5, 5, 5, 5, 5, 5, 5, 5, 5, 5, 5, 5, 5, 5, 5, 5, 5, 5, 5, 5, 5, 5, 5, 5], "b_turds_left": [5, 5, 5, 5, 5, 5, 5, 4, 4, 4, 4, 4, 4, 4, 4, 4, 4, 4, 4, 4, 4, 3, 3, 3, 3, 3, 3, 2, 2, 2, 2, 2, 2, 1, 1, 0, 0, 0, 0, 0, 0, 0, 0, 0, 0, 0, 0, 0, 0, 0, 0, 0, 0, 0, 0, 0, 0, 0, 0, 0, 0, 0, 0, 0, 0, 0, 0, 0, 0, 0, 0, 0, 0, 0, 0, 0, 0, 0, 0, 0], "a_time_left": [359.89828895800747, 359.89828895800747, 359.87069070804864, 359.87069070804864, 359.80352241604123, 359.80352241604123, 359.7886786660529, 359.7886786660529, 359.7623763740412, 359.7623763740412, 359.7528995820321, 359.7528995820321, 359.73080487403786, 359.73080487403786, 359.7055579990265, 359.7055579990265, 359.6748084150022, 359.6748084150022, 359.6571928730118, 359.6571928730118, 359.6269406230422, 359.6269406230422, 359.61025562300347, 359.61025562300347, 359.5733743730234, 359.5733743730234, 359.5586909559788, 359.5586909559788, 359.48319987300783, 359.48319987300783, 359.46733887301525, 359.46733887301525, 359.44075333100045, 359.44075333100045, 359.42348812299315, 359.42348812299315, 359.40454816498095, 359.40454816498095, 359.38920662301825, 359.38920662301825, 359.3716198730399, 359.3716198730399, 359.35643899807474, 359.35643899807474, 359.33537499810336, 359.33537499810336, 359.31980187312, 359.31980187312, 359.3015334981028, 359.3015334981028, 359.2857044561533, 359.2857044561533, 359.26381337217754, 359.26381337217754, 359.2516289972118, 359.2516289972118, 359.2322437471594, 359.2322437471594, 359.2193898301921, 359.2193898301921, 359.19357587222476, 359.19357587222476, 359.1803548721946, 359.1803548721946, 359.17610924720066, 359.17610924720066, 359.16214641422266, 359.16214641422266, 359.1578405392356, 359.1578405392356, 359.14427803928265, 359.14427803928265, 359.1166598313139, 359.1166598313139, 359.10031591530424, 359.10031591530424, 359.0812559573096, 359.0812559573096, 359.0760379153071, 359.0760379153071], "b_time_left": [360, 358.46676479198504, 358.46676479198504, 356.9612282079761, 356.9612282079761, 355.45553904096596, 355.45553904096596, 353.9497803329723, 353.9497803329723, 352.4439008749905, 352.4439008749905, 350.9325100420392, 350.9325100420392, 349.4266331670224, 349.4266331670224, 347.91858629201306, 347.91858629201306, 346.41280354204355, 346.41280354204355, 344.90751104202354, 344.90751104202354, 343.4020284169819, 343.4020284169819, 341.89376200101105, 341.89376200101105, 340.38830429303925, 340.38830429303925, 338.88555958500365, 338.88555958500365, 337.3800807520165, 337.3800807520165, 335.87464379298035, 335.87464379298035, 334.3691659179749, 334.3691659179749, 332.8631945429952, 332.8631945429952, 331.3577821680228, 331.3577821680228, 329.8523960430175, 329.8523960430175, 328.3465197100304, 328.3465197100304, 326.84115575102624, 326.84115575102624, 325.34021358407335, 325.34021358407335, 323.8348560840823, 323.8348560840823, 322.3295817920589, 322.3295817920589, 320.82433612603927, 320.82433612603927, 319.31831391807646, 319.31831391807646, 317.81295633508125, 317.81295633508125, 316.3071865020902, 316.3071865020902, 314.8015137100592, 314.8015137100592, 313.29504300205735, 313.29504300205735, 311.790148960019, 311.790148960019, 310.28834371000994, 310.28834371000994, 308.7843528770027, 308.7843528770027, 307.2789846689557, 307.2789846689557, 305.7735938349506, 305.7735938349506, 304.2678692509653, 304.2678692509653, 302.76633391797077, 302.76633391797077, 301.2609013769543, 301.2609013769543, 299.75550287694205], "a_moves_left": [39, 39, 38, 38, 37, 37, 36, 36, 35, 35, 34, 34, 33, 33, 32, 32, 31, 31, 30, 30, 29, 29, 28, 28, 27, 27, 26, 26, 25, 25, 24, 24, 23, 23, 22, 22, 21, 21, 20, 20, 19, 19, 18, 18, 17, 17, 16, 16, 15, 15, 14, 14, 13, 13, 12, 12, 11, 11, 10, 10, 9, 9, 8, 8, 7, 7, 6, 6, 5, 5, 4, 4, 3, 3, 2, 2, 1, 1, 0, 0], "b_moves_left": [40, 39, 39, 38, 38, 37, 37, 36, 36, 35, 35, 34, 34, 33, 33, 32, 32, 31, 31, 30, 30, 29, 29, 28, 28, 27, 27, 26, 26, 25, 25, 24, 24, 23, 23, 22, 22, 21, 21, 20, 20, 19, 19, 18, 18, 17, 17, 16, 16, 15, 15, 14, 14, 13, 13, 12, 12, 11, 11, 10, 10, 9, 9, 8, 8, 7, 7, 6, 6, 5, 5, 4, 4, 3, 3, 2, 2, 1, 1, 0], "trapdoor_triggered": [0, 0, 0, 0, 0, 0, 0, 0, 0, 0, 0, 0, 0, 0, 0, 0, 0, 0, 0, 0, 0, 0, 0, 0, 0, 0, 0, 0, 0, 0, 0, 0, 0, 0, 0, 0, 0, 0, 0, 0, 0, 0, 0, 0, 0, 0, 0, 0, 0, 0, 0, 0, 0, 0, 0, 0, 0, 0, 0, 0, 0, 0, 0, 0, 0, 0, 0, 0, 0, 0, 0, 0, 0, 0, 0, 0, 0, 0, 0, 0], "left_behind": ["egg", "plain", "plain", "plain", "egg", "plain", "plain", "turd", "plain", "egg", "plain", "plain", "plain", "plain", "plain", "plain", "plain", "plain", "plain", "plain", "plain", "turd", "plain", "plain", "plain", "plain", "plain", "turd", "plain", "plain", "plain", "plain", "plain", "turd", "plain", "turd", "plain", "plain", "plain", "plain", "plain", "plain", "plain", "plain", "plain", "plain", "plain", "plain", "plain", "plain", "plain", "plain", "plain", "egg", "plain", "plain", "plain", "plain", "plain", "plain", "plain", "egg", "plain", "plain", "plain", "egg", "plain", "plain", "plain", "plain", "plain", "plain", "plain", "egg", "plain", "plain", "plain", "plain", "plain", "plain"], "errlog_a": "", "errlog_b": "", "start_time": 360, "start_moves": 40, "turn_count": 80, "result": 1, "reason": "EGGS_LAID", "trapdoors": [[4, 2], [3, 2]], "spawn_a": [7, 3], "spawn_b": [0, 3]}