{"pos": [[1, 6], [6, 6], [1, 5], [6, 5], [1, 4], [7, 5], [1, 5], [7, 4], [0, 5], [6, 4], [0, 4], [6, 3], [0, 3], [7, 3], [0, 2], [7, 2], [1, 2], [6, 2], [1, 1], [6, 1], [2, 1], [7, 1], [3, 1], [7, 0], [4, 1], [6, 0], [5, 1], [5, 0], [4, 1], [4, 0], [4, 2], [4, 1], [3, 2], [4, 0], [2, 2], [3, 0], [2, 3], [2, 0], [1, 3], [2, 1], [1, 4], [2, 0], [1, 3], [1, 0], [1, 2], [0, 0], [1, 1], [0, 1], [1, 2], [0, 0], [2, 2], [1, 0], [2, 3], [2, 0], [3, 3], [2, 1], [3, 2], [2, 0], [3, 1], [3, 0], [3, 2], [4, 0], [4, 2], [4, 1], [4, 3], [4, 0], [5, 3], [5, 0], [5, 2], [6, 0], [6, 2], [6, 1], [5, 2], [7, 1], [5, 1], [7, 2], [5, 2], [7, 3], [6, 2], [6, 3]], "a_eggs_laid": [1, 1, 1, 1, 2, 2, 2, 2, 2, 2, 2, 2, 3, 3, 3, 3, 4, 4, 4, 4, 5, 5, 5, 5, 6, 6, 6, 6, 7, 7, 7, 7, 8, 8, 8, 8, 9, 9, 9, 9, 10, 10, 10, 10, 10, 10, 10, 10, 10, 10, 10, 10, 10, 10, 10, 10, 11, 11, 11, 11, 11, 11, 11, 11, 11, 11, 11, 11, 12, 12, 12, 12, 13, 13, 13, 13, 13, 13, 13, 13], "b_eggs_laid": [0, 1, 1, 1, 1, 2, 2, 2, 2, 3, 3, 3, 3, 4, 4, 4, 4, 5, 5, 5, 5, 6, 6, 6, 6, 9, 9, 9, 9, 10, 10, 10, 10, 11, 11, 11, 11, 12, 12, 12, 12, 13, 13, 13, 13, 14, 14, 14, 14, 15, 15, 15, 15, 15, 15, 15, 15, 15, 15, 15, 15, 15, 15, 15, 15, 15, 15, 15, 15, 15, 15, 15, 15, 15, 15, 15, 15, 15, 15, 15], "a_turds_left": [5, 5, 5, 5, 5, 5, 5, 5, 5, 5, 5, 5, 5, 5, 5, 5, 5, 5, 5, 5, 5, 5, 5, 5, 5, 5, 5, 5, 5, 5, 5, 5, 5, 5, 5, 5, 5, 5, 5, 5, 5, 5, 5, 5, 5, 5, 5, 5, 5, 5, 5, 5, 5, 5, 5, 5, 5, 5, 5, 5, 5, 5, 5, 5, 5, 5, 5, 5, 5, 5, 5, 5, 5, 5, 5, 5, 5, 5, 5, 5], "b_turds_left": [5, 5, 5, 5, 5, 5, 5, 5, 5, 5, 5, 5, 5, 5, 5, 5, 5, 5, 5, 5, 5, 5, 5, 5, 5, 5, 5, 5, 5, 5, 5, 5, 5, 5, 5, 5, 5, 5, 5, 5, 5, 5, 5, 5, 5, 5, 5, 5, 5, 5, 5, 5, 5, 5, 5, 5, 5, 5, 5, 5, 5, 5, 5, 5, 5, 5, 5, 5, 5, 5, 5, 5, 5, 5, 5, 5, 5, 5, 5, 5], "a_time_left": [359.9996604170301, 359.9996604170301, 359.99935583403567, 359.99935583403567, 359.9989882930531, 359.9989882930531, 359.9986417090986, 359.9986417090986, 359.9983827510732, 359.9983827510732, 359.9981327090645, 359.9981327090645, 359.9978322510724, 359.9978322510724, 359.9975592920673, 359.9975592920673, 359.99727379204705, 359.99727379204705, 359.99696037505055, 359.99696037505055, 359.9968052500626, 359.9968052500626, 359.996523250069, 359.996523250069, 359.9961769170477, 359.9961769170477, 359.99605850008084, 359.99605850008084, 359.99595745810075, 359.99595745810075, 359.99568754213396, 359.99568754213396, 359.9955842921627, 359.9955842921627, 359.9954766671872, 359.9954766671872, 359.99535641720286, 359.99535641720286, 359.99525141721824, 359.99525141721824, 359.9951318752137, 359.9951318752137, 359.99503258324694, 359.99503258324694, 359.9949331252137, 359.9949331252137, 359.9948341661948, 359.9948341661948, 359.9947608751827, 359.9947608751827, 359.99465750018135, 359.99465750018135, 359.99457195814466, 359.99457195814466, 359.99447125016013, 359.99447125016013, 359.9943535841303, 359.9943535841303, 359.9942547091632, 359.9942547091632, 359.9941877502133, 359.9941877502133, 359.9940901672235, 359.9940901672235, 359.99400116718607, 359.99400116718607, 359.9939011251554, 359.9939011251554, 359.99380037520314, 359.99380037520314, 359.9936992911971, 359.9936992911971, 359.99361566617154, 359.99361566617154, 359.99351804115577, 359.99351804115577, 359.9934513331391, 359.9934513331391, 359.99335862515727, 359.99335862515727], "b_time_left": [360, 359.9996700839838, 359.9996700839838, 359.9993642089539, 359.9993642089539, 359.999015749956, 359.999015749956, 359.9987120839651, 359.9987120839651, 359.99839737592265, 359.99839737592265, 359.9980995429214, 359.9980995429214, 359.9977403759258, 359.9977403759258, 359.9974622509326, 359.9974622509326, 359.99714654294075, 359.99714654294075, 359.99683791794814, 359.99683791794814, 359.9964753758977, 359.9964753758977, 359.9963556259172, 359.9963556259172, 359.99624545889674, 359.99624545889674, 359.99613691691775, 359.99613691691775, 359.99601795891067, 359.99601795891067, 359.9957292089239, 359.9957292089239, 359.9947842929396, 359.9947842929396, 359.9946658349945, 359.9946658349945, 359.9945591270225, 359.9945591270225, 359.9944575850386, 359.9944575850386, 359.99437058507465, 359.99437058507465, 359.9942574601155, 359.9942574601155, 359.99415604310343, 359.99415604310343, 359.9940621270798, 359.9940621270798, 359.99397741805296, 359.99397741805296, 359.9938843770069, 359.9938843770069, 359.9938035850064, 359.9938035850064, 359.9936986689572, 359.9936986689572, 359.9936141689541, 359.9936141689541, 359.9935103779426, 359.9935103779426, 359.9934216279653, 359.9934216279653, 359.99332283699187, 359.99332283699187, 359.99324371200055, 359.99324371200055, 359.99313996202545, 359.99313996202545, 359.9930527540273, 359.9930527540273, 359.99295542004984, 359.99295542004984, 359.99286821100395, 359.99286821100395, 359.99276487797033, 359.99276487797033, 359.9926798779634, 359.9926798779634, 359.9925858779461], "a_moves_left": [39, 39, 38, 38, 37, 37, 36, 36, 35, 35, 34, 34, 33, 33, 32, 32, 31, 31, 30, 30, 29, 29, 28, 28, 27, 27, 26, 26, 25, 25, 24, 24, 23, 23, 22, 22, 21, 21, 20, 20, 19, 19, 18, 18, 17, 17, 16, 16, 15, 15, 14, 14, 13, 13, 12, 12, 11, 11, 10, 10, 9, 9, 8, 8, 7, 7, 6, 6, 5, 5, 4, 4, 3, 3, 2, 2, 1, 1, 0, 0], "b_moves_left": [40, 39, 39, 38, 38, 37, 37, 36, 36, 35, 35, 34, 34, 33, 33, 32, 32, 31, 31, 30, 30, 29, 29, 28, 28, 27, 27, 26, 26, 25, 25, 24, 24, 23, 23, 22, 22, 21, 21, 20, 20, 19, 19, 18, 18, 17, 17, 16, 16, 15, 15, 14, 14, 13, 13, 12, 12, 11, 11, 10, 10, 9, 9, 8, 8, 7, 7, 6, 6, 5, 5, 4, 4, 3, 3, 2, 2, 1, 1, 0], "trapdoor_triggered": [0, 0, 0, 0, 0, 0, 0, 0, 0, 0, 0, 0, 0, 0, 0, 0, 0, 0, 0, 0, 0, 0, 0, 0, 0, 0, 0, 0, 0, 0, 0, 0, 0, 0, 0, 0, 0, 0, 0, 0, 0, 0, 0, 0, 0, 0, 0, 0, 0, 0, 0, 0, 0, 0, 0, 0, 0, 0, 0, 0, 0, 0, 0, 0, 0, 0, 0, 0, 0, 0, 0, 0, 0, 0, 0, 0, 0, 0, 0, 0], "left_behind": ["egg", "egg", "plain", "plain", "egg", "egg", "plain", "plain", "plain", "egg", "plain", "plain", "egg", "egg", "plain", "plain", "egg", "egg", "plain", "plain", "egg", "egg", "plain", "plain", "egg", "egg", "plain", "plain", "egg", "egg", "plain", "plain", "egg", "egg", "plain", "plain", "egg", "egg", "plain", "plain", "egg", "egg", "plain", "plain", "plain", "egg", "plain", "plain", "plain", "egg", "plain", "plain", "plain", "plain", "plain", "plain", "egg", "plain", "plain", "plain", "plain", "plain", "plain", "plain", "plain", "plain", "plain", "plain", "egg", "plain", "plain", "plain", "egg", "plain", "plain", "plain", "plain", "plain", "plain", "plain"], "errlog_a": "", "errlog_b": "", "start_time": 360, "start_moves": 40, "turn_count": 80, "result": 1, "reason": "EGGS_LAID", "trapdoors": [[3, 5], [4, 5]], "spawn_a": [0, 6], "spawn_b": [7, 6]}