{"pos": [[7, 2], [0, 2], [6, 2], [0, 1], [5, 2], [1, 1], [6, 2], [0, 1], [6, 1], [0, 2], [6, 0], [0, 3], [5, 0], [0, 2], [5, 1], [0, 3], [5, 0], [0, 2], [5, 1], [1, 2], [4, 1], [1, 3], [7, 3], [1, 4], [7, 2], [1, 3], [7, 3], [1, 4], [7, 2], [1, 5], [6, 2], [1, 4], [7, 2], [0, 4], [7, 1], [1, 4], [7, 0], [1, 3], [6, 0], [0, 3], [7, 0], [1, 3], [6, 0], [1, 4], [5, 0], [0, 4], [6, 0], [0, 3], [7, 0], [1, 3], [7, 1], [1, 4], [7, 2], [1, 5], [7, 3], [0, 5], [7, 2], [0, 4], [6, 2], [1, 4], [7, 2], [0, 4], [6, 2], [1, 4], [7, 2], [1, 5], [6, 2], [2, 5], [7, 2], [3, 5], [7, 3], [3, 6], [6, 3], [3, 7], [7, 3], [4, 7], [7, 4], [4, 6], [7, 3], [4, 5]], "a_eggs_laid": [0, 0, 0, 0, 1, 1, 1, 1, 1, 1, 1, 1, 1, 1, 1, 1, 2, 2, 2, 2, 2, 2, 2, 2, 3, 3, 3, 3, 3, 3, 3, 3, 3, 3, 3, 3, 3, 3, 3, 3, 4, 4, 4, 4, 4, 4, 4, 4, 4, 4, 4, 4, 5, 5, 5, 5, 5, 5, 5, 5, 5, 5, 5, 5, 5, 5, 5, 5, 5, 5, 5, 5, 5, 5, 5, 5, 5, 5, 5, 5], "b_eggs_laid": [0, 0, 0, 0, 0, 1, 1, 1, 1, 1, 1, 1, 1, 1, 1, 1, 1, 2, 2, 2, 2, 3, 3, 7, 7, 8, 8, 8, 8, 8, 8, 8, 8, 8, 8, 8, 8, 8, 8, 8, 8, 8, 8, 8, 8, 8, 8, 8, 8, 8, 8, 8, 8, 8, 8, 8, 8, 8, 8, 8, 8, 8, 8, 8, 8, 8, 8, 8, 8, 8, 8, 8, 8, 8, 8, 8, 8, 9, 9, 9], "a_turds_left": [5, 5, 5, 5, 5, 5, 4, 4, 4, 4, 4, 4, 4, 4, 4, 4, 4, 4, 4, 4, 4, 4, 3, 3, 3, 3, 3, 3, 3, 3, 2, 2, 2, 2, 2, 2, 2, 2, 2, 2, 2, 2, 1, 1, 1, 1, 0, 0, 0, 0, 0, 0, 0, 0, 0, 0, 0, 0, 0, 0, 0, 0, 0, 0, 0, 0, 0, 0, 0, 0, 0, 0, 0, 0, 0, 0, 0, 0, 0, 0], "b_turds_left": [5, 5, 5, 5, 5, 5, 5, 4, 4, 4, 4, 3, 3, 3, 3, 3, 3, 3, 3, 3, 3, 3, 3, 3, 3, 3, 3, 2, 2, 2, 2, 1, 1, 1, 1, 1, 1, 1, 1, 1, 1, 1, 1, 1, 1, 1, 1, 1, 1, 1, 1, 1, 1, 1, 1, 1, 1, 0, 0, 0, 0, 0, 0, 0, 0, 0, 0, 0, 0, 0, 0, 0, 0, 0, 0, 0, 0, 0, 0, 0], "a_time_left": [358.4849597, 358.4849597, 356.97032390000004, 356.97032390000004, 355.4591169, 355.4591169, 353.94768810000005, 353.94768810000005, 352.4343242, 352.4343242, 350.9259649999999, 350.9259649999999, 349.4122895999999, 349.4122895999999, 347.90565589999983, 347.90565589999983, 346.3918825999999, 346.3918825999999, 344.88498060000006, 344.88498060000006, 343.3819242000002, 343.3819242000002, 341.8797744000001, 341.8797744000001, 340.3700690999999, 340.3700690999999, 338.86239679999994, 338.86239679999994, 337.3594321999999, 337.3594321999999, 335.8497579, 335.8497579, 334.34089040000003, 334.34089040000003, 332.83458229999997, 332.83458229999997, 331.3316544999998, 331.3316544999998, 329.8204420999998, 329.8204420999998, 328.3200413999998, 328.3200413999998, 326.80795709999984, 326.80795709999984, 325.30669450000005, 325.30669450000005, 323.7986106000001, 323.7986106000001, 322.28393690000007, 322.28393690000007, 320.7832628000001, 320.7832628000001, 319.27657109999996, 319.27657109999996, 317.76198339999996, 317.76198339999996, 316.2580525999999, 316.2580525999999, 314.7534539999999, 314.7534539999999, 313.2486171999999, 313.2486171999999, 311.7367317999999, 311.7367317999999, 310.2318257999998, 310.2318257999998, 308.72417029999974, 308.72417029999974, 307.21166669999957, 307.21166669999957, 305.7022205999997, 305.7022205999997, 304.1914794999998, 304.1914794999998, 302.6813748999998, 302.6813748999998, 301.16761919999976, 301.16761919999976, 299.6657882999998, 299.6657882999998], "b_time_left": [360, 358.48394729999995, 358.48394729999995, 356.97192330000007, 356.97192330000007, 355.4559866000002, 355.4559866000002, 353.95564030000014, 353.95564030000014, 352.4447035000003, 352.4447035000003, 350.93360590000043, 350.93360590000043, 349.4244775000004, 349.4244775000004, 347.9193357000004, 347.9193357000004, 346.4139187000003, 346.4139187000003, 344.90761190000035, 344.90761190000035, 343.40199740000025, 343.40199740000025, 341.8949429000004, 341.8949429000004, 340.38448510000035, 340.38448510000035, 338.87666460000037, 338.87666460000037, 337.3737921000004, 337.3737921000004, 335.8709452000003, 335.8709452000003, 334.36746930000027, 334.36746930000027, 332.8613376000003, 332.8613376000003, 331.3543523000003, 331.3543523000003, 329.8499892000002, 329.8499892000002, 328.3441468000003, 328.3441468000003, 326.83336420000023, 326.83336420000023, 325.3247197000003, 325.3247197000003, 323.81801840000026, 323.81801840000026, 322.3045980000004, 322.3045980000004, 320.79560400000037, 320.79560400000037, 319.2899445000005, 319.2899445000005, 317.7822641000005, 317.7822641000005, 316.2750560000004, 316.2750560000004, 314.7719387000004, 314.7719387000004, 313.2678812000004, 313.2678812000004, 311.76521900000034, 311.76521900000034, 310.26197540000044, 310.26197540000044, 308.74756380000053, 308.74756380000053, 307.24075080000057, 307.24075080000057, 305.7401145000006, 305.7401145000006, 304.2325841000004, 304.2325841000004, 302.7273803000003, 302.7273803000003, 301.22402560000046, 301.22402560000046, 299.71168040000043], "a_moves_left": [39, 39, 38, 38, 37, 37, 36, 36, 35, 35, 34, 34, 33, 33, 32, 32, 31, 31, 30, 30, 29, 29, 28, 28, 27, 27, 26, 26, 25, 25, 24, 24, 23, 23, 22, 22, 21, 21, 20, 20, 19, 19, 18, 18, 17, 17, 16, 16, 15, 15, 14, 14, 13, 13, 12, 12, 11, 11, 10, 10, 9, 9, 8, 8, 7, 7, 6, 6, 5, 5, 4, 4, 3, 3, 2, 2, 1, 1, 0, 0], "b_moves_left": [40, 39, 39, 38, 38, 37, 37, 36, 36, 35, 35, 34, 34, 33, 33, 32, 32, 31, 31, 30, 30, 29, 29, 28, 28, 27, 27, 26, 26, 25, 25, 24, 24, 23, 23, 22, 22, 21, 21, 20, 20, 19, 19, 18, 18, 17, 17, 16, 16, 15, 15, 14, 14, 13, 13, 12, 12, 11, 11, 10, 10, 9, 9, 8, 8, 7, 7, 6, 6, 5, 5, 4, 4, 3, 3, 2, 2, 1, 1, 0], "trapdoor_triggered": [0, 0, 0, 0, 0, 0, 0, 0, 0, 0, 0, 0, 0, 0, 0, 0, 0, 0, 0, 0, 0, 0, 1, 0, 0, 0, 0, 0, 0, 0, 0, 0, 0, 0, 0, 0, 0, 0, 0, 0, 0, 0, 0, 0, 0, 0, 0, 0, 0, 0, 0, 0, 0, 0, 0, 0, 0, 0, 0, 0, 0, 0, 0, 0, 0, 0, 0, 0, 0, 0, 0, 0, 0, 0, 0, 0, 0, 0, 0, 0], "left_behind": ["plain", "plain", "plain", "plain", "egg", "egg", "turd", "turd", "plain", "plain", "plain", "turd", "plain", "plain", "plain", "plain", "egg", "egg", "plain", "plain", "plain", "egg", "turd", "plain", "egg", "egg", "plain", "turd", "plain", "plain", "turd", "turd", "plain", "plain", "plain", "plain", "plain", "plain", "plain", "plain", "egg", "plain", "turd", "plain", "plain", "plain", "turd", "plain", "plain", "plain", "plain", "plain", "egg", "plain", "plain", "plain", "plain", "turd", "plain", "plain", "plain", "plain", "plain", "plain", "plain", "plain", "plain", "plain", "plain", "plain", "plain", "plain", "plain", "plain", "plain", "plain", "plain", "egg", "plain", "plain"], "errlog_a": "", "errlog_b": "", "start_time": 360, "start_moves": 40, "turn_count": 80, "result": 1, "reason": "EGGS_LAID", "trapdoors": [[4, 2], [3, 4]], "spawn_a": [7, 3], "spawn_b": [0, 3]}