{"pos": [[1, 6], [6, 6], [1, 7], [6, 5], [2, 7], [7, 5], [1, 7], [7, 4], [0, 7], [6, 4], [1, 7], [6, 3], [2, 7], [7, 3], [2, 6], [7, 2], [3, 6], [7, 3], [3, 7], [6, 3], [4, 7], [6, 4], [5, 7], [5, 4], [6, 7], [5, 5], [6, 6], [5, 6], [6, 7], [5, 5], [5, 7], [4, 5], [4, 7], [4, 4], [4, 6], [5, 4], [3, 6], [4, 4], [2, 6], [3, 4], [1, 6], [3, 3], [0, 6], [3, 2]], "a_eggs_laid": [1, 1, 1, 1, 2, 2, 2, 2, 2, 2, 2, 2, 2, 2, 2, 2, 2, 2, 2, 2, 3, 3, 3, 3, 4, 4, 4, 4, 5, 5, 5, 5, 5, 5, 5, 5, 6, 6, 6, 6, 6, 6, 6, 6], "b_eggs_laid": [0, 1, 1, 1, 1, 2, 2, 2, 2, 3, 3, 3, 3, 4, 4, 4, 4, 5, 5, 5, 5, 5, 5, 5, 5, 6, 6, 6, 6, 7, 7, 7, 7, 8, 8, 8, 8, 8, 8, 8, 8, 9, 9, 9], "a_turds_left": [5, 5, 4, 4, 4, 4, 3, 3, 3, 3, 2, 2, 2, 2, 2, 2, 1, 1, 0, 0, 0, 0, 0, 0, 0, 0, 0, 0, 0, 0, 0, 0, 0, 0, 0, 0, 0, 0, 0, 0, 0, 0, 0, 0], "b_turds_left": [5, 5, 5, 5, 5, 5, 5, 5, 5, 5, 5, 5, 5, 5, 5, 5, 5, 5, 5, 5, 5, 5, 5, 5, 5, 5, 5, 5, 5, 5, 5, 5, 5, 5, 5, 5, 5, 5, 5, 5, 5, 5, 5, 5], "a_time_left": [358.46577591699315, 358.46577591699315, 356.9602352500078, 356.9602352500078, 355.45466566603864, 355.45466566603864, 353.9489494570298, 353.9489494570298, 352.4434734150418, 352.4434734150418, 350.93784070701804, 350.93784070701804, 349.4320840819855, 349.4320840819855, 347.9265081239864, 347.9265081239864, 346.42074408300687, 346.42074408300687, 344.91511141700903, 344.91511141700903, 343.40967749996344, 343.40967749996344, 341.9040520839626, 341.9040520839626, 340.39839187596226, 340.39839187596226, 338.8928617920028, 338.8928617920028, 337.38733850000426, 337.38733850000426, 335.8817963330075, 335.8817963330075, 334.3762784579885, 334.3762784579885, 332.8708026660024, 332.8708026660024, 331.3654537909897, 331.3654537909897, 329.85995004099095, 329.85995004099095, 328.35424904100364, 328.35424904100364, 326.84866224898724, 326.84866224898724], "b_time_left": [360, 359.9976555000176, 359.9976555000176, 359.99606824998045, 359.99606824998045, 359.99243283300893, 359.99243283300893, 359.9916284990031, 359.9916284990031, 359.9884036660078, 359.9884036660078, 359.98729154100874, 359.98729154100874, 359.98477391601773, 359.98477391601773, 359.98449416604126, 359.98449416604126, 359.9840695830062, 359.9840695830062, 359.9837173750275, 359.9837173750275, 359.98336158302845, 359.98336158302845, 359.9826595830382, 359.9826595830382, 359.98228974908125, 359.98228974908125, 359.981708749081, 359.981708749081, 359.9812625820632, 359.9812625820632, 359.980923249037, 359.980923249037, 359.98049770703074, 359.98049770703074, 359.98022587405285, 359.98022587405285, 359.9797739990754, 359.9797739990754, 359.97935887408676, 359.97935887408676, 359.9789954990847, 359.9789954990847, 359.97874920704635], "a_moves_left": [39, 39, 38, 38, 37, 37, 36, 36, 35, 35, 34, 34, 33, 33, 32, 32, 31, 31, 30, 30, 29, 29, 28, 28, 27, 27, 26, 26, 25, 25, 24, 24, 23, 23, 22, 22, 21, 21, 20, 20, 19, 19, 18, 18], "b_moves_left": [40, 39, 39, 38, 38, 37, 37, 36, 36, 35, 35, 34, 34, 33, 33, 32, 32, 31, 31, 30, 30, 29, 29, 28, 28, 27, 27, 26, 26, 25, 25, 24, 24, 23, 23, 22, 22, 21, 21, 20, 20, 19, 19, 18], "trapdoor_triggered": [0, 0, 0, 0, 0, 0, 0, 0, 0, 0, 0, 0, 0, 0, 0, 0, 0, 0, 0, 0, 0, 0, 0, 0, 0, 0, 0, 0, 0, 0, 0, 0, 0, 0, 0, 0, 0, 0, 0, 0, 0, 0, 0, 0], "left_behind": ["egg", "egg", "turd", "plain", "egg", "egg", "turd", "plain", "plain", "egg", "turd", "plain", "plain", "egg", "plain", "plain", "turd", "egg", "turd", "plain", "egg", "plain", "plain", "plain", "egg", "egg", "plain", "plain", "egg", "egg", "plain", "plain", "plain", "egg", "plain", "plain", "egg", "plain", "plain", "plain", "plain", "egg", "plain", "plain"], "errlog_a": "Timeout", "errlog_b": "", "start_time": 360, "start_moves": 40, "turn_count": 44, "result": 1, "reason": "CODE_CRASH", "trapdoors": [[5, 3], [4, 3]], "spawn_a": [0, 6], "spawn_b": [7, 6]}